 ____                                        ____  _   _  ___
|  _ \ _ __ ___   __ _ _ __ __ _ _ __ ___   |  _ \| | | |/ _ \
| |_) | '__/ _ \ / _` | '__/ _` | '_ ` _ \  | | | | | | | | | |
|  __/| | | (_) | (_| | | | (_| | | | | | | | |_| | |_| | |_| |
|_|   |_|  \___/ \__, |_|  \__,_|_| |_| |_| |____/ \___/ \___/
                 |___/


Please refer to:
 Sergei N. Yurchenko, Lorenzo Lodi, Jonathan Tennyson and Andrey V. Stolyarov, 
 `DUO: A general program for calculating spectra of diatomic molecules',
  Computer Physics Communication, Volume 202, May 2016, pages 262-275
  Contacts: s.yurchenko@ucl.ac.uk; l.lodi@ucl.ac.uk; j.tennyson@ucl.ac.uk; 
            avstol@phys.chem.msu.ru
  http://arxiv.org/abs/1601.06531
  Check https://github.com/Trovemaster for the latest version!

Values of physical constants used by DUO:
                    Planck constant h =   6.626069570000E-27    erg*second
                     Speed of light c =     29979245800.0000     cm/second
                       Bohr radius a0 =      0.5291772109200     angstroms
                    Hartree energy Eh =    219474.6313708000         cm^-1
           Unified atomic mass unit u =   1.660538921000E-24         grams
           Unified atomic mass unit u =   1822.8884861185961            me
                    Electron charge e =   1.602176565000E-19      Coulombs
                Boltzmann constant kB =   1.380648800000E-16    erg/Kelvin
                Boltzmann constant kB =   0.6950347606422950  cm^-1/Kelvin
                    Avogadro constant =   6.022141290000E+23        mol^-1
                    Rotational factor =   1.685762919416E+01  cm-1 amu Ang
      Fine structure constant 1/alpha =   137.03599907466793
                     Electron mass me =   9.109382903261E-28         grams
                  a.u. of dipole e*a0 =       2.541746363812        debyes
                          1 erg      =>   1.000000000000E-07         Joule
                          1 erg      =>   5.034117008194E+15         cm^-1
                          1 eV       =>      8065.5442959967         cm^-1
                          1 kCal/mol =>       349.7550878997         cm^-1
                          1 kJ/mol   =>        83.5934722514         cm^-1
                          1 THz      =>        33.3564095198         cm^-1

(Transcript of the input --->)
atoms C O

States X

print_pecs_and_couplings_to_file

jrot 0 - 10

(Defining the integration grid)
grid
 npoints 301
 range   0.8 3.0
 type 0   (nsub)
end

symmetry Cs(M)

DIAGONALIZER
 SYEV
end

(Vibrational basis set)
CONTRACTION
  vib
  vmax  50
END

assign_V_by_count

poten X
name "X1Sigma+"
symmetry +
lambda 0
mult 1
type grid
units Eh
values
   0.70000   -111.876724814466
   0.80000   -112.618495690672
   0.90000   -112.980345614274
   1.00000   -113.138331045244
   1.10000   -113.188011215792
   1.20000   -113.181795458532
   1.25000   -113.167360495839
   1.30000   -113.148619248114
   1.35000   -113.127223829323
   1.40000   -113.104383835866
   1.45000   -113.080975551016
   1.50000   -113.057627017230
   1.55000   -113.034788477427
   1.60000   -113.012794913118
   1.65000   -112.991944386423
   1.68000   -112.980132687248
   1.69000   -112.976335772750
   1.70000   -112.972617931037
   1.71000   -112.968985280201
   1.72000   -112.965444644089
   1.73000   -112.962004232455
   1.74000   -112.958670434469
   1.75000   -112.955452196889
   1.76000   -112.952357921874
   1.78000   -112.946574262611
   1.80000   -112.941381918287
end
dipole X
name "<X|mu|X>"
symmetry +
lambda 0
mult 1
type grid
values
   0.70000    1.317349926710
   0.80000    1.099850149742
   0.90000    0.831813363042
   1.00000    0.529511208394
   1.10000    0.208994161731
   1.20000   -0.113655604711
   1.25000   -0.271093199588
   1.30000   -0.423719133424
   1.35000   -0.570118745419
   1.40000   -0.708782301482
   1.45000   -0.838362218069
   1.50000   -0.956907048171
   1.55000   -1.061763629941
   1.60000   -1.147541340723
   1.65000   -1.203469473767
   1.68000   -1.212535779032
   1.69000   -1.209546477977
   1.70000   -1.202790347433
   1.71000   -1.191893058246
   1.72000   -1.175959606369
   1.73000   -1.154479314132
   1.74000   -1.126872208090
   1.75000   -1.092441221353
   1.76000   -1.050640457395
   1.78000   -0.942573980366
   1.80000   -0.799144563763
end
intensity
absorption
THRESH_INTES 1e-60
THRESH_LINE 1e-40
TEMPERATURE 2000
thresh_dipole 1e-9
linelist CO_duo_01_J40
J 0 - 40
freq-window 0,20000
energy low 0, 20000 upper 0, 40000
end
(<--- End of the input.)

Atom #1 specified as: C
Information from the internal database:
Nuclide full name          = Carbon-12
Element name               = Carbon
Element symbol             = C
Nuclear charge Z           =     6
Atomic mass                =      12.000000000000 +/-  0.00E+00 Daltons
Nuclear mass               =      11.996708520545   (=atomic mass - Z*me)
Nuclear mass + core elec.  =      11.997805680364   (=nuclear mass +   2*me)
Nuclear spin               =   0.0 hbar
Nuclear stability          = Stable nuclide
Natural isotopic abundance =    98.930000 %

Using the following mass m1 =           12.000000000000

Atom #2 specified as: O
Information from the internal database:
Nuclide full name          = Oxygen-16
Element name               = Oxygen
Element symbol             = O
Nuclear charge Z           =     8
Atomic mass                =      15.994914619570 +/-  1.70E-10 Daltons
Nuclear mass               =      15.990525980297   (=atomic mass - Z*me)
Nuclear mass + core elec.  =      15.991623140115   (=nuclear mass +   2*me)
Nuclear spin               =   0.0 hbar
Nuclear stability          = Stable nuclide
Natural isotopic abundance =    99.757000 %

Using the following mass m2 =           15.994914619570

Reduced mass is      6.85620863800256         atomic mass units (Daltons)
Reduced mass is      12498.1037846417         atomic units (electron masses)

Using a uniformly spaced grid with npoints =             301
rmin, rmax, step (in ang)   =          0.80000000000000         3.00000000000000         0.00733333333333
rmin, rmax, step (in bohrs) =          1.51178089965205         5.66917837369519         0.01385799158014

Generate a grid representation for all Hamiltonian terms

Extrapolating at long bond length curve X1Sigma+ (class POTEN)
Using De + A/r^6 extrapolation; points added =                   20

Extrapolating at long bond length curve <X|mu|X> (class DIPOLE)
Using A/r^2 + B/r^3 extrapolation; points added =                   20
...done!


Potential functions:
     1                        X1Sigma+  type =                 GRID
            r(Ang)                     1
        0.80000000        1.25483301E+05
        0.80733333        1.16718737E+05
        0.81466667        1.08550612E+05
        0.82200000        1.00945150E+05
        0.82933333        9.38685749E+04
        0.83666667        8.72871099E+04
        0.84400000        8.11669790E+04
        0.85133333        7.54744058E+04
        0.85866667        7.01756141E+04
        0.86600000        6.52368276E+04
        0.87333333        6.06242701E+04
        0.88066667        5.63041651E+04
        0.88800000        5.22427364E+04
        0.89533333        4.84062078E+04
        0.90266667        4.47610532E+04
        0.91000000        4.12859457E+04
        0.91733333        3.79770027E+04
        0.92466667        3.48316826E+04
        0.93200000        3.18474443E+04
        0.93933333        2.90217465E+04
        0.94666667        2.63520478E+04
        0.95400000        2.38358070E+04
        0.96133333        2.14704827E+04
        0.96866667        1.92535338E+04
        0.97600000        1.71824188E+04
        0.98333333        1.52545966E+04
        0.99066667        1.34675258E+04
        0.99800000        1.18186651E+04
        1.00533333        1.03052717E+04
        1.01266667        8.92270892E+03
        1.02000000        7.66530251E+03
        1.02733333        6.52736755E+03
        1.03466667        5.50321912E+03
        1.04200000        4.58717232E+03
        1.04933333        3.77354223E+03
        1.05666667        3.05664393E+03
        1.06400000        2.43079253E+03
        1.07133333        1.89030309E+03
        1.07866667        1.42949072E+03
        1.08600000        1.04267050E+03
        1.09333333        7.24157521E+02
        1.10066667        4.68267335E+02
        1.10800000        2.70124684E+02
        1.11533333        1.27323628E+02
        1.12266667        3.79275923E+01
        1.13000000        0.00000000E+00
        1.13733333        1.16042751E+01
        1.14466667        7.08038415E+01
        1.15200000        1.75662123E+02
        1.15933333        3.24242544E+02
        1.16666667        5.14608528E+02
        1.17400000        7.44823498E+02
        1.18133333        1.01295088E+03
        1.18866667        1.31705410E+03
        1.19600000        1.65519657E+03
        1.20333333        2.02544593E+03
        1.21066667        2.42599078E+03
        1.21800000        2.85515589E+03
        1.22533333        3.31127335E+03
        1.23266667        3.79267520E+03
        1.24000000        4.29769350E+03
        1.24733333        4.82466033E+03
        1.25466667        5.37193255E+03
        1.26200000        5.93818970E+03
        1.26933333        6.52233695E+03
        1.27666667        7.12328412E+03
        1.28400000        7.73994102E+03
        1.29133333        8.37121746E+03
        1.29866667        9.01602323E+03
        1.30600000        9.67329144E+03
        1.31333333        1.03421175E+04
        1.32066667        1.10216660E+04
        1.32800000        1.17111018E+04
        1.33533333        1.24095896E+04
        1.34266667        1.31162943E+04
        1.35000000        1.38303807E+04
        1.35733333        1.45510537E+04
        1.36466667        1.52776788E+04
        1.37200000        1.60096615E+04
        1.37933333        1.67464072E+04
        1.38666667        1.74873215E+04
        1.39400000        1.82318099E+04
        1.40133333        1.89792781E+04
        1.40866667        1.97291770E+04
        1.41600000        2.04810640E+04
        1.42333333        2.12345114E+04
        1.43066667        2.19890919E+04
        1.43800000        2.27443779E+04
        1.44533333        2.34999419E+04
        1.45266667        2.42553574E+04
        1.46000000        2.50102459E+04
        1.46733333        2.57642972E+04
        1.47466667        2.65172066E+04
        1.48200000        2.72686691E+04
        1.48933333        2.80183801E+04
        1.49666667        2.87660346E+04
        1.50400000        2.95113301E+04
        1.51133333        3.02540051E+04
        1.51866667        3.09938343E+04
        1.52600000        3.17305939E+04
        1.53333333        3.24640602E+04
        1.54066667        3.31940093E+04
        1.54800000        3.39202174E+04
        1.55533333        3.46424627E+04
        1.56266667        3.53605428E+04
        1.57000000        3.60742662E+04
        1.57733333        3.67834411E+04
        1.58466667        3.74878761E+04
        1.59200000        3.81873796E+04
        1.59933333        3.88817600E+04
        1.60666667        3.95708187E+04
        1.61400000        4.02543196E+04
        1.62133333        4.09320146E+04
        1.62866667        4.16036555E+04
        1.63600000        4.22689939E+04
        1.64333333        4.29277818E+04
        1.65066667        4.35797708E+04
        1.65800000        4.42246821E+04
        1.66533333        4.48621433E+04
        1.67266667        4.54917643E+04
        1.68000000        4.61131549E+04
        1.68733333        4.67259030E+04
        1.69466667        4.73295089E+04
        1.70200000        4.79234477E+04
        1.70933333        4.85071855E+04
        1.71666667        4.90801412E+04
        1.72400000        4.96415602E+04
        1.73133333        5.01908366E+04
        1.73866667        5.07274348E+04
        1.74600000        5.12505529E+04
        1.75333333        5.17593303E+04
        1.76066667        5.22533061E+04
        1.76800000        5.27320782E+04
        1.77533333        5.31940239E+04
        1.78266667        5.36373265E+04
        1.79000000        5.40622496E+04
        1.79733333        5.44720311E+04
        1.80466667        5.48699963E+04
        1.81200000        5.52576334E+04
        1.81933333        5.56351454E+04
        1.82666667        5.60027090E+04
        1.83400000        5.63605011E+04
        1.84133333        5.67086982E+04
        1.84866667        5.70474773E+04
        1.85600000        5.73770149E+04
        1.86333333        5.76974879E+04
        1.87066667        5.80090900E+04
        1.87800000        5.83120787E+04
        1.88533333        5.86067262E+04
        1.89266667        5.88933046E+04
        1.90000000        5.91720861E+04
        1.90733333        5.94433429E+04
        1.91466667        5.97073473E+04
        1.92200000        5.99643713E+04
        1.92933333        6.02146861E+04
        1.93666667        6.04585168E+04
        1.94400000        6.06960317E+04
        1.95133333        6.09273951E+04
        1.95866667        6.11527715E+04
        1.96600000        6.13723251E+04
        1.97333333        6.15862203E+04
        1.98066667        6.17946217E+04
        1.98800000        6.19976934E+04
        1.99533333        6.21955975E+04
        2.00266667        6.23884763E+04
        2.01000000        6.25764639E+04
        2.01733333        6.27596942E+04
        2.02466667        6.29383010E+04
        2.03200000        6.31124182E+04
        2.03933333        6.32821798E+04
        2.04666667        6.34477196E+04
        2.05400000        6.36091714E+04
        2.06133333        6.37666596E+04
        2.06866667        6.39202859E+04
        2.07600000        6.40701492E+04
        2.08333333        6.42163482E+04
        2.09066667        6.43589816E+04
        2.09800000        6.44981481E+04
        2.10533333        6.46339465E+04
        2.11266667        6.47664756E+04
        2.12000000        6.48958333E+04
        2.12733333        6.50221059E+04
        2.13466667        6.51453700E+04
        2.14200000        6.52657017E+04
        2.14933333        6.53831774E+04
        2.15666667        6.54978732E+04
        2.16400000        6.56098654E+04
        2.17133333        6.57192303E+04
        2.17866667        6.58260441E+04
        2.18600000        6.59303804E+04
        2.19333333        6.60323010E+04
        2.20066667        6.61318646E+04
        2.20800000        6.62291296E+04
        2.21533333        6.63241545E+04
        2.22266667        6.64169980E+04
        2.23000000        6.65077186E+04
        2.23733333        6.65963747E+04
        2.24466667        6.66830250E+04
        2.25200000        6.67677227E+04
        2.25933333        6.68505142E+04
        2.26666667        6.69314447E+04
        2.27400000        6.70105599E+04
        2.28133333        6.70879051E+04
        2.28866667        6.71635260E+04
        2.29600000        6.72374680E+04
        2.30333333        6.73097766E+04
        2.31066667        6.73804967E+04
        2.31800000        6.74496669E+04
        2.32533333        6.75173230E+04
        2.33266667        6.75835004E+04
        2.34000000        6.76482347E+04
        2.34733333        6.77115614E+04
        2.35466667        6.77735161E+04
        2.36200000        6.78341343E+04
        2.36933333        6.78934516E+04
        2.37666667        6.79515016E+04
        2.38400000        6.80083133E+04
        2.39133333        6.80639146E+04
        2.39866667        6.81183335E+04
        2.40600000        6.81715978E+04
        2.41333333        6.82237357E+04
        2.42066667        6.82747750E+04
        2.42800000        6.83247438E+04
        2.43533333        6.83736698E+04
        2.44266667        6.84215780E+04
        2.45000000        6.84684908E+04
        2.45733333        6.85144303E+04
        2.46466667        6.85594185E+04
        2.47200000        6.86034776E+04
        2.47933333        6.86466298E+04
        2.48666667        6.86888973E+04
        2.49400000        6.87303020E+04
        2.50133333        6.87708657E+04
        2.50866667        6.88106070E+04
        2.51600000        6.88495434E+04
        2.52333333        6.88876927E+04
        2.53066667        6.89250724E+04
        2.53800000        6.89617002E+04
        2.54533333        6.89975938E+04
        2.55266667        6.90327707E+04
        2.56000000        6.90672485E+04
        2.56733333        6.91010437E+04
        2.57466667        6.91341707E+04
        2.58200000        6.91666434E+04
        2.58933333        6.91984762E+04
        2.59666667        6.92296829E+04
        2.60400000        6.92602779E+04
        2.61133333        6.92902752E+04
        2.61866667        6.93196888E+04
        2.62600000        6.93485329E+04
        2.63333333        6.93768197E+04
        2.64066667        6.94045607E+04
        2.64800000        6.94317672E+04
        2.65533333        6.94584507E+04
        2.66266667        6.94846224E+04
        2.67000000        6.95102939E+04
        2.67733333        6.95354763E+04
        2.68466667        6.95601812E+04
        2.69200000        6.95844195E+04
        2.69933333        6.96082006E+04
        2.70666667        6.96315336E+04
        2.71400000        6.96544278E+04
        2.72133333        6.96768924E+04
        2.72866667        6.96989364E+04
        2.73600000        6.97205691E+04
        2.74333333        6.97417996E+04
        2.75066667        6.97626371E+04
        2.75800000        6.97830899E+04
        2.76533333        6.98031658E+04
        2.77266667        6.98228724E+04
        2.78000000        6.98422172E+04
        2.78733333        6.98612079E+04
        2.79466667        6.98798520E+04
        2.80200000        6.98981572E+04
        2.80933333        6.99161311E+04
        2.81666667        6.99337810E+04
        2.82400000        6.99511132E+04
        2.83133333        6.99681333E+04
        2.83866667        6.99848469E+04
        2.84600000        7.00012597E+04
        2.85333333        7.00173773E+04
        2.86066667        7.00332055E+04
        2.86800000        7.00487497E+04
        2.87533333        7.00640158E+04
        2.88266667        7.00790096E+04
        2.89000000        7.00937379E+04
        2.89733333        7.01082073E+04
        2.90466667        7.01224246E+04
        2.91200000        7.01363965E+04
        2.91933333        7.01501297E+04
        2.92666667        7.01636310E+04
        2.93400000        7.01769071E+04
        2.94133333        7.01899644E+04
        2.94866667        7.02028044E+04
        2.95600000        7.02154249E+04
        2.96333333        7.02278235E+04
        2.97066667        7.02399981E+04
        2.97800000        7.02519463E+04
        2.98533333        7.02636659E+04
        2.99266667        7.02751546E+04
        3.00000000        7.02864101E+04
 
Equilibrium properties
           imin =                     46
   r_imin / ang =           1.1300000000
V(r_imin) / cm-1 =    -24842386.12862354
 Has a single min?                   Yes
 True r_e  / ang =          1.1300000000

Derivatives at true re
der0, cm-1       =  -24842386.1286235377
der1, cm-1/ang   =      -1750.7585379634
der2, cm-1/ang^2 =     921047.1216204368
der3, cm-1/ang^3 =   -4910551.7105353326
der4, cm-1/ang^4 =            0.00000000
 
Harmonic we, cm-1=       2128.1986264908
  Rotat. B0, cm-1=          1.9255534786
Anharm. const. xe=          0.0068415728
 Coriol. ae, cm-1=          0.0105388760
  Centr. De, cm-1=          0.0000063053
        Y00, cm-1=         -1.6986930197
 
Approximate J=0 vibrational energy levels (no couplings) 
 given by E(v, J=0) = V(re) + Y00 + we*(v+0.5) - we*xe*(v+0.5)^2
                 v
                 0       -691.9979742086
                 1       1407.0802005152
                 2       3477.0379234721
                 3       5517.8751946620
 
            Spin =                   0.0
        |Lambda| =                   0.0
  Physical J_min =                   0.0
 
Approximate J=J_min vibrational-rotational energy levels (no couplings)
 given by E(v, J) = E(v, J=0) B0*J*(J+1)- ae*(v+0.5)*J*(J+1) - De*(J(J+1))^2
                 v
                 0       -691.9979742086
                 1       1407.0802005152
                 2       3477.0379234721
                 3       5517.8751946620
 

Dipole moment functions:
   1  <X|mu|X>
        r(Ang)            1
        0.80000000         1.09985015
        0.80733333         1.08204519
        0.81466667         1.06388748
        0.82200000         1.04539243
        0.82933333         1.02657545
        0.83666667         1.00745195
        0.84400000         0.98803734
        0.85133333         0.96834704
        0.85866667         0.94839645
        0.86600000         0.92820099
        0.87333333         0.90777606
        0.88066667         0.88713709
        0.88800000         0.86629947
        0.89533333         0.84527862
        0.90266667         0.82408986
        0.91000000         0.80274399
        0.91733333         0.78124537
        0.92466667         0.75959785
        0.93200000         0.73780529
        0.93933333         0.71587155
        0.94666667         0.69380049
        0.95400000         0.67159596
        0.96133333         0.64926182
        0.96866667         0.62680192
        0.97600000         0.60422013
        0.98333333         0.58152030
        0.99066667         0.55870628
        0.99800000         0.53578194
        1.00533333         0.51275134
        1.01266667         0.48962053
        1.02000000         0.46639663
        1.02733333         0.44308679
        1.03466667         0.41969815
        1.04200000         0.39623784
        1.04933333         0.37271301
        1.05666667         0.34913079
        1.06400000         0.32549833
        1.07133333         0.30182276
        1.07866667         0.27811123
        1.08600000         0.25437087
        1.09333333         0.23060883
        1.10066667         0.20683224
        1.10800000         0.18304792
        1.11533333         0.15926170
        1.12266667         0.13547921
        1.13000000         0.11170609
        1.13733333         0.08794798
        1.14466667         0.06421052
        1.15200000         0.04049933
        1.15933333         0.01682007
        1.16666667        -0.00682164
        1.17400000        -0.03042016
        1.18133333        -0.05396984
        1.18866667        -0.07746506
        1.19600000        -0.10090017
        1.20333333        -0.12426954
        1.21066667        -0.14756770
        1.21800000        -0.17078933
        1.22533333        -0.19392916
        1.23266667        -0.21698187
        1.24000000        -0.23994218
        1.24733333        -0.26280478
        1.25466667        -0.28556445
        1.26200000        -0.30821662
        1.26933333        -0.33075725
        1.27666667        -0.35318229
        1.28400000        -0.37548769
        1.29133333        -0.39766939
        1.29866667        -0.41972336
        1.30600000        -0.44164543
        1.31333333        -0.46343065
        1.32066667        -0.48507372
        1.32800000        -0.50656936
        1.33533333        -0.52791227
        1.34266667        -0.54909716
        1.35000000        -0.57011875
        1.35733333        -0.59097205
        1.36466667        -0.61165338
        1.37200000        -0.63215939
        1.37933333        -0.65248670
        1.38666667        -0.67263196
        1.39400000        -0.69259179
        1.40133333        -0.71236284
        1.40866667        -0.73194082
        1.41600000        -0.75131926
        1.42333333        -0.77049141
        1.43066667        -0.78945051
        1.43800000        -0.80818979
        1.44533333        -0.82670248
        1.45266667        -0.84498183
        1.46000000        -0.86302116
        1.46733333        -0.88081395
        1.47466667        -0.89835367
        1.48200000        -0.91563381
        1.48933333        -0.93264783
        1.49666667        -0.94938922
        1.50400000        -0.96585116
        1.51133333        -0.98202133
        1.51866667        -0.99788254
        1.52600000        -1.01341741
        1.53333333        -1.02860856
        1.54066667        -1.04343863
        1.54800000        -1.05789025
        1.55533333        -1.07194548
        1.56266667        -1.08558118
        1.57000000        -1.09877135
        1.57733333        -1.11148995
        1.58466667        -1.12371096
        1.59200000        -1.13540834
        1.59933333        -1.14655607
        1.60666667        -1.15712104
        1.61400000        -1.16703305
        1.62133333        -1.17620972
        1.62866667        -1.18456866
        1.63600000        -1.19202749
        1.64333333        -1.19850381
        1.65066667        -1.20391524
        1.65800000        -1.20816560
        1.66533333        -1.21111664
        1.67266667        -1.21262211
        1.68000000        -1.21253578
        1.68733333        -1.21069483
        1.69466667        -1.20687909
        1.70200000        -1.20096667
        1.70933333        -1.19276737
        1.71666667        -1.18186624
        1.72400000        -1.16806169
        1.73133333        -1.15116656
        1.73866667        -1.13093078
        1.74600000        -1.10708465
        1.75333333        -1.07931441
        1.76066667        -1.04760338
        1.76800000        -1.01196726
        1.77533333        -0.97143990
        1.78266667        -0.92490069
        1.79000000        -0.87297252
        1.79733333        -0.81877143
        1.80466667        -0.76545528
        1.81200000        -0.71423226
        1.81933333        -0.66494715
        1.82666667        -0.61741675
        1.83400000        -0.57145786
        1.84133333        -0.52688728
        1.84866667        -0.48352180
        1.85600000        -0.44117822
        1.86333333        -0.39967335
        1.87066667        -0.35886080
        1.87800000        -0.31873134
        1.88533333        -0.27930759
        1.89266667        -0.24061223
        1.90000000        -0.20266789
        1.90733333        -0.16549723
        1.91466667        -0.12912289
        1.92200000        -0.09356754
        1.92933333        -0.05885323
        1.93666667        -0.02498096
        1.94400000         0.00807487
        1.95133333         0.04034156
        1.95866667         0.07184639
        1.96600000         0.10261667
        1.97333333         0.13267967
        1.98066667         0.16206270
        1.98800000         0.19079304
        1.99533333         0.21889650
        2.00266667         0.24638789
        2.01000000         0.27327703
        2.01733333         0.29957377
        2.02466667         0.32528792
        2.03200000         0.35042930
        2.03933333         0.37500775
        2.04666667         0.39903308
        2.05400000         0.42251513
        2.06133333         0.44546411
        2.06866667         0.46789117
        2.07600000         0.48980760
        2.08333333         0.51122468
        2.09066667         0.53215368
        2.09800000         0.55260590
        2.10533333         0.57259261
        2.11266667         0.59212508
        2.12000000         0.61121452
        2.12733333         0.62987056
        2.13466667         0.64810157
        2.14200000         0.66591588
        2.14933333         0.68332182
        2.15666667         0.70032772
        2.16400000         0.71694192
        2.17133333         0.73317275
        2.17866667         0.74902852
        2.18600000         0.76451740
        2.19333333         0.77964669
        2.20066667         0.79442347
        2.20800000         0.80885481
        2.21533333         0.82294779
        2.22266667         0.83670949
        2.23000000         0.85014698
        2.23733333         0.86326734
        2.24466667         0.87607764
        2.25200000         0.88858444
        2.25933333         0.90079359
        2.26666667         0.91271083
        2.27400000         0.92434196
        2.28133333         0.93569272
        2.28866667         0.94676891
        2.29600000         0.95757628
        2.30333333         0.96812060
        2.31066667         0.97840758
        2.31800000         0.98844234
        2.32533333         0.99822966
        2.33266667         1.00777434
        2.34000000         1.01708117
        2.34733333         1.02615495
        2.35466667         1.03500047
        2.36200000         1.04362253
        2.36933333         1.05202590
        2.37666667         1.06021521
        2.38400000         1.06819450
        2.39133333         1.07596777
        2.39866667         1.08353898
        2.40600000         1.09091213
        2.41333333         1.09809117
        2.42066667         1.10508010
        2.42800000         1.11188288
        2.43533333         1.11850349
        2.44266667         1.12494556
        2.45000000         1.13121242
        2.45733333         1.13730739
        2.46466667         1.14323379
        2.47200000         1.14899494
        2.47933333         1.15459415
        2.48666667         1.16003473
        2.49400000         1.16532001
        2.50133333         1.17045325
        2.50866667         1.17543732
        2.51600000         1.18027501
        2.52333333         1.18496910
        2.53066667         1.18952235
        2.53800000         1.19393754
        2.54533333         1.19821745
        2.55266667         1.20236485
        2.56000000         1.20638251
        2.56733333         1.21027306
        2.57466667         1.21403884
        2.58200000         1.21768219
        2.58933333         1.22120544
        2.59666667         1.22461090
        2.60400000         1.22790091
        2.61133333         1.23107780
        2.61866667         1.23414389
        2.62600000         1.23710148
        2.63333333         1.23995269
        2.64066667         1.24269946
        2.64800000         1.24534377
        2.65533333         1.24788756
        2.66266667         1.25033280
        2.67000000         1.25268145
        2.67733333         1.25493547
        2.68466667         1.25709681
        2.69200000         1.25916739
        2.69933333         1.26114887
        2.70666667         1.26304292
        2.71400000         1.26485118
        2.72133333         1.26657528
        2.72866667         1.26821688
        2.73600000         1.26977762
        2.74333333         1.27125915
        2.75066667         1.27266310
        2.75800000         1.27399103
        2.76533333         1.27524435
        2.77266667         1.27642449
        2.78000000         1.27753286
        2.78733333         1.27857090
        2.79466667         1.27954002
        2.80200000         1.28044163
        2.80933333         1.28127717
        2.81666667         1.28204803
        2.82400000         1.28275537
        2.83133333         1.28340029
        2.83866667         1.28398388
        2.84600000         1.28450724
        2.85333333         1.28497146
        2.86066667         1.28537763
        2.86800000         1.28572684
        2.87533333         1.28602019
        2.88266667         1.28625884
        2.89000000         1.28644412
        2.89733333         1.28657737
        2.90466667         1.28665994
        2.91200000         1.28669317
        2.91933333         1.28667840
        2.92666667         1.28661698
        2.93400000         1.28651026
        2.94133333         1.28635950
        2.94866667         1.28616504
        2.95600000         1.28592646
        2.96333333         1.28564337
        2.97066667         1.28531534
        2.97800000         1.28494197
        2.98533333         1.28452284
        2.99266667         1.28405754
        3.00000000         1.28354565
Atom #1 specified as: C
Information from the internal database:
Nuclide full name          = Carbon-12
Element name               = Carbon
Element symbol             = C
Nuclear charge Z           =     6
Atomic mass                =      12.000000000000 +/-  0.00E+00 Daltons
Nuclear mass               =      11.996708520545   (=atomic mass - Z*me)
Nuclear mass + core elec.  =      11.997805680364   (=nuclear mass +   2*me)
Nuclear spin               =   0.0 hbar
Nuclear stability          = Stable nuclide
Natural isotopic abundance =    98.930000 %
Using the mass explicitely specified in the input, m1=          12.000000000000

Atom #2 specified as: O
Information from the internal database:
Nuclide full name          = Oxygen-16
Element name               = Oxygen
Element symbol             = O
Nuclear charge Z           =     8
Atomic mass                =      15.994914619570 +/-  1.70E-10 Daltons
Nuclear mass               =      15.990525980297   (=atomic mass - Z*me)
Nuclear mass + core elec.  =      15.991623140115   (=nuclear mass +   2*me)
Nuclear spin               =   0.0 hbar
Nuclear stability          = Stable nuclide
Natural isotopic abundance =    99.757000 %
Using the mass explicitely specified in the input, m2=          15.994914619570

Reduced mass is      6.85620863800256         atomic mass units (Daltons)
Reduced mass is      12498.1037846417         atomic units (electron masses)

Using a uniformly spaced grid with npoints =             301
rmin, rmax, step (in ang)   =          0.80000000000000         3.00000000000000         0.00733333333333
rmin, rmax, step (in bohrs) =          1.51178089965205         5.66917837369519         0.01385799158014

Generate a grid representation for all Hamiltonian terms
...done!


Construct the J=0 matrix
Solving one-dimentional Schrodinger equations using : SINC


 Memory Report:
 Active Arrays                                          size (MB)
 contrfunc                                                  0.725                
 icontrvib                                                  0.031                
 vibmat                                                     0.725                
 kinmat                                                     0.725                
 Total memory   =                                           2.239 MB
 Maximal memory =                                           2.239 MB (         8000.000)

 (       10 arrays contributing less than 1% are not shown)


Vibrational (contracted) energies: 
    i        Energy/cm    State v

    1          0.000000 [    1   0 ] X1Sigma+
    2       2106.683930 [    1   1 ] X1Sigma+
    3       4202.540410 [    1   2 ] X1Sigma+
    4       6283.097672 [    1   3 ] X1Sigma+
    5       8342.506824 [    1   4 ] X1Sigma+
    6      10378.694122 [    1   5 ] X1Sigma+
    7      12391.034484 [    1   6 ] X1Sigma+
    8      14378.409130 [    1   7 ] X1Sigma+
    9      16340.259835 [    1   8 ] X1Sigma+
   10      18276.165038 [    1   9 ] X1Sigma+
   11      20185.940878 [    1  10 ] X1Sigma+
   12      22069.401355 [    1  11 ] X1Sigma+
   13      23926.500995 [    1  12 ] X1Sigma+
   14      25757.362912 [    1  13 ] X1Sigma+
   15      27562.041876 [    1  14 ] X1Sigma+
   16      29340.623221 [    1  15 ] X1Sigma+
   17      31093.260952 [    1  16 ] X1Sigma+
   18      32820.023339 [    1  17 ] X1Sigma+
   19      34520.976861 [    1  18 ] X1Sigma+
   20      36196.185149 [    1  19 ] X1Sigma+
   21      37845.641285 [    1  20 ] X1Sigma+
   22      39469.282813 [    1  21 ] X1Sigma+
   23      41066.941838 [    1  22 ] X1Sigma+
   24      42638.276237 [    1  23 ] X1Sigma+
   25      44182.746673 [    1  24 ] X1Sigma+
   26      45699.528998 [    1  25 ] X1Sigma+
   27      47187.371600 [    1  26 ] X1Sigma+
   28      48644.396889 [    1  27 ] X1Sigma+
   29      50067.860457 [    1  28 ] X1Sigma+
   30      51453.877819 [    1  29 ] X1Sigma+
   31      52797.185115 [    1  30 ] X1Sigma+
   32      54091.773462 [    1  31 ] X1Sigma+
   33      55333.574610 [    1  32 ] X1Sigma+
   34      56523.367614 [    1  33 ] X1Sigma+
   35      57662.929139 [    1  34 ] X1Sigma+
   36      58749.135296 [    1  35 ] X1Sigma+
   37      59780.720388 [    1  36 ] X1Sigma+
   38      60758.645752 [    1  37 ] X1Sigma+
   39      61681.627511 [    1  38 ] X1Sigma+
   40      62550.253371 [    1  39 ] X1Sigma+
   41      63363.960903 [    1  40 ] X1Sigma+
   42      64123.488149 [    1  41 ] X1Sigma+
   43      64829.141370 [    1  42 ] X1Sigma+
   44      65481.500794 [    1  43 ] X1Sigma+
   45      66081.612839 [    1  44 ] X1Sigma+
   46      66630.422827 [    1  45 ] X1Sigma+
   47      67129.144668 [    1  46 ] X1Sigma+
   48      67579.256421 [    1  47 ] X1Sigma+
   49      67982.389293 [    1  48 ] X1Sigma+
   50      68340.326066 [    1  49 ] X1Sigma+

Vibrational transition moments: 
   State                  TM                            State              Value
< 1,   0|                                <X|mu|X>     | 1,   0> =     9.42379292E-02
< 1,   0|                                <X|mu|X>     | 1,   1> =    -1.10020466E-01
< 1,   0|                                <X|mu|X>     | 1,   2> =    -6.20258071E-03
< 1,   0|                                <X|mu|X>     | 1,   3> =    -4.92232455E-04
< 1,   0|                                <X|mu|X>     | 1,   4> =    -1.33647244E-04
< 1,   0|                                <X|mu|X>     | 1,   5> =     4.63919628E-05
< 1,   0|                                <X|mu|X>     | 1,   6> =     3.38500806E-06
< 1,   0|                                <X|mu|X>     | 1,   7> =    -9.31020611E-06
< 1,   0|                                <X|mu|X>     | 1,   8> =     7.55071278E-06
< 1,   0|                                <X|mu|X>     | 1,   9> =     2.46487875E-06
< 1,   0|                                <X|mu|X>     | 1,  10> =    -1.00828685E-06
< 1,   0|                                <X|mu|X>     | 1,  11> =    -1.89651534E-06
< 1,   0|                                <X|mu|X>     | 1,  12> =    -1.17025660E-06
< 1,   0|                                <X|mu|X>     | 1,  13> =     1.24615990E-07
< 1,   0|                                <X|mu|X>     | 1,  14> =     5.02179606E-07
< 1,   0|                                <X|mu|X>     | 1,  15> =    -5.91258296E-07
< 1,   0|                                <X|mu|X>     | 1,  16> =     3.39480572E-07
< 1,   0|                                <X|mu|X>     | 1,  17> =    -1.65476163E-09
< 1,   0|                                <X|mu|X>     | 1,  18> =    -2.31514650E-07
< 1,   0|                                <X|mu|X>     | 1,  19> =    -2.78658727E-07
< 1,   0|                                <X|mu|X>     | 1,  20> =    -1.69088130E-07
< 1,   0|                                <X|mu|X>     | 1,  21> =     1.29900562E-09
< 1,   0|                                <X|mu|X>     | 1,  22> =    -1.23463438E-07
< 1,   0|                                <X|mu|X>     | 1,  23> =     1.54082262E-07
< 1,   0|                                <X|mu|X>     | 1,  24> =    -1.01814631E-07
< 1,   0|                                <X|mu|X>     | 1,  25> =     1.55905442E-08
< 1,   0|                                <X|mu|X>     | 1,  26> =     5.46189363E-08
< 1,   0|                                <X|mu|X>     | 1,  27> =     8.24493983E-08
< 1,   0|                                <X|mu|X>     | 1,  28> =     6.91813706E-08
< 1,   0|                                <X|mu|X>     | 1,  29> =     3.30180702E-08
< 1,   0|                                <X|mu|X>     | 1,  30> =     5.18280190E-09
< 1,   0|                                <X|mu|X>     | 1,  31> =    -3.15263219E-08
< 1,   0|                                <X|mu|X>     | 1,  32> =     4.16766313E-08
< 1,   0|                                <X|mu|X>     | 1,  33> =     3.81624810E-08
< 1,   0|                                <X|mu|X>     | 1,  34> =    -2.61593144E-08
< 1,   0|                                <X|mu|X>     | 1,  35> =     1.10338655E-08
< 1,   0|                                <X|mu|X>     | 1,  36> =    -3.05736548E-09
< 1,   0|                                <X|mu|X>     | 1,  37> =    -1.37611994E-08
< 1,   0|                                <X|mu|X>     | 1,  38> =    -2.01734251E-08
< 1,   0|                                <X|mu|X>     | 1,  39> =     2.24690983E-08
< 1,   0|                                <X|mu|X>     | 1,  40> =    -2.14592154E-08
< 1,   0|                                <X|mu|X>     | 1,  41> =     1.81760976E-08
< 1,   0|                                <X|mu|X>     | 1,  42> =    -1.36668185E-08
< 1,   0|                                <X|mu|X>     | 1,  43> =     8.77647275E-09
< 1,   0|                                <X|mu|X>     | 1,  44> =     4.12621661E-09
< 1,   0|                                <X|mu|X>     | 1,  45> =     9.75984319E-11
< 1,   0|                                <X|mu|X>     | 1,  46> =     3.13182376E-09
< 1,   0|                                <X|mu|X>     | 1,  47> =    -5.52947715E-09
< 1,   0|                                <X|mu|X>     | 1,  48> =    -7.15783033E-09
< 1,   0|                                <X|mu|X>     | 1,  49> =    -8.12999698E-09
< 1,   1|                                <X|mu|X>     | 1,   0> =    -1.10020466E-01
< 1,   1|                                <X|mu|X>     | 1,   1> =     6.96539800E-02
< 1,   1|                                <X|mu|X>     | 1,   2> =     1.54894005E-01
< 1,   1|                                <X|mu|X>     | 1,   3> =     1.15151041E-02
< 1,   1|                                <X|mu|X>     | 1,   4> =     1.09014232E-03
< 1,   1|                                <X|mu|X>     | 1,   5> =    -2.29718972E-04
< 1,   1|                                <X|mu|X>     | 1,   6> =    -6.27377996E-05
< 1,   1|                                <X|mu|X>     | 1,   7> =     2.37433004E-06
< 1,   1|                                <X|mu|X>     | 1,   8> =    -1.71026209E-05
< 1,   1|                                <X|mu|X>     | 1,   9> =    -1.11404058E-05
< 1,   1|                                <X|mu|X>     | 1,  10> =    -2.76788205E-06
< 1,   1|                                <X|mu|X>     | 1,  11> =     2.00168698E-06
< 1,   1|                                <X|mu|X>     | 1,  12> =     2.87836068E-06
< 1,   1|                                <X|mu|X>     | 1,  13> =    -1.48449951E-06
< 1,   1|                                <X|mu|X>     | 1,  14> =    -2.06900241E-07
< 1,   1|                                <X|mu|X>     | 1,  15> =     9.94801585E-07
< 1,   1|                                <X|mu|X>     | 1,  16> =    -8.20314493E-07
< 1,   1|                                <X|mu|X>     | 1,  17> =     2.51062635E-07
< 1,   1|                                <X|mu|X>     | 1,  18> =     2.02401669E-07
< 1,   1|                                <X|mu|X>     | 1,  19> =     3.65156774E-07
< 1,   1|                                <X|mu|X>     | 1,  20> =     3.01740059E-07
< 1,   1|                                <X|mu|X>     | 1,  21> =    -1.37311598E-07
< 1,   1|                                <X|mu|X>     | 1,  22> =     3.20721311E-08
< 1,   1|                                <X|mu|X>     | 1,  23> =    -1.47747547E-07
< 1,   1|                                <X|mu|X>     | 1,  24> =     1.79963141E-07
< 1,   1|                                <X|mu|X>     | 1,  25> =    -1.30238920E-07
< 1,   1|                                <X|mu|X>     | 1,  26> =     3.22631662E-08
< 1,   1|                                <X|mu|X>     | 1,  27> =    -6.31469347E-08
< 1,   1|                                <X|mu|X>     | 1,  28> =    -1.14003409E-07
< 1,   1|                                <X|mu|X>     | 1,  29> =    -1.06679590E-07
< 1,   1|                                <X|mu|X>     | 1,  30> =     5.71109979E-08
< 1,   1|                                <X|mu|X>     | 1,  31> =     4.03754327E-09
< 1,   1|                                <X|mu|X>     | 1,  32> =    -5.01709494E-08
< 1,   1|                                <X|mu|X>     | 1,  33> =    -6.92814133E-08
< 1,   1|                                <X|mu|X>     | 1,  34> =     6.28391229E-08
< 1,   1|                                <X|mu|X>     | 1,  35> =    -4.02577137E-08
< 1,   1|                                <X|mu|X>     | 1,  36> =    -1.28533421E-08
< 1,   1|                                <X|mu|X>     | 1,  37> =     1.10147520E-08
< 1,   1|                                <X|mu|X>     | 1,  38> =     2.70041957E-08
< 1,   1|                                <X|mu|X>     | 1,  39> =    -3.43960682E-08
< 1,   1|                                <X|mu|X>     | 1,  40> =     3.46955758E-08
< 1,   1|                                <X|mu|X>     | 1,  41> =    -3.02379165E-08
< 1,   1|                                <X|mu|X>     | 1,  42> =     2.33480944E-08
< 1,   1|                                <X|mu|X>     | 1,  43> =    -1.57877771E-08
< 1,   1|                                <X|mu|X>     | 1,  44> =    -8.71525248E-09
< 1,   1|                                <X|mu|X>     | 1,  45> =    -2.74087903E-09
< 1,   1|                                <X|mu|X>     | 1,  46> =    -1.92666477E-09
< 1,   1|                                <X|mu|X>     | 1,  47> =     5.31964319E-09
< 1,   1|                                <X|mu|X>     | 1,  48> =     7.59765027E-09
< 1,   1|                                <X|mu|X>     | 1,  49> =     8.96851368E-09
< 1,   2|                                <X|mu|X>     | 1,   0> =    -6.20258071E-03
< 1,   2|                                <X|mu|X>     | 1,   1> =     1.54894005E-01
< 1,   2|                                <X|mu|X>     | 1,   2> =     4.25683887E-02
< 1,   2|                                <X|mu|X>     | 1,   3> =     1.88930109E-01
< 1,   2|                                <X|mu|X>     | 1,   4> =     1.68125886E-02
< 1,   2|                                <X|mu|X>     | 1,   5> =    -1.72643076E-03
< 1,   2|                                <X|mu|X>     | 1,   6> =    -3.03970505E-04
< 1,   2|                                <X|mu|X>     | 1,   7> =    -7.45944449E-05
< 1,   2|                                <X|mu|X>     | 1,   8> =    -3.27330540E-06
< 1,   2|                                <X|mu|X>     | 1,   9> =    -2.19296790E-05
< 1,   2|                                <X|mu|X>     | 1,  10> =    -1.41825437E-05
< 1,   2|                                <X|mu|X>     | 1,  11> =    -3.84847576E-06
< 1,   2|                                <X|mu|X>     | 1,  12> =     1.40533276E-06
< 1,   2|                                <X|mu|X>     | 1,  13> =    -2.60651549E-06
< 1,   2|                                <X|mu|X>     | 1,  14> =     1.74821278E-06
< 1,   2|                                <X|mu|X>     | 1,  15> =    -2.30942922E-07
< 1,   2|                                <X|mu|X>     | 1,  16> =    -8.39229860E-07
< 1,   2|                                <X|mu|X>     | 1,  17> =     9.61028201E-07
< 1,   2|                                <X|mu|X>     | 1,  18> =    -4.14855187E-07
< 1,   2|                                <X|mu|X>     | 1,  19> =     1.84595519E-07
< 1,   2|                                <X|mu|X>     | 1,  20> =     4.41979656E-07
< 1,   2|                                <X|mu|X>     | 1,  21> =    -3.52003019E-07
< 1,   2|                                <X|mu|X>     | 1,  22> =    -1.22097198E-07
< 1,   2|                                <X|mu|X>     | 1,  23> =    -6.22699712E-08
< 1,   2|                                <X|mu|X>     | 1,  24> =     1.38348603E-07
< 1,   2|                                <X|mu|X>     | 1,  25> =    -1.33727503E-07
< 1,   2|                                <X|mu|X>     | 1,  26> =     9.47411245E-08
< 1,   2|                                <X|mu|X>     | 1,  27> =     4.72542777E-08
< 1,   2|                                <X|mu|X>     | 1,  28> =    -1.02166130E-09
< 1,   2|                                <X|mu|X>     | 1,  29> =    -4.41059770E-08
< 1,   2|                                <X|mu|X>     | 1,  30> =     7.12747678E-08
< 1,   2|                                <X|mu|X>     | 1,  31> =    -7.34585314E-08
< 1,   2|                                <X|mu|X>     | 1,  32> =     5.12596579E-08
< 1,   2|                                <X|mu|X>     | 1,  33> =     1.50300942E-08
< 1,   2|                                <X|mu|X>     | 1,  34> =     2.11665113E-08
< 1,   2|                                <X|mu|X>     | 1,  35> =    -4.56183850E-08
< 1,   2|                                <X|mu|X>     | 1,  36> =    -5.34319623E-08
< 1,   2|                                <X|mu|X>     | 1,  37> =    -4.61540167E-08
< 1,   2|                                <X|mu|X>     | 1,  38> =    -2.93292478E-08
< 1,   2|                                <X|mu|X>     | 1,  39> =     9.34455203E-09
< 1,   2|                                <X|mu|X>     | 1,  40> =     8.65224643E-09
< 1,   2|                                <X|mu|X>     | 1,  41> =    -2.17309518E-08
< 1,   2|                                <X|mu|X>     | 1,  42> =     2.90350805E-08
< 1,   2|                                <X|mu|X>     | 1,  43> =    -3.11324825E-08
< 1,   2|                                <X|mu|X>     | 1,  44> =    -2.93407198E-08
< 1,   2|                                <X|mu|X>     | 1,  45> =    -2.51426133E-08
< 1,   2|                                <X|mu|X>     | 1,  46> =     1.98186371E-08
< 1,   2|                                <X|mu|X>     | 1,  47> =    -1.43230689E-08
< 1,   2|                                <X|mu|X>     | 1,  48> =    -9.26969964E-09
< 1,   2|                                <X|mu|X>     | 1,  49> =    -4.98118453E-09
< 1,   3|                                <X|mu|X>     | 1,   0> =    -4.92232455E-04
< 1,   3|                                <X|mu|X>     | 1,   1> =     1.15151041E-02
< 1,   3|                                <X|mu|X>     | 1,   2> =     1.88930109E-01
< 1,   3|                                <X|mu|X>     | 1,   3> =     1.50232198E-02
< 1,   3|                                <X|mu|X>     | 1,   4> =     2.17527627E-01
< 1,   3|                                <X|mu|X>     | 1,   5> =    -2.20626994E-02
< 1,   3|                                <X|mu|X>     | 1,   6> =    -2.43863580E-03
< 1,   3|                                <X|mu|X>     | 1,   7> =    -3.89320317E-04
< 1,   3|                                <X|mu|X>     | 1,   8> =     8.79828233E-05
< 1,   3|                                <X|mu|X>     | 1,   9> =    -1.17558223E-07
< 1,   3|                                <X|mu|X>     | 1,  10> =    -2.68386853E-05
< 1,   3|                                <X|mu|X>     | 1,  11> =    -2.06567499E-05
< 1,   3|                                <X|mu|X>     | 1,  12> =    -6.98498009E-06
< 1,   3|                                <X|mu|X>     | 1,  13> =    -8.46958608E-07
< 1,   3|                                <X|mu|X>     | 1,  14> =     2.74084148E-06
< 1,   3|                                <X|mu|X>     | 1,  15> =    -2.10085494E-06
< 1,   3|                                <X|mu|X>     | 1,  16> =     7.88601767E-07
< 1,   3|                                <X|mu|X>     | 1,  17> =     4.03447641E-07
< 1,   3|                                <X|mu|X>     | 1,  18> =    -9.44348025E-07
< 1,   3|                                <X|mu|X>     | 1,  19> =    -7.24067609E-07
< 1,   3|                                <X|mu|X>     | 1,  20> =    -1.18064219E-07
< 1,   3|                                <X|mu|X>     | 1,  21> =    -3.77305437E-07
< 1,   3|                                <X|mu|X>     | 1,  22> =    -5.07153784E-07
< 1,   3|                                <X|mu|X>     | 1,  23> =     3.26107796E-07
< 1,   3|                                <X|mu|X>     | 1,  24> =    -4.30280475E-08
< 1,   3|                                <X|mu|X>     | 1,  25> =    -1.61566237E-07
< 1,   3|                                <X|mu|X>     | 1,  26> =     2.22825179E-07
< 1,   3|                                <X|mu|X>     | 1,  27> =     1.74890541E-07
< 1,   3|                                <X|mu|X>     | 1,  28> =     8.67527768E-08
< 1,   3|                                <X|mu|X>     | 1,  29> =     9.70472408E-09
< 1,   3|                                <X|mu|X>     | 1,  30> =     3.84958307E-08
< 1,   3|                                <X|mu|X>     | 1,  31> =    -6.20242894E-08
< 1,   3|                                <X|mu|X>     | 1,  32> =     6.98683460E-08
< 1,   3|                                <X|mu|X>     | 1,  33> =     6.70694983E-08
< 1,   3|                                <X|mu|X>     | 1,  34> =    -5.48482014E-08
< 1,   3|                                <X|mu|X>     | 1,  35> =     3.45588610E-08
< 1,   3|                                <X|mu|X>     | 1,  36> =     9.83705020E-09
< 1,   3|                                <X|mu|X>     | 1,  37> =    -1.44195752E-08
< 1,   3|                                <X|mu|X>     | 1,  38> =    -3.35216648E-08
< 1,   3|                                <X|mu|X>     | 1,  39> =     4.46361174E-08
< 1,   3|                                <X|mu|X>     | 1,  40> =    -4.72639375E-08
< 1,   3|                                <X|mu|X>     | 1,  41> =     4.27486075E-08
< 1,   3|                                <X|mu|X>     | 1,  42> =    -3.35119887E-08
< 1,   3|                                <X|mu|X>     | 1,  43> =     2.20661960E-08
< 1,   3|                                <X|mu|X>     | 1,  44> =     1.05294969E-08
< 1,   3|                                <X|mu|X>     | 1,  45> =     3.34459331E-10
< 1,   3|                                <X|mu|X>     | 1,  46> =     7.77966145E-09
< 1,   3|                                <X|mu|X>     | 1,  47> =    -1.36123513E-08
< 1,   3|                                <X|mu|X>     | 1,  48> =    -1.73242994E-08
< 1,   3|                                <X|mu|X>     | 1,  49> =    -1.92672931E-08
< 1,   4|                                <X|mu|X>     | 1,   0> =    -1.33647244E-04
< 1,   4|                                <X|mu|X>     | 1,   1> =     1.09014232E-03
< 1,   4|                                <X|mu|X>     | 1,   2> =     1.68125886E-02
< 1,   4|                                <X|mu|X>     | 1,   3> =     2.17527627E-01
< 1,   4|                                <X|mu|X>     | 1,   4> =    -1.23327219E-02
< 1,   4|                                <X|mu|X>     | 1,   5> =    -2.42593790E-01
< 1,   4|                                <X|mu|X>     | 1,   6> =    -2.73451019E-02
< 1,   4|                                <X|mu|X>     | 1,   7> =    -3.24887938E-03
< 1,   4|                                <X|mu|X>     | 1,   8> =     4.96515548E-04
< 1,   4|                                <X|mu|X>     | 1,   9> =     9.48961179E-05
< 1,   4|                                <X|mu|X>     | 1,  10> =    -1.75600572E-06
< 1,   4|                                <X|mu|X>     | 1,  11> =    -3.17748996E-05
< 1,   4|                                <X|mu|X>     | 1,  12> =    -2.77743230E-05
< 1,   4|                                <X|mu|X>     | 1,  13> =     1.14705250E-05
< 1,   4|                                <X|mu|X>     | 1,  14> =     2.74361912E-09
< 1,   4|                                <X|mu|X>     | 1,  15> =    -3.29848319E-06
< 1,   4|                                <X|mu|X>     | 1,  16> =     2.61434518E-06
< 1,   4|                                <X|mu|X>     | 1,  17> =    -1.16926884E-06
< 1,   4|                                <X|mu|X>     | 1,  18> =    -9.41798112E-08
< 1,   4|                                <X|mu|X>     | 1,  19> =    -8.31270090E-07
< 1,   4|                                <X|mu|X>     | 1,  20> =    -8.30803880E-07
< 1,   4|                                <X|mu|X>     | 1,  21> =     2.96050171E-07
< 1,   4|                                <X|mu|X>     | 1,  22> =    -2.85604025E-07
< 1,   4|                                <X|mu|X>     | 1,  23> =     5.50142940E-07
< 1,   4|                                <X|mu|X>     | 1,  24> =    -4.48889831E-07
< 1,   4|                                <X|mu|X>     | 1,  25> =     1.52288739E-07
< 1,   4|                                <X|mu|X>     | 1,  26> =     1.33810208E-07
< 1,   4|                                <X|mu|X>     | 1,  27> =     2.85533341E-07
< 1,   4|                                <X|mu|X>     | 1,  28> =     2.84473308E-07
< 1,   4|                                <X|mu|X>     | 1,  29> =     1.82870959E-07
< 1,   4|                                <X|mu|X>     | 1,  30> =    -5.28765681E-08
< 1,   4|                                <X|mu|X>     | 1,  31> =    -5.15080258E-08
< 1,   4|                                <X|mu|X>     | 1,  32> =     1.08555803E-07
< 1,   4|                                <X|mu|X>     | 1,  33> =     1.22080894E-07
< 1,   4|                                <X|mu|X>     | 1,  34> =    -1.06479830E-07
< 1,   4|                                <X|mu|X>     | 1,  35> =     7.68893958E-08
< 1,   4|                                <X|mu|X>     | 1,  36> =     4.46875091E-08
< 1,   4|                                <X|mu|X>     | 1,  37> =     1.58787138E-08
< 1,   4|                                <X|mu|X>     | 1,  38> =    -6.97819966E-09
< 1,   4|                                <X|mu|X>     | 1,  39> =     2.34524790E-08
< 1,   4|                                <X|mu|X>     | 1,  40> =    -3.40412817E-08
< 1,   4|                                <X|mu|X>     | 1,  41> =     3.95932873E-08
< 1,   4|                                <X|mu|X>     | 1,  42> =    -4.11185520E-08
< 1,   4|                                <X|mu|X>     | 1,  43> =     3.95876987E-08
< 1,   4|                                <X|mu|X>     | 1,  44> =     3.59596681E-08
< 1,   4|                                <X|mu|X>     | 1,  45> =     3.10977048E-08
< 1,   4|                                <X|mu|X>     | 1,  46> =    -2.56999829E-08
< 1,   4|                                <X|mu|X>     | 1,  47> =     2.03054991E-08
< 1,   4|                                <X|mu|X>     | 1,  48> =     1.52925950E-08
< 1,   4|                                <X|mu|X>     | 1,  49> =     1.08879798E-08
< 1,   5|                                <X|mu|X>     | 1,   0> =     4.63919628E-05
< 1,   5|                                <X|mu|X>     | 1,   1> =    -2.29718972E-04
< 1,   5|                                <X|mu|X>     | 1,   2> =    -1.72643076E-03
< 1,   5|                                <X|mu|X>     | 1,   3> =    -2.20626994E-02
< 1,   5|                                <X|mu|X>     | 1,   4> =    -2.42593790E-01
< 1,   5|                                <X|mu|X>     | 1,   5> =    -3.95747187E-02
< 1,   5|                                <X|mu|X>     | 1,   6> =     2.65076130E-01
< 1,   5|                                <X|mu|X>     | 1,   7> =     3.27012131E-02
< 1,   5|                                <X|mu|X>     | 1,   8> =    -4.12501786E-03
< 1,   5|                                <X|mu|X>     | 1,   9> =    -6.15525971E-04
< 1,   5|                                <X|mu|X>     | 1,  10> =    -9.80324343E-05
< 1,   5|                                <X|mu|X>     | 1,  11> =     7.38089906E-06
< 1,   5|                                <X|mu|X>     | 1,  12> =     3.64909581E-05
< 1,   5|                                <X|mu|X>     | 1,  13> =    -3.44509619E-05
< 1,   5|                                <X|mu|X>     | 1,  14> =     1.71217252E-05
< 1,   5|                                <X|mu|X>     | 1,  15> =    -1.78586607E-06
< 1,   5|                                <X|mu|X>     | 1,  16> =    -3.77009134E-06
< 1,   5|                                <X|mu|X>     | 1,  17> =     3.16292774E-06
< 1,   5|                                <X|mu|X>     | 1,  18> =    -1.52926058E-06
< 1,   5|                                <X|mu|X>     | 1,  19> =    -4.15226137E-07
< 1,   5|                                <X|mu|X>     | 1,  20> =     3.62801477E-07
< 1,   5|                                <X|mu|X>     | 1,  21> =    -7.25717036E-07
< 1,   5|                                <X|mu|X>     | 1,  22> =    -5.07145520E-07
< 1,   5|                                <X|mu|X>     | 1,  23> =    -3.91703605E-08
< 1,   5|                                <X|mu|X>     | 1,  24> =     4.51376670E-07
< 1,   5|                                <X|mu|X>     | 1,  25> =    -4.88668793E-07
< 1,   5|                                <X|mu|X>     | 1,  26> =     2.34331369E-07
< 1,   5|                                <X|mu|X>     | 1,  27> =    -8.42558018E-08
< 1,   5|                                <X|mu|X>     | 1,  28> =    -2.89951552E-07
< 1,   5|                                <X|mu|X>     | 1,  29> =    -3.28429136E-07
< 1,   5|                                <X|mu|X>     | 1,  30> =     2.40459318E-07
< 1,   5|                                <X|mu|X>     | 1,  31> =    -1.01722382E-07
< 1,   5|                                <X|mu|X>     | 1,  32> =    -2.47345393E-08
< 1,   5|                                <X|mu|X>     | 1,  33> =    -1.07754496E-07
< 1,   5|                                <X|mu|X>     | 1,  34> =     1.42862597E-07
< 1,   5|                                <X|mu|X>     | 1,  35> =    -1.40324296E-07
< 1,   5|                                <X|mu|X>     | 1,  36> =    -1.15806263E-07
< 1,   5|                                <X|mu|X>     | 1,  37> =    -8.22644077E-08
< 1,   5|                                <X|mu|X>     | 1,  38> =    -4.84409525E-08
< 1,   5|                                <X|mu|X>     | 1,  39> =     1.87963359E-08
< 1,   5|                                <X|mu|X>     | 1,  40> =     4.94147191E-09
< 1,   5|                                <X|mu|X>     | 1,  41> =    -2.26420225E-08
< 1,   5|                                <X|mu|X>     | 1,  42> =     3.48558682E-08
< 1,   5|                                <X|mu|X>     | 1,  43> =    -4.23641664E-08
< 1,   5|                                <X|mu|X>     | 1,  44> =    -4.60357061E-08
< 1,   5|                                <X|mu|X>     | 1,  45> =    -4.67376019E-08
< 1,   5|                                <X|mu|X>     | 1,  46> =     4.52580649E-08
< 1,   5|                                <X|mu|X>     | 1,  47> =    -4.23054797E-08
< 1,   5|                                <X|mu|X>     | 1,  48> =    -3.84876032E-08
< 1,   5|                                <X|mu|X>     | 1,  49> =    -3.42844990E-08
< 1,   6|                                <X|mu|X>     | 1,   0> =     3.38500806E-06
< 1,   6|                                <X|mu|X>     | 1,   1> =    -6.27377996E-05
< 1,   6|                                <X|mu|X>     | 1,   2> =    -3.03970505E-04
< 1,   6|                                <X|mu|X>     | 1,   3> =    -2.43863580E-03
< 1,   6|                                <X|mu|X>     | 1,   4> =    -2.73451019E-02
< 1,   6|                                <X|mu|X>     | 1,   5> =     2.65076130E-01
< 1,   6|                                <X|mu|X>     | 1,   6> =    -6.67452284E-02
< 1,   6|                                <X|mu|X>     | 1,   7> =     2.85618596E-01
< 1,   6|                                <X|mu|X>     | 1,   8> =    -3.81093991E-02
< 1,   6|                                <X|mu|X>     | 1,   9> =    -5.06998316E-03
< 1,   6|                                <X|mu|X>     | 1,  10> =    -7.51775482E-04
< 1,   6|                                <X|mu|X>     | 1,  11> =    -1.00886050E-04
< 1,   6|                                <X|mu|X>     | 1,  12> =     1.72486252E-05
< 1,   6|                                <X|mu|X>     | 1,  13> =    -4.20743557E-05
< 1,   6|                                <X|mu|X>     | 1,  14> =     4.02769619E-05
< 1,   6|                                <X|mu|X>     | 1,  15> =    -2.41188184E-05
< 1,   6|                                <X|mu|X>     | 1,  16> =     5.43675312E-06
< 1,   6|                                <X|mu|X>     | 1,  17> =     4.26215828E-06
< 1,   6|                                <X|mu|X>     | 1,  18> =    -4.68044008E-06
< 1,   6|                                <X|mu|X>     | 1,  19> =    -2.24855050E-06
< 1,   6|                                <X|mu|X>     | 1,  20> =    -7.60886301E-07
< 1,   6|                                <X|mu|X>     | 1,  21> =     1.09612014E-07
< 1,   6|                                <X|mu|X>     | 1,  22> =    -3.91913870E-07
< 1,   6|                                <X|mu|X>     | 1,  23> =     6.16829710E-07
< 1,   6|                                <X|mu|X>     | 1,  24> =    -3.63611797E-07
< 1,   6|                                <X|mu|X>     | 1,  25> =    -1.12945264E-07
< 1,   6|                                <X|mu|X>     | 1,  26> =     4.02998705E-07
< 1,   6|                                <X|mu|X>     | 1,  27> =     3.47428761E-07
< 1,   6|                                <X|mu|X>     | 1,  28> =     7.53411675E-08
< 1,   6|                                <X|mu|X>     | 1,  29> =    -1.96288088E-07
< 1,   6|                                <X|mu|X>     | 1,  30> =     3.31015396E-07
< 1,   6|                                <X|mu|X>     | 1,  31> =    -3.11443041E-07
< 1,   6|                                <X|mu|X>     | 1,  32> =     1.93572220E-07
< 1,   6|                                <X|mu|X>     | 1,  33> =     4.71516199E-08
< 1,   6|                                <X|mu|X>     | 1,  34> =     7.72374712E-08
< 1,   6|                                <X|mu|X>     | 1,  35> =    -1.54350961E-07
< 1,   6|                                <X|mu|X>     | 1,  36> =    -1.82145331E-07
< 1,   6|                                <X|mu|X>     | 1,  37> =    -1.71417080E-07
< 1,   6|                                <X|mu|X>     | 1,  38> =    -1.37610423E-07
< 1,   6|                                <X|mu|X>     | 1,  39> =     9.46787743E-08
< 1,   6|                                <X|mu|X>     | 1,  40> =    -5.27205593E-08
< 1,   6|                                <X|mu|X>     | 1,  41> =     1.72538101E-08
< 1,   6|                                <X|mu|X>     | 1,  42> =     9.62512438E-09
< 1,   6|                                <X|mu|X>     | 1,  43> =    -2.81387218E-08
< 1,   6|                                <X|mu|X>     | 1,  44> =    -3.96342426E-08
< 1,   6|                                <X|mu|X>     | 1,  45> =    -4.58080316E-08
< 1,   6|                                <X|mu|X>     | 1,  46> =     4.82213689E-08
< 1,   6|                                <X|mu|X>     | 1,  47> =    -4.81341093E-08
< 1,   6|                                <X|mu|X>     | 1,  48> =    -4.64837108E-08
< 1,   6|                                <X|mu|X>     | 1,  49> =    -4.39182510E-08
< 1,   7|                                <X|mu|X>     | 1,   0> =    -9.31020611E-06
< 1,   7|                                <X|mu|X>     | 1,   1> =     2.37433004E-06
< 1,   7|                                <X|mu|X>     | 1,   2> =    -7.45944449E-05
< 1,   7|                                <X|mu|X>     | 1,   3> =    -3.89320317E-04
< 1,   7|                                <X|mu|X>     | 1,   4> =    -3.24887938E-03
< 1,   7|                                <X|mu|X>     | 1,   5> =     3.27012131E-02
< 1,   7|                                <X|mu|X>     | 1,   6> =     2.85618596E-01
< 1,   7|                                <X|mu|X>     | 1,   7> =    -9.37091099E-02
< 1,   7|                                <X|mu|X>     | 1,   8> =    -3.04583977E-01
< 1,   7|                                <X|mu|X>     | 1,   9> =    -4.35927384E-02
< 1,   7|                                <X|mu|X>     | 1,  10> =    -6.08739129E-03
< 1,   7|                                <X|mu|X>     | 1,  11> =    -9.06730624E-04
< 1,   7|                                <X|mu|X>     | 1,  12> =    -1.06431650E-04
< 1,   7|                                <X|mu|X>     | 1,  13> =    -3.14379098E-05
< 1,   7|                                <X|mu|X>     | 1,  14> =     5.21413604E-05
< 1,   7|                                <X|mu|X>     | 1,  15> =    -4.55463984E-05
< 1,   7|                                <X|mu|X>     | 1,  16> =     2.98770700E-05
< 1,   7|                                <X|mu|X>     | 1,  17> =    -1.02315760E-05
< 1,   7|                                <X|mu|X>     | 1,  18> =    -3.71804972E-06
< 1,   7|                                <X|mu|X>     | 1,  19> =    -6.83994246E-06
< 1,   7|                                <X|mu|X>     | 1,  20> =    -3.85368442E-06
< 1,   7|                                <X|mu|X>     | 1,  21> =     1.08524096E-06
< 1,   7|                                <X|mu|X>     | 1,  22> =     1.53650652E-07
< 1,   7|                                <X|mu|X>     | 1,  23> =     1.55944447E-07
< 1,   7|                                <X|mu|X>     | 1,  24> =    -5.09026798E-07
< 1,   7|                                <X|mu|X>     | 1,  25> =     6.15603538E-07
< 1,   7|                                <X|mu|X>     | 1,  26> =    -2.98741850E-07
< 1,   7|                                <X|mu|X>     | 1,  27> =     1.42163024E-07
< 1,   7|                                <X|mu|X>     | 1,  28> =     3.43577312E-07
< 1,   7|                                <X|mu|X>     | 1,  29> =     2.28794689E-07
< 1,   7|                                <X|mu|X>     | 1,  30> =     3.36910548E-08
< 1,   7|                                <X|mu|X>     | 1,  31> =    -2.46193236E-07
< 1,   7|                                <X|mu|X>     | 1,  32> =     3.16944206E-07
< 1,   7|                                <X|mu|X>     | 1,  33> =     2.59247541E-07
< 1,   7|                                <X|mu|X>     | 1,  34> =    -1.31823253E-07
< 1,   7|                                <X|mu|X>     | 1,  35> =    -5.24149390E-09
< 1,   7|                                <X|mu|X>     | 1,  36> =    -1.12892011E-07
< 1,   7|                                <X|mu|X>     | 1,  37> =    -1.76392228E-07
< 1,   7|                                <X|mu|X>     | 1,  38> =    -1.97715209E-07
< 1,   7|                                <X|mu|X>     | 1,  39> =     1.87222091E-07
< 1,   7|                                <X|mu|X>     | 1,  40> =    -1.57332614E-07
< 1,   7|                                <X|mu|X>     | 1,  41> =     1.18476110E-07
< 1,   7|                                <X|mu|X>     | 1,  42> =    -7.83369878E-08
< 1,   7|                                <X|mu|X>     | 1,  43> =     4.14967495E-08
< 1,   7|                                <X|mu|X>     | 1,  44> =     1.03628278E-08
< 1,   7|                                <X|mu|X>     | 1,  45> =    -1.42286306E-08
< 1,   7|                                <X|mu|X>     | 1,  46> =     3.24266991E-08
< 1,   7|                                <X|mu|X>     | 1,  47> =    -4.49091918E-08
< 1,   7|                                <X|mu|X>     | 1,  48> =    -5.26071041E-08
< 1,   7|                                <X|mu|X>     | 1,  49> =    -5.65073573E-08
< 1,   8|                                <X|mu|X>     | 1,   0> =     7.55071278E-06
< 1,   8|                                <X|mu|X>     | 1,   1> =    -1.71026209E-05
< 1,   8|                                <X|mu|X>     | 1,   2> =    -3.27330540E-06
< 1,   8|                                <X|mu|X>     | 1,   3> =     8.79828233E-05
< 1,   8|                                <X|mu|X>     | 1,   4> =     4.96515548E-04
< 1,   8|                                <X|mu|X>     | 1,   5> =    -4.12501786E-03
< 1,   8|                                <X|mu|X>     | 1,   6> =    -3.81093991E-02
< 1,   8|                                <X|mu|X>     | 1,   7> =    -3.04583977E-01
< 1,   8|                                <X|mu|X>     | 1,   8> =    -1.20496713E-01
< 1,   8|                                <X|mu|X>     | 1,   9> =     3.22226036E-01
< 1,   8|                                <X|mu|X>     | 1,  10> =     4.91671518E-02
< 1,   8|                                <X|mu|X>     | 1,  11> =     7.18273206E-03
< 1,   8|                                <X|mu|X>     | 1,  12> =     1.07689921E-03
< 1,   8|                                <X|mu|X>     | 1,  13> =    -1.11313774E-04
< 1,   8|                                <X|mu|X>     | 1,  14> =    -4.61988774E-05
< 1,   8|                                <X|mu|X>     | 1,  15> =     6.52031453E-05
< 1,   8|                                <X|mu|X>     | 1,  16> =    -5.16986887E-05
< 1,   8|                                <X|mu|X>     | 1,  17> =     3.37265904E-05
< 1,   8|                                <X|mu|X>     | 1,  18> =    -1.47677945E-05
< 1,   8|                                <X|mu|X>     | 1,  19> =     1.56991217E-06
< 1,   8|                                <X|mu|X>     | 1,  20> =     8.42449715E-06
< 1,   8|                                <X|mu|X>     | 1,  21> =    -6.26684758E-06
< 1,   8|                                <X|mu|X>     | 1,  22> =    -1.96087792E-06
< 1,   8|                                <X|mu|X>     | 1,  23> =    -5.54143652E-08
< 1,   8|                                <X|mu|X>     | 1,  24> =     2.44634130E-07
< 1,   8|                                <X|mu|X>     | 1,  25> =    -3.06462195E-07
< 1,   8|                                <X|mu|X>     | 1,  26> =     5.98275739E-07
< 1,   8|                                <X|mu|X>     | 1,  27> =     6.44935649E-07
< 1,   8|                                <X|mu|X>     | 1,  28> =     2.97352555E-07
< 1,   8|                                <X|mu|X>     | 1,  29> =    -1.20283662E-07
< 1,   8|                                <X|mu|X>     | 1,  30> =     2.89973771E-07
< 1,   8|                                <X|mu|X>     | 1,  31> =    -1.82746932E-07
< 1,   8|                                <X|mu|X>     | 1,  32> =    -3.61406583E-08
< 1,   8|                                <X|mu|X>     | 1,  33> =    -2.06539096E-07
< 1,   8|                                <X|mu|X>     | 1,  34> =     2.60578191E-07
< 1,   8|                                <X|mu|X>     | 1,  35> =    -2.08710180E-07
< 1,   8|                                <X|mu|X>     | 1,  36> =    -9.81994222E-08
< 1,   8|                                <X|mu|X>     | 1,  37> =     2.37586463E-08
< 1,   8|                                <X|mu|X>     | 1,  38> =     1.23803472E-07
< 1,   8|                                <X|mu|X>     | 1,  39> =    -1.86120409E-07
< 1,   8|                                <X|mu|X>     | 1,  40> =     2.09213872E-07
< 1,   8|                                <X|mu|X>     | 1,  41> =    -2.00410054E-07
< 1,   8|                                <X|mu|X>     | 1,  42> =     1.71014039E-07
< 1,   8|                                <X|mu|X>     | 1,  43> =    -1.31742650E-07
< 1,   8|                                <X|mu|X>     | 1,  44> =    -9.09955605E-08
< 1,   8|                                <X|mu|X>     | 1,  45> =    -5.40767119E-08
< 1,   8|                                <X|mu|X>     | 1,  46> =     2.35152310E-08
< 1,   8|                                <X|mu|X>     | 1,  47> =     5.26062309E-11
< 1,   8|                                <X|mu|X>     | 1,  48> =     1.71099311E-08
< 1,   8|                                <X|mu|X>     | 1,  49> =     2.86611154E-08
< 1,   9|                                <X|mu|X>     | 1,   0> =     2.46487875E-06
< 1,   9|                                <X|mu|X>     | 1,   1> =    -1.11404058E-05
< 1,   9|                                <X|mu|X>     | 1,   2> =    -2.19296790E-05
< 1,   9|                                <X|mu|X>     | 1,   3> =    -1.17558223E-07
< 1,   9|                                <X|mu|X>     | 1,   4> =     9.48961179E-05
< 1,   9|                                <X|mu|X>     | 1,   5> =    -6.15525971E-04
< 1,   9|                                <X|mu|X>     | 1,   6> =    -5.06998316E-03
< 1,   9|                                <X|mu|X>     | 1,   7> =    -4.35927384E-02
< 1,   9|                                <X|mu|X>     | 1,   8> =     3.22226036E-01
< 1,   9|                                <X|mu|X>     | 1,   9> =    -1.47139326E-01
< 1,   9|                                <X|mu|X>     | 1,  10> =     3.38725050E-01
< 1,   9|                                <X|mu|X>     | 1,  11> =     5.48079807E-02
< 1,   9|                                <X|mu|X>     | 1,  12> =     8.35081828E-03
< 1,   9|                                <X|mu|X>     | 1,  13> =    -1.27094415E-03
< 1,   9|                                <X|mu|X>     | 1,  14> =     1.17015950E-04
< 1,   9|                                <X|mu|X>     | 1,  15> =     6.00324108E-05
< 1,   9|                                <X|mu|X>     | 1,  16> =    -7.90460662E-05
< 1,   9|                                <X|mu|X>     | 1,  17> =     5.99135336E-05
< 1,   9|                                <X|mu|X>     | 1,  18> =    -3.68963097E-05
< 1,   9|                                <X|mu|X>     | 1,  19> =    -1.81103135E-05
< 1,   9|                                <X|mu|X>     | 1,  20> =    -1.74942107E-06
< 1,   9|                                <X|mu|X>     | 1,  21> =    -8.45919917E-06
< 1,   9|                                <X|mu|X>     | 1,  22> =    -8.95896435E-06
< 1,   9|                                <X|mu|X>     | 1,  23> =     3.96559481E-06
< 1,   9|                                <X|mu|X>     | 1,  24> =    -4.62684991E-08
< 1,   9|                                <X|mu|X>     | 1,  25> =    -8.19412576E-07
< 1,   9|                                <X|mu|X>     | 1,  26> =     4.51959858E-07
< 1,   9|                                <X|mu|X>     | 1,  27> =     4.35491894E-07
< 1,   9|                                <X|mu|X>     | 1,  28> =     7.07327995E-07
< 1,   9|                                <X|mu|X>     | 1,  29> =     6.80870597E-07
< 1,   9|                                <X|mu|X>     | 1,  30> =    -2.78904217E-07
< 1,   9|                                <X|mu|X>     | 1,  31> =    -1.43261365E-07
< 1,   9|                                <X|mu|X>     | 1,  32> =     3.07333015E-07
< 1,   9|                                <X|mu|X>     | 1,  33> =     2.17265636E-07
< 1,   9|                                <X|mu|X>     | 1,  34> =    -2.92877868E-08
< 1,   9|                                <X|mu|X>     | 1,  35> =    -1.16967348E-07
< 1,   9|                                <X|mu|X>     | 1,  36> =    -1.70160948E-07
< 1,   9|                                <X|mu|X>     | 1,  37> =    -1.45638600E-07
< 1,   9|                                <X|mu|X>     | 1,  38> =    -8.03986945E-08
< 1,   9|                                <X|mu|X>     | 1,  39> =     5.11128507E-09
< 1,   9|                                <X|mu|X>     | 1,  40> =     6.24221978E-08
< 1,   9|                                <X|mu|X>     | 1,  41> =    -1.14277560E-07
< 1,   9|                                <X|mu|X>     | 1,  42> =     1.48035808E-07
< 1,   9|                                <X|mu|X>     | 1,  43> =    -1.64085596E-07
< 1,   9|                                <X|mu|X>     | 1,  44> =    -1.64771797E-07
< 1,   9|                                <X|mu|X>     | 1,  45> =    -1.53644608E-07
< 1,   9|                                <X|mu|X>     | 1,  46> =     1.34647990E-07
< 1,   9|                                <X|mu|X>     | 1,  47> =    -1.11578521E-07
< 1,   9|                                <X|mu|X>     | 1,  48> =    -8.76060335E-08
< 1,   9|                                <X|mu|X>     | 1,  49> =    -6.50033469E-08
< 1,  10|                                <X|mu|X>     | 1,   0> =    -1.00828685E-06
< 1,  10|                                <X|mu|X>     | 1,   1> =    -2.76788205E-06
< 1,  10|                                <X|mu|X>     | 1,   2> =    -1.41825437E-05
< 1,  10|                                <X|mu|X>     | 1,   3> =    -2.68386853E-05
< 1,  10|                                <X|mu|X>     | 1,   4> =    -1.75600572E-06
< 1,  10|                                <X|mu|X>     | 1,   5> =    -9.80324343E-05
< 1,  10|                                <X|mu|X>     | 1,   6> =    -7.51775482E-04
< 1,  10|                                <X|mu|X>     | 1,   7> =    -6.08739129E-03
< 1,  10|                                <X|mu|X>     | 1,   8> =     4.91671518E-02
< 1,  10|                                <X|mu|X>     | 1,   9> =     3.38725050E-01
< 1,  10|                                <X|mu|X>     | 1,  10> =    -1.73547398E-01
< 1,  10|                                <X|mu|X>     | 1,  11> =     3.54222538E-01
< 1,  10|                                <X|mu|X>     | 1,  12> =     6.05476858E-02
< 1,  10|                                <X|mu|X>     | 1,  13> =    -9.59898043E-03
< 1,  10|                                <X|mu|X>     | 1,  14> =     1.49715099E-03
< 1,  10|                                <X|mu|X>     | 1,  15> =    -1.25778569E-04
< 1,  10|                                <X|mu|X>     | 1,  16> =    -7.36366297E-05
< 1,  10|                                <X|mu|X>     | 1,  17> =     9.23687487E-05
< 1,  10|                                <X|mu|X>     | 1,  18> =    -7.04971920E-05
< 1,  10|                                <X|mu|X>     | 1,  19> =    -4.13693569E-05
< 1,  10|                                <X|mu|X>     | 1,  20> =    -1.99735227E-05
< 1,  10|                                <X|mu|X>     | 1,  21> =     4.68919340E-06
< 1,  10|                                <X|mu|X>     | 1,  22> =    -6.80027628E-06
< 1,  10|                                <X|mu|X>     | 1,  23> =     1.07204185E-05
< 1,  10|                                <X|mu|X>     | 1,  24> =    -6.84788782E-06
< 1,  10|                                <X|mu|X>     | 1,  25> =     1.15277545E-06
< 1,  10|                                <X|mu|X>     | 1,  26> =     1.48660715E-06
< 1,  10|                                <X|mu|X>     | 1,  27> =     1.23300258E-06
< 1,  10|                                <X|mu|X>     | 1,  28> =     4.88848060E-07
< 1,  10|                                <X|mu|X>     | 1,  29> =     4.49706945E-07
< 1,  10|                                <X|mu|X>     | 1,  30> =    -7.24297178E-07
< 1,  10|                                <X|mu|X>     | 1,  31> =     6.77574873E-07
< 1,  10|                                <X|mu|X>     | 1,  32> =    -2.53874578E-07
< 1,  10|                                <X|mu|X>     | 1,  33> =     2.05725176E-07
< 1,  10|                                <X|mu|X>     | 1,  34> =    -4.17438835E-07
< 1,  10|                                <X|mu|X>     | 1,  35> =     3.46972539E-07
< 1,  10|                                <X|mu|X>     | 1,  36> =     1.37197253E-07
< 1,  10|                                <X|mu|X>     | 1,  37> =    -5.63426547E-08
< 1,  10|                                <X|mu|X>     | 1,  38> =    -1.53823376E-07
< 1,  10|                                <X|mu|X>     | 1,  39> =     1.54929609E-07
< 1,  10|                                <X|mu|X>     | 1,  40> =    -9.89194065E-08
< 1,  10|                                <X|mu|X>     | 1,  41> =     2.70600173E-08
< 1,  10|                                <X|mu|X>     | 1,  42> =     3.46241498E-08
< 1,  10|                                <X|mu|X>     | 1,  43> =    -7.66413985E-08
< 1,  10|                                <X|mu|X>     | 1,  44> =    -9.98682026E-08
< 1,  10|                                <X|mu|X>     | 1,  45> =    -1.09275778E-07
< 1,  10|                                <X|mu|X>     | 1,  46> =     1.09972578E-07
< 1,  10|                                <X|mu|X>     | 1,  47> =    -1.05759088E-07
< 1,  10|                                <X|mu|X>     | 1,  48> =    -9.90276415E-08
< 1,  10|                                <X|mu|X>     | 1,  49> =    -9.11289368E-08
< 1,  11|                                <X|mu|X>     | 1,   0> =    -1.89651534E-06
< 1,  11|                                <X|mu|X>     | 1,   1> =     2.00168698E-06
< 1,  11|                                <X|mu|X>     | 1,   2> =    -3.84847576E-06
< 1,  11|                                <X|mu|X>     | 1,   3> =    -2.06567499E-05
< 1,  11|                                <X|mu|X>     | 1,   4> =    -3.17748996E-05
< 1,  11|                                <X|mu|X>     | 1,   5> =     7.38089906E-06
< 1,  11|                                <X|mu|X>     | 1,   6> =    -1.00886050E-04
< 1,  11|                                <X|mu|X>     | 1,   7> =    -9.06730624E-04
< 1,  11|                                <X|mu|X>     | 1,   8> =     7.18273206E-03
< 1,  11|                                <X|mu|X>     | 1,   9> =     5.48079807E-02
< 1,  11|                                <X|mu|X>     | 1,  10> =     3.54222538E-01
< 1,  11|                                <X|mu|X>     | 1,  11> =    -1.99790215E-01
< 1,  11|                                <X|mu|X>     | 1,  12> =     3.68798308E-01
< 1,  11|                                <X|mu|X>     | 1,  13> =    -6.63930065E-02
< 1,  11|                                <X|mu|X>     | 1,  14> =     1.09309790E-02
< 1,  11|                                <X|mu|X>     | 1,  15> =    -1.76118317E-03
< 1,  11|                                <X|mu|X>     | 1,  16> =     1.39298430E-04
< 1,  11|                                <X|mu|X>     | 1,  17> =     8.93299781E-05
< 1,  11|                                <X|mu|X>     | 1,  18> =    -1.04880367E-04
< 1,  11|                                <X|mu|X>     | 1,  19> =    -8.15400680E-05
< 1,  11|                                <X|mu|X>     | 1,  20> =    -4.82729533E-05
< 1,  11|                                <X|mu|X>     | 1,  21> =     2.16773711E-05
< 1,  11|                                <X|mu|X>     | 1,  22> =     6.12979445E-06
< 1,  11|                                <X|mu|X>     | 1,  23> =     4.39333707E-06
< 1,  11|                                <X|mu|X>     | 1,  24> =    -1.05738799E-05
< 1,  11|                                <X|mu|X>     | 1,  25> =     9.48772847E-06
< 1,  11|                                <X|mu|X>     | 1,  26> =    -3.58914246E-06
< 1,  11|                                <X|mu|X>     | 1,  27> =     1.23832913E-06
< 1,  11|                                <X|mu|X>     | 1,  28> =     2.35406570E-06
< 1,  11|                                <X|mu|X>     | 1,  29> =     1.30398445E-06
< 1,  11|                                <X|mu|X>     | 1,  30> =    -3.70862697E-07
< 1,  11|                                <X|mu|X>     | 1,  31> =     2.88173538E-07
< 1,  11|                                <X|mu|X>     | 1,  32> =    -5.59570838E-07
< 1,  11|                                <X|mu|X>     | 1,  33> =    -6.06471076E-07
< 1,  11|                                <X|mu|X>     | 1,  34> =     3.02458429E-07
< 1,  11|                                <X|mu|X>     | 1,  35> =     1.30773371E-07
< 1,  11|                                <X|mu|X>     | 1,  36> =     4.30780756E-07
< 1,  11|                                <X|mu|X>     | 1,  37> =     4.86801063E-07
< 1,  11|                                <X|mu|X>     | 1,  38> =     3.46689448E-07
< 1,  11|                                <X|mu|X>     | 1,  39> =    -1.29924816E-07
< 1,  11|                                <X|mu|X>     | 1,  40> =    -5.75802294E-08
< 1,  11|                                <X|mu|X>     | 1,  41> =     1.63649471E-07
< 1,  11|                                <X|mu|X>     | 1,  42> =    -1.86030604E-07
< 1,  11|                                <X|mu|X>     | 1,  43> =     1.49912669E-07
< 1,  11|                                <X|mu|X>     | 1,  44> =     8.64899786E-08
< 1,  11|                                <X|mu|X>     | 1,  45> =     2.02482376E-08
< 1,  11|                                <X|mu|X>     | 1,  46> =     3.48050884E-08
< 1,  11|                                <X|mu|X>     | 1,  47> =    -7.35225637E-08
< 1,  11|                                <X|mu|X>     | 1,  48> =    -9.63929167E-08
< 1,  11|                                <X|mu|X>     | 1,  49> =    -1.06544441E-07
< 1,  12|                                <X|mu|X>     | 1,   0> =    -1.17025660E-06
< 1,  12|                                <X|mu|X>     | 1,   1> =     2.87836068E-06
< 1,  12|                                <X|mu|X>     | 1,   2> =     1.40533276E-06
< 1,  12|                                <X|mu|X>     | 1,   3> =    -6.98498009E-06
< 1,  12|                                <X|mu|X>     | 1,   4> =    -2.77743230E-05
< 1,  12|                                <X|mu|X>     | 1,   5> =     3.64909581E-05
< 1,  12|                                <X|mu|X>     | 1,   6> =     1.72486252E-05
< 1,  12|                                <X|mu|X>     | 1,   7> =    -1.06431650E-04
< 1,  12|                                <X|mu|X>     | 1,   8> =     1.07689921E-03
< 1,  12|                                <X|mu|X>     | 1,   9> =     8.35081828E-03
< 1,  12|                                <X|mu|X>     | 1,  10> =     6.05476858E-02
< 1,  12|                                <X|mu|X>     | 1,  11> =     3.68798308E-01
< 1,  12|                                <X|mu|X>     | 1,  12> =    -2.25865750E-01
< 1,  12|                                <X|mu|X>     | 1,  13> =    -3.82504726E-01
< 1,  12|                                <X|mu|X>     | 1,  14> =     7.23537663E-02
< 1,  12|                                <X|mu|X>     | 1,  15> =    -1.23430396E-02
< 1,  12|                                <X|mu|X>     | 1,  16> =     2.06497352E-03
< 1,  12|                                <X|mu|X>     | 1,  17> =    -1.61697245E-04
< 1,  12|                                <X|mu|X>     | 1,  18> =    -1.07081891E-04
< 1,  12|                                <X|mu|X>     | 1,  19> =    -1.18338108E-04
< 1,  12|                                <X|mu|X>     | 1,  20> =    -9.12388445E-05
< 1,  12|                                <X|mu|X>     | 1,  21> =     5.69587365E-05
< 1,  12|                                <X|mu|X>     | 1,  22> =     2.53737676E-05
< 1,  12|                                <X|mu|X>     | 1,  23> =    -6.62724536E-06
< 1,  12|                                <X|mu|X>     | 1,  24> =    -2.79503451E-06
< 1,  12|                                <X|mu|X>     | 1,  25> =     9.04673581E-06
< 1,  12|                                <X|mu|X>     | 1,  26> =    -1.07409110E-05
< 1,  12|                                <X|mu|X>     | 1,  27> =    -6.50906730E-06
< 1,  12|                                <X|mu|X>     | 1,  28> =    -4.77840179E-07
< 1,  12|                                <X|mu|X>     | 1,  29> =     2.71029266E-06
< 1,  12|                                <X|mu|X>     | 1,  30> =    -2.51998127E-06
< 1,  12|                                <X|mu|X>     | 1,  31> =     1.12258901E-06
< 1,  12|                                <X|mu|X>     | 1,  32> =    -2.37584063E-07
< 1,  12|                                <X|mu|X>     | 1,  33> =    -1.35574323E-07
< 1,  12|                                <X|mu|X>     | 1,  34> =     3.54667310E-07
< 1,  12|                                <X|mu|X>     | 1,  35> =    -4.61604520E-07
< 1,  12|                                <X|mu|X>     | 1,  36> =    -3.21920569E-07
< 1,  12|                                <X|mu|X>     | 1,  37> =    -2.45589586E-08
< 1,  12|                                <X|mu|X>     | 1,  38> =     2.71809391E-07
< 1,  12|                                <X|mu|X>     | 1,  39> =    -4.51149437E-07
< 1,  12|                                <X|mu|X>     | 1,  40> =     4.78361991E-07
< 1,  12|                                <X|mu|X>     | 1,  41> =    -3.84149054E-07
< 1,  12|                                <X|mu|X>     | 1,  42> =     2.29368535E-07
< 1,  12|                                <X|mu|X>     | 1,  43> =    -7.10806603E-08
< 1,  12|                                <X|mu|X>     | 1,  44> =     5.38373853E-08
< 1,  12|                                <X|mu|X>     | 1,  45> =     1.31379560E-07
< 1,  12|                                <X|mu|X>     | 1,  46> =    -1.64213481E-07
< 1,  12|                                <X|mu|X>     | 1,  47> =     1.63431893E-07
< 1,  12|                                <X|mu|X>     | 1,  48> =     1.42059086E-07
< 1,  12|                                <X|mu|X>     | 1,  49> =     1.11235995E-07
< 1,  13|                                <X|mu|X>     | 1,   0> =     1.24615990E-07
< 1,  13|                                <X|mu|X>     | 1,   1> =    -1.48449951E-06
< 1,  13|                                <X|mu|X>     | 1,   2> =    -2.60651549E-06
< 1,  13|                                <X|mu|X>     | 1,   3> =    -8.46958608E-07
< 1,  13|                                <X|mu|X>     | 1,   4> =     1.14705250E-05
< 1,  13|                                <X|mu|X>     | 1,   5> =    -3.44509619E-05
< 1,  13|                                <X|mu|X>     | 1,   6> =    -4.20743557E-05
< 1,  13|                                <X|mu|X>     | 1,   7> =    -3.14379098E-05
< 1,  13|                                <X|mu|X>     | 1,   8> =    -1.11313774E-04
< 1,  13|                                <X|mu|X>     | 1,   9> =    -1.27094415E-03
< 1,  13|                                <X|mu|X>     | 1,  10> =    -9.59898043E-03
< 1,  13|                                <X|mu|X>     | 1,  11> =    -6.63930065E-02
< 1,  13|                                <X|mu|X>     | 1,  12> =    -3.82504726E-01
< 1,  13|                                <X|mu|X>     | 1,  13> =    -2.51764957E-01
< 1,  13|                                <X|mu|X>     | 1,  14> =    -3.95395299E-01
< 1,  13|                                <X|mu|X>     | 1,  15> =     7.84448438E-02
< 1,  13|                                <X|mu|X>     | 1,  16> =    -1.38377301E-02
< 1,  13|                                <X|mu|X>     | 1,  17> =     2.41111228E-03
< 1,  13|                                <X|mu|X>     | 1,  18> =    -1.95434300E-04
< 1,  13|                                <X|mu|X>     | 1,  19> =     1.23942870E-04
< 1,  13|                                <X|mu|X>     | 1,  20> =     1.35201025E-04
< 1,  13|                                <X|mu|X>     | 1,  21> =    -1.00493429E-04
< 1,  13|                                <X|mu|X>     | 1,  22> =    -6.56151669E-05
< 1,  13|                                <X|mu|X>     | 1,  23> =     3.16219628E-05
< 1,  13|                                <X|mu|X>     | 1,  24> =    -7.71941339E-06
< 1,  13|                                <X|mu|X>     | 1,  25> =    -2.62084812E-06
< 1,  13|                                <X|mu|X>     | 1,  26> =     7.38574657E-06
< 1,  13|                                <X|mu|X>     | 1,  27> =     1.04335328E-05
< 1,  13|                                <X|mu|X>     | 1,  28> =     8.98653024E-06
< 1,  13|                                <X|mu|X>     | 1,  29> =     3.32052679E-06
< 1,  13|                                <X|mu|X>     | 1,  30> =     1.85496882E-06
< 1,  13|                                <X|mu|X>     | 1,  31> =    -3.45963452E-06
< 1,  13|                                <X|mu|X>     | 1,  32> =     2.38388478E-06
< 1,  13|                                <X|mu|X>     | 1,  33> =     8.65623713E-07
< 1,  13|                                <X|mu|X>     | 1,  34> =    -9.31397381E-08
< 1,  13|                                <X|mu|X>     | 1,  35> =     3.17832727E-08
< 1,  13|                                <X|mu|X>     | 1,  36> =     2.13144711E-07
< 1,  13|                                <X|mu|X>     | 1,  37> =     3.14291129E-07
< 1,  13|                                <X|mu|X>     | 1,  38> =     2.55267864E-07
< 1,  13|                                <X|mu|X>     | 1,  39> =    -8.72425962E-08
< 1,  13|                                <X|mu|X>     | 1,  40> =    -1.11357420E-07
< 1,  13|                                <X|mu|X>     | 1,  41> =     2.80638110E-07
< 1,  13|                                <X|mu|X>     | 1,  42> =    -3.88199786E-07
< 1,  13|                                <X|mu|X>     | 1,  43> =     4.25522742E-07
< 1,  13|                                <X|mu|X>     | 1,  44> =     4.01882909E-07
< 1,  13|                                <X|mu|X>     | 1,  45> =     3.36290895E-07
< 1,  13|                                <X|mu|X>     | 1,  46> =    -2.49748165E-07
< 1,  13|                                <X|mu|X>     | 1,  47> =     1.60196232E-07
< 1,  13|                                <X|mu|X>     | 1,  48> =     7.99146644E-08
< 1,  13|                                <X|mu|X>     | 1,  49> =     1.52398090E-08
< 1,  14|                                <X|mu|X>     | 1,   0> =     5.02179606E-07
< 1,  14|                                <X|mu|X>     | 1,   1> =    -2.06900241E-07
< 1,  14|                                <X|mu|X>     | 1,   2> =     1.74821278E-06
< 1,  14|                                <X|mu|X>     | 1,   3> =     2.74084148E-06
< 1,  14|                                <X|mu|X>     | 1,   4> =     2.74361912E-09
< 1,  14|                                <X|mu|X>     | 1,   5> =     1.71217252E-05
< 1,  14|                                <X|mu|X>     | 1,   6> =     4.02769619E-05
< 1,  14|                                <X|mu|X>     | 1,   7> =     5.21413604E-05
< 1,  14|                                <X|mu|X>     | 1,   8> =    -4.61988774E-05
< 1,  14|                                <X|mu|X>     | 1,   9> =     1.17015950E-04
< 1,  14|                                <X|mu|X>     | 1,  10> =     1.49715099E-03
< 1,  14|                                <X|mu|X>     | 1,  11> =     1.09309790E-02
< 1,  14|                                <X|mu|X>     | 1,  12> =     7.23537663E-02
< 1,  14|                                <X|mu|X>     | 1,  13> =    -3.95395299E-01
< 1,  14|                                <X|mu|X>     | 1,  14> =    -2.77489997E-01
< 1,  14|                                <X|mu|X>     | 1,  15> =    -4.07501157E-01
< 1,  14|                                <X|mu|X>     | 1,  16> =     8.46689180E-02
< 1,  14|                                <X|mu|X>     | 1,  17> =    -1.54176047E-02
< 1,  14|                                <X|mu|X>     | 1,  18> =     2.80585358E-03
< 1,  14|                                <X|mu|X>     | 1,  19> =     2.38604350E-04
< 1,  14|                                <X|mu|X>     | 1,  20> =    -1.37575839E-04
< 1,  14|                                <X|mu|X>     | 1,  21> =     1.55617230E-04
< 1,  14|                                <X|mu|X>     | 1,  22> =     1.11428155E-04
< 1,  14|                                <X|mu|X>     | 1,  23> =    -7.28336510E-05
< 1,  14|                                <X|mu|X>     | 1,  24> =     3.93962314E-05
< 1,  14|                                <X|mu|X>     | 1,  25> =    -1.10882643E-05
< 1,  14|                                <X|mu|X>     | 1,  26> =    -3.52689075E-06
< 1,  14|                                <X|mu|X>     | 1,  27> =    -7.18044880E-06
< 1,  14|                                <X|mu|X>     | 1,  28> =    -8.89521473E-06
< 1,  14|                                <X|mu|X>     | 1,  29> =    -9.71614763E-06
< 1,  14|                                <X|mu|X>     | 1,  30> =     6.55205914E-06
< 1,  14|                                <X|mu|X>     | 1,  31> =    -7.88143217E-07
< 1,  14|                                <X|mu|X>     | 1,  32> =    -3.30973029E-06
< 1,  14|                                <X|mu|X>     | 1,  33> =    -3.90744807E-06
< 1,  14|                                <X|mu|X>     | 1,  34> =     2.32327869E-06
< 1,  14|                                <X|mu|X>     | 1,  35> =    -6.32727251E-07
< 1,  14|                                <X|mu|X>     | 1,  36> =     1.55860740E-07
< 1,  14|                                <X|mu|X>     | 1,  37> =     1.72493650E-07
< 1,  14|                                <X|mu|X>     | 1,  38> =    -7.32647343E-08
< 1,  14|                                <X|mu|X>     | 1,  39> =     2.31223398E-07
< 1,  14|                                <X|mu|X>     | 1,  40> =    -2.17332275E-07
< 1,  14|                                <X|mu|X>     | 1,  41> =     9.47473685E-08
< 1,  14|                                <X|mu|X>     | 1,  42> =     5.18433038E-08
< 1,  14|                                <X|mu|X>     | 1,  43> =    -1.72146815E-07
< 1,  14|                                <X|mu|X>     | 1,  44> =    -2.51583532E-07
< 1,  14|                                <X|mu|X>     | 1,  45> =    -2.94719556E-07
< 1,  14|                                <X|mu|X>     | 1,  46> =     3.11148362E-07
< 1,  14|                                <X|mu|X>     | 1,  47> =    -3.09300381E-07
< 1,  14|                                <X|mu|X>     | 1,  48> =    -2.95274434E-07
< 1,  14|                                <X|mu|X>     | 1,  49> =    -2.73398655E-07
< 1,  15|                                <X|mu|X>     | 1,   0> =    -5.91258296E-07
< 1,  15|                                <X|mu|X>     | 1,   1> =     9.94801585E-07
< 1,  15|                                <X|mu|X>     | 1,   2> =    -2.30942922E-07
< 1,  15|                                <X|mu|X>     | 1,   3> =    -2.10085494E-06
< 1,  15|                                <X|mu|X>     | 1,   4> =    -3.29848319E-06
< 1,  15|                                <X|mu|X>     | 1,   5> =    -1.78586607E-06
< 1,  15|                                <X|mu|X>     | 1,   6> =    -2.41188184E-05
< 1,  15|                                <X|mu|X>     | 1,   7> =    -4.55463984E-05
< 1,  15|                                <X|mu|X>     | 1,   8> =     6.52031453E-05
< 1,  15|                                <X|mu|X>     | 1,   9> =     6.00324108E-05
< 1,  15|                                <X|mu|X>     | 1,  10> =    -1.25778569E-04
< 1,  15|                                <X|mu|X>     | 1,  11> =    -1.76118317E-03
< 1,  15|                                <X|mu|X>     | 1,  12> =    -1.23430396E-02
< 1,  15|                                <X|mu|X>     | 1,  13> =     7.84448438E-02
< 1,  15|                                <X|mu|X>     | 1,  14> =    -4.07501157E-01
< 1,  15|                                <X|mu|X>     | 1,  15> =    -3.03011234E-01
< 1,  15|                                <X|mu|X>     | 1,  16> =    -4.18833854E-01
< 1,  15|                                <X|mu|X>     | 1,  17> =     9.10438426E-02
< 1,  15|                                <X|mu|X>     | 1,  18> =    -1.70748209E-02
< 1,  15|                                <X|mu|X>     | 1,  19> =    -3.25685858E-03
< 1,  15|                                <X|mu|X>     | 1,  20> =    -2.89871609E-04
< 1,  15|                                <X|mu|X>     | 1,  21> =    -1.46805091E-04
< 1,  15|                                <X|mu|X>     | 1,  22> =    -1.77206815E-04
< 1,  15|                                <X|mu|X>     | 1,  23> =     1.26407707E-04
< 1,  15|                                <X|mu|X>     | 1,  24> =    -7.90297856E-05
< 1,  15|                                <X|mu|X>     | 1,  25> =     4.58110815E-05
< 1,  15|                                <X|mu|X>     | 1,  26> =    -1.73561238E-05
< 1,  15|                                <X|mu|X>     | 1,  27> =     2.83632677E-06
< 1,  15|                                <X|mu|X>     | 1,  28> =     9.09301668E-06
< 1,  15|                                <X|mu|X>     | 1,  29> =     8.43734740E-06
< 1,  15|                                <X|mu|X>     | 1,  30> =    -8.39751111E-06
< 1,  15|                                <X|mu|X>     | 1,  31> =     7.93262286E-06
< 1,  15|                                <X|mu|X>     | 1,  32> =    -4.40276090E-06
< 1,  15|                                <X|mu|X>     | 1,  33> =     6.72222848E-07
< 1,  15|                                <X|mu|X>     | 1,  34> =    -4.01533048E-06
< 1,  15|                                <X|mu|X>     | 1,  35> =     4.27618154E-06
< 1,  15|                                <X|mu|X>     | 1,  36> =     2.56252762E-06
< 1,  15|                                <X|mu|X>     | 1,  37> =     6.45114426E-07
< 1,  15|                                <X|mu|X>     | 1,  38> =    -4.34180810E-07
< 1,  15|                                <X|mu|X>     | 1,  39> =     6.04001234E-07
< 1,  15|                                <X|mu|X>     | 1,  40> =    -2.89752973E-07
< 1,  15|                                <X|mu|X>     | 1,  41> =    -7.58812154E-08
< 1,  15|                                <X|mu|X>     | 1,  42> =     2.69964908E-07
< 1,  15|                                <X|mu|X>     | 1,  43> =    -2.67361448E-07
< 1,  15|                                <X|mu|X>     | 1,  44> =    -1.41424332E-07
< 1,  15|                                <X|mu|X>     | 1,  45> =     2.16313454E-08
< 1,  15|                                <X|mu|X>     | 1,  46> =    -1.63667755E-07
< 1,  15|                                <X|mu|X>     | 1,  47> =     2.60137988E-07
< 1,  15|                                <X|mu|X>     | 1,  48> =     3.10028989E-07
< 1,  15|                                <X|mu|X>     | 1,  49> =     3.23507528E-07
< 1,  16|                                <X|mu|X>     | 1,   0> =     3.39480572E-07
< 1,  16|                                <X|mu|X>     | 1,   1> =    -8.20314493E-07
< 1,  16|                                <X|mu|X>     | 1,   2> =    -8.39229860E-07
< 1,  16|                                <X|mu|X>     | 1,   3> =     7.88601767E-07
< 1,  16|                                <X|mu|X>     | 1,   4> =     2.61434518E-06
< 1,  16|                                <X|mu|X>     | 1,   5> =    -3.77009134E-06
< 1,  16|                                <X|mu|X>     | 1,   6> =     5.43675312E-06
< 1,  16|                                <X|mu|X>     | 1,   7> =     2.98770700E-05
< 1,  16|                                <X|mu|X>     | 1,   8> =    -5.16986887E-05
< 1,  16|                                <X|mu|X>     | 1,   9> =    -7.90460662E-05
< 1,  16|                                <X|mu|X>     | 1,  10> =    -7.36366297E-05
< 1,  16|                                <X|mu|X>     | 1,  11> =     1.39298430E-04
< 1,  16|                                <X|mu|X>     | 1,  12> =     2.06497352E-03
< 1,  16|                                <X|mu|X>     | 1,  13> =    -1.38377301E-02
< 1,  16|                                <X|mu|X>     | 1,  14> =     8.46689180E-02
< 1,  16|                                <X|mu|X>     | 1,  15> =    -4.18833854E-01
< 1,  16|                                <X|mu|X>     | 1,  16> =    -3.28314456E-01
< 1,  16|                                <X|mu|X>     | 1,  17> =    -4.29402137E-01
< 1,  16|                                <X|mu|X>     | 1,  18> =     9.75944440E-02
< 1,  16|                                <X|mu|X>     | 1,  19> =     1.87998297E-02
< 1,  16|                                <X|mu|X>     | 1,  20> =     3.77448095E-03
< 1,  16|                                <X|mu|X>     | 1,  21> =    -3.50495936E-04
< 1,  16|                                <X|mu|X>     | 1,  22> =     1.53019596E-04
< 1,  16|                                <X|mu|X>     | 1,  23> =    -1.96135041E-04
< 1,  16|                                <X|mu|X>     | 1,  24> =     1.44874262E-04
< 1,  16|                                <X|mu|X>     | 1,  25> =    -8.79978500E-05
< 1,  16|                                <X|mu|X>     | 1,  26> =     4.96150432E-05
< 1,  16|                                <X|mu|X>     | 1,  27> =     2.36430964E-05
< 1,  16|                                <X|mu|X>     | 1,  28> =     1.52227269E-06
< 1,  16|                                <X|mu|X>     | 1,  29> =    -1.03456119E-05
< 1,  16|                                <X|mu|X>     | 1,  30> =     1.05933735E-05
< 1,  16|                                <X|mu|X>     | 1,  31> =    -7.84726551E-06
< 1,  16|                                <X|mu|X>     | 1,  32> =     6.98775062E-06
< 1,  16|                                <X|mu|X>     | 1,  33> =     6.05820739E-06
< 1,  16|                                <X|mu|X>     | 1,  34> =    -2.98631487E-06
< 1,  16|                                <X|mu|X>     | 1,  35> =    -1.12651672E-06
< 1,  16|                                <X|mu|X>     | 1,  36> =    -3.98361156E-06
< 1,  16|                                <X|mu|X>     | 1,  37> =    -4.51378927E-06
< 1,  16|                                <X|mu|X>     | 1,  38> =    -3.23627670E-06
< 1,  16|                                <X|mu|X>     | 1,  39> =     1.34953409E-06
< 1,  16|                                <X|mu|X>     | 1,  40> =     1.70758379E-07
< 1,  16|                                <X|mu|X>     | 1,  41> =    -9.31052504E-07
< 1,  16|                                <X|mu|X>     | 1,  42> =     1.01085467E-06
< 1,  16|                                <X|mu|X>     | 1,  43> =    -6.99150780E-07
< 1,  16|                                <X|mu|X>     | 1,  44> =    -2.80468537E-07
< 1,  16|                                <X|mu|X>     | 1,  45> =     6.50098236E-08
< 1,  16|                                <X|mu|X>     | 1,  46> =    -2.68442155E-07
< 1,  16|                                <X|mu|X>     | 1,  47> =     3.35776282E-07
< 1,  16|                                <X|mu|X>     | 1,  48> =     3.06808612E-07
< 1,  16|                                <X|mu|X>     | 1,  49> =     2.26215782E-07
< 1,  17|                                <X|mu|X>     | 1,   0> =    -1.65476163E-09
< 1,  17|                                <X|mu|X>     | 1,   1> =     2.51062635E-07
< 1,  17|                                <X|mu|X>     | 1,   2> =     9.61028201E-07
< 1,  17|                                <X|mu|X>     | 1,   3> =     4.03447641E-07
< 1,  17|                                <X|mu|X>     | 1,   4> =    -1.16926884E-06
< 1,  17|                                <X|mu|X>     | 1,   5> =     3.16292774E-06
< 1,  17|                                <X|mu|X>     | 1,   6> =     4.26215828E-06
< 1,  17|                                <X|mu|X>     | 1,   7> =    -1.02315760E-05
< 1,  17|                                <X|mu|X>     | 1,   8> =     3.37265904E-05
< 1,  17|                                <X|mu|X>     | 1,   9> =     5.99135336E-05
< 1,  17|                                <X|mu|X>     | 1,  10> =     9.23687487E-05
< 1,  17|                                <X|mu|X>     | 1,  11> =     8.93299781E-05
< 1,  17|                                <X|mu|X>     | 1,  12> =    -1.61697245E-04
< 1,  17|                                <X|mu|X>     | 1,  13> =     2.41111228E-03
< 1,  17|                                <X|mu|X>     | 1,  14> =    -1.54176047E-02
< 1,  17|                                <X|mu|X>     | 1,  15> =     9.10438426E-02
< 1,  17|                                <X|mu|X>     | 1,  16> =    -4.29402137E-01
< 1,  17|                                <X|mu|X>     | 1,  17> =    -3.53365785E-01
< 1,  17|                                <X|mu|X>     | 1,  18> =    -4.39189168E-01
< 1,  17|                                <X|mu|X>     | 1,  19> =    -1.04347133E-01
< 1,  17|                                <X|mu|X>     | 1,  20> =    -2.05817159E-02
< 1,  17|                                <X|mu|X>     | 1,  21> =     4.36924490E-03
< 1,  17|                                <X|mu|X>     | 1,  22> =     4.26405616E-04
< 1,  17|                                <X|mu|X>     | 1,  23> =     1.58308278E-04
< 1,  17|                                <X|mu|X>     | 1,  24> =    -2.12888765E-04
< 1,  17|                                <X|mu|X>     | 1,  25> =     1.62567472E-04
< 1,  17|                                <X|mu|X>     | 1,  26> =    -1.01992290E-04
< 1,  17|                                <X|mu|X>     | 1,  27> =    -5.40120498E-05
< 1,  17|                                <X|mu|X>     | 1,  28> =    -2.72323668E-05
< 1,  17|                                <X|mu|X>     | 1,  29> =    -7.56705230E-06
< 1,  17|                                <X|mu|X>     | 1,  30> =    -8.18299455E-06
< 1,  17|                                <X|mu|X>     | 1,  31> =     1.31333186E-05
< 1,  17|                                <X|mu|X>     | 1,  32> =    -1.00064533E-05
< 1,  17|                                <X|mu|X>     | 1,  33> =    -6.69479730E-06
< 1,  17|                                <X|mu|X>     | 1,  34> =     5.60123954E-06
< 1,  17|                                <X|mu|X>     | 1,  35> =    -4.54627803E-06
< 1,  17|                                <X|mu|X>     | 1,  36> =    -2.07808190E-06
< 1,  17|                                <X|mu|X>     | 1,  37> =     1.03989696E-06
< 1,  17|                                <X|mu|X>     | 1,  38> =     3.36626508E-06
< 1,  17|                                <X|mu|X>     | 1,  39> =    -4.18624815E-06
< 1,  17|                                <X|mu|X>     | 1,  40> =     3.67317824E-06
< 1,  17|                                <X|mu|X>     | 1,  41> =    -2.42530228E-06
< 1,  17|                                <X|mu|X>     | 1,  42> =     1.04200080E-06
< 1,  17|                                <X|mu|X>     | 1,  43> =     8.90251512E-08
< 1,  17|                                <X|mu|X>     | 1,  44> =     8.09187632E-07
< 1,  17|                                <X|mu|X>     | 1,  45> =     1.12903702E-06
< 1,  17|                                <X|mu|X>     | 1,  46> =    -1.14669247E-06
< 1,  17|                                <X|mu|X>     | 1,  47> =     9.82607360E-07
< 1,  17|                                <X|mu|X>     | 1,  48> =     7.40680466E-07
< 1,  17|                                <X|mu|X>     | 1,  49> =     4.92501286E-07
< 1,  18|                                <X|mu|X>     | 1,   0> =    -2.31514650E-07
< 1,  18|                                <X|mu|X>     | 1,   1> =     2.02401669E-07
< 1,  18|                                <X|mu|X>     | 1,   2> =    -4.14855187E-07
< 1,  18|                                <X|mu|X>     | 1,   3> =    -9.44348025E-07
< 1,  18|                                <X|mu|X>     | 1,   4> =    -9.41798112E-08
< 1,  18|                                <X|mu|X>     | 1,   5> =    -1.52926058E-06
< 1,  18|                                <X|mu|X>     | 1,   6> =    -4.68044008E-06
< 1,  18|                                <X|mu|X>     | 1,   7> =    -3.71804972E-06
< 1,  18|                                <X|mu|X>     | 1,   8> =    -1.47677945E-05
< 1,  18|                                <X|mu|X>     | 1,   9> =    -3.68963097E-05
< 1,  18|                                <X|mu|X>     | 1,  10> =    -7.04971920E-05
< 1,  18|                                <X|mu|X>     | 1,  11> =    -1.04880367E-04
< 1,  18|                                <X|mu|X>     | 1,  12> =    -1.07081891E-04
< 1,  18|                                <X|mu|X>     | 1,  13> =    -1.95434300E-04
< 1,  18|                                <X|mu|X>     | 1,  14> =     2.80585358E-03
< 1,  18|                                <X|mu|X>     | 1,  15> =    -1.70748209E-02
< 1,  18|                                <X|mu|X>     | 1,  16> =     9.75944440E-02
< 1,  18|                                <X|mu|X>     | 1,  17> =    -4.39189168E-01
< 1,  18|                                <X|mu|X>     | 1,  18> =    -3.78101218E-01
< 1,  18|                                <X|mu|X>     | 1,  19> =     4.48154606E-01
< 1,  18|                                <X|mu|X>     | 1,  20> =     1.11348741E-01
< 1,  18|                                <X|mu|X>     | 1,  21> =    -2.24120737E-02
< 1,  18|                                <X|mu|X>     | 1,  22> =    -5.04950391E-03
< 1,  18|                                <X|mu|X>     | 1,  23> =     5.22745282E-04
< 1,  18|                                <X|mu|X>     | 1,  24> =     1.59584294E-04
< 1,  18|                                <X|mu|X>     | 1,  25> =    -2.32286221E-04
< 1,  18|                                <X|mu|X>     | 1,  26> =     1.76949740E-04
< 1,  18|                                <X|mu|X>     | 1,  27> =     1.18661091E-04
< 1,  18|                                <X|mu|X>     | 1,  28> =     6.27901126E-05
< 1,  18|                                <X|mu|X>     | 1,  29> =     2.88627083E-05
< 1,  18|                                <X|mu|X>     | 1,  30> =    -1.21400171E-05
< 1,  18|                                <X|mu|X>     | 1,  31> =    -2.89988422E-06
< 1,  18|                                <X|mu|X>     | 1,  32> =     1.32675683E-05
< 1,  18|                                <X|mu|X>     | 1,  33> =     1.35315333E-05
< 1,  18|                                <X|mu|X>     | 1,  34> =    -8.59796172E-06
< 1,  18|                                <X|mu|X>     | 1,  35> =     5.27363944E-06
< 1,  18|                                <X|mu|X>     | 1,  36> =     4.52829346E-06
< 1,  18|                                <X|mu|X>     | 1,  37> =     3.86290027E-06
< 1,  18|                                <X|mu|X>     | 1,  38> =     1.90613515E-06
< 1,  18|                                <X|mu|X>     | 1,  39> =     7.02498052E-07
< 1,  18|                                <X|mu|X>     | 1,  40> =    -2.76511743E-06
< 1,  18|                                <X|mu|X>     | 1,  41> =     3.68750910E-06
< 1,  18|                                <X|mu|X>     | 1,  42> =    -3.58527103E-06
< 1,  18|                                <X|mu|X>     | 1,  43> =     2.88187617E-06
< 1,  18|                                <X|mu|X>     | 1,  44> =     1.97741109E-06
< 1,  18|                                <X|mu|X>     | 1,  45> =     1.12037819E-06
< 1,  18|                                <X|mu|X>     | 1,  46> =    -4.19976219E-07
< 1,  18|                                <X|mu|X>     | 1,  47> =    -9.83268613E-08
< 1,  18|                                <X|mu|X>     | 1,  48> =    -4.49208878E-07
< 1,  18|                                <X|mu|X>     | 1,  49> =    -6.62454025E-07
< 1,  19|                                <X|mu|X>     | 1,   0> =    -2.78658727E-07
< 1,  19|                                <X|mu|X>     | 1,   1> =     3.65156774E-07
< 1,  19|                                <X|mu|X>     | 1,   2> =     1.84595519E-07
< 1,  19|                                <X|mu|X>     | 1,   3> =    -7.24067609E-07
< 1,  19|                                <X|mu|X>     | 1,   4> =    -8.31270090E-07
< 1,  19|                                <X|mu|X>     | 1,   5> =    -4.15226137E-07
< 1,  19|                                <X|mu|X>     | 1,   6> =    -2.24855050E-06
< 1,  19|                                <X|mu|X>     | 1,   7> =    -6.83994246E-06
< 1,  19|                                <X|mu|X>     | 1,   8> =     1.56991217E-06
< 1,  19|                                <X|mu|X>     | 1,   9> =    -1.81103135E-05
< 1,  19|                                <X|mu|X>     | 1,  10> =    -4.13693569E-05
< 1,  19|                                <X|mu|X>     | 1,  11> =    -8.15400680E-05
< 1,  19|                                <X|mu|X>     | 1,  12> =    -1.18338108E-04
< 1,  19|                                <X|mu|X>     | 1,  13> =     1.23942870E-04
< 1,  19|                                <X|mu|X>     | 1,  14> =     2.38604350E-04
< 1,  19|                                <X|mu|X>     | 1,  15> =    -3.25685858E-03
< 1,  19|                                <X|mu|X>     | 1,  16> =     1.87998297E-02
< 1,  19|                                <X|mu|X>     | 1,  17> =    -1.04347133E-01
< 1,  19|                                <X|mu|X>     | 1,  18> =     4.48154606E-01
< 1,  19|                                <X|mu|X>     | 1,  19> =    -4.02480670E-01
< 1,  19|                                <X|mu|X>     | 1,  20> =     4.56241890E-01
< 1,  19|                                <X|mu|X>     | 1,  21> =    -1.18655369E-01
< 1,  19|                                <X|mu|X>     | 1,  22> =    -2.42800104E-02
< 1,  19|                                <X|mu|X>     | 1,  23> =     5.82870851E-03
< 1,  19|                                <X|mu|X>     | 1,  24> =    -6.37803760E-04
< 1,  19|                                <X|mu|X>     | 1,  25> =    -1.48978564E-04
< 1,  19|                                <X|mu|X>     | 1,  26> =     2.57643363E-04
< 1,  19|                                <X|mu|X>     | 1,  27> =     1.89632462E-04
< 1,  19|                                <X|mu|X>     | 1,  28> =     1.33203895E-04
< 1,  19|                                <X|mu|X>     | 1,  29> =     7.77362674E-05
< 1,  19|                                <X|mu|X>     | 1,  30> =    -3.19814540E-05
< 1,  19|                                <X|mu|X>     | 1,  31> =     1.27957258E-05
< 1,  19|                                <X|mu|X>     | 1,  32> =    -3.30855401E-06
< 1,  19|                                <X|mu|X>     | 1,  33> =     8.49856647E-06
< 1,  19|                                <X|mu|X>     | 1,  34> =    -1.58719744E-05
< 1,  19|                                <X|mu|X>     | 1,  35> =     1.37301734E-05
< 1,  19|                                <X|mu|X>     | 1,  36> =     7.41151345E-06
< 1,  19|                                <X|mu|X>     | 1,  37> =     3.49077489E-06
< 1,  19|                                <X|mu|X>     | 1,  38> =     3.06425078E-06
< 1,  19|                                <X|mu|X>     | 1,  39> =    -3.53984601E-06
< 1,  19|                                <X|mu|X>     | 1,  40> =     2.81879236E-06
< 1,  19|                                <X|mu|X>     | 1,  41> =    -8.00765644E-07
< 1,  19|                                <X|mu|X>     | 1,  42> =    -1.48382589E-06
< 1,  19|                                <X|mu|X>     | 1,  43> =     3.10272240E-06
< 1,  19|                                <X|mu|X>     | 1,  44> =     3.73216777E-06
< 1,  19|                                <X|mu|X>     | 1,  45> =     3.54391265E-06
< 1,  19|                                <X|mu|X>     | 1,  46> =    -2.89504011E-06
< 1,  19|                                <X|mu|X>     | 1,  47> =     2.10614460E-06
< 1,  19|                                <X|mu|X>     | 1,  48> =     1.37737488E-06
< 1,  19|                                <X|mu|X>     | 1,  49> =     7.95070417E-07
< 1,  20|                                <X|mu|X>     | 1,   0> =    -1.69088130E-07
< 1,  20|                                <X|mu|X>     | 1,   1> =     3.01740059E-07
< 1,  20|                                <X|mu|X>     | 1,   2> =     4.41979656E-07
< 1,  20|                                <X|mu|X>     | 1,   3> =    -1.18064219E-07
< 1,  20|                                <X|mu|X>     | 1,   4> =    -8.30803880E-07
< 1,  20|                                <X|mu|X>     | 1,   5> =     3.62801477E-07
< 1,  20|                                <X|mu|X>     | 1,   6> =    -7.60886301E-07
< 1,  20|                                <X|mu|X>     | 1,   7> =    -3.85368442E-06
< 1,  20|                                <X|mu|X>     | 1,   8> =     8.42449715E-06
< 1,  20|                                <X|mu|X>     | 1,   9> =    -1.74942107E-06
< 1,  20|                                <X|mu|X>     | 1,  10> =    -1.99735227E-05
< 1,  20|                                <X|mu|X>     | 1,  11> =    -4.82729533E-05
< 1,  20|                                <X|mu|X>     | 1,  12> =    -9.12388445E-05
< 1,  20|                                <X|mu|X>     | 1,  13> =     1.35201025E-04
< 1,  20|                                <X|mu|X>     | 1,  14> =    -1.37575839E-04
< 1,  20|                                <X|mu|X>     | 1,  15> =    -2.89871609E-04
< 1,  20|                                <X|mu|X>     | 1,  16> =     3.77448095E-03
< 1,  20|                                <X|mu|X>     | 1,  17> =    -2.05817159E-02
< 1,  20|                                <X|mu|X>     | 1,  18> =     1.11348741E-01
< 1,  20|                                <X|mu|X>     | 1,  19> =     4.56241890E-01
< 1,  20|                                <X|mu|X>     | 1,  20> =    -4.26454876E-01
< 1,  20|                                <X|mu|X>     | 1,  21> =    -4.63369769E-01
< 1,  20|                                <X|mu|X>     | 1,  22> =    -1.26334651E-01
< 1,  20|                                <X|mu|X>     | 1,  23> =     2.61609470E-02
< 1,  20|                                <X|mu|X>     | 1,  24> =    -6.73324239E-03
< 1,  20|                                <X|mu|X>     | 1,  25> =     7.65237778E-04
< 1,  20|                                <X|mu|X>     | 1,  26> =     1.17534584E-04
< 1,  20|                                <X|mu|X>     | 1,  27> =     2.86931034E-04
< 1,  20|                                <X|mu|X>     | 1,  28> =     2.07447654E-04
< 1,  20|                                <X|mu|X>     | 1,  29> =     1.40414235E-04
< 1,  20|                                <X|mu|X>     | 1,  30> =    -9.57632025E-05
< 1,  20|                                <X|mu|X>     | 1,  31> =     4.40586924E-05
< 1,  20|                                <X|mu|X>     | 1,  32> =    -1.12957317E-05
< 1,  20|                                <X|mu|X>     | 1,  33> =    -3.07311987E-06
< 1,  20|                                <X|mu|X>     | 1,  34> =    -1.04709514E-06
< 1,  20|                                <X|mu|X>     | 1,  35> =     1.01950384E-05
< 1,  20|                                <X|mu|X>     | 1,  36> =     1.68445378E-05
< 1,  20|                                <X|mu|X>     | 1,  37> =     1.50765352E-05
< 1,  20|                                <X|mu|X>     | 1,  38> =     8.20226699E-06
< 1,  20|                                <X|mu|X>     | 1,  39> =    -2.48051431E-06
< 1,  20|                                <X|mu|X>     | 1,  40> =     6.66897586E-07
< 1,  20|                                <X|mu|X>     | 1,  41> =    -1.54684245E-06
< 1,  20|                                <X|mu|X>     | 1,  42> =     2.73734881E-06
< 1,  20|                                <X|mu|X>     | 1,  43> =    -2.81394273E-06
< 1,  20|                                <X|mu|X>     | 1,  44> =    -1.68557091E-06
< 1,  20|                                <X|mu|X>     | 1,  45> =     2.43468629E-08
< 1,  20|                                <X|mu|X>     | 1,  46> =    -1.64576673E-06
< 1,  20|                                <X|mu|X>     | 1,  47> =     2.78493454E-06
< 1,  20|                                <X|mu|X>     | 1,  48> =     3.34801548E-06
< 1,  20|                                <X|mu|X>     | 1,  49> =     3.42939646E-06
< 1,  21|                                <X|mu|X>     | 1,   0> =     1.29900562E-09
< 1,  21|                                <X|mu|X>     | 1,   1> =    -1.37311598E-07
< 1,  21|                                <X|mu|X>     | 1,   2> =    -3.52003019E-07
< 1,  21|                                <X|mu|X>     | 1,   3> =    -3.77305437E-07
< 1,  21|                                <X|mu|X>     | 1,   4> =     2.96050171E-07
< 1,  21|                                <X|mu|X>     | 1,   5> =    -7.25717036E-07
< 1,  21|                                <X|mu|X>     | 1,   6> =     1.09612014E-07
< 1,  21|                                <X|mu|X>     | 1,   7> =     1.08524096E-06
< 1,  21|                                <X|mu|X>     | 1,   8> =    -6.26684758E-06
< 1,  21|                                <X|mu|X>     | 1,   9> =    -8.45919917E-06
< 1,  21|                                <X|mu|X>     | 1,  10> =     4.68919340E-06
< 1,  21|                                <X|mu|X>     | 1,  11> =     2.16773711E-05
< 1,  21|                                <X|mu|X>     | 1,  12> =     5.69587365E-05
< 1,  21|                                <X|mu|X>     | 1,  13> =    -1.00493429E-04
< 1,  21|                                <X|mu|X>     | 1,  14> =     1.55617230E-04
< 1,  21|                                <X|mu|X>     | 1,  15> =    -1.46805091E-04
< 1,  21|                                <X|mu|X>     | 1,  16> =    -3.50495936E-04
< 1,  21|                                <X|mu|X>     | 1,  17> =     4.36924490E-03
< 1,  21|                                <X|mu|X>     | 1,  18> =    -2.24120737E-02
< 1,  21|                                <X|mu|X>     | 1,  19> =    -1.18655369E-01
< 1,  21|                                <X|mu|X>     | 1,  20> =    -4.63369769E-01
< 1,  21|                                <X|mu|X>     | 1,  21> =    -4.49924468E-01
< 1,  21|                                <X|mu|X>     | 1,  22> =     4.69418123E-01
< 1,  21|                                <X|mu|X>     | 1,  23> =    -1.34501464E-01
< 1,  21|                                <X|mu|X>     | 1,  24> =     2.80149151E-02
< 1,  21|                                <X|mu|X>     | 1,  25> =    -7.80600720E-03
< 1,  21|                                <X|mu|X>     | 1,  26> =     8.98684001E-04
< 1,  21|                                <X|mu|X>     | 1,  27> =    -6.22684749E-05
< 1,  21|                                <X|mu|X>     | 1,  28> =    -3.07433224E-04
< 1,  21|                                <X|mu|X>     | 1,  29> =    -2.40580204E-04
< 1,  21|                                <X|mu|X>     | 1,  30> =     1.44657467E-04
< 1,  21|                                <X|mu|X>     | 1,  31> =    -1.04590565E-04
< 1,  21|                                <X|mu|X>     | 1,  32> =     6.47037102E-05
< 1,  21|                                <X|mu|X>     | 1,  33> =     2.12203141E-05
< 1,  21|                                <X|mu|X>     | 1,  34> =     1.67568977E-06
< 1,  21|                                <X|mu|X>     | 1,  35> =    -3.76060554E-06
< 1,  21|                                <X|mu|X>     | 1,  36> =    -3.23269621E-06
< 1,  21|                                <X|mu|X>     | 1,  37> =    -8.79994260E-06
< 1,  21|                                <X|mu|X>     | 1,  38> =    -1.53921427E-05
< 1,  21|                                <X|mu|X>     | 1,  39> =     1.65084496E-05
< 1,  21|                                <X|mu|X>     | 1,  40> =    -1.17980791E-05
< 1,  21|                                <X|mu|X>     | 1,  41> =     5.20577546E-06
< 1,  21|                                <X|mu|X>     | 1,  42> =    -4.35654170E-07
< 1,  21|                                <X|mu|X>     | 1,  43> =    -1.28938340E-06
< 1,  21|                                <X|mu|X>     | 1,  44> =    -7.48286583E-07
< 1,  21|                                <X|mu|X>     | 1,  45> =     6.47491593E-07
< 1,  21|                                <X|mu|X>     | 1,  46> =    -1.82533800E-06
< 1,  21|                                <X|mu|X>     | 1,  47> =     2.32991930E-06
< 1,  21|                                <X|mu|X>     | 1,  48> =     2.17753407E-06
< 1,  21|                                <X|mu|X>     | 1,  49> =     1.60090304E-06
< 1,  22|                                <X|mu|X>     | 1,   0> =    -1.23463438E-07
< 1,  22|                                <X|mu|X>     | 1,   1> =     3.20721311E-08
< 1,  22|                                <X|mu|X>     | 1,   2> =    -1.22097198E-07
< 1,  22|                                <X|mu|X>     | 1,   3> =    -5.07153784E-07
< 1,  22|                                <X|mu|X>     | 1,   4> =    -2.85604025E-07
< 1,  22|                                <X|mu|X>     | 1,   5> =    -5.07145520E-07
< 1,  22|                                <X|mu|X>     | 1,   6> =    -3.91913870E-07
< 1,  22|                                <X|mu|X>     | 1,   7> =     1.53650652E-07
< 1,  22|                                <X|mu|X>     | 1,   8> =    -1.96087792E-06
< 1,  22|                                <X|mu|X>     | 1,   9> =    -8.95896435E-06
< 1,  22|                                <X|mu|X>     | 1,  10> =    -6.80027628E-06
< 1,  22|                                <X|mu|X>     | 1,  11> =     6.12979445E-06
< 1,  22|                                <X|mu|X>     | 1,  12> =     2.53737676E-05
< 1,  22|                                <X|mu|X>     | 1,  13> =    -6.56151669E-05
< 1,  22|                                <X|mu|X>     | 1,  14> =     1.11428155E-04
< 1,  22|                                <X|mu|X>     | 1,  15> =    -1.77206815E-04
< 1,  22|                                <X|mu|X>     | 1,  16> =     1.53019596E-04
< 1,  22|                                <X|mu|X>     | 1,  17> =     4.26405616E-04
< 1,  22|                                <X|mu|X>     | 1,  18> =    -5.04950391E-03
< 1,  22|                                <X|mu|X>     | 1,  19> =    -2.42800104E-02
< 1,  22|                                <X|mu|X>     | 1,  20> =    -1.26334651E-01
< 1,  22|                                <X|mu|X>     | 1,  21> =     4.69418123E-01
< 1,  22|                                <X|mu|X>     | 1,  22> =    -4.72776823E-01
< 1,  22|                                <X|mu|X>     | 1,  23> =    -4.74198358E-01
< 1,  22|                                <X|mu|X>     | 1,  24> =     1.43332010E-01
< 1,  22|                                <X|mu|X>     | 1,  25> =    -2.97810934E-02
< 1,  22|                                <X|mu|X>     | 1,  26> =     9.10219596E-03
< 1,  22|                                <X|mu|X>     | 1,  27> =     1.04469390E-03
< 1,  22|                                <X|mu|X>     | 1,  28> =     3.35037110E-06
< 1,  22|                                <X|mu|X>     | 1,  29> =    -3.00987409E-04
< 1,  22|                                <X|mu|X>     | 1,  30> =     2.83815549E-04
< 1,  22|                                <X|mu|X>     | 1,  31> =    -1.63346655E-04
< 1,  22|                                <X|mu|X>     | 1,  32> =     1.04826243E-04
< 1,  22|                                <X|mu|X>     | 1,  33> =     7.60687467E-05
< 1,  22|                                <X|mu|X>     | 1,  34> =    -4.20410607E-05
< 1,  22|                                <X|mu|X>     | 1,  35> =     7.81722471E-06
< 1,  22|                                <X|mu|X>     | 1,  36> =    -9.28612393E-06
< 1,  22|                                <X|mu|X>     | 1,  37> =    -9.57025128E-06
< 1,  22|                                <X|mu|X>     | 1,  38> =    -5.92047683E-06
< 1,  22|                                <X|mu|X>     | 1,  39> =     6.72099048E-06
< 1,  22|                                <X|mu|X>     | 1,  40> =    -1.11203694E-05
< 1,  22|                                <X|mu|X>     | 1,  41> =     1.45790526E-05
< 1,  22|                                <X|mu|X>     | 1,  42> =    -1.43866717E-05
< 1,  22|                                <X|mu|X>     | 1,  43> =     1.09006577E-05
< 1,  22|                                <X|mu|X>     | 1,  44> =     6.10477022E-06
< 1,  22|                                <X|mu|X>     | 1,  45> =     1.86458720E-06
< 1,  22|                                <X|mu|X>     | 1,  46> =     8.85977992E-07
< 1,  22|                                <X|mu|X>     | 1,  47> =    -2.08952872E-06
< 1,  22|                                <X|mu|X>     | 1,  48> =    -2.16405385E-06
< 1,  22|                                <X|mu|X>     | 1,  49> =    -1.62804011E-06
< 1,  23|                                <X|mu|X>     | 1,   0> =     1.54082262E-07
< 1,  23|                                <X|mu|X>     | 1,   1> =    -1.47747547E-07
< 1,  23|                                <X|mu|X>     | 1,   2> =    -6.22699712E-08
< 1,  23|                                <X|mu|X>     | 1,   3> =     3.26107796E-07
< 1,  23|                                <X|mu|X>     | 1,   4> =     5.50142940E-07
< 1,  23|                                <X|mu|X>     | 1,   5> =    -3.91703605E-08
< 1,  23|                                <X|mu|X>     | 1,   6> =     6.16829710E-07
< 1,  23|                                <X|mu|X>     | 1,   7> =     1.55944447E-07
< 1,  23|                                <X|mu|X>     | 1,   8> =    -5.54143652E-08
< 1,  23|                                <X|mu|X>     | 1,   9> =     3.96559481E-06
< 1,  23|                                <X|mu|X>     | 1,  10> =     1.07204185E-05
< 1,  23|                                <X|mu|X>     | 1,  11> =     4.39333707E-06
< 1,  23|                                <X|mu|X>     | 1,  12> =    -6.62724536E-06
< 1,  23|                                <X|mu|X>     | 1,  13> =     3.16219628E-05
< 1,  23|                                <X|mu|X>     | 1,  14> =    -7.28336510E-05
< 1,  23|                                <X|mu|X>     | 1,  15> =     1.26407707E-04
< 1,  23|                                <X|mu|X>     | 1,  16> =    -1.96135041E-04
< 1,  23|                                <X|mu|X>     | 1,  17> =     1.58308278E-04
< 1,  23|                                <X|mu|X>     | 1,  18> =     5.22745282E-04
< 1,  23|                                <X|mu|X>     | 1,  19> =     5.82870851E-03
< 1,  23|                                <X|mu|X>     | 1,  20> =     2.61609470E-02
< 1,  23|                                <X|mu|X>     | 1,  21> =    -1.34501464E-01
< 1,  23|                                <X|mu|X>     | 1,  22> =    -4.74198358E-01
< 1,  23|                                <X|mu|X>     | 1,  23> =    -4.94857104E-01
< 1,  23|                                <X|mu|X>     | 1,  24> =    -4.77419936E-01
< 1,  23|                                <X|mu|X>     | 1,  25> =     1.53073421E-01
< 1,  23|                                <X|mu|X>     | 1,  26> =    -3.13808854E-02
< 1,  23|                                <X|mu|X>     | 1,  27> =    -1.06730403E-02
< 1,  23|                                <X|mu|X>     | 1,  28> =    -1.23671149E-03
< 1,  23|                                <X|mu|X>     | 1,  29> =    -6.30049349E-05
< 1,  23|                                <X|mu|X>     | 1,  30> =    -2.65547514E-04
< 1,  23|                                <X|mu|X>     | 1,  31> =     3.19555412E-04
< 1,  23|                                <X|mu|X>     | 1,  32> =    -1.97201518E-04
< 1,  23|                                <X|mu|X>     | 1,  33> =    -1.16116521E-04
< 1,  23|                                <X|mu|X>     | 1,  34> =     7.77526338E-05
< 1,  23|                                <X|mu|X>     | 1,  35> =    -5.35906113E-05
< 1,  23|                                <X|mu|X>     | 1,  36> =    -2.65475739E-05
< 1,  23|                                <X|mu|X>     | 1,  37> =    -9.85767615E-07
< 1,  23|                                <X|mu|X>     | 1,  38> =     1.24469000E-05
< 1,  23|                                <X|mu|X>     | 1,  39> =    -1.37042642E-05
< 1,  23|                                <X|mu|X>     | 1,  40> =     1.00771173E-05
< 1,  23|                                <X|mu|X>     | 1,  41> =    -7.54576053E-06
< 1,  23|                                <X|mu|X>     | 1,  42> =     7.81242097E-06
< 1,  23|                                <X|mu|X>     | 1,  43> =    -9.69198973E-06
< 1,  23|                                <X|mu|X>     | 1,  44> =    -1.13669407E-05
< 1,  23|                                <X|mu|X>     | 1,  45> =    -1.17192665E-05
< 1,  23|                                <X|mu|X>     | 1,  46> =     1.05943022E-05
< 1,  23|                                <X|mu|X>     | 1,  47> =    -8.46783066E-06
< 1,  23|                                <X|mu|X>     | 1,  48> =    -5.98833321E-06
< 1,  23|                                <X|mu|X>     | 1,  49> =    -3.67078819E-06
< 1,  24|                                <X|mu|X>     | 1,   0> =    -1.01814631E-07
< 1,  24|                                <X|mu|X>     | 1,   1> =     1.79963141E-07
< 1,  24|                                <X|mu|X>     | 1,   2> =     1.38348603E-07
< 1,  24|                                <X|mu|X>     | 1,   3> =    -4.30280475E-08
< 1,  24|                                <X|mu|X>     | 1,   4> =    -4.48889831E-07
< 1,  24|                                <X|mu|X>     | 1,   5> =     4.51376670E-07
< 1,  24|                                <X|mu|X>     | 1,   6> =    -3.63611797E-07
< 1,  24|                                <X|mu|X>     | 1,   7> =    -5.09026798E-07
< 1,  24|                                <X|mu|X>     | 1,   8> =     2.44634130E-07
< 1,  24|                                <X|mu|X>     | 1,   9> =    -4.62684991E-08
< 1,  24|                                <X|mu|X>     | 1,  10> =    -6.84788782E-06
< 1,  24|                                <X|mu|X>     | 1,  11> =    -1.05738799E-05
< 1,  24|                                <X|mu|X>     | 1,  12> =    -2.79503451E-06
< 1,  24|                                <X|mu|X>     | 1,  13> =    -7.71941339E-06
< 1,  24|                                <X|mu|X>     | 1,  14> =     3.93962314E-05
< 1,  24|                                <X|mu|X>     | 1,  15> =    -7.90297856E-05
< 1,  24|                                <X|mu|X>     | 1,  16> =     1.44874262E-04
< 1,  24|                                <X|mu|X>     | 1,  17> =    -2.12888765E-04
< 1,  24|                                <X|mu|X>     | 1,  18> =     1.59584294E-04
< 1,  24|                                <X|mu|X>     | 1,  19> =    -6.37803760E-04
< 1,  24|                                <X|mu|X>     | 1,  20> =    -6.73324239E-03
< 1,  24|                                <X|mu|X>     | 1,  21> =     2.80149151E-02
< 1,  24|                                <X|mu|X>     | 1,  22> =     1.43332010E-01
< 1,  24|                                <X|mu|X>     | 1,  23> =    -4.77419936E-01
< 1,  24|                                <X|mu|X>     | 1,  24> =    -5.15911883E-01
< 1,  24|                                <X|mu|X>     | 1,  25> =    -4.78666085E-01
< 1,  24|                                <X|mu|X>     | 1,  26> =     1.64063231E-01
< 1,  24|                                <X|mu|X>     | 1,  27> =     3.27393063E-02
< 1,  24|                                <X|mu|X>     | 1,  28> =     1.25681004E-02
< 1,  24|                                <X|mu|X>     | 1,  29> =     1.52313466E-03
< 1,  24|                                <X|mu|X>     | 1,  30> =    -1.11395411E-04
< 1,  24|                                <X|mu|X>     | 1,  31> =    -1.99194512E-04
< 1,  24|                                <X|mu|X>     | 1,  32> =     3.47574376E-04
< 1,  24|                                <X|mu|X>     | 1,  33> =     2.33191650E-04
< 1,  24|                                <X|mu|X>     | 1,  34> =    -1.39481796E-04
< 1,  24|                                <X|mu|X>     | 1,  35> =     8.63680217E-05
< 1,  24|                                <X|mu|X>     | 1,  36> =     5.79980239E-05
< 1,  24|                                <X|mu|X>     | 1,  37> =     3.86453580E-05
< 1,  24|                                <X|mu|X>     | 1,  38> =     1.64990085E-05
< 1,  24|                                <X|mu|X>     | 1,  39> =     3.03903704E-06
< 1,  24|                                <X|mu|X>     | 1,  40> =    -1.30587515E-05
< 1,  24|                                <X|mu|X>     | 1,  41> =     1.48017076E-05
< 1,  24|                                <X|mu|X>     | 1,  42> =    -1.28964866E-05
< 1,  24|                                <X|mu|X>     | 1,  43> =     1.04988464E-05
< 1,  24|                                <X|mu|X>     | 1,  44> =     8.81198296E-06
< 1,  24|                                <X|mu|X>     | 1,  45> =     8.02783708E-06
< 1,  24|                                <X|mu|X>     | 1,  46> =    -7.92647103E-06
< 1,  24|                                <X|mu|X>     | 1,  47> =     8.13972868E-06
< 1,  24|                                <X|mu|X>     | 1,  48> =     8.31912643E-06
< 1,  24|                                <X|mu|X>     | 1,  49> =     8.24656278E-06
< 1,  25|                                <X|mu|X>     | 1,   0> =     1.55905442E-08
< 1,  25|                                <X|mu|X>     | 1,   1> =    -1.30238920E-07
< 1,  25|                                <X|mu|X>     | 1,   2> =    -1.33727503E-07
< 1,  25|                                <X|mu|X>     | 1,   3> =    -1.61566237E-07
< 1,  25|                                <X|mu|X>     | 1,   4> =     1.52288739E-07
< 1,  25|                                <X|mu|X>     | 1,   5> =    -4.88668793E-07
< 1,  25|                                <X|mu|X>     | 1,   6> =    -1.12945264E-07
< 1,  25|                                <X|mu|X>     | 1,   7> =     6.15603538E-07
< 1,  25|                                <X|mu|X>     | 1,   8> =    -3.06462195E-07
< 1,  25|                                <X|mu|X>     | 1,   9> =    -8.19412576E-07
< 1,  25|                                <X|mu|X>     | 1,  10> =     1.15277545E-06
< 1,  25|                                <X|mu|X>     | 1,  11> =     9.48772847E-06
< 1,  25|                                <X|mu|X>     | 1,  12> =     9.04673581E-06
< 1,  25|                                <X|mu|X>     | 1,  13> =    -2.62084812E-06
< 1,  25|                                <X|mu|X>     | 1,  14> =    -1.10882643E-05
< 1,  25|                                <X|mu|X>     | 1,  15> =     4.58110815E-05
< 1,  25|                                <X|mu|X>     | 1,  16> =    -8.79978500E-05
< 1,  25|                                <X|mu|X>     | 1,  17> =     1.62567472E-04
< 1,  25|                                <X|mu|X>     | 1,  18> =    -2.32286221E-04
< 1,  25|                                <X|mu|X>     | 1,  19> =    -1.48978564E-04
< 1,  25|                                <X|mu|X>     | 1,  20> =     7.65237778E-04
< 1,  25|                                <X|mu|X>     | 1,  21> =    -7.80600720E-03
< 1,  25|                                <X|mu|X>     | 1,  22> =    -2.97810934E-02
< 1,  25|                                <X|mu|X>     | 1,  23> =     1.53073421E-01
< 1,  25|                                <X|mu|X>     | 1,  24> =    -4.78666085E-01
< 1,  25|                                <X|mu|X>     | 1,  25> =    -5.35592449E-01
< 1,  25|                                <X|mu|X>     | 1,  26> =    -4.77346361E-01
< 1,  25|                                <X|mu|X>     | 1,  27> =    -1.76773213E-01
< 1,  25|                                <X|mu|X>     | 1,  28> =    -3.37747038E-02
< 1,  25|                                <X|mu|X>     | 1,  29> =    -1.48477878E-02
< 1,  25|                                <X|mu|X>     | 1,  30> =     1.98872460E-03
< 1,  25|                                <X|mu|X>     | 1,  31> =    -1.20751252E-04
< 1,  25|                                <X|mu|X>     | 1,  32> =    -7.92128812E-05
< 1,  25|                                <X|mu|X>     | 1,  33> =    -3.66154395E-04
< 1,  25|                                <X|mu|X>     | 1,  34> =     2.73251221E-04
< 1,  25|                                <X|mu|X>     | 1,  35> =    -1.67943116E-04
< 1,  25|                                <X|mu|X>     | 1,  36> =    -1.05489494E-04
< 1,  25|                                <X|mu|X>     | 1,  37> =    -6.20066542E-05
< 1,  25|                                <X|mu|X>     | 1,  38> =    -4.46035481E-05
< 1,  25|                                <X|mu|X>     | 1,  39> =     3.23333157E-05
< 1,  25|                                <X|mu|X>     | 1,  40> =    -1.25356547E-05
< 1,  25|                                <X|mu|X>     | 1,  41> =    -5.75908644E-06
< 1,  25|                                <X|mu|X>     | 1,  42> =     1.43699217E-05
< 1,  25|                                <X|mu|X>     | 1,  43> =    -1.51340109E-05
< 1,  25|                                <X|mu|X>     | 1,  44> =    -1.32783588E-05
< 1,  25|                                <X|mu|X>     | 1,  45> =    -1.16987299E-05
< 1,  25|                                <X|mu|X>     | 1,  46> =     1.07242723E-05
< 1,  25|                                <X|mu|X>     | 1,  47> =    -9.87123145E-06
< 1,  25|                                <X|mu|X>     | 1,  48> =    -8.87655034E-06
< 1,  25|                                <X|mu|X>     | 1,  49> =    -7.79684514E-06
< 1,  26|                                <X|mu|X>     | 1,   0> =     5.46189363E-08
< 1,  26|                                <X|mu|X>     | 1,   1> =     3.22631662E-08
< 1,  26|                                <X|mu|X>     | 1,   2> =     9.47411245E-08
< 1,  26|                                <X|mu|X>     | 1,   3> =     2.22825179E-07
< 1,  26|                                <X|mu|X>     | 1,   4> =     1.33810208E-07
< 1,  26|                                <X|mu|X>     | 1,   5> =     2.34331369E-07
< 1,  26|                                <X|mu|X>     | 1,   6> =     4.02998705E-07
< 1,  26|                                <X|mu|X>     | 1,   7> =    -2.98741850E-07
< 1,  26|                                <X|mu|X>     | 1,   8> =     5.98275739E-07
< 1,  26|                                <X|mu|X>     | 1,   9> =     4.51959858E-07
< 1,  26|                                <X|mu|X>     | 1,  10> =     1.48660715E-06
< 1,  26|                                <X|mu|X>     | 1,  11> =    -3.58914246E-06
< 1,  26|                                <X|mu|X>     | 1,  12> =    -1.07409110E-05
< 1,  26|                                <X|mu|X>     | 1,  13> =     7.38574657E-06
< 1,  26|                                <X|mu|X>     | 1,  14> =    -3.52689075E-06
< 1,  26|                                <X|mu|X>     | 1,  15> =    -1.73561238E-05
< 1,  26|                                <X|mu|X>     | 1,  16> =     4.96150432E-05
< 1,  26|                                <X|mu|X>     | 1,  17> =    -1.01992290E-04
< 1,  26|                                <X|mu|X>     | 1,  18> =     1.76949740E-04
< 1,  26|                                <X|mu|X>     | 1,  19> =     2.57643363E-04
< 1,  26|                                <X|mu|X>     | 1,  20> =     1.17534584E-04
< 1,  26|                                <X|mu|X>     | 1,  21> =     8.98684001E-04
< 1,  26|                                <X|mu|X>     | 1,  22> =     9.10219596E-03
< 1,  26|                                <X|mu|X>     | 1,  23> =    -3.13808854E-02
< 1,  26|                                <X|mu|X>     | 1,  24> =     1.64063231E-01
< 1,  26|                                <X|mu|X>     | 1,  25> =    -4.77346361E-01
< 1,  26|                                <X|mu|X>     | 1,  26> =    -5.53427695E-01
< 1,  26|                                <X|mu|X>     | 1,  27> =     4.72581823E-01
< 1,  26|                                <X|mu|X>     | 1,  28> =     1.91887155E-01
< 1,  26|                                <X|mu|X>     | 1,  29> =     3.44073028E-02
< 1,  26|                                <X|mu|X>     | 1,  30> =    -1.75274245E-02
< 1,  26|                                <X|mu|X>     | 1,  31> =     2.83013722E-03
< 1,  26|                                <X|mu|X>     | 1,  32> =    -2.81183495E-05
< 1,  26|                                <X|mu|X>     | 1,  33> =    -1.07657413E-04
< 1,  26|                                <X|mu|X>     | 1,  34> =    -3.53287620E-04
< 1,  26|                                <X|mu|X>     | 1,  35> =     3.20608212E-04
< 1,  26|                                <X|mu|X>     | 1,  36> =     1.91314524E-04
< 1,  26|                                <X|mu|X>     | 1,  37> =     1.43722750E-04
< 1,  26|                                <X|mu|X>     | 1,  38> =     8.18802121E-05
< 1,  26|                                <X|mu|X>     | 1,  39> =    -3.69693939E-05
< 1,  26|                                <X|mu|X>     | 1,  40> =     3.30359756E-05
< 1,  26|                                <X|mu|X>     | 1,  41> =    -3.40965063E-05
< 1,  26|                                <X|mu|X>     | 1,  42> =     1.80903601E-05
< 1,  26|                                <X|mu|X>     | 1,  43> =     4.16873106E-06
< 1,  26|                                <X|mu|X>     | 1,  44> =     1.75415180E-05
< 1,  26|                                <X|mu|X>     | 1,  45> =     1.92546514E-05
< 1,  26|                                <X|mu|X>     | 1,  46> =    -1.49121680E-05
< 1,  26|                                <X|mu|X>     | 1,  47> =     1.02696150E-05
< 1,  26|                                <X|mu|X>     | 1,  48> =     7.81274279E-06
< 1,  26|                                <X|mu|X>     | 1,  49> =     7.41792185E-06
< 1,  27|                                <X|mu|X>     | 1,   0> =     8.24493983E-08
< 1,  27|                                <X|mu|X>     | 1,   1> =    -6.31469347E-08
< 1,  27|                                <X|mu|X>     | 1,   2> =     4.72542777E-08
< 1,  27|                                <X|mu|X>     | 1,   3> =     1.74890541E-07
< 1,  27|                                <X|mu|X>     | 1,   4> =     2.85533341E-07
< 1,  27|                                <X|mu|X>     | 1,   5> =    -8.42558018E-08
< 1,  27|                                <X|mu|X>     | 1,   6> =     3.47428761E-07
< 1,  27|                                <X|mu|X>     | 1,   7> =     1.42163024E-07
< 1,  27|                                <X|mu|X>     | 1,   8> =     6.44935649E-07
< 1,  27|                                <X|mu|X>     | 1,   9> =     4.35491894E-07
< 1,  27|                                <X|mu|X>     | 1,  10> =     1.23300258E-06
< 1,  27|                                <X|mu|X>     | 1,  11> =     1.23832913E-06
< 1,  27|                                <X|mu|X>     | 1,  12> =    -6.50906730E-06
< 1,  27|                                <X|mu|X>     | 1,  13> =     1.04335328E-05
< 1,  27|                                <X|mu|X>     | 1,  14> =    -7.18044880E-06
< 1,  27|                                <X|mu|X>     | 1,  15> =     2.83632677E-06
< 1,  27|                                <X|mu|X>     | 1,  16> =     2.36430964E-05
< 1,  27|                                <X|mu|X>     | 1,  17> =    -5.40120498E-05
< 1,  27|                                <X|mu|X>     | 1,  18> =     1.18661091E-04
< 1,  27|                                <X|mu|X>     | 1,  19> =     1.89632462E-04
< 1,  27|                                <X|mu|X>     | 1,  20> =     2.86931034E-04
< 1,  27|                                <X|mu|X>     | 1,  21> =    -6.22684749E-05
< 1,  27|                                <X|mu|X>     | 1,  22> =     1.04469390E-03
< 1,  27|                                <X|mu|X>     | 1,  23> =    -1.06730403E-02
< 1,  27|                                <X|mu|X>     | 1,  24> =     3.27393063E-02
< 1,  27|                                <X|mu|X>     | 1,  25> =    -1.76773213E-01
< 1,  27|                                <X|mu|X>     | 1,  26> =     4.72581823E-01
< 1,  27|                                <X|mu|X>     | 1,  27> =    -5.68681890E-01
< 1,  27|                                <X|mu|X>     | 1,  28> =     4.63037755E-01
< 1,  27|                                <X|mu|X>     | 1,  29> =     2.10343155E-01
< 1,  27|                                <X|mu|X>     | 1,  30> =    -3.46733751E-02
< 1,  27|                                <X|mu|X>     | 1,  31> =     2.04509754E-02
< 1,  27|                                <X|mu|X>     | 1,  32> =    -4.41075089E-03
< 1,  27|                                <X|mu|X>     | 1,  33> =     2.44157044E-04
< 1,  27|                                <X|mu|X>     | 1,  34> =     3.49347950E-04
< 1,  27|                                <X|mu|X>     | 1,  35> =     2.53283945E-04
< 1,  27|                                <X|mu|X>     | 1,  36> =     4.17595536E-04
< 1,  27|                                <X|mu|X>     | 1,  37> =     1.87547251E-04
< 1,  27|                                <X|mu|X>     | 1,  38> =     1.53733881E-04
< 1,  27|                                <X|mu|X>     | 1,  39> =    -1.54417364E-04
< 1,  27|                                <X|mu|X>     | 1,  40> =     6.96865300E-05
< 1,  27|                                <X|mu|X>     | 1,  41> =    -3.07728113E-06
< 1,  27|                                <X|mu|X>     | 1,  42> =     7.70649420E-06
< 1,  27|                                <X|mu|X>     | 1,  43> =    -3.66080209E-05
< 1,  27|                                <X|mu|X>     | 1,  44> =    -4.19927099E-05
< 1,  27|                                <X|mu|X>     | 1,  45> =    -2.03171410E-05
< 1,  27|                                <X|mu|X>     | 1,  46> =    -8.29940916E-06
< 1,  27|                                <X|mu|X>     | 1,  47> =     2.74378020E-05
< 1,  27|                                <X|mu|X>     | 1,  48> =     3.29559591E-05
< 1,  27|                                <X|mu|X>     | 1,  49> =     2.87137426E-05
< 1,  28|                                <X|mu|X>     | 1,   0> =     6.91813706E-08
< 1,  28|                                <X|mu|X>     | 1,   1> =    -1.14003409E-07
< 1,  28|                                <X|mu|X>     | 1,   2> =    -1.02166130E-09
< 1,  28|                                <X|mu|X>     | 1,   3> =     8.67527768E-08
< 1,  28|                                <X|mu|X>     | 1,   4> =     2.84473308E-07
< 1,  28|                                <X|mu|X>     | 1,   5> =    -2.89951552E-07
< 1,  28|                                <X|mu|X>     | 1,   6> =     7.53411675E-08
< 1,  28|                                <X|mu|X>     | 1,   7> =     3.43577312E-07
< 1,  28|                                <X|mu|X>     | 1,   8> =     2.97352555E-07
< 1,  28|                                <X|mu|X>     | 1,   9> =     7.07327995E-07
< 1,  28|                                <X|mu|X>     | 1,  10> =     4.88848060E-07
< 1,  28|                                <X|mu|X>     | 1,  11> =     2.35406570E-06
< 1,  28|                                <X|mu|X>     | 1,  12> =    -4.77840179E-07
< 1,  28|                                <X|mu|X>     | 1,  13> =     8.98653024E-06
< 1,  28|                                <X|mu|X>     | 1,  14> =    -8.89521473E-06
< 1,  28|                                <X|mu|X>     | 1,  15> =     9.09301668E-06
< 1,  28|                                <X|mu|X>     | 1,  16> =     1.52227269E-06
< 1,  28|                                <X|mu|X>     | 1,  17> =    -2.72323668E-05
< 1,  28|                                <X|mu|X>     | 1,  18> =     6.27901126E-05
< 1,  28|                                <X|mu|X>     | 1,  19> =     1.33203895E-04
< 1,  28|                                <X|mu|X>     | 1,  20> =     2.07447654E-04
< 1,  28|                                <X|mu|X>     | 1,  21> =    -3.07433224E-04
< 1,  28|                                <X|mu|X>     | 1,  22> =     3.35037110E-06
< 1,  28|                                <X|mu|X>     | 1,  23> =    -1.23671149E-03
< 1,  28|                                <X|mu|X>     | 1,  24> =     1.25681004E-02
< 1,  28|                                <X|mu|X>     | 1,  25> =    -3.37747038E-02
< 1,  28|                                <X|mu|X>     | 1,  26> =     1.91887155E-01
< 1,  28|                                <X|mu|X>     | 1,  27> =     4.63037755E-01
< 1,  28|                                <X|mu|X>     | 1,  28> =    -5.80165650E-01
< 1,  28|                                <X|mu|X>     | 1,  29> =     4.46731007E-01
< 1,  28|                                <X|mu|X>     | 1,  30> =    -2.33316648E-01
< 1,  28|                                <X|mu|X>     | 1,  31> =     3.49581722E-02
< 1,  28|                                <X|mu|X>     | 1,  32> =    -2.30590674E-02
< 1,  28|                                <X|mu|X>     | 1,  33> =    -7.30517426E-03
< 1,  28|                                <X|mu|X>     | 1,  34> =    -7.41234442E-04
< 1,  28|                                <X|mu|X>     | 1,  35> =    -4.80737999E-04
< 1,  28|                                <X|mu|X>     | 1,  36> =    -1.49365078E-04
< 1,  28|                                <X|mu|X>     | 1,  37> =     5.99965501E-04
< 1,  28|                                <X|mu|X>     | 1,  38> =     3.05408237E-04
< 1,  28|                                <X|mu|X>     | 1,  39> =    -2.90143502E-05
< 1,  28|                                <X|mu|X>     | 1,  40> =     1.36498967E-04
< 1,  28|                                <X|mu|X>     | 1,  41> =    -2.17889458E-04
< 1,  28|                                <X|mu|X>     | 1,  42> =     1.12539090E-04
< 1,  28|                                <X|mu|X>     | 1,  43> =     2.60894103E-05
< 1,  28|                                <X|mu|X>     | 1,  44> =     6.91248043E-05
< 1,  28|                                <X|mu|X>     | 1,  45> =     2.57238791E-05
< 1,  28|                                <X|mu|X>     | 1,  46> =     3.62749541E-05
< 1,  28|                                <X|mu|X>     | 1,  47> =    -7.01828406E-05
< 1,  28|                                <X|mu|X>     | 1,  48> =    -6.80714488E-05
< 1,  28|                                <X|mu|X>     | 1,  49> =    -4.36125695E-05
< 1,  29|                                <X|mu|X>     | 1,   0> =     3.30180702E-08
< 1,  29|                                <X|mu|X>     | 1,   1> =    -1.06679590E-07
< 1,  29|                                <X|mu|X>     | 1,   2> =    -4.41059770E-08
< 1,  29|                                <X|mu|X>     | 1,   3> =     9.70472408E-09
< 1,  29|                                <X|mu|X>     | 1,   4> =     1.82870959E-07
< 1,  29|                                <X|mu|X>     | 1,   5> =    -3.28429136E-07
< 1,  29|                                <X|mu|X>     | 1,   6> =    -1.96288088E-07
< 1,  29|                                <X|mu|X>     | 1,   7> =     2.28794689E-07
< 1,  29|                                <X|mu|X>     | 1,   8> =    -1.20283662E-07
< 1,  29|                                <X|mu|X>     | 1,   9> =     6.80870597E-07
< 1,  29|                                <X|mu|X>     | 1,  10> =     4.49706945E-07
< 1,  29|                                <X|mu|X>     | 1,  11> =     1.30398445E-06
< 1,  29|                                <X|mu|X>     | 1,  12> =     2.71029266E-06
< 1,  29|                                <X|mu|X>     | 1,  13> =     3.32052679E-06
< 1,  29|                                <X|mu|X>     | 1,  14> =    -9.71614763E-06
< 1,  29|                                <X|mu|X>     | 1,  15> =     8.43734740E-06
< 1,  29|                                <X|mu|X>     | 1,  16> =    -1.03456119E-05
< 1,  29|                                <X|mu|X>     | 1,  17> =    -7.56705230E-06
< 1,  29|                                <X|mu|X>     | 1,  18> =     2.88627083E-05
< 1,  29|                                <X|mu|X>     | 1,  19> =     7.77362674E-05
< 1,  29|                                <X|mu|X>     | 1,  20> =     1.40414235E-04
< 1,  29|                                <X|mu|X>     | 1,  21> =    -2.40580204E-04
< 1,  29|                                <X|mu|X>     | 1,  22> =    -3.00987409E-04
< 1,  29|                                <X|mu|X>     | 1,  23> =    -6.30049349E-05
< 1,  29|                                <X|mu|X>     | 1,  24> =     1.52313466E-03
< 1,  29|                                <X|mu|X>     | 1,  25> =    -1.48477878E-02
< 1,  29|                                <X|mu|X>     | 1,  26> =     3.44073028E-02
< 1,  29|                                <X|mu|X>     | 1,  27> =     2.10343155E-01
< 1,  29|                                <X|mu|X>     | 1,  28> =     4.46731007E-01
< 1,  29|                                <X|mu|X>     | 1,  29> =    -5.86011220E-01
< 1,  29|                                <X|mu|X>     | 1,  30> =    -4.20882331E-01
< 1,  29|                                <X|mu|X>     | 1,  31> =     2.61875547E-01
< 1,  29|                                <X|mu|X>     | 1,  32> =    -3.64708593E-02
< 1,  29|                                <X|mu|X>     | 1,  33> =    -2.39947051E-02
< 1,  29|                                <X|mu|X>     | 1,  34> =     1.21874624E-02
< 1,  29|                                <X|mu|X>     | 1,  35> =     1.04295752E-03
< 1,  29|                                <X|mu|X>     | 1,  36> =     1.92783470E-04
< 1,  29|                                <X|mu|X>     | 1,  37> =    -1.07304906E-03
< 1,  29|                                <X|mu|X>     | 1,  38> =     3.87521756E-04
< 1,  29|                                <X|mu|X>     | 1,  39> =    -8.67583184E-04
< 1,  29|                                <X|mu|X>     | 1,  40> =     1.67848548E-04
< 1,  29|                                <X|mu|X>     | 1,  41> =     2.14312805E-04
< 1,  29|                                <X|mu|X>     | 1,  42> =     9.65469640E-06
< 1,  29|                                <X|mu|X>     | 1,  43> =    -2.95229821E-04
< 1,  29|                                <X|mu|X>     | 1,  44> =    -3.10033901E-04
< 1,  29|                                <X|mu|X>     | 1,  45> =    -1.24753553E-04
< 1,  29|                                <X|mu|X>     | 1,  46> =    -6.87507901E-05
< 1,  29|                                <X|mu|X>     | 1,  47> =     1.62846906E-04
< 1,  29|                                <X|mu|X>     | 1,  48> =     1.55566486E-04
< 1,  29|                                <X|mu|X>     | 1,  49> =     9.29910407E-05
< 1,  30|                                <X|mu|X>     | 1,   0> =     5.18280190E-09
< 1,  30|                                <X|mu|X>     | 1,   1> =     5.71109979E-08
< 1,  30|                                <X|mu|X>     | 1,   2> =     7.12747678E-08
< 1,  30|                                <X|mu|X>     | 1,   3> =     3.84958307E-08
< 1,  30|                                <X|mu|X>     | 1,   4> =    -5.28765681E-08
< 1,  30|                                <X|mu|X>     | 1,   5> =     2.40459318E-07
< 1,  30|                                <X|mu|X>     | 1,   6> =     3.31015396E-07
< 1,  30|                                <X|mu|X>     | 1,   7> =     3.36910548E-08
< 1,  30|                                <X|mu|X>     | 1,   8> =     2.89973771E-07
< 1,  30|                                <X|mu|X>     | 1,   9> =    -2.78904217E-07
< 1,  30|                                <X|mu|X>     | 1,  10> =    -7.24297178E-07
< 1,  30|                                <X|mu|X>     | 1,  11> =    -3.70862697E-07
< 1,  30|                                <X|mu|X>     | 1,  12> =    -2.51998127E-06
< 1,  30|                                <X|mu|X>     | 1,  13> =     1.85496882E-06
< 1,  30|                                <X|mu|X>     | 1,  14> =     6.55205914E-06
< 1,  30|                                <X|mu|X>     | 1,  15> =    -8.39751111E-06
< 1,  30|                                <X|mu|X>     | 1,  16> =     1.05933735E-05
< 1,  30|                                <X|mu|X>     | 1,  17> =    -8.18299455E-06
< 1,  30|                                <X|mu|X>     | 1,  18> =    -1.21400171E-05
< 1,  30|                                <X|mu|X>     | 1,  19> =    -3.19814540E-05
< 1,  30|                                <X|mu|X>     | 1,  20> =    -9.57632025E-05
< 1,  30|                                <X|mu|X>     | 1,  21> =     1.44657467E-04
< 1,  30|                                <X|mu|X>     | 1,  22> =     2.83815549E-04
< 1,  30|                                <X|mu|X>     | 1,  23> =    -2.65547514E-04
< 1,  30|                                <X|mu|X>     | 1,  24> =    -1.11395411E-04
< 1,  30|                                <X|mu|X>     | 1,  25> =     1.98872460E-03
< 1,  30|                                <X|mu|X>     | 1,  26> =    -1.75274245E-02
< 1,  30|                                <X|mu|X>     | 1,  27> =    -3.46733751E-02
< 1,  30|                                <X|mu|X>     | 1,  28> =    -2.33316648E-01
< 1,  30|                                <X|mu|X>     | 1,  29> =    -4.20882331E-01
< 1,  30|                                <X|mu|X>     | 1,  30> =    -5.83366698E-01
< 1,  30|                                <X|mu|X>     | 1,  31> =    -3.82453222E-01
< 1,  30|                                <X|mu|X>     | 1,  32> =     2.95543991E-01
< 1,  30|                                <X|mu|X>     | 1,  33> =     4.18141676E-02
< 1,  30|                                <X|mu|X>     | 1,  34> =    -2.10936309E-02
< 1,  30|                                <X|mu|X>     | 1,  35> =     1.88886346E-02
< 1,  30|                                <X|mu|X>     | 1,  36> =     7.72681189E-04
< 1,  30|                                <X|mu|X>     | 1,  37> =    -2.54964710E-03
< 1,  30|                                <X|mu|X>     | 1,  38> =     1.37405751E-03
< 1,  30|                                <X|mu|X>     | 1,  39> =    -1.27645508E-03
< 1,  30|                                <X|mu|X>     | 1,  40> =    -8.59334634E-04
< 1,  30|                                <X|mu|X>     | 1,  41> =     1.29525597E-03
< 1,  30|                                <X|mu|X>     | 1,  42> =    -3.02138438E-04
< 1,  30|                                <X|mu|X>     | 1,  43> =    -4.80216610E-04
< 1,  30|                                <X|mu|X>     | 1,  44> =    -4.59659635E-04
< 1,  30|                                <X|mu|X>     | 1,  45> =    -1.12673955E-05
< 1,  30|                                <X|mu|X>     | 1,  46> =    -3.71920402E-04
< 1,  30|                                <X|mu|X>     | 1,  47> =     4.88855660E-04
< 1,  30|                                <X|mu|X>     | 1,  48> =     3.86897117E-04
< 1,  30|                                <X|mu|X>     | 1,  49> =     1.93556420E-04
< 1,  31|                                <X|mu|X>     | 1,   0> =    -3.15263219E-08
< 1,  31|                                <X|mu|X>     | 1,   1> =     4.03754327E-09
< 1,  31|                                <X|mu|X>     | 1,   2> =    -7.34585314E-08
< 1,  31|                                <X|mu|X>     | 1,   3> =    -6.20242894E-08
< 1,  31|                                <X|mu|X>     | 1,   4> =    -5.15080258E-08
< 1,  31|                                <X|mu|X>     | 1,   5> =    -1.01722382E-07
< 1,  31|                                <X|mu|X>     | 1,   6> =    -3.11443041E-07
< 1,  31|                                <X|mu|X>     | 1,   7> =    -2.46193236E-07
< 1,  31|                                <X|mu|X>     | 1,   8> =    -1.82746932E-07
< 1,  31|                                <X|mu|X>     | 1,   9> =    -1.43261365E-07
< 1,  31|                                <X|mu|X>     | 1,  10> =     6.77574873E-07
< 1,  31|                                <X|mu|X>     | 1,  11> =     2.88173538E-07
< 1,  31|                                <X|mu|X>     | 1,  12> =     1.12258901E-06
< 1,  31|                                <X|mu|X>     | 1,  13> =    -3.45963452E-06
< 1,  31|                                <X|mu|X>     | 1,  14> =    -7.88143217E-07
< 1,  31|                                <X|mu|X>     | 1,  15> =     7.93262286E-06
< 1,  31|                                <X|mu|X>     | 1,  16> =    -7.84726551E-06
< 1,  31|                                <X|mu|X>     | 1,  17> =     1.31333186E-05
< 1,  31|                                <X|mu|X>     | 1,  18> =    -2.89988422E-06
< 1,  31|                                <X|mu|X>     | 1,  19> =     1.27957258E-05
< 1,  31|                                <X|mu|X>     | 1,  20> =     4.40586924E-05
< 1,  31|                                <X|mu|X>     | 1,  21> =    -1.04590565E-04
< 1,  31|                                <X|mu|X>     | 1,  22> =    -1.63346655E-04
< 1,  31|                                <X|mu|X>     | 1,  23> =     3.19555412E-04
< 1,  31|                                <X|mu|X>     | 1,  24> =    -1.99194512E-04
< 1,  31|                                <X|mu|X>     | 1,  25> =    -1.20751252E-04
< 1,  31|                                <X|mu|X>     | 1,  26> =     2.83013722E-03
< 1,  31|                                <X|mu|X>     | 1,  27> =     2.04509754E-02
< 1,  31|                                <X|mu|X>     | 1,  28> =     3.49581722E-02
< 1,  31|                                <X|mu|X>     | 1,  29> =     2.61875547E-01
< 1,  31|                                <X|mu|X>     | 1,  30> =    -3.82453222E-01
< 1,  31|                                <X|mu|X>     | 1,  31> =    -5.68717950E-01
< 1,  31|                                <X|mu|X>     | 1,  32> =    -3.30697091E-01
< 1,  31|                                <X|mu|X>     | 1,  33> =    -3.29903062E-01
< 1,  31|                                <X|mu|X>     | 1,  34> =     5.48953287E-02
< 1,  31|                                <X|mu|X>     | 1,  35> =    -1.33157125E-02
< 1,  31|                                <X|mu|X>     | 1,  36> =    -2.40369721E-02
< 1,  31|                                <X|mu|X>     | 1,  37> =    -7.55337183E-03
< 1,  31|                                <X|mu|X>     | 1,  38> =     4.50100708E-03
< 1,  31|                                <X|mu|X>     | 1,  39> =    -1.73614463E-03
< 1,  31|                                <X|mu|X>     | 1,  40> =    -2.47812428E-03
< 1,  31|                                <X|mu|X>     | 1,  41> =     1.75785538E-03
< 1,  31|                                <X|mu|X>     | 1,  42> =     8.12788200E-04
< 1,  31|                                <X|mu|X>     | 1,  43> =    -1.85584563E-03
< 1,  31|                                <X|mu|X>     | 1,  44> =    -1.14297277E-03
< 1,  31|                                <X|mu|X>     | 1,  45> =     4.17431123E-05
< 1,  31|                                <X|mu|X>     | 1,  46> =    -7.52237722E-04
< 1,  31|                                <X|mu|X>     | 1,  47> =     8.18122520E-04
< 1,  31|                                <X|mu|X>     | 1,  48> =     4.95400904E-04
< 1,  31|                                <X|mu|X>     | 1,  49> =     8.31229817E-05
< 1,  32|                                <X|mu|X>     | 1,   0> =     4.16766313E-08
< 1,  32|                                <X|mu|X>     | 1,   1> =    -5.01709494E-08
< 1,  32|                                <X|mu|X>     | 1,   2> =     5.12596579E-08
< 1,  32|                                <X|mu|X>     | 1,   3> =     6.98683460E-08
< 1,  32|                                <X|mu|X>     | 1,   4> =     1.08555803E-07
< 1,  32|                                <X|mu|X>     | 1,   5> =    -2.47345393E-08
< 1,  32|                                <X|mu|X>     | 1,   6> =     1.93572220E-07
< 1,  32|                                <X|mu|X>     | 1,   7> =     3.16944206E-07
< 1,  32|                                <X|mu|X>     | 1,   8> =    -3.61406583E-08
< 1,  32|                                <X|mu|X>     | 1,   9> =     3.07333015E-07
< 1,  32|                                <X|mu|X>     | 1,  10> =    -2.53874578E-07
< 1,  32|                                <X|mu|X>     | 1,  11> =    -5.59570838E-07
< 1,  32|                                <X|mu|X>     | 1,  12> =    -2.37584063E-07
< 1,  32|                                <X|mu|X>     | 1,  13> =     2.38388478E-06
< 1,  32|                                <X|mu|X>     | 1,  14> =    -3.30973029E-06
< 1,  32|                                <X|mu|X>     | 1,  15> =    -4.40276090E-06
< 1,  32|                                <X|mu|X>     | 1,  16> =     6.98775062E-06
< 1,  32|                                <X|mu|X>     | 1,  17> =    -1.00064533E-05
< 1,  32|                                <X|mu|X>     | 1,  18> =     1.32675683E-05
< 1,  32|                                <X|mu|X>     | 1,  19> =    -3.30855401E-06
< 1,  32|                                <X|mu|X>     | 1,  20> =    -1.12957317E-05
< 1,  32|                                <X|mu|X>     | 1,  21> =     6.47037102E-05
< 1,  32|                                <X|mu|X>     | 1,  22> =     1.04826243E-04
< 1,  32|                                <X|mu|X>     | 1,  23> =    -1.97201518E-04
< 1,  32|                                <X|mu|X>     | 1,  24> =     3.47574376E-04
< 1,  32|                                <X|mu|X>     | 1,  25> =    -7.92128812E-05
< 1,  32|                                <X|mu|X>     | 1,  26> =    -2.81183495E-05
< 1,  32|                                <X|mu|X>     | 1,  27> =    -4.41075089E-03
< 1,  32|                                <X|mu|X>     | 1,  28> =    -2.30590674E-02
< 1,  32|                                <X|mu|X>     | 1,  29> =    -3.64708593E-02
< 1,  32|                                <X|mu|X>     | 1,  30> =     2.95543991E-01
< 1,  32|                                <X|mu|X>     | 1,  31> =    -3.30697091E-01
< 1,  32|                                <X|mu|X>     | 1,  32> =    -5.40494637E-01
< 1,  32|                                <X|mu|X>     | 1,  33> =     2.70418075E-01
< 1,  32|                                <X|mu|X>     | 1,  34> =    -3.57227182E-01
< 1,  32|                                <X|mu|X>     | 1,  35> =     7.88424558E-02
< 1,  32|                                <X|mu|X>     | 1,  36> =     4.93491257E-03
< 1,  32|                                <X|mu|X>     | 1,  37> =     2.18218229E-02
< 1,  32|                                <X|mu|X>     | 1,  38> =     1.72132165E-02
< 1,  32|                                <X|mu|X>     | 1,  39> =     2.38866280E-04
< 1,  32|                                <X|mu|X>     | 1,  40> =    -5.81776055E-03
< 1,  32|                                <X|mu|X>     | 1,  41> =     1.32027050E-03
< 1,  32|                                <X|mu|X>     | 1,  42> =     2.76864489E-03
< 1,  32|                                <X|mu|X>     | 1,  43> =    -2.63455260E-03
< 1,  32|                                <X|mu|X>     | 1,  44> =    -3.19035352E-04
< 1,  32|                                <X|mu|X>     | 1,  45> =     1.53147820E-03
< 1,  32|                                <X|mu|X>     | 1,  46> =    -1.98030393E-03
< 1,  32|                                <X|mu|X>     | 1,  47> =     1.40544169E-03
< 1,  32|                                <X|mu|X>     | 1,  48> =     5.08218951E-04
< 1,  32|                                <X|mu|X>     | 1,  49> =    -2.37885345E-04
< 1,  33|                                <X|mu|X>     | 1,   0> =     3.81624810E-08
< 1,  33|                                <X|mu|X>     | 1,   1> =    -6.92814133E-08
< 1,  33|                                <X|mu|X>     | 1,   2> =     1.50300942E-08
< 1,  33|                                <X|mu|X>     | 1,   3> =     6.70694983E-08
< 1,  33|                                <X|mu|X>     | 1,   4> =     1.22080894E-07
< 1,  33|                                <X|mu|X>     | 1,   5> =    -1.07754496E-07
< 1,  33|                                <X|mu|X>     | 1,   6> =     4.71516199E-08
< 1,  33|                                <X|mu|X>     | 1,   7> =     2.59247541E-07
< 1,  33|                                <X|mu|X>     | 1,   8> =    -2.06539096E-07
< 1,  33|                                <X|mu|X>     | 1,   9> =     2.17265636E-07
< 1,  33|                                <X|mu|X>     | 1,  10> =     2.05725176E-07
< 1,  33|                                <X|mu|X>     | 1,  11> =    -6.06471076E-07
< 1,  33|                                <X|mu|X>     | 1,  12> =    -1.35574323E-07
< 1,  33|                                <X|mu|X>     | 1,  13> =     8.65623713E-07
< 1,  33|                                <X|mu|X>     | 1,  14> =    -3.90744807E-06
< 1,  33|                                <X|mu|X>     | 1,  15> =     6.72222848E-07
< 1,  33|                                <X|mu|X>     | 1,  16> =     6.05820739E-06
< 1,  33|                                <X|mu|X>     | 1,  17> =    -6.69479730E-06
< 1,  33|                                <X|mu|X>     | 1,  18> =     1.35315333E-05
< 1,  33|                                <X|mu|X>     | 1,  19> =     8.49856647E-06
< 1,  33|                                <X|mu|X>     | 1,  20> =    -3.07311987E-06
< 1,  33|                                <X|mu|X>     | 1,  21> =     2.12203141E-05
< 1,  33|                                <X|mu|X>     | 1,  22> =     7.60687467E-05
< 1,  33|                                <X|mu|X>     | 1,  23> =    -1.16116521E-04
< 1,  33|                                <X|mu|X>     | 1,  24> =     2.33191650E-04
< 1,  33|                                <X|mu|X>     | 1,  25> =    -3.66154395E-04
< 1,  33|                                <X|mu|X>     | 1,  26> =    -1.07657413E-04
< 1,  33|                                <X|mu|X>     | 1,  27> =     2.44157044E-04
< 1,  33|                                <X|mu|X>     | 1,  28> =    -7.30517426E-03
< 1,  33|                                <X|mu|X>     | 1,  29> =    -2.39947051E-02
< 1,  33|                                <X|mu|X>     | 1,  30> =     4.18141676E-02
< 1,  33|                                <X|mu|X>     | 1,  31> =    -3.29903062E-01
< 1,  33|                                <X|mu|X>     | 1,  32> =     2.70418075E-01
< 1,  33|                                <X|mu|X>     | 1,  33> =    -5.02465702E-01
< 1,  33|                                <X|mu|X>     | 1,  34> =    -2.08152444E-01
< 1,  33|                                <X|mu|X>     | 1,  35> =     3.73759550E-01
< 1,  33|                                <X|mu|X>     | 1,  36> =     1.11303438E-01
< 1,  33|                                <X|mu|X>     | 1,  37> =     3.73495223E-03
< 1,  33|                                <X|mu|X>     | 1,  38> =     1.27254626E-02
< 1,  33|                                <X|mu|X>     | 1,  39> =    -2.17686572E-02
< 1,  33|                                <X|mu|X>     | 1,  40> =     9.33055587E-03
< 1,  33|                                <X|mu|X>     | 1,  41> =     3.39387401E-03
< 1,  33|                                <X|mu|X>     | 1,  42> =    -5.70654482E-03
< 1,  33|                                <X|mu|X>     | 1,  43> =     1.73161038E-03
< 1,  33|                                <X|mu|X>     | 1,  44> =    -2.01656833E-03
< 1,  33|                                <X|mu|X>     | 1,  45> =    -2.98561135E-03
< 1,  33|                                <X|mu|X>     | 1,  46> =     1.87823733E-03
< 1,  33|                                <X|mu|X>     | 1,  47> =    -2.12567536E-04
< 1,  33|                                <X|mu|X>     | 1,  48> =     1.03214611E-03
< 1,  33|                                <X|mu|X>     | 1,  49> =     1.58915425E-03
< 1,  34|                                <X|mu|X>     | 1,   0> =    -2.61593144E-08
< 1,  34|                                <X|mu|X>     | 1,   1> =     6.28391229E-08
< 1,  34|                                <X|mu|X>     | 1,   2> =     2.11665113E-08
< 1,  34|                                <X|mu|X>     | 1,   3> =    -5.48482014E-08
< 1,  34|                                <X|mu|X>     | 1,   4> =    -1.06479830E-07
< 1,  34|                                <X|mu|X>     | 1,   5> =     1.42862597E-07
< 1,  34|                                <X|mu|X>     | 1,   6> =     7.72374712E-08
< 1,  34|                                <X|mu|X>     | 1,   7> =    -1.31823253E-07
< 1,  34|                                <X|mu|X>     | 1,   8> =     2.60578191E-07
< 1,  34|                                <X|mu|X>     | 1,   9> =    -2.92877868E-08
< 1,  34|                                <X|mu|X>     | 1,  10> =    -4.17438835E-07
< 1,  34|                                <X|mu|X>     | 1,  11> =     3.02458429E-07
< 1,  34|                                <X|mu|X>     | 1,  12> =     3.54667310E-07
< 1,  34|                                <X|mu|X>     | 1,  13> =    -9.31397381E-08
< 1,  34|                                <X|mu|X>     | 1,  14> =     2.32327869E-06
< 1,  34|                                <X|mu|X>     | 1,  15> =    -4.01533048E-06
< 1,  34|                                <X|mu|X>     | 1,  16> =    -2.98631487E-06
< 1,  34|                                <X|mu|X>     | 1,  17> =     5.60123954E-06
< 1,  34|                                <X|mu|X>     | 1,  18> =    -8.59796172E-06
< 1,  34|                                <X|mu|X>     | 1,  19> =    -1.58719744E-05
< 1,  34|                                <X|mu|X>     | 1,  20> =    -1.04709514E-06
< 1,  34|                                <X|mu|X>     | 1,  21> =     1.67568977E-06
< 1,  34|                                <X|mu|X>     | 1,  22> =    -4.20410607E-05
< 1,  34|                                <X|mu|X>     | 1,  23> =     7.77526338E-05
< 1,  34|                                <X|mu|X>     | 1,  24> =    -1.39481796E-04
< 1,  34|                                <X|mu|X>     | 1,  25> =     2.73251221E-04
< 1,  34|                                <X|mu|X>     | 1,  26> =    -3.53287620E-04
< 1,  34|                                <X|mu|X>     | 1,  27> =     3.49347950E-04
< 1,  34|                                <X|mu|X>     | 1,  28> =    -7.41234442E-04
< 1,  34|                                <X|mu|X>     | 1,  29> =     1.21874624E-02
< 1,  34|                                <X|mu|X>     | 1,  30> =    -2.10936309E-02
< 1,  34|                                <X|mu|X>     | 1,  31> =     5.48953287E-02
< 1,  34|                                <X|mu|X>     | 1,  32> =    -3.57227182E-01
< 1,  34|                                <X|mu|X>     | 1,  33> =    -2.08152444E-01
< 1,  34|                                <X|mu|X>     | 1,  34> =    -4.58977355E-01
< 1,  34|                                <X|mu|X>     | 1,  35> =    -1.43495241E-01
< 1,  34|                                <X|mu|X>     | 1,  36> =    -3.81488315E-01
< 1,  34|                                <X|mu|X>     | 1,  37> =    -1.46842141E-01
< 1,  34|                                <X|mu|X>     | 1,  38> =    -1.18462135E-02
< 1,  34|                                <X|mu|X>     | 1,  39> =     3.01787666E-03
< 1,  34|                                <X|mu|X>     | 1,  40> =    -1.90958403E-02
< 1,  34|                                <X|mu|X>     | 1,  41> =     1.70345691E-02
< 1,  34|                                <X|mu|X>     | 1,  42> =    -4.53915986E-03
< 1,  34|                                <X|mu|X>     | 1,  43> =    -4.20799801E-03
< 1,  34|                                <X|mu|X>     | 1,  44> =    -5.49300568E-03
< 1,  34|                                <X|mu|X>     | 1,  45> =    -2.59623328E-03
< 1,  34|                                <X|mu|X>     | 1,  46> =    -6.26411359E-04
< 1,  34|                                <X|mu|X>     | 1,  47> =     2.36886019E-03
< 1,  34|                                <X|mu|X>     | 1,  48> =     2.57641944E-03
< 1,  34|                                <X|mu|X>     | 1,  49> =     1.89390546E-03
< 1,  35|                                <X|mu|X>     | 1,   0> =     1.10338655E-08
< 1,  35|                                <X|mu|X>     | 1,   1> =    -4.02577137E-08
< 1,  35|                                <X|mu|X>     | 1,   2> =    -4.56183850E-08
< 1,  35|                                <X|mu|X>     | 1,   3> =     3.45588610E-08
< 1,  35|                                <X|mu|X>     | 1,   4> =     7.68893958E-08
< 1,  35|                                <X|mu|X>     | 1,   5> =    -1.40324296E-07
< 1,  35|                                <X|mu|X>     | 1,   6> =    -1.54350961E-07
< 1,  35|                                <X|mu|X>     | 1,   7> =    -5.24149390E-09
< 1,  35|                                <X|mu|X>     | 1,   8> =    -2.08710180E-07
< 1,  35|                                <X|mu|X>     | 1,   9> =    -1.16967348E-07
< 1,  35|                                <X|mu|X>     | 1,  10> =     3.46972539E-07
< 1,  35|                                <X|mu|X>     | 1,  11> =     1.30773371E-07
< 1,  35|                                <X|mu|X>     | 1,  12> =    -4.61604520E-07
< 1,  35|                                <X|mu|X>     | 1,  13> =     3.17832727E-08
< 1,  35|                                <X|mu|X>     | 1,  14> =    -6.32727251E-07
< 1,  35|                                <X|mu|X>     | 1,  15> =     4.27618154E-06
< 1,  35|                                <X|mu|X>     | 1,  16> =    -1.12651672E-06
< 1,  35|                                <X|mu|X>     | 1,  17> =    -4.54627803E-06
< 1,  35|                                <X|mu|X>     | 1,  18> =     5.27363944E-06
< 1,  35|                                <X|mu|X>     | 1,  19> =     1.37301734E-05
< 1,  35|                                <X|mu|X>     | 1,  20> =     1.01950384E-05
< 1,  35|                                <X|mu|X>     | 1,  21> =    -3.76060554E-06
< 1,  35|                                <X|mu|X>     | 1,  22> =     7.81722471E-06
< 1,  35|                                <X|mu|X>     | 1,  23> =    -5.35906113E-05
< 1,  35|                                <X|mu|X>     | 1,  24> =     8.63680217E-05
< 1,  35|                                <X|mu|X>     | 1,  25> =    -1.67943116E-04
< 1,  35|                                <X|mu|X>     | 1,  26> =     3.20608212E-04
< 1,  35|                                <X|mu|X>     | 1,  27> =     2.53283945E-04
< 1,  35|                                <X|mu|X>     | 1,  28> =    -4.80737999E-04
< 1,  35|                                <X|mu|X>     | 1,  29> =     1.04295752E-03
< 1,  35|                                <X|mu|X>     | 1,  30> =     1.88886346E-02
< 1,  35|                                <X|mu|X>     | 1,  31> =    -1.33157125E-02
< 1,  35|                                <X|mu|X>     | 1,  32> =     7.88424558E-02
< 1,  35|                                <X|mu|X>     | 1,  33> =     3.73759550E-01
< 1,  35|                                <X|mu|X>     | 1,  34> =    -1.43495241E-01
< 1,  35|                                <X|mu|X>     | 1,  35> =    -4.07735389E-01
< 1,  35|                                <X|mu|X>     | 1,  36> =     7.56451453E-02
< 1,  35|                                <X|mu|X>     | 1,  37> =     3.78691686E-01
< 1,  35|                                <X|mu|X>     | 1,  38> =     1.83530515E-01
< 1,  35|                                <X|mu|X>     | 1,  39> =    -2.91018061E-02
< 1,  35|                                <X|mu|X>     | 1,  40> =    -3.79321278E-03
< 1,  35|                                <X|mu|X>     | 1,  41> =    -1.07771606E-02
< 1,  35|                                <X|mu|X>     | 1,  42> =     1.92199770E-02
< 1,  35|                                <X|mu|X>     | 1,  43> =    -1.33419197E-02
< 1,  35|                                <X|mu|X>     | 1,  44> =    -3.07185711E-03
< 1,  35|                                <X|mu|X>     | 1,  45> =     3.72452316E-03
< 1,  35|                                <X|mu|X>     | 1,  46> =    -5.47438895E-03
< 1,  35|                                <X|mu|X>     | 1,  47> =     4.02304592E-03
< 1,  35|                                <X|mu|X>     | 1,  48> =     1.60446497E-03
< 1,  35|                                <X|mu|X>     | 1,  49> =    -4.31954411E-04
< 1,  36|                                <X|mu|X>     | 1,   0> =    -3.05736548E-09
< 1,  36|                                <X|mu|X>     | 1,   1> =    -1.28533421E-08
< 1,  36|                                <X|mu|X>     | 1,   2> =    -5.34319623E-08
< 1,  36|                                <X|mu|X>     | 1,   3> =     9.83705020E-09
< 1,  36|                                <X|mu|X>     | 1,   4> =     4.46875091E-08
< 1,  36|                                <X|mu|X>     | 1,   5> =    -1.15806263E-07
< 1,  36|                                <X|mu|X>     | 1,   6> =    -1.82145331E-07
< 1,  36|                                <X|mu|X>     | 1,   7> =    -1.12892011E-07
< 1,  36|                                <X|mu|X>     | 1,   8> =    -9.81994222E-08
< 1,  36|                                <X|mu|X>     | 1,   9> =    -1.70160948E-07
< 1,  36|                                <X|mu|X>     | 1,  10> =     1.37197253E-07
< 1,  36|                                <X|mu|X>     | 1,  11> =     4.30780756E-07
< 1,  36|                                <X|mu|X>     | 1,  12> =    -3.21920569E-07
< 1,  36|                                <X|mu|X>     | 1,  13> =     2.13144711E-07
< 1,  36|                                <X|mu|X>     | 1,  14> =     1.55860740E-07
< 1,  36|                                <X|mu|X>     | 1,  15> =     2.56252762E-06
< 1,  36|                                <X|mu|X>     | 1,  16> =    -3.98361156E-06
< 1,  36|                                <X|mu|X>     | 1,  17> =    -2.07808190E-06
< 1,  36|                                <X|mu|X>     | 1,  18> =     4.52829346E-06
< 1,  36|                                <X|mu|X>     | 1,  19> =     7.41151345E-06
< 1,  36|                                <X|mu|X>     | 1,  20> =     1.68445378E-05
< 1,  36|                                <X|mu|X>     | 1,  21> =    -3.23269621E-06
< 1,  36|                                <X|mu|X>     | 1,  22> =    -9.28612393E-06
< 1,  36|                                <X|mu|X>     | 1,  23> =    -2.65475739E-05
< 1,  36|                                <X|mu|X>     | 1,  24> =     5.79980239E-05
< 1,  36|                                <X|mu|X>     | 1,  25> =    -1.05489494E-04
< 1,  36|                                <X|mu|X>     | 1,  26> =     1.91314524E-04
< 1,  36|                                <X|mu|X>     | 1,  27> =     4.17595536E-04
< 1,  36|                                <X|mu|X>     | 1,  28> =    -1.49365078E-04
< 1,  36|                                <X|mu|X>     | 1,  29> =     1.92783470E-04
< 1,  36|                                <X|mu|X>     | 1,  30> =     7.72681189E-04
< 1,  36|                                <X|mu|X>     | 1,  31> =    -2.40369721E-02
< 1,  36|                                <X|mu|X>     | 1,  32> =     4.93491257E-03
< 1,  36|                                <X|mu|X>     | 1,  33> =     1.11303438E-01
< 1,  36|                                <X|mu|X>     | 1,  34> =    -3.81488315E-01
< 1,  36|                                <X|mu|X>     | 1,  35> =     7.56451453E-02
< 1,  36|                                <X|mu|X>     | 1,  36> =    -3.48956293E-01
< 1,  36|                                <X|mu|X>     | 1,  37> =     8.80724699E-03
< 1,  36|                                <X|mu|X>     | 1,  38> =     3.64429940E-01
< 1,  36|                                <X|mu|X>     | 1,  39> =    -2.17238540E-01
< 1,  36|                                <X|mu|X>     | 1,  40> =     5.56924485E-02
< 1,  36|                                <X|mu|X>     | 1,  41> =     2.84833528E-03
< 1,  36|                                <X|mu|X>     | 1,  42> =     4.96229033E-04
< 1,  36|                                <X|mu|X>     | 1,  43> =    -1.39041070E-02
< 1,  36|                                <X|mu|X>     | 1,  44> =    -1.71577589E-02
< 1,  36|                                <X|mu|X>     | 1,  45> =    -1.16074480E-02
< 1,  36|                                <X|mu|X>     | 1,  46> =     3.88355184E-03
< 1,  36|                                <X|mu|X>     | 1,  47> =     1.77417837E-03
< 1,  36|                                <X|mu|X>     | 1,  48> =     4.36220637E-03
< 1,  36|                                <X|mu|X>     | 1,  49> =     4.61997395E-03
< 1,  37|                                <X|mu|X>     | 1,   0> =    -1.37611994E-08
< 1,  37|                                <X|mu|X>     | 1,   1> =     1.10147520E-08
< 1,  37|                                <X|mu|X>     | 1,   2> =    -4.61540167E-08
< 1,  37|                                <X|mu|X>     | 1,   3> =    -1.44195752E-08
< 1,  37|                                <X|mu|X>     | 1,   4> =     1.58787138E-08
< 1,  37|                                <X|mu|X>     | 1,   5> =    -8.22644077E-08
< 1,  37|                                <X|mu|X>     | 1,   6> =    -1.71417080E-07
< 1,  37|                                <X|mu|X>     | 1,   7> =    -1.76392228E-07
< 1,  37|                                <X|mu|X>     | 1,   8> =     2.37586463E-08
< 1,  37|                                <X|mu|X>     | 1,   9> =    -1.45638600E-07
< 1,  37|                                <X|mu|X>     | 1,  10> =    -5.63426547E-08
< 1,  37|                                <X|mu|X>     | 1,  11> =     4.86801063E-07
< 1,  37|                                <X|mu|X>     | 1,  12> =    -2.45589586E-08
< 1,  37|                                <X|mu|X>     | 1,  13> =     3.14291129E-07
< 1,  37|                                <X|mu|X>     | 1,  14> =     1.72493650E-07
< 1,  37|                                <X|mu|X>     | 1,  15> =     6.45114426E-07
< 1,  37|                                <X|mu|X>     | 1,  16> =    -4.51378927E-06
< 1,  37|                                <X|mu|X>     | 1,  17> =     1.03989696E-06
< 1,  37|                                <X|mu|X>     | 1,  18> =     3.86290027E-06
< 1,  37|                                <X|mu|X>     | 1,  19> =     3.49077489E-06
< 1,  37|                                <X|mu|X>     | 1,  20> =     1.50765352E-05
< 1,  37|                                <X|mu|X>     | 1,  21> =    -8.79994260E-06
< 1,  37|                                <X|mu|X>     | 1,  22> =    -9.57025128E-06
< 1,  37|                                <X|mu|X>     | 1,  23> =    -9.85767615E-07
< 1,  37|                                <X|mu|X>     | 1,  24> =     3.86453580E-05
< 1,  37|                                <X|mu|X>     | 1,  25> =    -6.20066542E-05
< 1,  37|                                <X|mu|X>     | 1,  26> =     1.43722750E-04
< 1,  37|                                <X|mu|X>     | 1,  27> =     1.87547251E-04
< 1,  37|                                <X|mu|X>     | 1,  28> =     5.99965501E-04
< 1,  37|                                <X|mu|X>     | 1,  29> =    -1.07304906E-03
< 1,  37|                                <X|mu|X>     | 1,  30> =    -2.54964710E-03
< 1,  37|                                <X|mu|X>     | 1,  31> =    -7.55337183E-03
< 1,  37|                                <X|mu|X>     | 1,  32> =     2.18218229E-02
< 1,  37|                                <X|mu|X>     | 1,  33> =     3.73495223E-03
< 1,  37|                                <X|mu|X>     | 1,  34> =    -1.46842141E-01
< 1,  37|                                <X|mu|X>     | 1,  35> =     3.78691686E-01
< 1,  37|                                <X|mu|X>     | 1,  36> =     8.80724699E-03
< 1,  37|                                <X|mu|X>     | 1,  37> =    -2.84681759E-01
< 1,  37|                                <X|mu|X>     | 1,  38> =    -5.68722562E-02
< 1,  37|                                <X|mu|X>     | 1,  39> =    -3.39773770E-01
< 1,  37|                                <X|mu|X>     | 1,  40> =     2.44988438E-01
< 1,  37|                                <X|mu|X>     | 1,  41> =    -8.83812751E-02
< 1,  37|                                <X|mu|X>     | 1,  42> =     7.96791837E-03
< 1,  37|                                <X|mu|X>     | 1,  43> =     6.28869416E-03
< 1,  37|                                <X|mu|X>     | 1,  44> =    -4.19519390E-03
< 1,  37|                                <X|mu|X>     | 1,  45> =    -1.37095912E-02
< 1,  37|                                <X|mu|X>     | 1,  46> =     1.54014939E-02
< 1,  37|                                <X|mu|X>     | 1,  47> =    -1.15698191E-02
< 1,  37|                                <X|mu|X>     | 1,  48> =    -6.08107505E-03
< 1,  37|                                <X|mu|X>     | 1,  49> =    -1.39246855E-03
< 1,  38|                                <X|mu|X>     | 1,   0> =    -2.01734251E-08
< 1,  38|                                <X|mu|X>     | 1,   1> =     2.70041957E-08
< 1,  38|                                <X|mu|X>     | 1,   2> =    -2.93292478E-08
< 1,  38|                                <X|mu|X>     | 1,   3> =    -3.35216648E-08
< 1,  38|                                <X|mu|X>     | 1,   4> =    -6.97819966E-09
< 1,  38|                                <X|mu|X>     | 1,   5> =    -4.84409525E-08
< 1,  38|                                <X|mu|X>     | 1,   6> =    -1.37610423E-07
< 1,  38|                                <X|mu|X>     | 1,   7> =    -1.97715209E-07
< 1,  38|                                <X|mu|X>     | 1,   8> =     1.23803472E-07
< 1,  38|                                <X|mu|X>     | 1,   9> =    -8.03986945E-08
< 1,  38|                                <X|mu|X>     | 1,  10> =    -1.53823376E-07
< 1,  38|                                <X|mu|X>     | 1,  11> =     3.46689448E-07
< 1,  38|                                <X|mu|X>     | 1,  12> =     2.71809391E-07
< 1,  38|                                <X|mu|X>     | 1,  13> =     2.55267864E-07
< 1,  38|                                <X|mu|X>     | 1,  14> =    -7.32647343E-08
< 1,  38|                                <X|mu|X>     | 1,  15> =    -4.34180810E-07
< 1,  38|                                <X|mu|X>     | 1,  16> =    -3.23627670E-06
< 1,  38|                                <X|mu|X>     | 1,  17> =     3.36626508E-06
< 1,  38|                                <X|mu|X>     | 1,  18> =     1.90613515E-06
< 1,  38|                                <X|mu|X>     | 1,  19> =     3.06425078E-06
< 1,  38|                                <X|mu|X>     | 1,  20> =     8.20226699E-06
< 1,  38|                                <X|mu|X>     | 1,  21> =    -1.53921427E-05
< 1,  38|                                <X|mu|X>     | 1,  22> =    -5.92047683E-06
< 1,  38|                                <X|mu|X>     | 1,  23> =     1.24469000E-05
< 1,  38|                                <X|mu|X>     | 1,  24> =     1.64990085E-05
< 1,  38|                                <X|mu|X>     | 1,  25> =    -4.46035481E-05
< 1,  38|                                <X|mu|X>     | 1,  26> =     8.18802121E-05
< 1,  38|                                <X|mu|X>     | 1,  27> =     1.53733881E-04
< 1,  38|                                <X|mu|X>     | 1,  28> =     3.05408237E-04
< 1,  38|                                <X|mu|X>     | 1,  29> =     3.87521756E-04
< 1,  38|                                <X|mu|X>     | 1,  30> =     1.37405751E-03
< 1,  38|                                <X|mu|X>     | 1,  31> =     4.50100708E-03
< 1,  38|                                <X|mu|X>     | 1,  32> =     1.72132165E-02
< 1,  38|                                <X|mu|X>     | 1,  33> =     1.27254626E-02
< 1,  38|                                <X|mu|X>     | 1,  34> =    -1.18462135E-02
< 1,  38|                                <X|mu|X>     | 1,  35> =     1.83530515E-01
< 1,  38|                                <X|mu|X>     | 1,  36> =     3.64429940E-01
< 1,  38|                                <X|mu|X>     | 1,  37> =    -5.68722562E-02
< 1,  38|                                <X|mu|X>     | 1,  38> =    -2.14431595E-01
< 1,  38|                                <X|mu|X>     | 1,  39> =     1.19563952E-01
< 1,  38|                                <X|mu|X>     | 1,  40> =     3.05144998E-01
< 1,  38|                                <X|mu|X>     | 1,  41> =    -2.63376893E-01
< 1,  38|                                <X|mu|X>     | 1,  42> =     1.23762906E-01
< 1,  38|                                <X|mu|X>     | 1,  43> =    -2.93699913E-02
< 1,  38|                                <X|mu|X>     | 1,  44> =     4.69928570E-03
< 1,  38|                                <X|mu|X>     | 1,  45> =     4.85233882E-03
< 1,  38|                                <X|mu|X>     | 1,  46> =     4.48541588E-03
< 1,  38|                                <X|mu|X>     | 1,  47> =    -1.14502250E-02
< 1,  38|                                <X|mu|X>     | 1,  48> =    -1.34479805E-02
< 1,  38|                                <X|mu|X>     | 1,  49> =    -1.18566718E-02
< 1,  39|                                <X|mu|X>     | 1,   0> =     2.24690983E-08
< 1,  39|                                <X|mu|X>     | 1,   1> =    -3.43960682E-08
< 1,  39|                                <X|mu|X>     | 1,   2> =     9.34455203E-09
< 1,  39|                                <X|mu|X>     | 1,   3> =     4.46361174E-08
< 1,  39|                                <X|mu|X>     | 1,   4> =     2.34524790E-08
< 1,  39|                                <X|mu|X>     | 1,   5> =     1.87963359E-08
< 1,  39|                                <X|mu|X>     | 1,   6> =     9.46787743E-08
< 1,  39|                                <X|mu|X>     | 1,   7> =     1.87222091E-07
< 1,  39|                                <X|mu|X>     | 1,   8> =    -1.86120409E-07
< 1,  39|                                <X|mu|X>     | 1,   9> =     5.11128507E-09
< 1,  39|                                <X|mu|X>     | 1,  10> =     1.54929609E-07
< 1,  39|                                <X|mu|X>     | 1,  11> =    -1.29924816E-07
< 1,  39|                                <X|mu|X>     | 1,  12> =    -4.51149437E-07
< 1,  39|                                <X|mu|X>     | 1,  13> =    -8.72425962E-08
< 1,  39|                                <X|mu|X>     | 1,  14> =     2.31223398E-07
< 1,  39|                                <X|mu|X>     | 1,  15> =     6.04001234E-07
< 1,  39|                                <X|mu|X>     | 1,  16> =     1.34953409E-06
< 1,  39|                                <X|mu|X>     | 1,  17> =    -4.18624815E-06
< 1,  39|                                <X|mu|X>     | 1,  18> =     7.02498052E-07
< 1,  39|                                <X|mu|X>     | 1,  19> =    -3.53984601E-06
< 1,  39|                                <X|mu|X>     | 1,  20> =    -2.48051431E-06
< 1,  39|                                <X|mu|X>     | 1,  21> =     1.65084496E-05
< 1,  39|                                <X|mu|X>     | 1,  22> =     6.72099048E-06
< 1,  39|                                <X|mu|X>     | 1,  23> =    -1.37042642E-05
< 1,  39|                                <X|mu|X>     | 1,  24> =     3.03903704E-06
< 1,  39|                                <X|mu|X>     | 1,  25> =     3.23333157E-05
< 1,  39|                                <X|mu|X>     | 1,  26> =    -3.69693939E-05
< 1,  39|                                <X|mu|X>     | 1,  27> =    -1.54417364E-04
< 1,  39|                                <X|mu|X>     | 1,  28> =    -2.90143502E-05
< 1,  39|                                <X|mu|X>     | 1,  29> =    -8.67583184E-04
< 1,  39|                                <X|mu|X>     | 1,  30> =    -1.27645508E-03
< 1,  39|                                <X|mu|X>     | 1,  31> =    -1.73614463E-03
< 1,  39|                                <X|mu|X>     | 1,  32> =     2.38866280E-04
< 1,  39|                                <X|mu|X>     | 1,  33> =    -2.17686572E-02
< 1,  39|                                <X|mu|X>     | 1,  34> =     3.01787666E-03
< 1,  39|                                <X|mu|X>     | 1,  35> =    -2.91018061E-02
< 1,  39|                                <X|mu|X>     | 1,  36> =    -2.17238540E-01
< 1,  39|                                <X|mu|X>     | 1,  37> =    -3.39773770E-01
< 1,  39|                                <X|mu|X>     | 1,  38> =     1.19563952E-01
< 1,  39|                                <X|mu|X>     | 1,  39> =    -1.39266063E-01
< 1,  39|                                <X|mu|X>     | 1,  40> =     1.78685483E-01
< 1,  39|                                <X|mu|X>     | 1,  41> =     2.62317162E-01
< 1,  39|                                <X|mu|X>     | 1,  42> =    -2.70967003E-01
< 1,  39|                                <X|mu|X>     | 1,  43> =     1.56997397E-01
< 1,  39|                                <X|mu|X>     | 1,  44> =     5.85556028E-02
< 1,  39|                                <X|mu|X>     | 1,  45> =     7.71446362E-03
< 1,  39|                                <X|mu|X>     | 1,  46> =     7.05115142E-03
< 1,  39|                                <X|mu|X>     | 1,  47> =    -4.53544471E-03
< 1,  39|                                <X|mu|X>     | 1,  48> =     2.37195296E-03
< 1,  39|                                <X|mu|X>     | 1,  49> =     7.83449538E-03
< 1,  40|                                <X|mu|X>     | 1,   0> =    -2.14592154E-08
< 1,  40|                                <X|mu|X>     | 1,   1> =     3.46955758E-08
< 1,  40|                                <X|mu|X>     | 1,   2> =     8.65224643E-09
< 1,  40|                                <X|mu|X>     | 1,   3> =    -4.72639375E-08
< 1,  40|                                <X|mu|X>     | 1,   4> =    -3.40412817E-08
< 1,  40|                                <X|mu|X>     | 1,   5> =     4.94147191E-09
< 1,  40|                                <X|mu|X>     | 1,   6> =    -5.27205593E-08
< 1,  40|                                <X|mu|X>     | 1,   7> =    -1.57332614E-07
< 1,  40|                                <X|mu|X>     | 1,   8> =     2.09213872E-07
< 1,  40|                                <X|mu|X>     | 1,   9> =     6.24221978E-08
< 1,  40|                                <X|mu|X>     | 1,  10> =    -9.89194065E-08
< 1,  40|                                <X|mu|X>     | 1,  11> =    -5.75802294E-08
< 1,  40|                                <X|mu|X>     | 1,  12> =     4.78361991E-07
< 1,  40|                                <X|mu|X>     | 1,  13> =    -1.11357420E-07
< 1,  40|                                <X|mu|X>     | 1,  14> =    -2.17332275E-07
< 1,  40|                                <X|mu|X>     | 1,  15> =    -2.89752973E-07
< 1,  40|                                <X|mu|X>     | 1,  16> =     1.70758379E-07
< 1,  40|                                <X|mu|X>     | 1,  17> =     3.67317824E-06
< 1,  40|                                <X|mu|X>     | 1,  18> =    -2.76511743E-06
< 1,  40|                                <X|mu|X>     | 1,  19> =     2.81879236E-06
< 1,  40|                                <X|mu|X>     | 1,  20> =     6.66897586E-07
< 1,  40|                                <X|mu|X>     | 1,  21> =    -1.17980791E-05
< 1,  40|                                <X|mu|X>     | 1,  22> =    -1.11203694E-05
< 1,  40|                                <X|mu|X>     | 1,  23> =     1.00771173E-05
< 1,  40|                                <X|mu|X>     | 1,  24> =    -1.30587515E-05
< 1,  40|                                <X|mu|X>     | 1,  25> =    -1.25356547E-05
< 1,  40|                                <X|mu|X>     | 1,  26> =     3.30359756E-05
< 1,  40|                                <X|mu|X>     | 1,  27> =     6.96865300E-05
< 1,  40|                                <X|mu|X>     | 1,  28> =     1.36498967E-04
< 1,  40|                                <X|mu|X>     | 1,  29> =     1.67848548E-04
< 1,  40|                                <X|mu|X>     | 1,  30> =    -8.59334634E-04
< 1,  40|                                <X|mu|X>     | 1,  31> =    -2.47812428E-03
< 1,  40|                                <X|mu|X>     | 1,  32> =    -5.81776055E-03
< 1,  40|                                <X|mu|X>     | 1,  33> =     9.33055587E-03
< 1,  40|                                <X|mu|X>     | 1,  34> =    -1.90958403E-02
< 1,  40|                                <X|mu|X>     | 1,  35> =    -3.79321278E-03
< 1,  40|                                <X|mu|X>     | 1,  36> =     5.56924485E-02
< 1,  40|                                <X|mu|X>     | 1,  37> =     2.44988438E-01
< 1,  40|                                <X|mu|X>     | 1,  38> =     3.05144998E-01
< 1,  40|                                <X|mu|X>     | 1,  39> =     1.78685483E-01
< 1,  40|                                <X|mu|X>     | 1,  40> =    -5.94049467E-02
< 1,  40|                                <X|mu|X>     | 1,  41> =     2.32532215E-01
< 1,  40|                                <X|mu|X>     | 1,  42> =     2.12747851E-01
< 1,  40|                                <X|mu|X>     | 1,  43> =    -2.66343639E-01
< 1,  40|                                <X|mu|X>     | 1,  44> =    -1.83922989E-01
< 1,  40|                                <X|mu|X>     | 1,  45> =    -9.15645248E-02
< 1,  40|                                <X|mu|X>     | 1,  46> =     3.05085909E-02
< 1,  40|                                <X|mu|X>     | 1,  47> =    -1.52847567E-03
< 1,  40|                                <X|mu|X>     | 1,  48> =     6.84107384E-03
< 1,  40|                                <X|mu|X>     | 1,  49> =     5.47782023E-03
< 1,  41|                                <X|mu|X>     | 1,   0> =     1.81760976E-08
< 1,  41|                                <X|mu|X>     | 1,   1> =    -3.02379165E-08
< 1,  41|                                <X|mu|X>     | 1,   2> =    -2.17309518E-08
< 1,  41|                                <X|mu|X>     | 1,   3> =     4.27486075E-08
< 1,  41|                                <X|mu|X>     | 1,   4> =     3.95932873E-08
< 1,  41|                                <X|mu|X>     | 1,   5> =    -2.26420225E-08
< 1,  41|                                <X|mu|X>     | 1,   6> =     1.72538101E-08
< 1,  41|                                <X|mu|X>     | 1,   7> =     1.18476110E-07
< 1,  41|                                <X|mu|X>     | 1,   8> =    -2.00410054E-07
< 1,  41|                                <X|mu|X>     | 1,   9> =    -1.14277560E-07
< 1,  41|                                <X|mu|X>     | 1,  10> =     2.70600173E-08
< 1,  41|                                <X|mu|X>     | 1,  11> =     1.63649471E-07
< 1,  41|                                <X|mu|X>     | 1,  12> =    -3.84149054E-07
< 1,  41|                                <X|mu|X>     | 1,  13> =     2.80638110E-07
< 1,  41|                                <X|mu|X>     | 1,  14> =     9.47473685E-08
< 1,  41|                                <X|mu|X>     | 1,  15> =    -7.58812154E-08
< 1,  41|                                <X|mu|X>     | 1,  16> =    -9.31052504E-07
< 1,  41|                                <X|mu|X>     | 1,  17> =    -2.42530228E-06
< 1,  41|                                <X|mu|X>     | 1,  18> =     3.68750910E-06
< 1,  41|                                <X|mu|X>     | 1,  19> =    -8.00765644E-07
< 1,  41|                                <X|mu|X>     | 1,  20> =    -1.54684245E-06
< 1,  41|                                <X|mu|X>     | 1,  21> =     5.20577546E-06
< 1,  41|                                <X|mu|X>     | 1,  22> =     1.45790526E-05
< 1,  41|                                <X|mu|X>     | 1,  23> =    -7.54576053E-06
< 1,  41|                                <X|mu|X>     | 1,  24> =     1.48017076E-05
< 1,  41|                                <X|mu|X>     | 1,  25> =    -5.75908644E-06
< 1,  41|                                <X|mu|X>     | 1,  26> =    -3.40965063E-05
< 1,  41|                                <X|mu|X>     | 1,  27> =    -3.07728113E-06
< 1,  41|                                <X|mu|X>     | 1,  28> =    -2.17889458E-04
< 1,  41|                                <X|mu|X>     | 1,  29> =     2.14312805E-04
< 1,  41|                                <X|mu|X>     | 1,  30> =     1.29525597E-03
< 1,  41|                                <X|mu|X>     | 1,  31> =     1.75785538E-03
< 1,  41|                                <X|mu|X>     | 1,  32> =     1.32027050E-03
< 1,  41|                                <X|mu|X>     | 1,  33> =     3.39387401E-03
< 1,  41|                                <X|mu|X>     | 1,  34> =     1.70345691E-02
< 1,  41|                                <X|mu|X>     | 1,  35> =    -1.07771606E-02
< 1,  41|                                <X|mu|X>     | 1,  36> =     2.84833528E-03
< 1,  41|                                <X|mu|X>     | 1,  37> =    -8.83812751E-02
< 1,  41|                                <X|mu|X>     | 1,  38> =    -2.63376893E-01
< 1,  41|                                <X|mu|X>     | 1,  39> =     2.62317162E-01
< 1,  41|                                <X|mu|X>     | 1,  40> =     2.32532215E-01
< 1,  41|                                <X|mu|X>     | 1,  41> =     2.44481358E-02
< 1,  41|                                <X|mu|X>     | 1,  42> =     2.80608604E-01
< 1,  41|                                <X|mu|X>     | 1,  43> =     1.58375549E-01
< 1,  41|                                <X|mu|X>     | 1,  44> =     2.49668816E-01
< 1,  41|                                <X|mu|X>     | 1,  45> =     2.01127634E-01
< 1,  41|                                <X|mu|X>     | 1,  46> =    -1.23087054E-01
< 1,  41|                                <X|mu|X>     | 1,  47> =     5.99050070E-02
< 1,  41|                                <X|mu|X>     | 1,  48> =     2.09452267E-02
< 1,  41|                                <X|mu|X>     | 1,  49> =     1.64966379E-03
< 1,  42|                                <X|mu|X>     | 1,   0> =    -1.36668185E-08
< 1,  42|                                <X|mu|X>     | 1,   1> =     2.33480944E-08
< 1,  42|                                <X|mu|X>     | 1,   2> =     2.90350805E-08
< 1,  42|                                <X|mu|X>     | 1,   3> =    -3.35119887E-08
< 1,  42|                                <X|mu|X>     | 1,   4> =    -4.11185520E-08
< 1,  42|                                <X|mu|X>     | 1,   5> =     3.48558682E-08
< 1,  42|                                <X|mu|X>     | 1,   6> =     9.62512438E-09
< 1,  42|                                <X|mu|X>     | 1,   7> =    -7.83369878E-08
< 1,  42|                                <X|mu|X>     | 1,   8> =     1.71014039E-07
< 1,  42|                                <X|mu|X>     | 1,   9> =     1.48035808E-07
< 1,  42|                                <X|mu|X>     | 1,  10> =     3.46241498E-08
< 1,  42|                                <X|mu|X>     | 1,  11> =    -1.86030604E-07
< 1,  42|                                <X|mu|X>     | 1,  12> =     2.29368535E-07
< 1,  42|                                <X|mu|X>     | 1,  13> =    -3.88199786E-07
< 1,  42|                                <X|mu|X>     | 1,  14> =     5.18433038E-08
< 1,  42|                                <X|mu|X>     | 1,  15> =     2.69964908E-07
< 1,  42|                                <X|mu|X>     | 1,  16> =     1.01085467E-06
< 1,  42|                                <X|mu|X>     | 1,  17> =     1.04200080E-06
< 1,  42|                                <X|mu|X>     | 1,  18> =    -3.58527103E-06
< 1,  42|                                <X|mu|X>     | 1,  19> =    -1.48382589E-06
< 1,  42|                                <X|mu|X>     | 1,  20> =     2.73734881E-06
< 1,  42|                                <X|mu|X>     | 1,  21> =    -4.35654170E-07
< 1,  42|                                <X|mu|X>     | 1,  22> =    -1.43866717E-05
< 1,  42|                                <X|mu|X>     | 1,  23> =     7.81242097E-06
< 1,  42|                                <X|mu|X>     | 1,  24> =    -1.28964866E-05
< 1,  42|                                <X|mu|X>     | 1,  25> =     1.43699217E-05
< 1,  42|                                <X|mu|X>     | 1,  26> =     1.80903601E-05
< 1,  42|                                <X|mu|X>     | 1,  27> =     7.70649420E-06
< 1,  42|                                <X|mu|X>     | 1,  28> =     1.12539090E-04
< 1,  42|                                <X|mu|X>     | 1,  29> =     9.65469640E-06
< 1,  42|                                <X|mu|X>     | 1,  30> =    -3.02138438E-04
< 1,  42|                                <X|mu|X>     | 1,  31> =     8.12788200E-04
< 1,  42|                                <X|mu|X>     | 1,  32> =     2.76864489E-03
< 1,  42|                                <X|mu|X>     | 1,  33> =    -5.70654482E-03
< 1,  42|                                <X|mu|X>     | 1,  34> =    -4.53915986E-03
< 1,  42|                                <X|mu|X>     | 1,  35> =     1.92199770E-02
< 1,  42|                                <X|mu|X>     | 1,  36> =     4.96229033E-04
< 1,  42|                                <X|mu|X>     | 1,  37> =     7.96791837E-03
< 1,  42|                                <X|mu|X>     | 1,  38> =     1.23762906E-01
< 1,  42|                                <X|mu|X>     | 1,  39> =    -2.70967003E-01
< 1,  42|                                <X|mu|X>     | 1,  40> =     2.12747851E-01
< 1,  42|                                <X|mu|X>     | 1,  41> =     2.80608604E-01
< 1,  42|                                <X|mu|X>     | 1,  42> =     1.11346955E-01
< 1,  42|                                <X|mu|X>     | 1,  43> =     3.21705412E-01
< 1,  42|                                <X|mu|X>     | 1,  44> =    -1.01507190E-01
< 1,  42|                                <X|mu|X>     | 1,  45> =    -2.21901331E-01
< 1,  42|                                <X|mu|X>     | 1,  46> =     2.06145871E-01
< 1,  42|                                <X|mu|X>     | 1,  47> =    -1.47957607E-01
< 1,  42|                                <X|mu|X>     | 1,  48> =    -9.04304347E-02
< 1,  42|                                <X|mu|X>     | 1,  49> =    -4.78094542E-02
< 1,  43|                                <X|mu|X>     | 1,   0> =     8.77647275E-09
< 1,  43|                                <X|mu|X>     | 1,   1> =    -1.57877771E-08
< 1,  43|                                <X|mu|X>     | 1,   2> =    -3.11324825E-08
< 1,  43|                                <X|mu|X>     | 1,   3> =     2.20661960E-08
< 1,  43|                                <X|mu|X>     | 1,   4> =     3.95876987E-08
< 1,  43|                                <X|mu|X>     | 1,   5> =    -4.23641664E-08
< 1,  43|                                <X|mu|X>     | 1,   6> =    -2.81387218E-08
< 1,  43|                                <X|mu|X>     | 1,   7> =     4.14967495E-08
< 1,  43|                                <X|mu|X>     | 1,   8> =    -1.31742650E-07
< 1,  43|                                <X|mu|X>     | 1,   9> =    -1.64085596E-07
< 1,  43|                                <X|mu|X>     | 1,  10> =    -7.66413985E-08
< 1,  43|                                <X|mu|X>     | 1,  11> =     1.49912669E-07
< 1,  43|                                <X|mu|X>     | 1,  12> =    -7.10806603E-08
< 1,  43|                                <X|mu|X>     | 1,  13> =     4.25522742E-07
< 1,  43|                                <X|mu|X>     | 1,  14> =    -1.72146815E-07
< 1,  43|                                <X|mu|X>     | 1,  15> =    -2.67361448E-07
< 1,  43|                                <X|mu|X>     | 1,  16> =    -6.99150780E-07
< 1,  43|                                <X|mu|X>     | 1,  17> =     8.90251512E-08
< 1,  43|                                <X|mu|X>     | 1,  18> =     2.88187617E-06
< 1,  43|                                <X|mu|X>     | 1,  19> =     3.10272240E-06
< 1,  43|                                <X|mu|X>     | 1,  20> =    -2.81394273E-06
< 1,  43|                                <X|mu|X>     | 1,  21> =    -1.28938340E-06
< 1,  43|                                <X|mu|X>     | 1,  22> =     1.09006577E-05
< 1,  43|                                <X|mu|X>     | 1,  23> =    -9.69198973E-06
< 1,  43|                                <X|mu|X>     | 1,  24> =     1.04988464E-05
< 1,  43|                                <X|mu|X>     | 1,  25> =    -1.51340109E-05
< 1,  43|                                <X|mu|X>     | 1,  26> =     4.16873106E-06
< 1,  43|                                <X|mu|X>     | 1,  27> =    -3.66080209E-05
< 1,  43|                                <X|mu|X>     | 1,  28> =     2.60894103E-05
< 1,  43|                                <X|mu|X>     | 1,  29> =    -2.95229821E-04
< 1,  43|                                <X|mu|X>     | 1,  30> =    -4.80216610E-04
< 1,  43|                                <X|mu|X>     | 1,  31> =    -1.85584563E-03
< 1,  43|                                <X|mu|X>     | 1,  32> =    -2.63455260E-03
< 1,  43|                                <X|mu|X>     | 1,  33> =     1.73161038E-03
< 1,  43|                                <X|mu|X>     | 1,  34> =    -4.20799801E-03
< 1,  43|                                <X|mu|X>     | 1,  35> =    -1.33419197E-02
< 1,  43|                                <X|mu|X>     | 1,  36> =    -1.39041070E-02
< 1,  43|                                <X|mu|X>     | 1,  37> =     6.28869416E-03
< 1,  43|                                <X|mu|X>     | 1,  38> =    -2.93699913E-02
< 1,  43|                                <X|mu|X>     | 1,  39> =     1.56997397E-01
< 1,  43|                                <X|mu|X>     | 1,  40> =    -2.66343639E-01
< 1,  43|                                <X|mu|X>     | 1,  41> =     1.58375549E-01
< 1,  43|                                <X|mu|X>     | 1,  42> =     3.21705412E-01
< 1,  43|                                <X|mu|X>     | 1,  43> =     2.01029103E-01
< 1,  43|                                <X|mu|X>     | 1,  44> =    -3.55185837E-01
< 1,  43|                                <X|mu|X>     | 1,  45> =     4.41074498E-02
< 1,  43|                                <X|mu|X>     | 1,  46> =    -1.84584218E-01
< 1,  43|                                <X|mu|X>     | 1,  47> =     1.98015805E-01
< 1,  43|                                <X|mu|X>     | 1,  48> =     1.62123391E-01
< 1,  43|                                <X|mu|X>     | 1,  49> =     1.16088317E-01
< 1,  44|                                <X|mu|X>     | 1,   0> =     4.12621661E-09
< 1,  44|                                <X|mu|X>     | 1,   1> =    -8.71525248E-09
< 1,  44|                                <X|mu|X>     | 1,   2> =    -2.93407198E-08
< 1,  44|                                <X|mu|X>     | 1,   3> =     1.05294969E-08
< 1,  44|                                <X|mu|X>     | 1,   4> =     3.59596681E-08
< 1,  44|                                <X|mu|X>     | 1,   5> =    -4.60357061E-08
< 1,  44|                                <X|mu|X>     | 1,   6> =    -3.96342426E-08
< 1,  44|                                <X|mu|X>     | 1,   7> =     1.03628278E-08
< 1,  44|                                <X|mu|X>     | 1,   8> =    -9.09955605E-08
< 1,  44|                                <X|mu|X>     | 1,   9> =    -1.64771797E-07
< 1,  44|                                <X|mu|X>     | 1,  10> =    -9.98682026E-08
< 1,  44|                                <X|mu|X>     | 1,  11> =     8.64899786E-08
< 1,  44|                                <X|mu|X>     | 1,  12> =     5.38373853E-08
< 1,  44|                                <X|mu|X>     | 1,  13> =     4.01882909E-07
< 1,  44|                                <X|mu|X>     | 1,  14> =    -2.51583532E-07
< 1,  44|                                <X|mu|X>     | 1,  15> =    -1.41424332E-07
< 1,  44|                                <X|mu|X>     | 1,  16> =    -2.80468537E-07
< 1,  44|                                <X|mu|X>     | 1,  17> =     8.09187632E-07
< 1,  44|                                <X|mu|X>     | 1,  18> =     1.97741109E-06
< 1,  44|                                <X|mu|X>     | 1,  19> =     3.73216777E-06
< 1,  44|                                <X|mu|X>     | 1,  20> =    -1.68557091E-06
< 1,  44|                                <X|mu|X>     | 1,  21> =    -7.48286583E-07
< 1,  44|                                <X|mu|X>     | 1,  22> =     6.10477022E-06
< 1,  44|                                <X|mu|X>     | 1,  23> =    -1.13669407E-05
< 1,  44|                                <X|mu|X>     | 1,  24> =     8.81198296E-06
< 1,  44|                                <X|mu|X>     | 1,  25> =    -1.32783588E-05
< 1,  44|                                <X|mu|X>     | 1,  26> =     1.75415180E-05
< 1,  44|                                <X|mu|X>     | 1,  27> =    -4.19927099E-05
< 1,  44|                                <X|mu|X>     | 1,  28> =     6.91248043E-05
< 1,  44|                                <X|mu|X>     | 1,  29> =    -3.10033901E-04
< 1,  44|                                <X|mu|X>     | 1,  30> =    -4.59659635E-04
< 1,  44|                                <X|mu|X>     | 1,  31> =    -1.14297277E-03
< 1,  44|                                <X|mu|X>     | 1,  32> =    -3.19035352E-04
< 1,  44|                                <X|mu|X>     | 1,  33> =    -2.01656833E-03
< 1,  44|                                <X|mu|X>     | 1,  34> =    -5.49300568E-03
< 1,  44|                                <X|mu|X>     | 1,  35> =    -3.07185711E-03
< 1,  44|                                <X|mu|X>     | 1,  36> =    -1.71577589E-02
< 1,  44|                                <X|mu|X>     | 1,  37> =    -4.19519390E-03
< 1,  44|                                <X|mu|X>     | 1,  38> =     4.69928570E-03
< 1,  44|                                <X|mu|X>     | 1,  39> =     5.85556028E-02
< 1,  44|                                <X|mu|X>     | 1,  40> =    -1.83922989E-01
< 1,  44|                                <X|mu|X>     | 1,  41> =     2.49668816E-01
< 1,  44|                                <X|mu|X>     | 1,  42> =    -1.01507190E-01
< 1,  44|                                <X|mu|X>     | 1,  43> =    -3.55185837E-01
< 1,  44|                                <X|mu|X>     | 1,  44> =     2.92392197E-01
< 1,  44|                                <X|mu|X>     | 1,  45> =    -3.80561936E-01
< 1,  44|                                <X|mu|X>     | 1,  46> =     1.15200470E-02
< 1,  44|                                <X|mu|X>     | 1,  47> =     1.40231507E-01
< 1,  44|                                <X|mu|X>     | 1,  48> =     1.77400722E-01
< 1,  44|                                <X|mu|X>     | 1,  49> =     1.63229071E-01
< 1,  45|                                <X|mu|X>     | 1,   0> =     9.75984319E-11
< 1,  45|                                <X|mu|X>     | 1,   1> =    -2.74087903E-09
< 1,  45|                                <X|mu|X>     | 1,   2> =    -2.51426133E-08
< 1,  45|                                <X|mu|X>     | 1,   3> =     3.34459331E-10
< 1,  45|                                <X|mu|X>     | 1,   4> =     3.10977048E-08
< 1,  45|                                <X|mu|X>     | 1,   5> =    -4.67376019E-08
< 1,  45|                                <X|mu|X>     | 1,   6> =    -4.58080316E-08
< 1,  45|                                <X|mu|X>     | 1,   7> =    -1.42286306E-08
< 1,  45|                                <X|mu|X>     | 1,   8> =    -5.40767119E-08
< 1,  45|                                <X|mu|X>     | 1,   9> =    -1.53644608E-07
< 1,  45|                                <X|mu|X>     | 1,  10> =    -1.09275778E-07
< 1,  45|                                <X|mu|X>     | 1,  11> =     2.02482376E-08
< 1,  45|                                <X|mu|X>     | 1,  12> =     1.31379560E-07
< 1,  45|                                <X|mu|X>     | 1,  13> =     3.36290895E-07
< 1,  45|                                <X|mu|X>     | 1,  14> =    -2.94719556E-07
< 1,  45|                                <X|mu|X>     | 1,  15> =     2.16313454E-08
< 1,  45|                                <X|mu|X>     | 1,  16> =     6.50098236E-08
< 1,  45|                                <X|mu|X>     | 1,  17> =     1.12903702E-06
< 1,  45|                                <X|mu|X>     | 1,  18> =     1.12037819E-06
< 1,  45|                                <X|mu|X>     | 1,  19> =     3.54391265E-06
< 1,  45|                                <X|mu|X>     | 1,  20> =     2.43468629E-08
< 1,  45|                                <X|mu|X>     | 1,  21> =     6.47491593E-07
< 1,  45|                                <X|mu|X>     | 1,  22> =     1.86458720E-06
< 1,  45|                                <X|mu|X>     | 1,  23> =    -1.17192665E-05
< 1,  45|                                <X|mu|X>     | 1,  24> =     8.02783708E-06
< 1,  45|                                <X|mu|X>     | 1,  25> =    -1.16987299E-05
< 1,  45|                                <X|mu|X>     | 1,  26> =     1.92546514E-05
< 1,  45|                                <X|mu|X>     | 1,  27> =    -2.03171410E-05
< 1,  45|                                <X|mu|X>     | 1,  28> =     2.57238791E-05
< 1,  45|                                <X|mu|X>     | 1,  29> =    -1.24753553E-04
< 1,  45|                                <X|mu|X>     | 1,  30> =    -1.12673955E-05
< 1,  45|                                <X|mu|X>     | 1,  31> =     4.17431123E-05
< 1,  45|                                <X|mu|X>     | 1,  32> =     1.53147820E-03
< 1,  45|                                <X|mu|X>     | 1,  33> =    -2.98561135E-03
< 1,  45|                                <X|mu|X>     | 1,  34> =    -2.59623328E-03
< 1,  45|                                <X|mu|X>     | 1,  35> =     3.72452316E-03
< 1,  45|                                <X|mu|X>     | 1,  36> =    -1.16074480E-02
< 1,  45|                                <X|mu|X>     | 1,  37> =    -1.37095912E-02
< 1,  45|                                <X|mu|X>     | 1,  38> =     4.85233882E-03
< 1,  45|                                <X|mu|X>     | 1,  39> =     7.71446362E-03
< 1,  45|                                <X|mu|X>     | 1,  40> =    -9.15645248E-02
< 1,  45|                                <X|mu|X>     | 1,  41> =     2.01127634E-01
< 1,  45|                                <X|mu|X>     | 1,  42> =    -2.21901331E-01
< 1,  45|                                <X|mu|X>     | 1,  43> =     4.41074498E-02
< 1,  45|                                <X|mu|X>     | 1,  44> =    -3.80561936E-01
< 1,  45|                                <X|mu|X>     | 1,  45> =     3.84486179E-01
< 1,  45|                                <X|mu|X>     | 1,  46> =     3.97265396E-01
< 1,  45|                                <X|mu|X>     | 1,  47> =    -6.32937189E-02
< 1,  45|                                <X|mu|X>     | 1,  48> =     9.16654387E-02
< 1,  45|                                <X|mu|X>     | 1,  49> =     1.46161106E-01
< 1,  46|                                <X|mu|X>     | 1,   0> =     3.13182376E-09
< 1,  46|                                <X|mu|X>     | 1,   1> =    -1.92666477E-09
< 1,  46|                                <X|mu|X>     | 1,   2> =     1.98186371E-08
< 1,  46|                                <X|mu|X>     | 1,   3> =     7.77966145E-09
< 1,  46|                                <X|mu|X>     | 1,   4> =    -2.56999829E-08
< 1,  46|                                <X|mu|X>     | 1,   5> =     4.52580649E-08
< 1,  46|                                <X|mu|X>     | 1,   6> =     4.82213689E-08
< 1,  46|                                <X|mu|X>     | 1,   7> =     3.24266991E-08
< 1,  46|                                <X|mu|X>     | 1,   8> =     2.35152310E-08
< 1,  46|                                <X|mu|X>     | 1,   9> =     1.34647990E-07
< 1,  46|                                <X|mu|X>     | 1,  10> =     1.09972578E-07
< 1,  46|                                <X|mu|X>     | 1,  11> =     3.48050884E-08
< 1,  46|                                <X|mu|X>     | 1,  12> =    -1.64213481E-07
< 1,  46|                                <X|mu|X>     | 1,  13> =    -2.49748165E-07
< 1,  46|                                <X|mu|X>     | 1,  14> =     3.11148362E-07
< 1,  46|                                <X|mu|X>     | 1,  15> =    -1.63667755E-07
< 1,  46|                                <X|mu|X>     | 1,  16> =    -2.68442155E-07
< 1,  46|                                <X|mu|X>     | 1,  17> =    -1.14669247E-06
< 1,  46|                                <X|mu|X>     | 1,  18> =    -4.19976219E-07
< 1,  46|                                <X|mu|X>     | 1,  19> =    -2.89504011E-06
< 1,  46|                                <X|mu|X>     | 1,  20> =    -1.64576673E-06
< 1,  46|                                <X|mu|X>     | 1,  21> =    -1.82533800E-06
< 1,  46|                                <X|mu|X>     | 1,  22> =     8.85977992E-07
< 1,  46|                                <X|mu|X>     | 1,  23> =     1.05943022E-05
< 1,  46|                                <X|mu|X>     | 1,  24> =    -7.92647103E-06
< 1,  46|                                <X|mu|X>     | 1,  25> =     1.07242723E-05
< 1,  46|                                <X|mu|X>     | 1,  26> =    -1.49121680E-05
< 1,  46|                                <X|mu|X>     | 1,  27> =    -8.29940916E-06
< 1,  46|                                <X|mu|X>     | 1,  28> =     3.62749541E-05
< 1,  46|                                <X|mu|X>     | 1,  29> =    -6.87507901E-05
< 1,  46|                                <X|mu|X>     | 1,  30> =    -3.71920402E-04
< 1,  46|                                <X|mu|X>     | 1,  31> =    -7.52237722E-04
< 1,  46|                                <X|mu|X>     | 1,  32> =    -1.98030393E-03
< 1,  46|                                <X|mu|X>     | 1,  33> =     1.87823733E-03
< 1,  46|                                <X|mu|X>     | 1,  34> =    -6.26411359E-04
< 1,  46|                                <X|mu|X>     | 1,  35> =    -5.47438895E-03
< 1,  46|                                <X|mu|X>     | 1,  36> =     3.88355184E-03
< 1,  46|                                <X|mu|X>     | 1,  37> =     1.54014939E-02
< 1,  46|                                <X|mu|X>     | 1,  38> =     4.48541588E-03
< 1,  46|                                <X|mu|X>     | 1,  39> =     7.05115142E-03
< 1,  46|                                <X|mu|X>     | 1,  40> =     3.05085909E-02
< 1,  46|                                <X|mu|X>     | 1,  41> =    -1.23087054E-01
< 1,  46|                                <X|mu|X>     | 1,  42> =     2.06145871E-01
< 1,  46|                                <X|mu|X>     | 1,  43> =    -1.84584218E-01
< 1,  46|                                <X|mu|X>     | 1,  44> =     1.15200470E-02
< 1,  46|                                <X|mu|X>     | 1,  45> =     3.97265396E-01
< 1,  46|                                <X|mu|X>     | 1,  46> =     4.76521621E-01
< 1,  46|                                <X|mu|X>     | 1,  47> =     4.05012631E-01
< 1,  46|                                <X|mu|X>     | 1,  48> =     1.09437970E-01
< 1,  46|                                <X|mu|X>     | 1,  49> =    -4.18225926E-02
< 1,  47|                                <X|mu|X>     | 1,   0> =    -5.52947715E-09
< 1,  47|                                <X|mu|X>     | 1,   1> =     5.31964319E-09
< 1,  47|                                <X|mu|X>     | 1,   2> =    -1.43230689E-08
< 1,  47|                                <X|mu|X>     | 1,   3> =    -1.36123513E-08
< 1,  47|                                <X|mu|X>     | 1,   4> =     2.03054991E-08
< 1,  47|                                <X|mu|X>     | 1,   5> =    -4.23054797E-08
< 1,  47|                                <X|mu|X>     | 1,   6> =    -4.81341093E-08
< 1,  47|                                <X|mu|X>     | 1,   7> =    -4.49091918E-08
< 1,  47|                                <X|mu|X>     | 1,   8> =     5.26062309E-11
< 1,  47|                                <X|mu|X>     | 1,   9> =    -1.11578521E-07
< 1,  47|                                <X|mu|X>     | 1,  10> =    -1.05759088E-07
< 1,  47|                                <X|mu|X>     | 1,  11> =    -7.35225637E-08
< 1,  47|                                <X|mu|X>     | 1,  12> =     1.63431893E-07
< 1,  47|                                <X|mu|X>     | 1,  13> =     1.60196232E-07
< 1,  47|                                <X|mu|X>     | 1,  14> =    -3.09300381E-07
< 1,  47|                                <X|mu|X>     | 1,  15> =     2.60137988E-07
< 1,  47|                                <X|mu|X>     | 1,  16> =     3.35776282E-07
< 1,  47|                                <X|mu|X>     | 1,  17> =     9.82607360E-07
< 1,  47|                                <X|mu|X>     | 1,  18> =    -9.83268613E-08
< 1,  47|                                <X|mu|X>     | 1,  19> =     2.10614460E-06
< 1,  47|                                <X|mu|X>     | 1,  20> =     2.78493454E-06
< 1,  47|                                <X|mu|X>     | 1,  21> =     2.32991930E-06
< 1,  47|                                <X|mu|X>     | 1,  22> =    -2.08952872E-06
< 1,  47|                                <X|mu|X>     | 1,  23> =    -8.46783066E-06
< 1,  47|                                <X|mu|X>     | 1,  24> =     8.13972868E-06
< 1,  47|                                <X|mu|X>     | 1,  25> =    -9.87123145E-06
< 1,  47|                                <X|mu|X>     | 1,  26> =     1.02696150E-05
< 1,  47|                                <X|mu|X>     | 1,  27> =     2.74378020E-05
< 1,  47|                                <X|mu|X>     | 1,  28> =    -7.01828406E-05
< 1,  47|                                <X|mu|X>     | 1,  29> =     1.62846906E-04
< 1,  47|                                <X|mu|X>     | 1,  30> =     4.88855660E-04
< 1,  47|                                <X|mu|X>     | 1,  31> =     8.18122520E-04
< 1,  47|                                <X|mu|X>     | 1,  32> =     1.40544169E-03
< 1,  47|                                <X|mu|X>     | 1,  33> =    -2.12567536E-04
< 1,  47|                                <X|mu|X>     | 1,  34> =     2.36886019E-03
< 1,  47|                                <X|mu|X>     | 1,  35> =     4.02304592E-03
< 1,  47|                                <X|mu|X>     | 1,  36> =     1.77417837E-03
< 1,  47|                                <X|mu|X>     | 1,  37> =    -1.15698191E-02
< 1,  47|                                <X|mu|X>     | 1,  38> =    -1.14502250E-02
< 1,  47|                                <X|mu|X>     | 1,  39> =    -4.53544471E-03
< 1,  47|                                <X|mu|X>     | 1,  40> =    -1.52847567E-03
< 1,  47|                                <X|mu|X>     | 1,  41> =     5.99050070E-02
< 1,  47|                                <X|mu|X>     | 1,  42> =    -1.47957607E-01
< 1,  47|                                <X|mu|X>     | 1,  43> =     1.98015805E-01
< 1,  47|                                <X|mu|X>     | 1,  44> =     1.40231507E-01
< 1,  47|                                <X|mu|X>     | 1,  45> =    -6.32937189E-02
< 1,  47|                                <X|mu|X>     | 1,  46> =     4.05012631E-01
< 1,  47|                                <X|mu|X>     | 1,  47> =     5.67418592E-01
< 1,  47|                                <X|mu|X>     | 1,  48> =    -4.03751513E-01
< 1,  47|                                <X|mu|X>     | 1,  49> =    -1.48349865E-01
< 1,  48|                                <X|mu|X>     | 1,   0> =    -7.15783033E-09
< 1,  48|                                <X|mu|X>     | 1,   1> =     7.59765027E-09
< 1,  48|                                <X|mu|X>     | 1,   2> =    -9.26969964E-09
< 1,  48|                                <X|mu|X>     | 1,   3> =    -1.73242994E-08
< 1,  48|                                <X|mu|X>     | 1,   4> =     1.52925950E-08
< 1,  48|                                <X|mu|X>     | 1,   5> =    -3.84876032E-08
< 1,  48|                                <X|mu|X>     | 1,   6> =    -4.64837108E-08
< 1,  48|                                <X|mu|X>     | 1,   7> =    -5.26071041E-08
< 1,  48|                                <X|mu|X>     | 1,   8> =     1.71099311E-08
< 1,  48|                                <X|mu|X>     | 1,   9> =    -8.76060335E-08
< 1,  48|                                <X|mu|X>     | 1,  10> =    -9.90276415E-08
< 1,  48|                                <X|mu|X>     | 1,  11> =    -9.63929167E-08
< 1,  48|                                <X|mu|X>     | 1,  12> =     1.42059086E-07
< 1,  48|                                <X|mu|X>     | 1,  13> =     7.99146644E-08
< 1,  48|                                <X|mu|X>     | 1,  14> =    -2.95274434E-07
< 1,  48|                                <X|mu|X>     | 1,  15> =     3.10028989E-07
< 1,  48|                                <X|mu|X>     | 1,  16> =     3.06808612E-07
< 1,  48|                                <X|mu|X>     | 1,  17> =     7.40680466E-07
< 1,  48|                                <X|mu|X>     | 1,  18> =    -4.49208878E-07
< 1,  48|                                <X|mu|X>     | 1,  19> =     1.37737488E-06
< 1,  48|                                <X|mu|X>     | 1,  20> =     3.34801548E-06
< 1,  48|                                <X|mu|X>     | 1,  21> =     2.17753407E-06
< 1,  48|                                <X|mu|X>     | 1,  22> =    -2.16405385E-06
< 1,  48|                                <X|mu|X>     | 1,  23> =    -5.98833321E-06
< 1,  48|                                <X|mu|X>     | 1,  24> =     8.31912643E-06
< 1,  48|                                <X|mu|X>     | 1,  25> =    -8.87655034E-06
< 1,  48|                                <X|mu|X>     | 1,  26> =     7.81274279E-06
< 1,  48|                                <X|mu|X>     | 1,  27> =     3.29559591E-05
< 1,  48|                                <X|mu|X>     | 1,  28> =    -6.80714488E-05
< 1,  48|                                <X|mu|X>     | 1,  29> =     1.55566486E-04
< 1,  48|                                <X|mu|X>     | 1,  30> =     3.86897117E-04
< 1,  48|                                <X|mu|X>     | 1,  31> =     4.95400904E-04
< 1,  48|                                <X|mu|X>     | 1,  32> =     5.08218951E-04
< 1,  48|                                <X|mu|X>     | 1,  33> =     1.03214611E-03
< 1,  48|                                <X|mu|X>     | 1,  34> =     2.57641944E-03
< 1,  48|                                <X|mu|X>     | 1,  35> =     1.60446497E-03
< 1,  48|                                <X|mu|X>     | 1,  36> =     4.36220637E-03
< 1,  48|                                <X|mu|X>     | 1,  37> =    -6.08107505E-03
< 1,  48|                                <X|mu|X>     | 1,  38> =    -1.34479805E-02
< 1,  48|                                <X|mu|X>     | 1,  39> =     2.37195296E-03
< 1,  48|                                <X|mu|X>     | 1,  40> =     6.84107384E-03
< 1,  48|                                <X|mu|X>     | 1,  41> =     2.09452267E-02
< 1,  48|                                <X|mu|X>     | 1,  42> =    -9.04304347E-02
< 1,  48|                                <X|mu|X>     | 1,  43> =     1.62123391E-01
< 1,  48|                                <X|mu|X>     | 1,  44> =     1.77400722E-01
< 1,  48|                                <X|mu|X>     | 1,  45> =     9.16654387E-02
< 1,  48|                                <X|mu|X>     | 1,  46> =     1.09437970E-01
< 1,  48|                                <X|mu|X>     | 1,  47> =    -4.03751513E-01
< 1,  48|                                <X|mu|X>     | 1,  48> =     6.55911374E-01
< 1,  48|                                <X|mu|X>     | 1,  49> =    -3.93591554E-01
< 1,  49|                                <X|mu|X>     | 1,   0> =    -8.12999698E-09
< 1,  49|                                <X|mu|X>     | 1,   1> =     8.96851368E-09
< 1,  49|                                <X|mu|X>     | 1,   2> =    -4.98118453E-09
< 1,  49|                                <X|mu|X>     | 1,   3> =    -1.92672931E-08
< 1,  49|                                <X|mu|X>     | 1,   4> =     1.08879798E-08
< 1,  49|                                <X|mu|X>     | 1,   5> =    -3.42844990E-08
< 1,  49|                                <X|mu|X>     | 1,   6> =    -4.39182510E-08
< 1,  49|                                <X|mu|X>     | 1,   7> =    -5.65073573E-08
< 1,  49|                                <X|mu|X>     | 1,   8> =     2.86611154E-08
< 1,  49|                                <X|mu|X>     | 1,   9> =    -6.50033469E-08
< 1,  49|                                <X|mu|X>     | 1,  10> =    -9.11289368E-08
< 1,  49|                                <X|mu|X>     | 1,  11> =    -1.06544441E-07
< 1,  49|                                <X|mu|X>     | 1,  12> =     1.11235995E-07
< 1,  49|                                <X|mu|X>     | 1,  13> =     1.52398090E-08
< 1,  49|                                <X|mu|X>     | 1,  14> =    -2.73398655E-07
< 1,  49|                                <X|mu|X>     | 1,  15> =     3.23507528E-07
< 1,  49|                                <X|mu|X>     | 1,  16> =     2.26215782E-07
< 1,  49|                                <X|mu|X>     | 1,  17> =     4.92501286E-07
< 1,  49|                                <X|mu|X>     | 1,  18> =    -6.62454025E-07
< 1,  49|                                <X|mu|X>     | 1,  19> =     7.95070417E-07
< 1,  49|                                <X|mu|X>     | 1,  20> =     3.42939646E-06
< 1,  49|                                <X|mu|X>     | 1,  21> =     1.60090304E-06
< 1,  49|                                <X|mu|X>     | 1,  22> =    -1.62804011E-06
< 1,  49|                                <X|mu|X>     | 1,  23> =    -3.67078819E-06
< 1,  49|                                <X|mu|X>     | 1,  24> =     8.24656278E-06
< 1,  49|                                <X|mu|X>     | 1,  25> =    -7.79684514E-06
< 1,  49|                                <X|mu|X>     | 1,  26> =     7.41792185E-06
< 1,  49|                                <X|mu|X>     | 1,  27> =     2.87137426E-05
< 1,  49|                                <X|mu|X>     | 1,  28> =    -4.36125695E-05
< 1,  49|                                <X|mu|X>     | 1,  29> =     9.29910407E-05
< 1,  49|                                <X|mu|X>     | 1,  30> =     1.93556420E-04
< 1,  49|                                <X|mu|X>     | 1,  31> =     8.31229817E-05
< 1,  49|                                <X|mu|X>     | 1,  32> =    -2.37885345E-04
< 1,  49|                                <X|mu|X>     | 1,  33> =     1.58915425E-03
< 1,  49|                                <X|mu|X>     | 1,  34> =     1.89390546E-03
< 1,  49|                                <X|mu|X>     | 1,  35> =    -4.31954411E-04
< 1,  49|                                <X|mu|X>     | 1,  36> =     4.61997395E-03
< 1,  49|                                <X|mu|X>     | 1,  37> =    -1.39246855E-03
< 1,  49|                                <X|mu|X>     | 1,  38> =    -1.18566718E-02
< 1,  49|                                <X|mu|X>     | 1,  39> =     7.83449538E-03
< 1,  49|                                <X|mu|X>     | 1,  40> =     5.47782023E-03
< 1,  49|                                <X|mu|X>     | 1,  41> =     1.64966379E-03
< 1,  49|                                <X|mu|X>     | 1,  42> =    -4.78094542E-02
< 1,  49|                                <X|mu|X>     | 1,  43> =     1.16088317E-01
< 1,  49|                                <X|mu|X>     | 1,  44> =     1.63229071E-01
< 1,  49|                                <X|mu|X>     | 1,  45> =     1.46161106E-01
< 1,  49|                                <X|mu|X>     | 1,  46> =    -4.18225926E-02
< 1,  49|                                <X|mu|X>     | 1,  47> =    -1.48349865E-01
< 1,  49|                                <X|mu|X>     | 1,  48> =    -3.93591554E-01
< 1,  49|                                <X|mu|X>     | 1,  49> =     7.40636679E-01

j =       0.0

Define the quanta book-keeping
The total number sigma/lambda states (size of the sigma-lambda submatrix) = 1

Sigma-Lambda basis set:
     i     jrot  state   spin    sigma lambda   omega
     1      0.0    1      0.0      0.0    0      0.0   X1Sigma+
...done!

Contracted basis set:
     i     jrot ilevel ivib state v     spin    sigma lambda   omega   Name
     1      0.0    1    1    1    0      0.0      0.0    0      0.0   X1Sigma+
     2      0.0    1    2    1    1      0.0      0.0    0      0.0   X1Sigma+
     3      0.0    1    3    1    2      0.0      0.0    0      0.0   X1Sigma+
     4      0.0    1    4    1    3      0.0      0.0    0      0.0   X1Sigma+
     5      0.0    1    5    1    4      0.0      0.0    0      0.0   X1Sigma+
     6      0.0    1    6    1    5      0.0      0.0    0      0.0   X1Sigma+
     7      0.0    1    7    1    6      0.0      0.0    0      0.0   X1Sigma+
     8      0.0    1    8    1    7      0.0      0.0    0      0.0   X1Sigma+
     9      0.0    1    9    1    8      0.0      0.0    0      0.0   X1Sigma+
    10      0.0    1   10    1    9      0.0      0.0    0      0.0   X1Sigma+
    11      0.0    1   11    1   10      0.0      0.0    0      0.0   X1Sigma+
    12      0.0    1   12    1   11      0.0      0.0    0      0.0   X1Sigma+
    13      0.0    1   13    1   12      0.0      0.0    0      0.0   X1Sigma+
    14      0.0    1   14    1   13      0.0      0.0    0      0.0   X1Sigma+
    15      0.0    1   15    1   14      0.0      0.0    0      0.0   X1Sigma+
    16      0.0    1   16    1   15      0.0      0.0    0      0.0   X1Sigma+
    17      0.0    1   17    1   16      0.0      0.0    0      0.0   X1Sigma+
    18      0.0    1   18    1   17      0.0      0.0    0      0.0   X1Sigma+
    19      0.0    1   19    1   18      0.0      0.0    0      0.0   X1Sigma+
    20      0.0    1   20    1   19      0.0      0.0    0      0.0   X1Sigma+
    21      0.0    1   21    1   20      0.0      0.0    0      0.0   X1Sigma+
    22      0.0    1   22    1   21      0.0      0.0    0      0.0   X1Sigma+
    23      0.0    1   23    1   22      0.0      0.0    0      0.0   X1Sigma+
    24      0.0    1   24    1   23      0.0      0.0    0      0.0   X1Sigma+
    25      0.0    1   25    1   24      0.0      0.0    0      0.0   X1Sigma+
    26      0.0    1   26    1   25      0.0      0.0    0      0.0   X1Sigma+
    27      0.0    1   27    1   26      0.0      0.0    0      0.0   X1Sigma+
    28      0.0    1   28    1   27      0.0      0.0    0      0.0   X1Sigma+
    29      0.0    1   29    1   28      0.0      0.0    0      0.0   X1Sigma+
    30      0.0    1   30    1   29      0.0      0.0    0      0.0   X1Sigma+
    31      0.0    1   31    1   30      0.0      0.0    0      0.0   X1Sigma+
    32      0.0    1   32    1   31      0.0      0.0    0      0.0   X1Sigma+
    33      0.0    1   33    1   32      0.0      0.0    0      0.0   X1Sigma+
    34      0.0    1   34    1   33      0.0      0.0    0      0.0   X1Sigma+
    35      0.0    1   35    1   34      0.0      0.0    0      0.0   X1Sigma+
    36      0.0    1   36    1   35      0.0      0.0    0      0.0   X1Sigma+
    37      0.0    1   37    1   36      0.0      0.0    0      0.0   X1Sigma+
    38      0.0    1   38    1   37      0.0      0.0    0      0.0   X1Sigma+
    39      0.0    1   39    1   38      0.0      0.0    0      0.0   X1Sigma+
    40      0.0    1   40    1   39      0.0      0.0    0      0.0   X1Sigma+
    41      0.0    1   41    1   40      0.0      0.0    0      0.0   X1Sigma+
    42      0.0    1   42    1   41      0.0      0.0    0      0.0   X1Sigma+
    43      0.0    1   43    1   42      0.0      0.0    0      0.0   X1Sigma+
    44      0.0    1   44    1   43      0.0      0.0    0      0.0   X1Sigma+
    45      0.0    1   45    1   44      0.0      0.0    0      0.0   X1Sigma+
    46      0.0    1   46    1   45      0.0      0.0    0      0.0   X1Sigma+
    47      0.0    1   47    1   46      0.0      0.0    0      0.0   X1Sigma+
    48      0.0    1   48    1   47      0.0      0.0    0      0.0   X1Sigma+
    49      0.0    1   49    1   48      0.0      0.0    0      0.0   X1Sigma+
    50      0.0    1   50    1   49      0.0      0.0    0      0.0   X1Sigma+


 Memory Report:
 Active Arrays                                          size (MB)
 GRID                                                       0.009                
 grid%r                                                     0.002                
 r-field                                                    0.010                
 icontrvib                                                  0.031                
 contrenergy                                                0.002                
 brot                                                       0.020                
 X1Sigma+                                                   0.020                
 BROT                                                       0.022                
 <X|mu|X>                                                   0.020                
 hmat                                                       0.020                
 Total memory   =                                           0.158 MB
 Maximal memory =                                           2.504 MB (         8000.000)

 (       15 arrays contributing less than 1% are not shown)


Construct the hamiltonian matrix
...done!

Non-zero matrix elements of the coupled Sigma-Lambda matrix:
Threshold for printing is   2.22E-16 cm^-1
RV == Rotational-vibrational
SO == Spin-Orbit interaction
SS == Spin-Spin interaction
JS == J.S interaction (aka S-uncoupling)
LS == L.J interaction (aka L-uncoupling)
LS == L.S interaction (spin-electronic)
RV=      69396.512;
 


Eigenvalues for J =      0.0

       J      i        Energy/cm  State   v  lambda spin   sigma   omega  parity
       0.0    1          0.000000   1     0   0     0.0     0.0     0.0   +    ||X1Sigma+
       0.0    2       2106.683930   1     1   0     0.0     0.0     0.0   +    ||X1Sigma+
       0.0    3       4202.540410   1     2   0     0.0     0.0     0.0   +    ||X1Sigma+
       0.0    4       6283.097672   1     3   0     0.0     0.0     0.0   +    ||X1Sigma+
       0.0    5       8342.506824   1     4   0     0.0     0.0     0.0   +    ||X1Sigma+
       0.0    6      10378.694122   1     5   0     0.0     0.0     0.0   +    ||X1Sigma+
       0.0    7      12391.034484   1     6   0     0.0     0.0     0.0   +    ||X1Sigma+
       0.0    8      14378.409130   1     7   0     0.0     0.0     0.0   +    ||X1Sigma+
       0.0    9      16340.259835   1     8   0     0.0     0.0     0.0   +    ||X1Sigma+
       0.0   10      18276.165038   1     9   0     0.0     0.0     0.0   +    ||X1Sigma+
       0.0   11      20185.940878   1    10   0     0.0     0.0     0.0   +    ||X1Sigma+
       0.0   12      22069.401355   1    11   0     0.0     0.0     0.0   +    ||X1Sigma+
       0.0   13      23926.500995   1    12   0     0.0     0.0     0.0   +    ||X1Sigma+
       0.0   14      25757.362912   1    13   0     0.0     0.0     0.0   +    ||X1Sigma+
       0.0   15      27562.041876   1    14   0     0.0     0.0     0.0   +    ||X1Sigma+
       0.0   16      29340.623221   1    15   0     0.0     0.0     0.0   +    ||X1Sigma+
       0.0   17      31093.260952   1    16   0     0.0     0.0     0.0   +    ||X1Sigma+
       0.0   18      32820.023339   1    17   0     0.0     0.0     0.0   +    ||X1Sigma+
       0.0   19      34520.976861   1    18   0     0.0     0.0     0.0   +    ||X1Sigma+
       0.0   20      36196.185149   1    19   0     0.0     0.0     0.0   +    ||X1Sigma+
       0.0   21      37845.641285   1    20   0     0.0     0.0     0.0   +    ||X1Sigma+
       0.0   22      39469.282813   1    21   0     0.0     0.0     0.0   +    ||X1Sigma+
       0.0   23      41066.941838   1    22   0     0.0     0.0     0.0   +    ||X1Sigma+
       0.0   24      42638.276237   1    23   0     0.0     0.0     0.0   +    ||X1Sigma+
       0.0   25      44182.746673   1    24   0     0.0     0.0     0.0   +    ||X1Sigma+
       0.0   26      45699.528998   1    25   0     0.0     0.0     0.0   +    ||X1Sigma+
       0.0   27      47187.371600   1    26   0     0.0     0.0     0.0   +    ||X1Sigma+
       0.0   28      48644.396889   1    27   0     0.0     0.0     0.0   +    ||X1Sigma+
       0.0   29      50067.860457   1    28   0     0.0     0.0     0.0   +    ||X1Sigma+
       0.0   30      51453.877819   1    29   0     0.0     0.0     0.0   +    ||X1Sigma+
       0.0   31      52797.185115   1    30   0     0.0     0.0     0.0   +    ||X1Sigma+
       0.0   32      54091.773462   1    31   0     0.0     0.0     0.0   +    ||X1Sigma+
       0.0   33      55333.574610   1    32   0     0.0     0.0     0.0   +    ||X1Sigma+
       0.0   34      56523.367614   1    33   0     0.0     0.0     0.0   +    ||X1Sigma+
       0.0   35      57662.929139   1    34   0     0.0     0.0     0.0   +    ||X1Sigma+
       0.0   36      58749.135296   1    35   0     0.0     0.0     0.0   +    ||X1Sigma+
       0.0   37      59780.720388   1    36   0     0.0     0.0     0.0   +    ||X1Sigma+
       0.0   38      60758.645752   1    37   0     0.0     0.0     0.0   +    ||X1Sigma+
       0.0   39      61681.627511   1    38   0     0.0     0.0     0.0   +    ||X1Sigma+
       0.0   40      62550.253371   1    39   0     0.0     0.0     0.0   +    ||X1Sigma+
       0.0   41      63363.960903   1    40   0     0.0     0.0     0.0   +    ||X1Sigma+
       0.0   42      64123.488149   1    41   0     0.0     0.0     0.0   +    ||X1Sigma+
       0.0   43      64829.141370   1    42   0     0.0     0.0     0.0   +    ||X1Sigma+
       0.0   44      65481.500794   1    43   0     0.0     0.0     0.0   +    ||X1Sigma+
       0.0   45      66081.612839   1    44   0     0.0     0.0     0.0   +    ||X1Sigma+
       0.0   46      66630.422827   1    45   0     0.0     0.0     0.0   +    ||X1Sigma+
       0.0   47      67129.144668   1    46   0     0.0     0.0     0.0   +    ||X1Sigma+
       0.0   48      67579.256421   1    47   0     0.0     0.0     0.0   +    ||X1Sigma+
       0.0   49      67982.389293   1    48   0     0.0     0.0     0.0   +    ||X1Sigma+
       0.0   50      68340.326066   1    49   0     0.0     0.0     0.0   +    ||X1Sigma+

Zero point energy (ZPE) =    1056.185498244544

j =       1.0

Define the quanta book-keeping
The total number sigma/lambda states (size of the sigma-lambda submatrix) = 1

Sigma-Lambda basis set:
     i     jrot  state   spin    sigma lambda   omega
     1      1.0    1      0.0      0.0    0      0.0   X1Sigma+
...done!

Contracted basis set:
     i     jrot ilevel ivib state v     spin    sigma lambda   omega   Name
     1      1.0    1    1    1    0      0.0      0.0    0      0.0   X1Sigma+
     2      1.0    1    2    1    1      0.0      0.0    0      0.0   X1Sigma+
     3      1.0    1    3    1    2      0.0      0.0    0      0.0   X1Sigma+
     4      1.0    1    4    1    3      0.0      0.0    0      0.0   X1Sigma+
     5      1.0    1    5    1    4      0.0      0.0    0      0.0   X1Sigma+
     6      1.0    1    6    1    5      0.0      0.0    0      0.0   X1Sigma+
     7      1.0    1    7    1    6      0.0      0.0    0      0.0   X1Sigma+
     8      1.0    1    8    1    7      0.0      0.0    0      0.0   X1Sigma+
     9      1.0    1    9    1    8      0.0      0.0    0      0.0   X1Sigma+
    10      1.0    1   10    1    9      0.0      0.0    0      0.0   X1Sigma+
    11      1.0    1   11    1   10      0.0      0.0    0      0.0   X1Sigma+
    12      1.0    1   12    1   11      0.0      0.0    0      0.0   X1Sigma+
    13      1.0    1   13    1   12      0.0      0.0    0      0.0   X1Sigma+
    14      1.0    1   14    1   13      0.0      0.0    0      0.0   X1Sigma+
    15      1.0    1   15    1   14      0.0      0.0    0      0.0   X1Sigma+
    16      1.0    1   16    1   15      0.0      0.0    0      0.0   X1Sigma+
    17      1.0    1   17    1   16      0.0      0.0    0      0.0   X1Sigma+
    18      1.0    1   18    1   17      0.0      0.0    0      0.0   X1Sigma+
    19      1.0    1   19    1   18      0.0      0.0    0      0.0   X1Sigma+
    20      1.0    1   20    1   19      0.0      0.0    0      0.0   X1Sigma+
    21      1.0    1   21    1   20      0.0      0.0    0      0.0   X1Sigma+
    22      1.0    1   22    1   21      0.0      0.0    0      0.0   X1Sigma+
    23      1.0    1   23    1   22      0.0      0.0    0      0.0   X1Sigma+
    24      1.0    1   24    1   23      0.0      0.0    0      0.0   X1Sigma+
    25      1.0    1   25    1   24      0.0      0.0    0      0.0   X1Sigma+
    26      1.0    1   26    1   25      0.0      0.0    0      0.0   X1Sigma+
    27      1.0    1   27    1   26      0.0      0.0    0      0.0   X1Sigma+
    28      1.0    1   28    1   27      0.0      0.0    0      0.0   X1Sigma+
    29      1.0    1   29    1   28      0.0      0.0    0      0.0   X1Sigma+
    30      1.0    1   30    1   29      0.0      0.0    0      0.0   X1Sigma+
    31      1.0    1   31    1   30      0.0      0.0    0      0.0   X1Sigma+
    32      1.0    1   32    1   31      0.0      0.0    0      0.0   X1Sigma+
    33      1.0    1   33    1   32      0.0      0.0    0      0.0   X1Sigma+
    34      1.0    1   34    1   33      0.0      0.0    0      0.0   X1Sigma+
    35      1.0    1   35    1   34      0.0      0.0    0      0.0   X1Sigma+
    36      1.0    1   36    1   35      0.0      0.0    0      0.0   X1Sigma+
    37      1.0    1   37    1   36      0.0      0.0    0      0.0   X1Sigma+
    38      1.0    1   38    1   37      0.0      0.0    0      0.0   X1Sigma+
    39      1.0    1   39    1   38      0.0      0.0    0      0.0   X1Sigma+
    40      1.0    1   40    1   39      0.0      0.0    0      0.0   X1Sigma+
    41      1.0    1   41    1   40      0.0      0.0    0      0.0   X1Sigma+
    42      1.0    1   42    1   41      0.0      0.0    0      0.0   X1Sigma+
    43      1.0    1   43    1   42      0.0      0.0    0      0.0   X1Sigma+
    44      1.0    1   44    1   43      0.0      0.0    0      0.0   X1Sigma+
    45      1.0    1   45    1   44      0.0      0.0    0      0.0   X1Sigma+
    46      1.0    1   46    1   45      0.0      0.0    0      0.0   X1Sigma+
    47      1.0    1   47    1   46      0.0      0.0    0      0.0   X1Sigma+
    48      1.0    1   48    1   47      0.0      0.0    0      0.0   X1Sigma+
    49      1.0    1   49    1   48      0.0      0.0    0      0.0   X1Sigma+
    50      1.0    1   50    1   49      0.0      0.0    0      0.0   X1Sigma+


 Memory Report:
 Active Arrays                                          size (MB)
 GRID                                                       0.009                
 grid%r                                                     0.002                
 r-field                                                    0.010                
 icontrvib                                                  0.031                
 contrenergy                                                0.002                
 brot                                                       0.020                
 X1Sigma+                                                   0.020                
 BROT                                                       0.022                
 <X|mu|X>                                                   0.020                
 hmat                                                       0.020                
 eigens                                                     0.020                
 Total memory   =                                           0.178 MB
 Maximal memory =                                           2.504 MB (         8000.000)

 (       24 arrays contributing less than 1% are not shown)


Construct the hamiltonian matrix
...done!

Non-zero matrix elements of the coupled Sigma-Lambda matrix:
Threshold for printing is   2.22E-16 cm^-1
RV == Rotational-vibrational
SO == Spin-Orbit interaction
SS == Spin-Spin interaction
JS == J.S interaction (aka S-uncoupling)
LS == L.J interaction (aka L-uncoupling)
LS == L.S interaction (spin-electronic)
RV=         -0.297;
 


Eigenvalues for J =      1.0

       J      i        Energy/cm  State   v  lambda spin   sigma   omega  parity
       1.0    1          3.824497   1     0   0     0.0     0.0     0.0   -    ||X1Sigma+
       1.0    2       2110.476940   1     1   0     0.0     0.0     0.0   -    ||X1Sigma+
       1.0    3       4206.296679   1     2   0     0.0     0.0     0.0   -    ||X1Sigma+
       1.0    4       6286.816344   1     3   0     0.0     0.0     0.0   -    ||X1Sigma+
       1.0    5       8346.188446   1     4   0     0.0     0.0     0.0   -    ||X1Sigma+
       1.0    6      10382.339059   1     5   0     0.0     0.0     0.0   -    ||X1Sigma+
       1.0    7      12394.643008   1     6   0     0.0     0.0     0.0   -    ||X1Sigma+
       1.0    8      14381.981766   1     7   0     0.0     0.0     0.0   -    ||X1Sigma+
       1.0    9      16343.797018   1     8   0     0.0     0.0     0.0   -    ||X1Sigma+
       1.0   10      18279.667114   1     9   0     0.0     0.0     0.0   -    ||X1Sigma+
       1.0   11      20189.408333   1    10   0     0.0     0.0     0.0   -    ||X1Sigma+
       1.0   12      22072.834507   1    11   0     0.0     0.0     0.0   -    ||X1Sigma+
       1.0   13      23929.900103   1    12   0     0.0     0.0     0.0   -    ||X1Sigma+
       1.0   14      25760.728198   1    13   0     0.0     0.0     0.0   -    ||X1Sigma+
       1.0   15      27565.373500   1    14   0     0.0     0.0     0.0   -    ||X1Sigma+
       1.0   16      29343.921332   1    15   0     0.0     0.0     0.0   -    ||X1Sigma+
       1.0   17      31096.525651   1    16   0     0.0     0.0     0.0   -    ||X1Sigma+
       1.0   18      32823.254695   1    17   0     0.0     0.0     0.0   -    ||X1Sigma+
       1.0   19      34524.174933   1    18   0     0.0     0.0     0.0   -    ||X1Sigma+
       1.0   20      36199.349913   1    19   0     0.0     0.0     0.0   -    ||X1Sigma+
       1.0   21      37848.772625   1    20   0     0.0     0.0     0.0   -    ||X1Sigma+
       1.0   22      39472.380553   1    21   0     0.0     0.0     0.0   -    ||X1Sigma+
       1.0   23      41070.005676   1    22   0     0.0     0.0     0.0   -    ||X1Sigma+
       1.0   24      42641.305672   1    23   0     0.0     0.0     0.0   -    ||X1Sigma+
       1.0   25      44185.740972   1    24   0     0.0     0.0     0.0   -    ||X1Sigma+
       1.0   26      45702.487097   1    25   0     0.0     0.0     0.0   -    ||X1Sigma+
       1.0   27      47190.291922   1    26   0     0.0     0.0     0.0   -    ||X1Sigma+
       1.0   28      48647.277118   1    27   0     0.0     0.0     0.0   -    ||X1Sigma+
       1.0   29      50070.697276   1    28   0     0.0     0.0     0.0   -    ||X1Sigma+
       1.0   30      51456.666561   1    29   0     0.0     0.0     0.0   -    ||X1Sigma+
       1.0   31      52799.919663   1    30   0     0.0     0.0     0.0   -    ||X1Sigma+
       1.0   32      54094.447546   1    31   0     0.0     0.0     0.0   -    ||X1Sigma+
       1.0   33      55336.185185   1    32   0     0.0     0.0     0.0   -    ||X1Sigma+
       1.0   34      56525.915762   1    33   0     0.0     0.0     0.0   -    ||X1Sigma+
       1.0   35      57665.412873   1    34   0     0.0     0.0     0.0   -    ||X1Sigma+
       1.0   36      58751.549290   1    35   0     0.0     0.0     0.0   -    ||X1Sigma+
       1.0   37      59783.064431   1    36   0     0.0     0.0     0.0   -    ||X1Sigma+
       1.0   38      60760.917136   1    37   0     0.0     0.0     0.0   -    ||X1Sigma+
       1.0   39      61683.824529   1    38   0     0.0     0.0     0.0   -    ||X1Sigma+
       1.0   40      62552.373595   1    39   0     0.0     0.0     0.0   -    ||X1Sigma+
       1.0   41      63366.003083   1    40   0     0.0     0.0     0.0   -    ||X1Sigma+
       1.0   42      64125.449874   1    41   0     0.0     0.0     0.0   -    ||X1Sigma+
       1.0   43      64831.021689   1    42   0     0.0     0.0     0.0   -    ||X1Sigma+
       1.0   44      65483.297818   1    43   0     0.0     0.0     0.0   -    ||X1Sigma+
       1.0   45      66083.325076   1    44   0     0.0     0.0     0.0   -    ||X1Sigma+
       1.0   46      66632.049300   1    45   0     0.0     0.0     0.0   -    ||X1Sigma+
       1.0   47      67130.684188   1    46   0     0.0     0.0     0.0   -    ||X1Sigma+
       1.0   48      67580.707837   1    47   0     0.0     0.0     0.0   -    ||X1Sigma+
       1.0   49      67983.751804   1    48   0     0.0     0.0     0.0   -    ||X1Sigma+
       1.0   50      68341.599520   1    49   0     0.0     0.0     0.0   -    ||X1Sigma+

Zero point energy (ZPE) =    1056.185498244544

j =       2.0

Define the quanta book-keeping
The total number sigma/lambda states (size of the sigma-lambda submatrix) = 1

Sigma-Lambda basis set:
     i     jrot  state   spin    sigma lambda   omega
     1      2.0    1      0.0      0.0    0      0.0   X1Sigma+
...done!

Contracted basis set:
     i     jrot ilevel ivib state v     spin    sigma lambda   omega   Name
     1      2.0    1    1    1    0      0.0      0.0    0      0.0   X1Sigma+
     2      2.0    1    2    1    1      0.0      0.0    0      0.0   X1Sigma+
     3      2.0    1    3    1    2      0.0      0.0    0      0.0   X1Sigma+
     4      2.0    1    4    1    3      0.0      0.0    0      0.0   X1Sigma+
     5      2.0    1    5    1    4      0.0      0.0    0      0.0   X1Sigma+
     6      2.0    1    6    1    5      0.0      0.0    0      0.0   X1Sigma+
     7      2.0    1    7    1    6      0.0      0.0    0      0.0   X1Sigma+
     8      2.0    1    8    1    7      0.0      0.0    0      0.0   X1Sigma+
     9      2.0    1    9    1    8      0.0      0.0    0      0.0   X1Sigma+
    10      2.0    1   10    1    9      0.0      0.0    0      0.0   X1Sigma+
    11      2.0    1   11    1   10      0.0      0.0    0      0.0   X1Sigma+
    12      2.0    1   12    1   11      0.0      0.0    0      0.0   X1Sigma+
    13      2.0    1   13    1   12      0.0      0.0    0      0.0   X1Sigma+
    14      2.0    1   14    1   13      0.0      0.0    0      0.0   X1Sigma+
    15      2.0    1   15    1   14      0.0      0.0    0      0.0   X1Sigma+
    16      2.0    1   16    1   15      0.0      0.0    0      0.0   X1Sigma+
    17      2.0    1   17    1   16      0.0      0.0    0      0.0   X1Sigma+
    18      2.0    1   18    1   17      0.0      0.0    0      0.0   X1Sigma+
    19      2.0    1   19    1   18      0.0      0.0    0      0.0   X1Sigma+
    20      2.0    1   20    1   19      0.0      0.0    0      0.0   X1Sigma+
    21      2.0    1   21    1   20      0.0      0.0    0      0.0   X1Sigma+
    22      2.0    1   22    1   21      0.0      0.0    0      0.0   X1Sigma+
    23      2.0    1   23    1   22      0.0      0.0    0      0.0   X1Sigma+
    24      2.0    1   24    1   23      0.0      0.0    0      0.0   X1Sigma+
    25      2.0    1   25    1   24      0.0      0.0    0      0.0   X1Sigma+
    26      2.0    1   26    1   25      0.0      0.0    0      0.0   X1Sigma+
    27      2.0    1   27    1   26      0.0      0.0    0      0.0   X1Sigma+
    28      2.0    1   28    1   27      0.0      0.0    0      0.0   X1Sigma+
    29      2.0    1   29    1   28      0.0      0.0    0      0.0   X1Sigma+
    30      2.0    1   30    1   29      0.0      0.0    0      0.0   X1Sigma+
    31      2.0    1   31    1   30      0.0      0.0    0      0.0   X1Sigma+
    32      2.0    1   32    1   31      0.0      0.0    0      0.0   X1Sigma+
    33      2.0    1   33    1   32      0.0      0.0    0      0.0   X1Sigma+
    34      2.0    1   34    1   33      0.0      0.0    0      0.0   X1Sigma+
    35      2.0    1   35    1   34      0.0      0.0    0      0.0   X1Sigma+
    36      2.0    1   36    1   35      0.0      0.0    0      0.0   X1Sigma+
    37      2.0    1   37    1   36      0.0      0.0    0      0.0   X1Sigma+
    38      2.0    1   38    1   37      0.0      0.0    0      0.0   X1Sigma+
    39      2.0    1   39    1   38      0.0      0.0    0      0.0   X1Sigma+
    40      2.0    1   40    1   39      0.0      0.0    0      0.0   X1Sigma+
    41      2.0    1   41    1   40      0.0      0.0    0      0.0   X1Sigma+
    42      2.0    1   42    1   41      0.0      0.0    0      0.0   X1Sigma+
    43      2.0    1   43    1   42      0.0      0.0    0      0.0   X1Sigma+
    44      2.0    1   44    1   43      0.0      0.0    0      0.0   X1Sigma+
    45      2.0    1   45    1   44      0.0      0.0    0      0.0   X1Sigma+
    46      2.0    1   46    1   45      0.0      0.0    0      0.0   X1Sigma+
    47      2.0    1   47    1   46      0.0      0.0    0      0.0   X1Sigma+
    48      2.0    1   48    1   47      0.0      0.0    0      0.0   X1Sigma+
    49      2.0    1   49    1   48      0.0      0.0    0      0.0   X1Sigma+
    50      2.0    1   50    1   49      0.0      0.0    0      0.0   X1Sigma+


 Memory Report:
 Active Arrays                                          size (MB)
 GRID                                                       0.009                
 grid%r                                                     0.002                
 r-field                                                    0.010                
 icontrvib                                                  0.031                
 contrenergy                                                0.002                
 brot                                                       0.020                
 X1Sigma+                                                   0.020                
 BROT                                                       0.022                
 <X|mu|X>                                                   0.020                
 hmat                                                       0.020                
 eigens                                                     0.041                
 Total memory   =                                           0.198 MB
 Maximal memory =                                           2.504 MB (         8000.000)

 (       24 arrays contributing less than 1% are not shown)


Construct the hamiltonian matrix
...done!

Non-zero matrix elements of the coupled Sigma-Lambda matrix:
Threshold for printing is   2.22E-16 cm^-1
RV == Rotational-vibrational
SO == Spin-Orbit interaction
SS == Spin-Spin interaction
JS == J.S interaction (aka S-uncoupling)
LS == L.J interaction (aka L-uncoupling)
LS == L.S interaction (spin-electronic)
RV=         -0.892;
 


Eigenvalues for J =      2.0

       J      i        Energy/cm  State   v  lambda spin   sigma   omega  parity
       2.0    1         11.473342   1     0   0     0.0     0.0     0.0   +    ||X1Sigma+
       2.0    2       2118.062815   1     1   0     0.0     0.0     0.0   +    ||X1Sigma+
       2.0    3       4213.809075   1     2   0     0.0     0.0     0.0   +    ||X1Sigma+
       2.0    4       6294.253546   1     3   0     0.0     0.0     0.0   +    ||X1Sigma+
       2.0    5       8353.551548   1     4   0     0.0     0.0     0.0   +    ||X1Sigma+
       2.0    6      10389.628791   1     5   0     0.0     0.0     0.0   +    ||X1Sigma+
       2.0    7      12401.859913   1     6   0     0.0     0.0     0.0   +    ||X1Sigma+
       2.0    8      14389.126898   1     7   0     0.0     0.0     0.0   +    ||X1Sigma+
       2.0    9      16350.871243   1     8   0     0.0     0.0     0.0   +    ||X1Sigma+
       2.0   10      18286.671122   1     9   0     0.0     0.0     0.0   +    ||X1Sigma+
       2.0   11      20196.343100   1    10   0     0.0     0.0     0.0   +    ||X1Sigma+
       2.0   12      22079.700666   1    11   0     0.0     0.0     0.0   +    ||X1Sigma+
       2.0   13      23936.698175   1    12   0     0.0     0.0     0.0   +    ||X1Sigma+
       2.0   14      25767.458622   1    13   0     0.0     0.0     0.0   +    ||X1Sigma+
       2.0   15      27572.036599   1    14   0     0.0     0.0     0.0   +    ||X1Sigma+
       2.0   16      29350.517405   1    15   0     0.0     0.0     0.0   +    ||X1Sigma+
       2.0   17      31103.054900   1    16   0     0.0     0.0     0.0   +    ||X1Sigma+
       2.0   18      32829.717258   1    17   0     0.0     0.0     0.0   +    ||X1Sigma+
       2.0   19      34530.570925   1    18   0     0.0     0.0     0.0   +    ||X1Sigma+
       2.0   20      36205.679288   1    19   0     0.0     0.0     0.0   +    ||X1Sigma+
       2.0   21      37855.035150   1    20   0     0.0     0.0     0.0   +    ||X1Sigma+
       2.0   22      39478.575878   1    21   0     0.0     0.0     0.0   +    ||X1Sigma+
       2.0   23      41076.133195   1    22   0     0.0     0.0     0.0   +    ||X1Sigma+
       2.0   24      42647.364384   1    23   0     0.0     0.0     0.0   +    ||X1Sigma+
       2.0   25      44191.729409   1    24   0     0.0     0.0     0.0   +    ||X1Sigma+
       2.0   26      45708.403132   1    25   0     0.0     0.0     0.0   +    ||X1Sigma+
       2.0   27      47196.132396   1    26   0     0.0     0.0     0.0   +    ||X1Sigma+
       2.0   28      48653.037397   1    27   0     0.0     0.0     0.0   +    ||X1Sigma+
       2.0   29      50076.370726   1    28   0     0.0     0.0     0.0   +    ||X1Sigma+
       2.0   30      51462.243839   1    29   0     0.0     0.0     0.0   +    ||X1Sigma+
       2.0   31      52805.388533   1    30   0     0.0     0.0     0.0   +    ||X1Sigma+
       2.0   32      54099.795474   1    31   0     0.0     0.0     0.0   +    ||X1Sigma+
       2.0   33      55341.406091   1    32   0     0.0     0.0     0.0   +    ||X1Sigma+
       2.0   34      56531.011813   1    33   0     0.0     0.0     0.0   +    ||X1Sigma+
       2.0   35      57670.380080   1    34   0     0.0     0.0     0.0   +    ||X1Sigma+
       2.0   36      58756.377003   1    35   0     0.0     0.0     0.0   +    ||X1Sigma+
       2.0   37      59787.752240   1    36   0     0.0     0.0     0.0   +    ||X1Sigma+
       2.0   38      60765.459607   1    37   0     0.0     0.0     0.0   +    ||X1Sigma+
       2.0   39      61688.218264   1    38   0     0.0     0.0     0.0   +    ||X1Sigma+
       2.0   40      62556.613727   1    39   0     0.0     0.0     0.0   +    ||X1Sigma+
       2.0   41      63370.087122   1    40   0     0.0     0.0     0.0   +    ||X1Sigma+
       2.0   42      64129.372998   1    41   0     0.0     0.0     0.0   +    ||X1Sigma+
       2.0   43      64834.782005   1    42   0     0.0     0.0     0.0   +    ||X1Sigma+
       2.0   44      65486.891578   1    43   0     0.0     0.0     0.0   +    ||X1Sigma+
       2.0   45      66086.749330   1    44   0     0.0     0.0     0.0   +    ||X1Sigma+
       2.0   46      66635.302163   1    45   0     0.0     0.0     0.0   +    ||X1Sigma+
       2.0   47      67133.763412   1    46   0     0.0     0.0     0.0   +    ||X1Sigma+
       2.0   48      67583.611373   1    47   0     0.0     0.0     0.0   +    ||X1Sigma+
       2.0   49      67986.478705   1    48   0     0.0     0.0     0.0   +    ||X1Sigma+
       2.0   50      68344.152511   1    49   0     0.0     0.0     0.0   +    ||X1Sigma+

Zero point energy (ZPE) =    1056.185498244544

j =       3.0

Define the quanta book-keeping
The total number sigma/lambda states (size of the sigma-lambda submatrix) = 1

Sigma-Lambda basis set:
     i     jrot  state   spin    sigma lambda   omega
     1      3.0    1      0.0      0.0    0      0.0   X1Sigma+
...done!

Contracted basis set:
     i     jrot ilevel ivib state v     spin    sigma lambda   omega   Name
     1      3.0    1    1    1    0      0.0      0.0    0      0.0   X1Sigma+
     2      3.0    1    2    1    1      0.0      0.0    0      0.0   X1Sigma+
     3      3.0    1    3    1    2      0.0      0.0    0      0.0   X1Sigma+
     4      3.0    1    4    1    3      0.0      0.0    0      0.0   X1Sigma+
     5      3.0    1    5    1    4      0.0      0.0    0      0.0   X1Sigma+
     6      3.0    1    6    1    5      0.0      0.0    0      0.0   X1Sigma+
     7      3.0    1    7    1    6      0.0      0.0    0      0.0   X1Sigma+
     8      3.0    1    8    1    7      0.0      0.0    0      0.0   X1Sigma+
     9      3.0    1    9    1    8      0.0      0.0    0      0.0   X1Sigma+
    10      3.0    1   10    1    9      0.0      0.0    0      0.0   X1Sigma+
    11      3.0    1   11    1   10      0.0      0.0    0      0.0   X1Sigma+
    12      3.0    1   12    1   11      0.0      0.0    0      0.0   X1Sigma+
    13      3.0    1   13    1   12      0.0      0.0    0      0.0   X1Sigma+
    14      3.0    1   14    1   13      0.0      0.0    0      0.0   X1Sigma+
    15      3.0    1   15    1   14      0.0      0.0    0      0.0   X1Sigma+
    16      3.0    1   16    1   15      0.0      0.0    0      0.0   X1Sigma+
    17      3.0    1   17    1   16      0.0      0.0    0      0.0   X1Sigma+
    18      3.0    1   18    1   17      0.0      0.0    0      0.0   X1Sigma+
    19      3.0    1   19    1   18      0.0      0.0    0      0.0   X1Sigma+
    20      3.0    1   20    1   19      0.0      0.0    0      0.0   X1Sigma+
    21      3.0    1   21    1   20      0.0      0.0    0      0.0   X1Sigma+
    22      3.0    1   22    1   21      0.0      0.0    0      0.0   X1Sigma+
    23      3.0    1   23    1   22      0.0      0.0    0      0.0   X1Sigma+
    24      3.0    1   24    1   23      0.0      0.0    0      0.0   X1Sigma+
    25      3.0    1   25    1   24      0.0      0.0    0      0.0   X1Sigma+
    26      3.0    1   26    1   25      0.0      0.0    0      0.0   X1Sigma+
    27      3.0    1   27    1   26      0.0      0.0    0      0.0   X1Sigma+
    28      3.0    1   28    1   27      0.0      0.0    0      0.0   X1Sigma+
    29      3.0    1   29    1   28      0.0      0.0    0      0.0   X1Sigma+
    30      3.0    1   30    1   29      0.0      0.0    0      0.0   X1Sigma+
    31      3.0    1   31    1   30      0.0      0.0    0      0.0   X1Sigma+
    32      3.0    1   32    1   31      0.0      0.0    0      0.0   X1Sigma+
    33      3.0    1   33    1   32      0.0      0.0    0      0.0   X1Sigma+
    34      3.0    1   34    1   33      0.0      0.0    0      0.0   X1Sigma+
    35      3.0    1   35    1   34      0.0      0.0    0      0.0   X1Sigma+
    36      3.0    1   36    1   35      0.0      0.0    0      0.0   X1Sigma+
    37      3.0    1   37    1   36      0.0      0.0    0      0.0   X1Sigma+
    38      3.0    1   38    1   37      0.0      0.0    0      0.0   X1Sigma+
    39      3.0    1   39    1   38      0.0      0.0    0      0.0   X1Sigma+
    40      3.0    1   40    1   39      0.0      0.0    0      0.0   X1Sigma+
    41      3.0    1   41    1   40      0.0      0.0    0      0.0   X1Sigma+
    42      3.0    1   42    1   41      0.0      0.0    0      0.0   X1Sigma+
    43      3.0    1   43    1   42      0.0      0.0    0      0.0   X1Sigma+
    44      3.0    1   44    1   43      0.0      0.0    0      0.0   X1Sigma+
    45      3.0    1   45    1   44      0.0      0.0    0      0.0   X1Sigma+
    46      3.0    1   46    1   45      0.0      0.0    0      0.0   X1Sigma+
    47      3.0    1   47    1   46      0.0      0.0    0      0.0   X1Sigma+
    48      3.0    1   48    1   47      0.0      0.0    0      0.0   X1Sigma+
    49      3.0    1   49    1   48      0.0      0.0    0      0.0   X1Sigma+
    50      3.0    1   50    1   49      0.0      0.0    0      0.0   X1Sigma+


 Memory Report:
 Active Arrays                                          size (MB)
 GRID                                                       0.009                
 grid%r                                                     0.002                
 r-field                                                    0.010                
 icontrvib                                                  0.031                
 contrenergy                                                0.002                
 brot                                                       0.020                
 X1Sigma+                                                   0.020                
 BROT                                                       0.022                
 <X|mu|X>                                                   0.020                
 hmat                                                       0.020                
 eigens                                                     0.061                
 Total memory   =                                           0.219 MB
 Maximal memory =                                           2.504 MB (         8000.000)

 (       24 arrays contributing less than 1% are not shown)


Construct the hamiltonian matrix
...done!

Non-zero matrix elements of the coupled Sigma-Lambda matrix:
Threshold for printing is   2.22E-16 cm^-1
RV == Rotational-vibrational
SO == Spin-Orbit interaction
SS == Spin-Spin interaction
JS == J.S interaction (aka S-uncoupling)
LS == L.J interaction (aka L-uncoupling)
LS == L.S interaction (spin-electronic)
RV=         -1.784;
 


Eigenvalues for J =      3.0

       J      i        Energy/cm  State   v  lambda spin   sigma   omega  parity
       3.0    1         22.946234   1     0   0     0.0     0.0     0.0   -    ||X1Sigma+
       3.0    2       2129.441264   1     1   0     0.0     0.0     0.0   -    ||X1Sigma+
       3.0    3       4225.077313   1     2   0     0.0     0.0     0.0   -    ||X1Sigma+
       3.0    4       6305.408994   1     3   0     0.0     0.0     0.0   -    ||X1Sigma+
       3.0    5       8364.595849   1     4   0     0.0     0.0     0.0   -    ||X1Sigma+
       3.0    6      10400.563038   1     5   0     0.0     0.0     0.0   -    ||X1Sigma+
       3.0    7      12412.684918   1     6   0     0.0     0.0     0.0   -    ||X1Sigma+
       3.0    8      14399.844240   1     7   0     0.0     0.0     0.0   -    ||X1Sigma+
       3.0    9      16361.482224   1     8   0     0.0     0.0     0.0   -    ||X1Sigma+
       3.0   10      18297.176776   1     9   0     0.0     0.0     0.0   -    ||X1Sigma+
       3.0   11      20206.744890   1    10   0     0.0     0.0     0.0   -    ||X1Sigma+
       3.0   12      22089.999541   1    11   0     0.0     0.0     0.0   -    ||X1Sigma+
       3.0   13      23946.894918   1    12   0     0.0     0.0     0.0   -    ||X1Sigma+
       3.0   14      25777.553891   1    13   0     0.0     0.0     0.0   -    ||X1Sigma+
       3.0   15      27582.030878   1    14   0     0.0     0.0     0.0   -    ||X1Sigma+
       3.0   16      29360.411144   1    15   0     0.0     0.0     0.0   -    ||X1Sigma+
       3.0   17      31112.848400   1    16   0     0.0     0.0     0.0   -    ||X1Sigma+
       3.0   18      32839.410726   1    17   0     0.0     0.0     0.0   -    ||X1Sigma+
       3.0   19      34540.164535   1    18   0     0.0     0.0     0.0   -    ||X1Sigma+
       3.0   20      36215.172970   1    19   0     0.0     0.0     0.0   -    ||X1Sigma+
       3.0   21      37864.428555   1    20   0     0.0     0.0     0.0   -    ||X1Sigma+
       3.0   22      39487.868479   1    21   0     0.0     0.0     0.0   -    ||X1Sigma+
       3.0   23      41085.324083   1    22   0     0.0     0.0     0.0   -    ||X1Sigma+
       3.0   24      42656.452055   1    23   0     0.0     0.0     0.0   -    ||X1Sigma+
       3.0   25      44200.711661   1    24   0     0.0     0.0     0.0   -    ||X1Sigma+
       3.0   26      45717.276771   1    25   0     0.0     0.0     0.0   -    ||X1Sigma+
       3.0   27      47204.892681   1    26   0     0.0     0.0     0.0   -    ||X1Sigma+
       3.0   28      48661.677371   1    27   0     0.0     0.0     0.0   -    ||X1Sigma+
       3.0   29      50084.880429   1    28   0     0.0     0.0     0.0   -    ||X1Sigma+
       3.0   30      51470.609246   1    29   0     0.0     0.0     0.0   -    ||X1Sigma+
       3.0   31      52813.591281   1    30   0     0.0     0.0     0.0   -    ||X1Sigma+
       3.0   32      54107.816765   1    31   0     0.0     0.0     0.0   -    ||X1Sigma+
       3.0   33      55349.236841   1    32   0     0.0     0.0     0.0   -    ||X1Sigma+
       3.0   34      56538.655281   1    33   0     0.0     0.0     0.0   -    ||X1Sigma+
       3.0   35      57677.830235   1    34   0     0.0     0.0     0.0   -    ||X1Sigma+
       3.0   36      58763.617885   1    35   0     0.0     0.0     0.0   -    ||X1Sigma+
       3.0   37      59794.783256   1    36   0     0.0     0.0     0.0   -    ||X1Sigma+
       3.0   38      60772.272574   1    37   0     0.0     0.0     0.0   -    ||X1Sigma+
       3.0   39      61694.808111   1    38   0     0.0     0.0     0.0   -    ||X1Sigma+
       3.0   40      62562.973128   1    39   0     0.0     0.0     0.0   -    ||X1Sigma+
       3.0   41      63376.212373   1    40   0     0.0     0.0     0.0   -    ||X1Sigma+
       3.0   42      64135.256865   1    41   0     0.0     0.0     0.0   -    ||X1Sigma+
       3.0   43      64840.421676   1    42   0     0.0     0.0     0.0   -    ||X1Sigma+
       3.0   44      65492.281495   1    43   0     0.0     0.0     0.0   -    ||X1Sigma+
       3.0   45      66091.885150   1    44   0     0.0     0.0     0.0   -    ||X1Sigma+
       3.0   46      66640.181231   1    45   0     0.0     0.0     0.0   -    ||X1Sigma+
       3.0   47      67138.382678   1    46   0     0.0     0.0     0.0   -    ||X1Sigma+
       3.0   48      67587.968399   1    47   0     0.0     0.0     0.0   -    ||X1Sigma+
       3.0   49      67990.573699   1    48   0     0.0     0.0     0.0   -    ||X1Sigma+
       3.0   50      68347.997362   1    49   0     0.0     0.0     0.0   -    ||X1Sigma+

Zero point energy (ZPE) =    1056.185498244544

j =       4.0

Define the quanta book-keeping
The total number sigma/lambda states (size of the sigma-lambda submatrix) = 1

Sigma-Lambda basis set:
     i     jrot  state   spin    sigma lambda   omega
     1      4.0    1      0.0      0.0    0      0.0   X1Sigma+
...done!

Contracted basis set:
     i     jrot ilevel ivib state v     spin    sigma lambda   omega   Name
     1      4.0    1    1    1    0      0.0      0.0    0      0.0   X1Sigma+
     2      4.0    1    2    1    1      0.0      0.0    0      0.0   X1Sigma+
     3      4.0    1    3    1    2      0.0      0.0    0      0.0   X1Sigma+
     4      4.0    1    4    1    3      0.0      0.0    0      0.0   X1Sigma+
     5      4.0    1    5    1    4      0.0      0.0    0      0.0   X1Sigma+
     6      4.0    1    6    1    5      0.0      0.0    0      0.0   X1Sigma+
     7      4.0    1    7    1    6      0.0      0.0    0      0.0   X1Sigma+
     8      4.0    1    8    1    7      0.0      0.0    0      0.0   X1Sigma+
     9      4.0    1    9    1    8      0.0      0.0    0      0.0   X1Sigma+
    10      4.0    1   10    1    9      0.0      0.0    0      0.0   X1Sigma+
    11      4.0    1   11    1   10      0.0      0.0    0      0.0   X1Sigma+
    12      4.0    1   12    1   11      0.0      0.0    0      0.0   X1Sigma+
    13      4.0    1   13    1   12      0.0      0.0    0      0.0   X1Sigma+
    14      4.0    1   14    1   13      0.0      0.0    0      0.0   X1Sigma+
    15      4.0    1   15    1   14      0.0      0.0    0      0.0   X1Sigma+
    16      4.0    1   16    1   15      0.0      0.0    0      0.0   X1Sigma+
    17      4.0    1   17    1   16      0.0      0.0    0      0.0   X1Sigma+
    18      4.0    1   18    1   17      0.0      0.0    0      0.0   X1Sigma+
    19      4.0    1   19    1   18      0.0      0.0    0      0.0   X1Sigma+
    20      4.0    1   20    1   19      0.0      0.0    0      0.0   X1Sigma+
    21      4.0    1   21    1   20      0.0      0.0    0      0.0   X1Sigma+
    22      4.0    1   22    1   21      0.0      0.0    0      0.0   X1Sigma+
    23      4.0    1   23    1   22      0.0      0.0    0      0.0   X1Sigma+
    24      4.0    1   24    1   23      0.0      0.0    0      0.0   X1Sigma+
    25      4.0    1   25    1   24      0.0      0.0    0      0.0   X1Sigma+
    26      4.0    1   26    1   25      0.0      0.0    0      0.0   X1Sigma+
    27      4.0    1   27    1   26      0.0      0.0    0      0.0   X1Sigma+
    28      4.0    1   28    1   27      0.0      0.0    0      0.0   X1Sigma+
    29      4.0    1   29    1   28      0.0      0.0    0      0.0   X1Sigma+
    30      4.0    1   30    1   29      0.0      0.0    0      0.0   X1Sigma+
    31      4.0    1   31    1   30      0.0      0.0    0      0.0   X1Sigma+
    32      4.0    1   32    1   31      0.0      0.0    0      0.0   X1Sigma+
    33      4.0    1   33    1   32      0.0      0.0    0      0.0   X1Sigma+
    34      4.0    1   34    1   33      0.0      0.0    0      0.0   X1Sigma+
    35      4.0    1   35    1   34      0.0      0.0    0      0.0   X1Sigma+
    36      4.0    1   36    1   35      0.0      0.0    0      0.0   X1Sigma+
    37      4.0    1   37    1   36      0.0      0.0    0      0.0   X1Sigma+
    38      4.0    1   38    1   37      0.0      0.0    0      0.0   X1Sigma+
    39      4.0    1   39    1   38      0.0      0.0    0      0.0   X1Sigma+
    40      4.0    1   40    1   39      0.0      0.0    0      0.0   X1Sigma+
    41      4.0    1   41    1   40      0.0      0.0    0      0.0   X1Sigma+
    42      4.0    1   42    1   41      0.0      0.0    0      0.0   X1Sigma+
    43      4.0    1   43    1   42      0.0      0.0    0      0.0   X1Sigma+
    44      4.0    1   44    1   43      0.0      0.0    0      0.0   X1Sigma+
    45      4.0    1   45    1   44      0.0      0.0    0      0.0   X1Sigma+
    46      4.0    1   46    1   45      0.0      0.0    0      0.0   X1Sigma+
    47      4.0    1   47    1   46      0.0      0.0    0      0.0   X1Sigma+
    48      4.0    1   48    1   47      0.0      0.0    0      0.0   X1Sigma+
    49      4.0    1   49    1   48      0.0      0.0    0      0.0   X1Sigma+
    50      4.0    1   50    1   49      0.0      0.0    0      0.0   X1Sigma+


 Memory Report:
 Active Arrays                                          size (MB)
 GRID                                                       0.009                
 grid%r                                                     0.002                
 r-field                                                    0.010                
 icontrvib                                                  0.031                
 contrenergy                                                0.002                
 brot                                                       0.020                
 X1Sigma+                                                   0.020                
 BROT                                                       0.022                
 <X|mu|X>                                                   0.020                
 hmat                                                       0.020                
 eigens                                                     0.082                
 Total memory   =                                           0.239 MB
 Maximal memory =                                           2.504 MB (         8000.000)

 (       24 arrays contributing less than 1% are not shown)


Construct the hamiltonian matrix
...done!

Non-zero matrix elements of the coupled Sigma-Lambda matrix:
Threshold for printing is   2.22E-16 cm^-1
RV == Rotational-vibrational
SO == Spin-Orbit interaction
SS == Spin-Spin interaction
JS == J.S interaction (aka S-uncoupling)
LS == L.J interaction (aka L-uncoupling)
LS == L.S interaction (spin-electronic)
RV=         -2.974;
 


Eigenvalues for J =      4.0

       J      i        Energy/cm  State   v  lambda spin   sigma   omega  parity
       4.0    1         38.242725   1     0   0     0.0     0.0     0.0   +    ||X1Sigma+
       4.0    2       2144.611850   1     1   0     0.0     0.0     0.0   +    ||X1Sigma+
       4.0    3       4240.100966   1     2   0     0.0     0.0     0.0   +    ||X1Sigma+
       4.0    4       6320.282264   1     3   0     0.0     0.0     0.0   +    ||X1Sigma+
       4.0    5       8379.320922   1     4   0     0.0     0.0     0.0   +    ||X1Sigma+
       4.0    6      10415.141376   1     5   0     0.0     0.0     0.0   +    ||X1Sigma+
       4.0    7      12427.117598   1     6   0     0.0     0.0     0.0   +    ||X1Sigma+
       4.0    8      14414.133369   1     7   0     0.0     0.0     0.0   +    ||X1Sigma+
       4.0    9      16375.629534   1     8   0     0.0     0.0     0.0   +    ||X1Sigma+
       4.0   10      18311.183647   1     9   0     0.0     0.0     0.0   +    ||X1Sigma+
       4.0   11      20220.613270   1    10   0     0.0     0.0     0.0   +    ||X1Sigma+
       4.0   12      22103.730697   1    11   0     0.0     0.0     0.0   +    ||X1Sigma+
       4.0   13      23960.489895   1    12   0     0.0     0.0     0.0   +    ||X1Sigma+
       4.0   14      25791.013564   1    13   0     0.0     0.0     0.0   +    ||X1Sigma+
       4.0   15      27595.355894   1    14   0     0.0     0.0     0.0   +    ||X1Sigma+
       4.0   16      29373.602102   1    15   0     0.0     0.0     0.0   +    ||X1Sigma+
       4.0   17      31125.905704   1    16   0     0.0     0.0     0.0   +    ||X1Sigma+
       4.0   18      32852.334649   1    17   0     0.0     0.0     0.0   +    ||X1Sigma+
       4.0   19      34552.955308   1    18   0     0.0     0.0     0.0   +    ||X1Sigma+
       4.0   20      36227.830501   1    19   0     0.0     0.0     0.0   +    ||X1Sigma+
       4.0   21      37876.952378   1    20   0     0.0     0.0     0.0   +    ||X1Sigma+
       4.0   22      39500.257890   1    21   0     0.0     0.0     0.0   +    ||X1Sigma+
       4.0   23      41097.577869   1    22   0     0.0     0.0     0.0   +    ||X1Sigma+
       4.0   24      42668.568209   1    23   0     0.0     0.0     0.0   +    ||X1Sigma+
       4.0   25      44212.687244   1    24   0     0.0     0.0     0.0   +    ||X1Sigma+
       4.0   26      45729.107518   1    25   0     0.0     0.0     0.0   +    ||X1Sigma+
       4.0   27      47216.572264   1    26   0     0.0     0.0     0.0   +    ||X1Sigma+
       4.0   28      48673.196504   1    27   0     0.0     0.0     0.0   +    ||X1Sigma+
       4.0   29      50096.225817   1    28   0     0.0     0.0     0.0   +    ||X1Sigma+
       4.0   30      51481.762168   1    29   0     0.0     0.0     0.0   +    ||X1Sigma+
       4.0   31      52824.527235   1    30   0     0.0     0.0     0.0   +    ||X1Sigma+
       4.0   32      54118.510701   1    31   0     0.0     0.0     0.0   +    ||X1Sigma+
       4.0   33      55359.676703   1    32   0     0.0     0.0     0.0   +    ||X1Sigma+
       4.0   34      56548.845434   1    33   0     0.0     0.0     0.0   +    ||X1Sigma+
       4.0   35      57687.762552   1    34   0     0.0     0.0     0.0   +    ||X1Sigma+
       4.0   36      58773.271114   1    35   0     0.0     0.0     0.0   +    ||X1Sigma+
       4.0   37      59804.156643   1    36   0     0.0     0.0     0.0   +    ||X1Sigma+
       4.0   38      60781.355148   1    37   0     0.0     0.0     0.0   +    ||X1Sigma+
       4.0   39      61703.593162   1    38   0     0.0     0.0     0.0   +    ||X1Sigma+
       4.0   40      62571.450845   1    39   0     0.0     0.0     0.0   +    ||X1Sigma+
       4.0   41      63384.377867   1    40   0     0.0     0.0     0.0   +    ||X1Sigma+
       4.0   42      64143.100491   1    41   0     0.0     0.0     0.0   +    ||X1Sigma+
       4.0   43      64847.939728   1    42   0     0.0     0.0     0.0   +    ||X1Sigma+
       4.0   44      65499.466683   1    43   0     0.0     0.0     0.0   +    ||X1Sigma+
       4.0   45      66098.731832   1    44   0     0.0     0.0     0.0   +    ||X1Sigma+
       4.0   46      66646.686182   1    45   0     0.0     0.0     0.0   +    ||X1Sigma+
       4.0   47      67144.542421   1    46   0     0.0     0.0     0.0   +    ||X1Sigma+
       4.0   48      67593.780855   1    47   0     0.0     0.0     0.0   +    ||X1Sigma+
       4.0   49      67996.042215   1    48   0     0.0     0.0     0.0   +    ||X1Sigma+
       4.0   50      68353.152979   1    49   0     0.0     0.0     0.0   +    ||X1Sigma+

Zero point energy (ZPE) =    1056.185498244544

j =       5.0

Define the quanta book-keeping
The total number sigma/lambda states (size of the sigma-lambda submatrix) = 1

Sigma-Lambda basis set:
     i     jrot  state   spin    sigma lambda   omega
     1      5.0    1      0.0      0.0    0      0.0   X1Sigma+
...done!

Contracted basis set:
     i     jrot ilevel ivib state v     spin    sigma lambda   omega   Name
     1      5.0    1    1    1    0      0.0      0.0    0      0.0   X1Sigma+
     2      5.0    1    2    1    1      0.0      0.0    0      0.0   X1Sigma+
     3      5.0    1    3    1    2      0.0      0.0    0      0.0   X1Sigma+
     4      5.0    1    4    1    3      0.0      0.0    0      0.0   X1Sigma+
     5      5.0    1    5    1    4      0.0      0.0    0      0.0   X1Sigma+
     6      5.0    1    6    1    5      0.0      0.0    0      0.0   X1Sigma+
     7      5.0    1    7    1    6      0.0      0.0    0      0.0   X1Sigma+
     8      5.0    1    8    1    7      0.0      0.0    0      0.0   X1Sigma+
     9      5.0    1    9    1    8      0.0      0.0    0      0.0   X1Sigma+
    10      5.0    1   10    1    9      0.0      0.0    0      0.0   X1Sigma+
    11      5.0    1   11    1   10      0.0      0.0    0      0.0   X1Sigma+
    12      5.0    1   12    1   11      0.0      0.0    0      0.0   X1Sigma+
    13      5.0    1   13    1   12      0.0      0.0    0      0.0   X1Sigma+
    14      5.0    1   14    1   13      0.0      0.0    0      0.0   X1Sigma+
    15      5.0    1   15    1   14      0.0      0.0    0      0.0   X1Sigma+
    16      5.0    1   16    1   15      0.0      0.0    0      0.0   X1Sigma+
    17      5.0    1   17    1   16      0.0      0.0    0      0.0   X1Sigma+
    18      5.0    1   18    1   17      0.0      0.0    0      0.0   X1Sigma+
    19      5.0    1   19    1   18      0.0      0.0    0      0.0   X1Sigma+
    20      5.0    1   20    1   19      0.0      0.0    0      0.0   X1Sigma+
    21      5.0    1   21    1   20      0.0      0.0    0      0.0   X1Sigma+
    22      5.0    1   22    1   21      0.0      0.0    0      0.0   X1Sigma+
    23      5.0    1   23    1   22      0.0      0.0    0      0.0   X1Sigma+
    24      5.0    1   24    1   23      0.0      0.0    0      0.0   X1Sigma+
    25      5.0    1   25    1   24      0.0      0.0    0      0.0   X1Sigma+
    26      5.0    1   26    1   25      0.0      0.0    0      0.0   X1Sigma+
    27      5.0    1   27    1   26      0.0      0.0    0      0.0   X1Sigma+
    28      5.0    1   28    1   27      0.0      0.0    0      0.0   X1Sigma+
    29      5.0    1   29    1   28      0.0      0.0    0      0.0   X1Sigma+
    30      5.0    1   30    1   29      0.0      0.0    0      0.0   X1Sigma+
    31      5.0    1   31    1   30      0.0      0.0    0      0.0   X1Sigma+
    32      5.0    1   32    1   31      0.0      0.0    0      0.0   X1Sigma+
    33      5.0    1   33    1   32      0.0      0.0    0      0.0   X1Sigma+
    34      5.0    1   34    1   33      0.0      0.0    0      0.0   X1Sigma+
    35      5.0    1   35    1   34      0.0      0.0    0      0.0   X1Sigma+
    36      5.0    1   36    1   35      0.0      0.0    0      0.0   X1Sigma+
    37      5.0    1   37    1   36      0.0      0.0    0      0.0   X1Sigma+
    38      5.0    1   38    1   37      0.0      0.0    0      0.0   X1Sigma+
    39      5.0    1   39    1   38      0.0      0.0    0      0.0   X1Sigma+
    40      5.0    1   40    1   39      0.0      0.0    0      0.0   X1Sigma+
    41      5.0    1   41    1   40      0.0      0.0    0      0.0   X1Sigma+
    42      5.0    1   42    1   41      0.0      0.0    0      0.0   X1Sigma+
    43      5.0    1   43    1   42      0.0      0.0    0      0.0   X1Sigma+
    44      5.0    1   44    1   43      0.0      0.0    0      0.0   X1Sigma+
    45      5.0    1   45    1   44      0.0      0.0    0      0.0   X1Sigma+
    46      5.0    1   46    1   45      0.0      0.0    0      0.0   X1Sigma+
    47      5.0    1   47    1   46      0.0      0.0    0      0.0   X1Sigma+
    48      5.0    1   48    1   47      0.0      0.0    0      0.0   X1Sigma+
    49      5.0    1   49    1   48      0.0      0.0    0      0.0   X1Sigma+
    50      5.0    1   50    1   49      0.0      0.0    0      0.0   X1Sigma+


 Memory Report:
 Active Arrays                                          size (MB)
 GRID                                                       0.009                
 r-field                                                    0.010                
 icontrvib                                                  0.031                
 brot                                                       0.020                
 X1Sigma+                                                   0.020                
 BROT                                                       0.022                
 <X|mu|X>                                                   0.020                
 hmat                                                       0.020                
 eigens                                                     0.102                
 Total memory   =                                           0.260 MB
 Maximal memory =                                           2.504 MB (         8000.000)

 (       26 arrays contributing less than 1% are not shown)


Construct the hamiltonian matrix
...done!

Non-zero matrix elements of the coupled Sigma-Lambda matrix:
Threshold for printing is   2.22E-16 cm^-1
RV == Rotational-vibrational
SO == Spin-Orbit interaction
SS == Spin-Spin interaction
JS == J.S interaction (aka S-uncoupling)
LS == L.J interaction (aka L-uncoupling)
LS == L.S interaction (spin-electronic)
RV=         -4.460;
 


Eigenvalues for J =      5.0

       J      i        Energy/cm  State   v  lambda spin   sigma   omega  parity
       5.0    1         57.362216   1     0   0     0.0     0.0     0.0   -    ||X1Sigma+
       5.0    2       2163.573990   1     1   0     0.0     0.0     0.0   -    ||X1Sigma+
       5.0    3       4258.879465   1     2   0     0.0     0.0     0.0   -    ||X1Sigma+
       5.0    4       6338.872787   1     3   0     0.0     0.0     0.0   -    ||X1Sigma+
       5.0    5       8397.726203   1     4   0     0.0     0.0     0.0   -    ||X1Sigma+
       5.0    6      10433.363242   1     5   0     0.0     0.0     0.0   -    ||X1Sigma+
       5.0    7      12445.157388   1     6   0     0.0     0.0     0.0   -    ||X1Sigma+
       5.0    8      14431.993716   1     7   0     0.0     0.0     0.0   -    ||X1Sigma+
       5.0    9      16393.312603   1     8   0     0.0     0.0     0.0   -    ||X1Sigma+
       5.0   10      18328.691162   1     9   0     0.0     0.0     0.0   -    ||X1Sigma+
       5.0   11      20237.947663   1    10   0     0.0     0.0     0.0   -    ||X1Sigma+
       5.0   12      22120.893553   1    11   0     0.0     0.0     0.0   -    ||X1Sigma+
       5.0   13      23977.482521   1    12   0     0.0     0.0     0.0   -    ||X1Sigma+
       5.0   14      25807.837055   1    13   0     0.0     0.0     0.0   -    ||X1Sigma+
       5.0   15      27612.011056   1    14   0     0.0     0.0     0.0   -    ||X1Sigma+
       5.0   16      29390.089688   1    15   0     0.0     0.0     0.0   -    ||X1Sigma+
       5.0   17      31142.226212   1    16   0     0.0     0.0     0.0   -    ||X1Sigma+
       5.0   18      32868.488424   1    17   0     0.0     0.0     0.0   -    ||X1Sigma+
       5.0   19      34568.942640   1    18   0     0.0     0.0     0.0   -    ||X1Sigma+
       5.0   20      36243.651272   1    19   0     0.0     0.0     0.0   -    ||X1Sigma+
       5.0   21      37892.606005   1    20   0     0.0     0.0     0.0   -    ||X1Sigma+
       5.0   22      39515.743492   1    21   0     0.0     0.0     0.0   -    ||X1Sigma+
       5.0   23      41112.893927   1    22   0     0.0     0.0     0.0   -    ||X1Sigma+
       5.0   24      42683.712211   1    23   0     0.0     0.0     0.0   -    ||X1Sigma+
       5.0   25      44227.655510   1    24   0     0.0     0.0     0.0   -    ||X1Sigma+
       5.0   26      45743.894712   1    25   0     0.0     0.0     0.0   -    ||X1Sigma+
       5.0   27      47231.170463   1    26   0     0.0     0.0     0.0   -    ||X1Sigma+
       5.0   28      48687.594084   1    27   0     0.0     0.0     0.0   -    ||X1Sigma+
       5.0   29      50110.406133   1    28   0     0.0     0.0     0.0   -    ||X1Sigma+
       5.0   30      51495.701788   1    29   0     0.0     0.0     0.0   -    ||X1Sigma+
       5.0   31      52838.195500   1    30   0     0.0     0.0     0.0   -    ||X1Sigma+
       5.0   32      54131.876319   1    31   0     0.0     0.0     0.0   -    ||X1Sigma+
       5.0   33      55372.724703   1    32   0     0.0     0.0     0.0   -    ||X1Sigma+
       5.0   34      56561.581297   1    33   0     0.0     0.0     0.0   -    ||X1Sigma+
       5.0   35      57700.175983   1    34   0     0.0     0.0     0.0   -    ||X1Sigma+
       5.0   36      58785.335588   1    35   0     0.0     0.0     0.0   -    ||X1Sigma+
       5.0   37      59815.871283   1    36   0     0.0     0.0     0.0   -    ||X1Sigma+
       5.0   38      60792.706141   1    37   0     0.0     0.0     0.0   -    ||X1Sigma+
       5.0   39      61714.572206   1    38   0     0.0     0.0     0.0   -    ||X1Sigma+
       5.0   40      62582.045600   1    39   0     0.0     0.0     0.0   -    ||X1Sigma+
       5.0   41      63394.582305   1    40   0     0.0     0.0     0.0   -    ||X1Sigma+
       5.0   42      64152.902551   1    41   0     0.0     0.0     0.0   -    ||X1Sigma+
       5.0   43      64857.334846   1    42   0     0.0     0.0     0.0   -    ||X1Sigma+
       5.0   44      65508.445933   1    43   0     0.0     0.0     0.0   -    ||X1Sigma+
       5.0   45      66107.288390   1    44   0     0.0     0.0     0.0   -    ||X1Sigma+
       5.0   46      66654.816502   1    45   0     0.0     0.0     0.0   -    ||X1Sigma+
       5.0   47      67152.243086   1    46   0     0.0     0.0     0.0   -    ||X1Sigma+
       5.0   48      67601.051125   1    47   0     0.0     0.0     0.0   -    ||X1Sigma+
       5.0   49      68002.891232   1    48   0     0.0     0.0     0.0   -    ||X1Sigma+
       5.0   50      68359.645364   1    49   0     0.0     0.0     0.0   -    ||X1Sigma+

Zero point energy (ZPE) =    1056.185498244544

j =       6.0

Define the quanta book-keeping
The total number sigma/lambda states (size of the sigma-lambda submatrix) = 1

Sigma-Lambda basis set:
     i     jrot  state   spin    sigma lambda   omega
     1      6.0    1      0.0      0.0    0      0.0   X1Sigma+
...done!

Contracted basis set:
     i     jrot ilevel ivib state v     spin    sigma lambda   omega   Name
     1      6.0    1    1    1    0      0.0      0.0    0      0.0   X1Sigma+
     2      6.0    1    2    1    1      0.0      0.0    0      0.0   X1Sigma+
     3      6.0    1    3    1    2      0.0      0.0    0      0.0   X1Sigma+
     4      6.0    1    4    1    3      0.0      0.0    0      0.0   X1Sigma+
     5      6.0    1    5    1    4      0.0      0.0    0      0.0   X1Sigma+
     6      6.0    1    6    1    5      0.0      0.0    0      0.0   X1Sigma+
     7      6.0    1    7    1    6      0.0      0.0    0      0.0   X1Sigma+
     8      6.0    1    8    1    7      0.0      0.0    0      0.0   X1Sigma+
     9      6.0    1    9    1    8      0.0      0.0    0      0.0   X1Sigma+
    10      6.0    1   10    1    9      0.0      0.0    0      0.0   X1Sigma+
    11      6.0    1   11    1   10      0.0      0.0    0      0.0   X1Sigma+
    12      6.0    1   12    1   11      0.0      0.0    0      0.0   X1Sigma+
    13      6.0    1   13    1   12      0.0      0.0    0      0.0   X1Sigma+
    14      6.0    1   14    1   13      0.0      0.0    0      0.0   X1Sigma+
    15      6.0    1   15    1   14      0.0      0.0    0      0.0   X1Sigma+
    16      6.0    1   16    1   15      0.0      0.0    0      0.0   X1Sigma+
    17      6.0    1   17    1   16      0.0      0.0    0      0.0   X1Sigma+
    18      6.0    1   18    1   17      0.0      0.0    0      0.0   X1Sigma+
    19      6.0    1   19    1   18      0.0      0.0    0      0.0   X1Sigma+
    20      6.0    1   20    1   19      0.0      0.0    0      0.0   X1Sigma+
    21      6.0    1   21    1   20      0.0      0.0    0      0.0   X1Sigma+
    22      6.0    1   22    1   21      0.0      0.0    0      0.0   X1Sigma+
    23      6.0    1   23    1   22      0.0      0.0    0      0.0   X1Sigma+
    24      6.0    1   24    1   23      0.0      0.0    0      0.0   X1Sigma+
    25      6.0    1   25    1   24      0.0      0.0    0      0.0   X1Sigma+
    26      6.0    1   26    1   25      0.0      0.0    0      0.0   X1Sigma+
    27      6.0    1   27    1   26      0.0      0.0    0      0.0   X1Sigma+
    28      6.0    1   28    1   27      0.0      0.0    0      0.0   X1Sigma+
    29      6.0    1   29    1   28      0.0      0.0    0      0.0   X1Sigma+
    30      6.0    1   30    1   29      0.0      0.0    0      0.0   X1Sigma+
    31      6.0    1   31    1   30      0.0      0.0    0      0.0   X1Sigma+
    32      6.0    1   32    1   31      0.0      0.0    0      0.0   X1Sigma+
    33      6.0    1   33    1   32      0.0      0.0    0      0.0   X1Sigma+
    34      6.0    1   34    1   33      0.0      0.0    0      0.0   X1Sigma+
    35      6.0    1   35    1   34      0.0      0.0    0      0.0   X1Sigma+
    36      6.0    1   36    1   35      0.0      0.0    0      0.0   X1Sigma+
    37      6.0    1   37    1   36      0.0      0.0    0      0.0   X1Sigma+
    38      6.0    1   38    1   37      0.0      0.0    0      0.0   X1Sigma+
    39      6.0    1   39    1   38      0.0      0.0    0      0.0   X1Sigma+
    40      6.0    1   40    1   39      0.0      0.0    0      0.0   X1Sigma+
    41      6.0    1   41    1   40      0.0      0.0    0      0.0   X1Sigma+
    42      6.0    1   42    1   41      0.0      0.0    0      0.0   X1Sigma+
    43      6.0    1   43    1   42      0.0      0.0    0      0.0   X1Sigma+
    44      6.0    1   44    1   43      0.0      0.0    0      0.0   X1Sigma+
    45      6.0    1   45    1   44      0.0      0.0    0      0.0   X1Sigma+
    46      6.0    1   46    1   45      0.0      0.0    0      0.0   X1Sigma+
    47      6.0    1   47    1   46      0.0      0.0    0      0.0   X1Sigma+
    48      6.0    1   48    1   47      0.0      0.0    0      0.0   X1Sigma+
    49      6.0    1   49    1   48      0.0      0.0    0      0.0   X1Sigma+
    50      6.0    1   50    1   49      0.0      0.0    0      0.0   X1Sigma+


 Memory Report:
 Active Arrays                                          size (MB)
 GRID                                                       0.009                
 r-field                                                    0.010                
 icontrvib                                                  0.031                
 brot                                                       0.020                
 X1Sigma+                                                   0.020                
 BROT                                                       0.022                
 <X|mu|X>                                                   0.020                
 hmat                                                       0.020                
 eigens                                                     0.122                
 Total memory   =                                           0.280 MB
 Maximal memory =                                           2.504 MB (         8000.000)

 (       26 arrays contributing less than 1% are not shown)


Construct the hamiltonian matrix
...done!

Non-zero matrix elements of the coupled Sigma-Lambda matrix:
Threshold for printing is   2.22E-16 cm^-1
RV == Rotational-vibrational
SO == Spin-Orbit interaction
SS == Spin-Spin interaction
JS == J.S interaction (aka S-uncoupling)
LS == L.J interaction (aka L-uncoupling)
LS == L.S interaction (spin-electronic)
RV=         -6.245;
 


Eigenvalues for J =      6.0

       J      i        Energy/cm  State   v  lambda spin   sigma   omega  parity
       6.0    1         80.303957   1     0   0     0.0     0.0     0.0   +    ||X1Sigma+
       6.0    2       2186.326956   1     1   0     0.0     0.0     0.0   +    ||X1Sigma+
       6.0    3       4281.412098   1     2   0     0.0     0.0     0.0   +    ||X1Sigma+
       6.0    4       6361.179855   1     3   0     0.0     0.0     0.0   +    ||X1Sigma+
       6.0    5       8419.810982   1     4   0     0.0     0.0     0.0   +    ||X1Sigma+
       6.0    6      10455.227930   1     5   0     0.0     0.0     0.0   +    ||X1Sigma+
       6.0    7      12466.803582   1     6   0     0.0     0.0     0.0   +    ||X1Sigma+
       6.0    8      14453.424573   1     7   0     0.0     0.0     0.0   +    ||X1Sigma+
       6.0    9      16414.530719   1     8   0     0.0     0.0     0.0   +    ||X1Sigma+
       6.0   10      18349.698604   1     9   0     0.0     0.0     0.0   +    ||X1Sigma+
       6.0   11      20258.747348   1    10   0     0.0     0.0     0.0   +    ||X1Sigma+
       6.0   12      22141.487383   1    11   0     0.0     0.0     0.0   +    ||X1Sigma+
       6.0   13      23997.872067   1    12   0     0.0     0.0     0.0   +    ||X1Sigma+
       6.0   14      25828.023629   1    13   0     0.0     0.0     0.0   +    ||X1Sigma+
       6.0   15      27631.995627   1    14   0     0.0     0.0     0.0   +    ||X1Sigma+
       6.0   16      29409.873157   1    15   0     0.0     0.0     0.0   +    ||X1Sigma+
       6.0   17      31161.809180   1    16   0     0.0     0.0     0.0   +    ||X1Sigma+
       6.0   18      32887.871301   1    17   0     0.0     0.0     0.0   +    ||X1Sigma+
       6.0   19      34588.125774   1    18   0     0.0     0.0     0.0   +    ||X1Sigma+
       6.0   20      36262.634521   1    19   0     0.0     0.0     0.0   +    ||X1Sigma+
       6.0   21      37911.388669   1    20   0     0.0     0.0     0.0   +    ||X1Sigma+
       6.0   22      39534.324511   1    21   0     0.0     0.0     0.0   +    ||X1Sigma+
       6.0   23      41131.271474   1    22   0     0.0     0.0     0.0   +    ||X1Sigma+
       6.0   24      42701.883267   1    23   0     0.0     0.0     0.0   +    ||X1Sigma+
       6.0   25      44245.615653   1    24   0     0.0     0.0     0.0   +    ||X1Sigma+
       6.0   26      45761.637526   1    25   0     0.0     0.0     0.0   +    ||X1Sigma+
       6.0   27      47248.686425   1    26   0     0.0     0.0     0.0   +    ||X1Sigma+
       6.0   28      48704.869218   1    27   0     0.0     0.0     0.0   +    ||X1Sigma+
       6.0   29      50127.420433   1    28   0     0.0     0.0     0.0   +    ||X1Sigma+
       6.0   30      51512.427083   1    29   0     0.0     0.0     0.0   +    ||X1Sigma+
       6.0   31      52854.594958   1    30   0     0.0     0.0     0.0   +    ||X1Sigma+
       6.0   32      54147.912419   1    31   0     0.0     0.0     0.0   +    ||X1Sigma+
       6.0   33      55388.379620   1    32   0     0.0     0.0     0.0   +    ||X1Sigma+
       6.0   34      56576.861651   1    33   0     0.0     0.0     0.0   +    ||X1Sigma+
       6.0   35      57715.069215   1    34   0     0.0     0.0     0.0   +    ||X1Sigma+
       6.0   36      58799.809936   1    35   0     0.0     0.0     0.0   +    ||X1Sigma+
       6.0   37      59829.925780   1    36   0     0.0     0.0     0.0   +    ||X1Sigma+
       6.0   38      60806.324071   1    37   0     0.0     0.0     0.0   +    ||X1Sigma+
       6.0   39      61727.743727   1    38   0     0.0     0.0     0.0   +    ||X1Sigma+
       6.0   40      62594.755795   1    39   0     0.0     0.0     0.0   +    ||X1Sigma+
       6.0   41      63406.824059   1    40   0     0.0     0.0     0.0   +    ||X1Sigma+
       6.0   42      64164.661380   1    41   0     0.0     0.0     0.0   +    ||X1Sigma+
       6.0   43      64868.605364   1    42   0     0.0     0.0     0.0   +    ||X1Sigma+
       6.0   44      65519.217692   1    43   0     0.0     0.0     0.0   +    ||X1Sigma+
       6.0   45      66117.553514   1    44   0     0.0     0.0     0.0   +    ||X1Sigma+
       6.0   46      66664.571418   1    45   0     0.0     0.0     0.0   +    ||X1Sigma+
       6.0   47      67161.485012   1    46   0     0.0     0.0     0.0   +    ||X1Sigma+
       6.0   48      67609.781851   1    47   0     0.0     0.0     0.0   +    ||X1Sigma+
       6.0   49      68011.129032   1    48   0     0.0     0.0     0.0   +    ||X1Sigma+
       6.0   50      68367.508322   1    49   0     0.0     0.0     0.0   +    ||X1Sigma+

Zero point energy (ZPE) =    1056.185498244544

j =       7.0

Define the quanta book-keeping
The total number sigma/lambda states (size of the sigma-lambda submatrix) = 1

Sigma-Lambda basis set:
     i     jrot  state   spin    sigma lambda   omega
     1      7.0    1      0.0      0.0    0      0.0   X1Sigma+
...done!

Contracted basis set:
     i     jrot ilevel ivib state v     spin    sigma lambda   omega   Name
     1      7.0    1    1    1    0      0.0      0.0    0      0.0   X1Sigma+
     2      7.0    1    2    1    1      0.0      0.0    0      0.0   X1Sigma+
     3      7.0    1    3    1    2      0.0      0.0    0      0.0   X1Sigma+
     4      7.0    1    4    1    3      0.0      0.0    0      0.0   X1Sigma+
     5      7.0    1    5    1    4      0.0      0.0    0      0.0   X1Sigma+
     6      7.0    1    6    1    5      0.0      0.0    0      0.0   X1Sigma+
     7      7.0    1    7    1    6      0.0      0.0    0      0.0   X1Sigma+
     8      7.0    1    8    1    7      0.0      0.0    0      0.0   X1Sigma+
     9      7.0    1    9    1    8      0.0      0.0    0      0.0   X1Sigma+
    10      7.0    1   10    1    9      0.0      0.0    0      0.0   X1Sigma+
    11      7.0    1   11    1   10      0.0      0.0    0      0.0   X1Sigma+
    12      7.0    1   12    1   11      0.0      0.0    0      0.0   X1Sigma+
    13      7.0    1   13    1   12      0.0      0.0    0      0.0   X1Sigma+
    14      7.0    1   14    1   13      0.0      0.0    0      0.0   X1Sigma+
    15      7.0    1   15    1   14      0.0      0.0    0      0.0   X1Sigma+
    16      7.0    1   16    1   15      0.0      0.0    0      0.0   X1Sigma+
    17      7.0    1   17    1   16      0.0      0.0    0      0.0   X1Sigma+
    18      7.0    1   18    1   17      0.0      0.0    0      0.0   X1Sigma+
    19      7.0    1   19    1   18      0.0      0.0    0      0.0   X1Sigma+
    20      7.0    1   20    1   19      0.0      0.0    0      0.0   X1Sigma+
    21      7.0    1   21    1   20      0.0      0.0    0      0.0   X1Sigma+
    22      7.0    1   22    1   21      0.0      0.0    0      0.0   X1Sigma+
    23      7.0    1   23    1   22      0.0      0.0    0      0.0   X1Sigma+
    24      7.0    1   24    1   23      0.0      0.0    0      0.0   X1Sigma+
    25      7.0    1   25    1   24      0.0      0.0    0      0.0   X1Sigma+
    26      7.0    1   26    1   25      0.0      0.0    0      0.0   X1Sigma+
    27      7.0    1   27    1   26      0.0      0.0    0      0.0   X1Sigma+
    28      7.0    1   28    1   27      0.0      0.0    0      0.0   X1Sigma+
    29      7.0    1   29    1   28      0.0      0.0    0      0.0   X1Sigma+
    30      7.0    1   30    1   29      0.0      0.0    0      0.0   X1Sigma+
    31      7.0    1   31    1   30      0.0      0.0    0      0.0   X1Sigma+
    32      7.0    1   32    1   31      0.0      0.0    0      0.0   X1Sigma+
    33      7.0    1   33    1   32      0.0      0.0    0      0.0   X1Sigma+
    34      7.0    1   34    1   33      0.0      0.0    0      0.0   X1Sigma+
    35      7.0    1   35    1   34      0.0      0.0    0      0.0   X1Sigma+
    36      7.0    1   36    1   35      0.0      0.0    0      0.0   X1Sigma+
    37      7.0    1   37    1   36      0.0      0.0    0      0.0   X1Sigma+
    38      7.0    1   38    1   37      0.0      0.0    0      0.0   X1Sigma+
    39      7.0    1   39    1   38      0.0      0.0    0      0.0   X1Sigma+
    40      7.0    1   40    1   39      0.0      0.0    0      0.0   X1Sigma+
    41      7.0    1   41    1   40      0.0      0.0    0      0.0   X1Sigma+
    42      7.0    1   42    1   41      0.0      0.0    0      0.0   X1Sigma+
    43      7.0    1   43    1   42      0.0      0.0    0      0.0   X1Sigma+
    44      7.0    1   44    1   43      0.0      0.0    0      0.0   X1Sigma+
    45      7.0    1   45    1   44      0.0      0.0    0      0.0   X1Sigma+
    46      7.0    1   46    1   45      0.0      0.0    0      0.0   X1Sigma+
    47      7.0    1   47    1   46      0.0      0.0    0      0.0   X1Sigma+
    48      7.0    1   48    1   47      0.0      0.0    0      0.0   X1Sigma+
    49      7.0    1   49    1   48      0.0      0.0    0      0.0   X1Sigma+
    50      7.0    1   50    1   49      0.0      0.0    0      0.0   X1Sigma+


 Memory Report:
 Active Arrays                                          size (MB)
 GRID                                                       0.009                
 r-field                                                    0.010                
 icontrvib                                                  0.031                
 brot                                                       0.020                
 X1Sigma+                                                   0.020                
 BROT                                                       0.022                
 <X|mu|X>                                                   0.020                
 hmat                                                       0.020                
 eigens                                                     0.143                
 Total memory   =                                           0.300 MB
 Maximal memory =                                           2.504 MB (         8000.000)

 (       26 arrays contributing less than 1% are not shown)


Construct the hamiltonian matrix
...done!

Non-zero matrix elements of the coupled Sigma-Lambda matrix:
Threshold for printing is   2.22E-16 cm^-1
RV == Rotational-vibrational
SO == Spin-Orbit interaction
SS == Spin-Spin interaction
JS == J.S interaction (aka S-uncoupling)
LS == L.J interaction (aka L-uncoupling)
LS == L.S interaction (spin-electronic)
RV=         -8.326;
 


Eigenvalues for J =      7.0

       J      i        Energy/cm  State   v  lambda spin   sigma   omega  parity
       7.0    1        107.067051   1     0   0     0.0     0.0     0.0   -    ||X1Sigma+
       7.0    2       2212.869875   1     1   0     0.0     0.0     0.0   -    ||X1Sigma+
       7.0    3       4307.698012   1     2   0     0.0     0.0     0.0   -    ||X1Sigma+
       7.0    4       6387.202616   1     3   0     0.0     0.0     0.0   -    ||X1Sigma+
       7.0    5       8445.574413   1     4   0     0.0     0.0     0.0   -    ||X1Sigma+
       7.0    6      10480.734596   1     5   0     0.0     0.0     0.0   -    ||X1Sigma+
       7.0    7      12492.055333   1     6   0     0.0     0.0     0.0   -    ||X1Sigma+
       7.0    8      14478.425089   1     7   0     0.0     0.0     0.0   -    ||X1Sigma+
       7.0    9      16439.283027   1     8   0     0.0     0.0     0.0   -    ||X1Sigma+
       7.0   10      18374.205114   1     9   0     0.0     0.0     0.0   -    ||X1Sigma+
       7.0   11      20283.011460   1    10   0     0.0     0.0     0.0   -    ||X1Sigma+
       7.0   12      22165.511317   1    11   0     0.0     0.0     0.0   -    ||X1Sigma+
       7.0   13      24021.657658   1    12   0     0.0     0.0     0.0   -    ||X1Sigma+
       7.0   14      25851.572406   1    13   0     0.0     0.0     0.0   -    ||X1Sigma+
       7.0   15      27655.308720   1    14   0     0.0     0.0     0.0   -    ||X1Sigma+
       7.0   16      29432.951621   1    15   0     0.0     0.0     0.0   -    ||X1Sigma+
       7.0   17      31184.653710   1    16   0     0.0     0.0     0.0   -    ||X1Sigma+
       7.0   18      32910.482377   1    17   0     0.0     0.0     0.0   -    ||X1Sigma+
       7.0   19      34610.503801   1    18   0     0.0     0.0     0.0   -    ||X1Sigma+
       7.0   20      36284.779334   1    19   0     0.0     0.0     0.0   -    ||X1Sigma+
       7.0   21      37933.299449   1    20   0     0.0     0.0     0.0   -    ||X1Sigma+
       7.0   22      39556.000018   1    21   0     0.0     0.0     0.0   -    ||X1Sigma+
       7.0   23      41152.709570   1    22   0     0.0     0.0     0.0   -    ||X1Sigma+
       7.0   24      42723.080425   1    23   0     0.0     0.0     0.0   -    ||X1Sigma+
       7.0   25      44266.566704   1    24   0     0.0     0.0     0.0   -    ||X1Sigma+
       7.0   26      45782.334968   1    25   0     0.0     0.0     0.0   -    ||X1Sigma+
       7.0   27      47269.119125   1    26   0     0.0     0.0     0.0   -    ||X1Sigma+
       7.0   28      48725.020837   1    27   0     0.0     0.0     0.0   -    ||X1Sigma+
       7.0   29      50147.267578   1    28   0     0.0     0.0     0.0   -    ||X1Sigma+
       7.0   30      51531.936824   1    29   0     0.0     0.0     0.0   -    ||X1Sigma+
       7.0   31      52873.724265   1    30   0     0.0     0.0     0.0   -    ||X1Sigma+
       7.0   32      54166.617559   1    31   0     0.0     0.0     0.0   -    ||X1Sigma+
       7.0   33      55406.639992   1    32   0     0.0     0.0     0.0   -    ||X1Sigma+
       7.0   34      56594.685031   1    33   0     0.0     0.0     0.0   -    ||X1Sigma+
       7.0   35      57732.440671   1    34   0     0.0     0.0     0.0   -    ||X1Sigma+
       7.0   36      58816.692506   1    35   0     0.0     0.0     0.0   -    ||X1Sigma+
       7.0   37      59846.318456   1    36   0     0.0     0.0     0.0   -    ||X1Sigma+
       7.0   38      60822.207156   1    37   0     0.0     0.0     0.0   -    ||X1Sigma+
       7.0   39      61743.105903   1    38   0     0.0     0.0     0.0   -    ||X1Sigma+
       7.0   40      62609.579507   1    39   0     0.0     0.0     0.0   -    ||X1Sigma+
       7.0   41      63421.101163   1    40   0     0.0     0.0     0.0   -    ||X1Sigma+
       7.0   42      64178.374963   1    41   0     0.0     0.0     0.0   -    ||X1Sigma+
       7.0   43      64881.749249   1    42   0     0.0     0.0     0.0   -    ||X1Sigma+
       7.0   44      65531.780032   1    43   0     0.0     0.0     0.0   -    ||X1Sigma+
       7.0   45      66129.525522   1    44   0     0.0     0.0     0.0   -    ||X1Sigma+
       7.0   46      66675.949813   1    45   0     0.0     0.0     0.0   -    ||X1Sigma+
       7.0   47      67172.268291   1    46   0     0.0     0.0     0.0   -    ||X1Sigma+
       7.0   48      67619.975699   1    47   0     0.0     0.0     0.0   -    ||X1Sigma+
       7.0   49      68020.764843   1    48   0     0.0     0.0     0.0   -    ||X1Sigma+
       7.0   50      68376.784385   1    49   0     0.0     0.0     0.0   -    ||X1Sigma+

Zero point energy (ZPE) =    1056.185498244544

j =       8.0

Define the quanta book-keeping
The total number sigma/lambda states (size of the sigma-lambda submatrix) = 1

Sigma-Lambda basis set:
     i     jrot  state   spin    sigma lambda   omega
     1      8.0    1      0.0      0.0    0      0.0   X1Sigma+
...done!

Contracted basis set:
     i     jrot ilevel ivib state v     spin    sigma lambda   omega   Name
     1      8.0    1    1    1    0      0.0      0.0    0      0.0   X1Sigma+
     2      8.0    1    2    1    1      0.0      0.0    0      0.0   X1Sigma+
     3      8.0    1    3    1    2      0.0      0.0    0      0.0   X1Sigma+
     4      8.0    1    4    1    3      0.0      0.0    0      0.0   X1Sigma+
     5      8.0    1    5    1    4      0.0      0.0    0      0.0   X1Sigma+
     6      8.0    1    6    1    5      0.0      0.0    0      0.0   X1Sigma+
     7      8.0    1    7    1    6      0.0      0.0    0      0.0   X1Sigma+
     8      8.0    1    8    1    7      0.0      0.0    0      0.0   X1Sigma+
     9      8.0    1    9    1    8      0.0      0.0    0      0.0   X1Sigma+
    10      8.0    1   10    1    9      0.0      0.0    0      0.0   X1Sigma+
    11      8.0    1   11    1   10      0.0      0.0    0      0.0   X1Sigma+
    12      8.0    1   12    1   11      0.0      0.0    0      0.0   X1Sigma+
    13      8.0    1   13    1   12      0.0      0.0    0      0.0   X1Sigma+
    14      8.0    1   14    1   13      0.0      0.0    0      0.0   X1Sigma+
    15      8.0    1   15    1   14      0.0      0.0    0      0.0   X1Sigma+
    16      8.0    1   16    1   15      0.0      0.0    0      0.0   X1Sigma+
    17      8.0    1   17    1   16      0.0      0.0    0      0.0   X1Sigma+
    18      8.0    1   18    1   17      0.0      0.0    0      0.0   X1Sigma+
    19      8.0    1   19    1   18      0.0      0.0    0      0.0   X1Sigma+
    20      8.0    1   20    1   19      0.0      0.0    0      0.0   X1Sigma+
    21      8.0    1   21    1   20      0.0      0.0    0      0.0   X1Sigma+
    22      8.0    1   22    1   21      0.0      0.0    0      0.0   X1Sigma+
    23      8.0    1   23    1   22      0.0      0.0    0      0.0   X1Sigma+
    24      8.0    1   24    1   23      0.0      0.0    0      0.0   X1Sigma+
    25      8.0    1   25    1   24      0.0      0.0    0      0.0   X1Sigma+
    26      8.0    1   26    1   25      0.0      0.0    0      0.0   X1Sigma+
    27      8.0    1   27    1   26      0.0      0.0    0      0.0   X1Sigma+
    28      8.0    1   28    1   27      0.0      0.0    0      0.0   X1Sigma+
    29      8.0    1   29    1   28      0.0      0.0    0      0.0   X1Sigma+
    30      8.0    1   30    1   29      0.0      0.0    0      0.0   X1Sigma+
    31      8.0    1   31    1   30      0.0      0.0    0      0.0   X1Sigma+
    32      8.0    1   32    1   31      0.0      0.0    0      0.0   X1Sigma+
    33      8.0    1   33    1   32      0.0      0.0    0      0.0   X1Sigma+
    34      8.0    1   34    1   33      0.0      0.0    0      0.0   X1Sigma+
    35      8.0    1   35    1   34      0.0      0.0    0      0.0   X1Sigma+
    36      8.0    1   36    1   35      0.0      0.0    0      0.0   X1Sigma+
    37      8.0    1   37    1   36      0.0      0.0    0      0.0   X1Sigma+
    38      8.0    1   38    1   37      0.0      0.0    0      0.0   X1Sigma+
    39      8.0    1   39    1   38      0.0      0.0    0      0.0   X1Sigma+
    40      8.0    1   40    1   39      0.0      0.0    0      0.0   X1Sigma+
    41      8.0    1   41    1   40      0.0      0.0    0      0.0   X1Sigma+
    42      8.0    1   42    1   41      0.0      0.0    0      0.0   X1Sigma+
    43      8.0    1   43    1   42      0.0      0.0    0      0.0   X1Sigma+
    44      8.0    1   44    1   43      0.0      0.0    0      0.0   X1Sigma+
    45      8.0    1   45    1   44      0.0      0.0    0      0.0   X1Sigma+
    46      8.0    1   46    1   45      0.0      0.0    0      0.0   X1Sigma+
    47      8.0    1   47    1   46      0.0      0.0    0      0.0   X1Sigma+
    48      8.0    1   48    1   47      0.0      0.0    0      0.0   X1Sigma+
    49      8.0    1   49    1   48      0.0      0.0    0      0.0   X1Sigma+
    50      8.0    1   50    1   49      0.0      0.0    0      0.0   X1Sigma+


 Memory Report:
 Active Arrays                                          size (MB)
 GRID                                                       0.009                
 r-field                                                    0.010                
 icontrvib                                                  0.031                
 brot                                                       0.020                
 X1Sigma+                                                   0.020                
 BROT                                                       0.022                
 <X|mu|X>                                                   0.020                
 hmat                                                       0.020                
 eigens                                                     0.163                
 Total memory   =                                           0.321 MB
 Maximal memory =                                           2.504 MB (         8000.000)

 (       26 arrays contributing less than 1% are not shown)


Construct the hamiltonian matrix
...done!

Non-zero matrix elements of the coupled Sigma-Lambda matrix:
Threshold for printing is   2.22E-16 cm^-1
RV == Rotational-vibrational
SO == Spin-Orbit interaction
SS == Spin-Spin interaction
JS == J.S interaction (aka S-uncoupling)
LS == L.J interaction (aka L-uncoupling)
LS == L.S interaction (spin-electronic)
RV=        -10.705;
 


Eigenvalues for J =      8.0

       J      i        Energy/cm  State   v  lambda spin   sigma   omega  parity
       8.0    1        137.650450   1     0   0     0.0     0.0     0.0   +    ||X1Sigma+
       8.0    2       2243.201727   1     1   0     0.0     0.0     0.0   +    ||X1Sigma+
       8.0    3       4337.736211   1     2   0     0.0     0.0     0.0   +    ||X1Sigma+
       8.0    4       6416.940078   1     3   0     0.0     0.0     0.0   +    ||X1Sigma+
       8.0    5       8475.015503   1     4   0     0.0     0.0     0.0   +    ||X1Sigma+
       8.0    6      10509.882252   1     5   0     0.0     0.0     0.0   +    ||X1Sigma+
       8.0    7      12520.911651   1     6   0     0.0     0.0     0.0   +    ||X1Sigma+
       8.0    8      14506.994272   1     7   0     0.0     0.0     0.0   +    ||X1Sigma+
       8.0    9      16467.568530   1     8   0     0.0     0.0     0.0   +    ||X1Sigma+
       8.0   10      18402.209691   1     9   0     0.0     0.0     0.0   +    ||X1Sigma+
       8.0   11      20310.738989   1    10   0     0.0     0.0     0.0   +    ||X1Sigma+
       8.0   12      22192.964339   1    11   0     0.0     0.0     0.0   +    ||X1Sigma+
       8.0   13      24048.838272   1    12   0     0.0     0.0     0.0   +    ||X1Sigma+
       8.0   14      25878.482358   1    13   0     0.0     0.0     0.0   +    ||X1Sigma+
       8.0   15      27681.949302   1    14   0     0.0     0.0     0.0   +    ||X1Sigma+
       8.0   16      29459.324039   1    15   0     0.0     0.0     0.0   +    ||X1Sigma+
       8.0   17      31210.758757   1    16   0     0.0     0.0     0.0   +    ||X1Sigma+
       8.0   18      32936.320600   1    17   0     0.0     0.0     0.0   +    ||X1Sigma+
       8.0   19      34636.075664   1    18   0     0.0     0.0     0.0   +    ||X1Sigma+
       8.0   20      36310.084645   1    19   0     0.0     0.0     0.0   +    ||X1Sigma+
       8.0   21      37958.337270   1    20   0     0.0     0.0     0.0   +    ||X1Sigma+
       8.0   22      39580.768928   1    21   0     0.0     0.0     0.0   +    ||X1Sigma+
       8.0   23      41177.207118   1    22   0     0.0     0.0     0.0   +    ||X1Sigma+
       8.0   24      42747.302573   1    23   0     0.0     0.0     0.0   +    ||X1Sigma+
       8.0   25      44290.507531   1    24   0     0.0     0.0     0.0   +    ||X1Sigma+
       8.0   26      45805.985881   1    25   0     0.0     0.0     0.0   +    ||X1Sigma+
       8.0   27      47292.467369   1    26   0     0.0     0.0     0.0   +    ||X1Sigma+
       8.0   28      48748.047691   1    27   0     0.0     0.0     0.0   +    ||X1Sigma+
       8.0   29      50169.946244   1    28   0     0.0     0.0     0.0   +    ||X1Sigma+
       8.0   30      51554.229576   1    29   0     0.0     0.0     0.0   +    ||X1Sigma+
       8.0   31      52895.581851   1    30   0     0.0     0.0     0.0   +    ||X1Sigma+
       8.0   32      54187.990053   1    31   0     0.0     0.0     0.0   +    ||X1Sigma+
       8.0   33      55427.504112   1    32   0     0.0     0.0     0.0   +    ||X1Sigma+
       8.0   34      56615.049729   1    33   0     0.0     0.0     0.0   +    ||X1Sigma+
       8.0   35      57752.288512   1    34   0     0.0     0.0     0.0   +    ||X1Sigma+
       8.0   36      58835.981373   1    35   0     0.0     0.0     0.0   +    ||X1Sigma+
       8.0   37      59865.047352   1    36   0     0.0     0.0     0.0   +    ||X1Sigma+
       8.0   38      60840.353313   1    37   0     0.0     0.0     0.0   +    ||X1Sigma+
       8.0   39      61760.656603   1    38   0     0.0     0.0     0.0   +    ||X1Sigma+
       8.0   40      62626.514488   1    39   0     0.0     0.0     0.0   +    ||X1Sigma+
       8.0   41      63437.411314   1    40   0     0.0     0.0     0.0   +    ||X1Sigma+
       8.0   42      64194.040927   1    41   0     0.0     0.0     0.0   +    ||X1Sigma+
       8.0   43      64896.764089   1    42   0     0.0     0.0     0.0   +    ||X1Sigma+
       8.0   44      65546.130628   1    43   0     0.0     0.0     0.0   +    ||X1Sigma+
       8.0   45      66143.202307   1    44   0     0.0     0.0     0.0   +    ||X1Sigma+
       8.0   46      66688.950127   1    45   0     0.0     0.0     0.0   +    ||X1Sigma+
       8.0   47      67184.592593   1    46   0     0.0     0.0     0.0   +    ||X1Sigma+
       8.0   48      67631.635064   1    47   0     0.0     0.0     0.0   +    ||X1Sigma+
       8.0   49      68031.808361   1    48   0     0.0     0.0     0.0   +    ||X1Sigma+
       8.0   50      68387.525972   1    49   0     0.0     0.0     0.0   +    ||X1Sigma+

Zero point energy (ZPE) =    1056.185498244544

j =       9.0

Define the quanta book-keeping
The total number sigma/lambda states (size of the sigma-lambda submatrix) = 1

Sigma-Lambda basis set:
     i     jrot  state   spin    sigma lambda   omega
     1      9.0    1      0.0      0.0    0      0.0   X1Sigma+
...done!

Contracted basis set:
     i     jrot ilevel ivib state v     spin    sigma lambda   omega   Name
     1      9.0    1    1    1    0      0.0      0.0    0      0.0   X1Sigma+
     2      9.0    1    2    1    1      0.0      0.0    0      0.0   X1Sigma+
     3      9.0    1    3    1    2      0.0      0.0    0      0.0   X1Sigma+
     4      9.0    1    4    1    3      0.0      0.0    0      0.0   X1Sigma+
     5      9.0    1    5    1    4      0.0      0.0    0      0.0   X1Sigma+
     6      9.0    1    6    1    5      0.0      0.0    0      0.0   X1Sigma+
     7      9.0    1    7    1    6      0.0      0.0    0      0.0   X1Sigma+
     8      9.0    1    8    1    7      0.0      0.0    0      0.0   X1Sigma+
     9      9.0    1    9    1    8      0.0      0.0    0      0.0   X1Sigma+
    10      9.0    1   10    1    9      0.0      0.0    0      0.0   X1Sigma+
    11      9.0    1   11    1   10      0.0      0.0    0      0.0   X1Sigma+
    12      9.0    1   12    1   11      0.0      0.0    0      0.0   X1Sigma+
    13      9.0    1   13    1   12      0.0      0.0    0      0.0   X1Sigma+
    14      9.0    1   14    1   13      0.0      0.0    0      0.0   X1Sigma+
    15      9.0    1   15    1   14      0.0      0.0    0      0.0   X1Sigma+
    16      9.0    1   16    1   15      0.0      0.0    0      0.0   X1Sigma+
    17      9.0    1   17    1   16      0.0      0.0    0      0.0   X1Sigma+
    18      9.0    1   18    1   17      0.0      0.0    0      0.0   X1Sigma+
    19      9.0    1   19    1   18      0.0      0.0    0      0.0   X1Sigma+
    20      9.0    1   20    1   19      0.0      0.0    0      0.0   X1Sigma+
    21      9.0    1   21    1   20      0.0      0.0    0      0.0   X1Sigma+
    22      9.0    1   22    1   21      0.0      0.0    0      0.0   X1Sigma+
    23      9.0    1   23    1   22      0.0      0.0    0      0.0   X1Sigma+
    24      9.0    1   24    1   23      0.0      0.0    0      0.0   X1Sigma+
    25      9.0    1   25    1   24      0.0      0.0    0      0.0   X1Sigma+
    26      9.0    1   26    1   25      0.0      0.0    0      0.0   X1Sigma+
    27      9.0    1   27    1   26      0.0      0.0    0      0.0   X1Sigma+
    28      9.0    1   28    1   27      0.0      0.0    0      0.0   X1Sigma+
    29      9.0    1   29    1   28      0.0      0.0    0      0.0   X1Sigma+
    30      9.0    1   30    1   29      0.0      0.0    0      0.0   X1Sigma+
    31      9.0    1   31    1   30      0.0      0.0    0      0.0   X1Sigma+
    32      9.0    1   32    1   31      0.0      0.0    0      0.0   X1Sigma+
    33      9.0    1   33    1   32      0.0      0.0    0      0.0   X1Sigma+
    34      9.0    1   34    1   33      0.0      0.0    0      0.0   X1Sigma+
    35      9.0    1   35    1   34      0.0      0.0    0      0.0   X1Sigma+
    36      9.0    1   36    1   35      0.0      0.0    0      0.0   X1Sigma+
    37      9.0    1   37    1   36      0.0      0.0    0      0.0   X1Sigma+
    38      9.0    1   38    1   37      0.0      0.0    0      0.0   X1Sigma+
    39      9.0    1   39    1   38      0.0      0.0    0      0.0   X1Sigma+
    40      9.0    1   40    1   39      0.0      0.0    0      0.0   X1Sigma+
    41      9.0    1   41    1   40      0.0      0.0    0      0.0   X1Sigma+
    42      9.0    1   42    1   41      0.0      0.0    0      0.0   X1Sigma+
    43      9.0    1   43    1   42      0.0      0.0    0      0.0   X1Sigma+
    44      9.0    1   44    1   43      0.0      0.0    0      0.0   X1Sigma+
    45      9.0    1   45    1   44      0.0      0.0    0      0.0   X1Sigma+
    46      9.0    1   46    1   45      0.0      0.0    0      0.0   X1Sigma+
    47      9.0    1   47    1   46      0.0      0.0    0      0.0   X1Sigma+
    48      9.0    1   48    1   47      0.0      0.0    0      0.0   X1Sigma+
    49      9.0    1   49    1   48      0.0      0.0    0      0.0   X1Sigma+
    50      9.0    1   50    1   49      0.0      0.0    0      0.0   X1Sigma+


 Memory Report:
 Active Arrays                                          size (MB)
 GRID                                                       0.009                
 r-field                                                    0.010                
 icontrvib                                                  0.031                
 brot                                                       0.020                
 X1Sigma+                                                   0.020                
 BROT                                                       0.022                
 <X|mu|X>                                                   0.020                
 hmat                                                       0.020                
 eigens                                                     0.184                
 Total memory   =                                           0.341 MB
 Maximal memory =                                           2.504 MB (         8000.000)

 (       26 arrays contributing less than 1% are not shown)


Construct the hamiltonian matrix
...done!

Non-zero matrix elements of the coupled Sigma-Lambda matrix:
Threshold for printing is   2.22E-16 cm^-1
RV == Rotational-vibrational
SO == Spin-Orbit interaction
SS == Spin-Spin interaction
JS == J.S interaction (aka S-uncoupling)
LS == L.J interaction (aka L-uncoupling)
LS == L.S interaction (spin-electronic)
RV=        -13.381;
 


Eigenvalues for J =      9.0

       J      i        Energy/cm  State   v  lambda spin   sigma   omega  parity
       9.0    1        172.052956   1     0   0     0.0     0.0     0.0   -    ||X1Sigma+
       9.0    2       2277.321348   1     1   0     0.0     0.0     0.0   -    ||X1Sigma+
       9.0    3       4371.525556   1     2   0     0.0     0.0     0.0   -    ||X1Sigma+
       9.0    4       6450.391106   1     3   0     0.0     0.0     0.0   -    ||X1Sigma+
       9.0    5       8508.133122   1     4   0     0.0     0.0     0.0   -    ||X1Sigma+
       9.0    6      10542.669772   1     5   0     0.0     0.0     0.0   -    ||X1Sigma+
       9.0    7      12553.371405   1     6   0     0.0     0.0     0.0   -    ||X1Sigma+
       9.0    8      14539.130989   1     7   0     0.0     0.0     0.0   -    ||X1Sigma+
       9.0    9      16499.386089   1     8   0     0.0     0.0     0.0   -    ||X1Sigma+
       9.0   10      18433.711188   1     9   0     0.0     0.0     0.0   -    ||X1Sigma+
       9.0   11      20341.928781   1    10   0     0.0     0.0     0.0   -    ||X1Sigma+
       9.0   12      22223.845286   1    11   0     0.0     0.0     0.0   -    ||X1Sigma+
       9.0   13      24079.412744   1    12   0     0.0     0.0     0.0   -    ||X1Sigma+
       9.0   14      25908.752312   1    13   0     0.0     0.0     0.0   -    ||X1Sigma+
       9.0   15      27711.916191   1    14   0     0.0     0.0     0.0   -    ||X1Sigma+
       9.0   16      29488.989226   1    15   0     0.0     0.0     0.0   -    ||X1Sigma+
       9.0   17      31240.123127   1    16   0     0.0     0.0     0.0   -    ||X1Sigma+
       9.0   18      32965.384768   1    17   0     0.0     0.0     0.0   -    ||X1Sigma+
       9.0   19      34664.840152   1    18   0     0.0     0.0     0.0   -    ||X1Sigma+
       9.0   20      36338.549234   1    19   0     0.0     0.0     0.0   -    ||X1Sigma+
       9.0   21      37986.500905   1    20   0     0.0     0.0     0.0   -    ||X1Sigma+
       9.0   22      39608.630002   1    21   0     0.0     0.0     0.0   -    ||X1Sigma+
       9.0   23      41204.762867   1    22   0     0.0     0.0     0.0   -    ||X1Sigma+
       9.0   24      42774.548442   1    23   0     0.0     0.0     0.0   -    ||X1Sigma+
       9.0   25      44317.436842   1    24   0     0.0     0.0     0.0   -    ||X1Sigma+
       9.0   26      45832.588942   1    25   0     0.0     0.0     0.0   -    ||X1Sigma+
       9.0   27      47318.729789   1    26   0     0.0     0.0     0.0   -    ||X1Sigma+
       9.0   28      48773.948351   1    27   0     0.0     0.0     0.0   -    ||X1Sigma+
       9.0   29      50195.454914   1    28   0     0.0     0.0     0.0   -    ||X1Sigma+
       9.0   30      51579.303698   1    29   0     0.0     0.0     0.0   -    ||X1Sigma+
       9.0   31      52920.165920   1    30   0     0.0     0.0     0.0   -    ||X1Sigma+
       9.0   32      54212.027978   1    31   0     0.0     0.0     0.0   -    ||X1Sigma+
       9.0   33      55450.970029   1    32   0     0.0     0.0     0.0   -    ||X1Sigma+
       9.0   34      56637.953790   1    33   0     0.0     0.0     0.0   -    ||X1Sigma+
       9.0   35      57774.610629   1    34   0     0.0     0.0     0.0   -    ||X1Sigma+
       9.0   36      58857.674337   1    35   0     0.0     0.0     0.0   -    ||X1Sigma+
       9.0   37      59886.110225   1    36   0     0.0     0.0     0.0   -    ||X1Sigma+
       9.0   38      60860.760161   1    37   0     0.0     0.0     0.0   -    ||X1Sigma+
       9.0   39      61780.393389   1    38   0     0.0     0.0     0.0   -    ||X1Sigma+
       9.0   40      62645.558159   1    39   0     0.0     0.0     0.0   -    ||X1Sigma+
       9.0   41      63455.751863   1    40   0     0.0     0.0     0.0   -    ||X1Sigma+
       9.0   42      64211.656535   1    41   0     0.0     0.0     0.0   -    ||X1Sigma+
       9.0   43      64913.647069   1    42   0     0.0     0.0     0.0   -    ||X1Sigma+
       9.0   44      65562.266718   1    43   0     0.0     0.0     0.0   -    ||X1Sigma+
       9.0   45      66158.581281   1    44   0     0.0     0.0     0.0   -    ||X1Sigma+
       9.0   46      66703.570254   1    45   0     0.0     0.0     0.0   -    ||X1Sigma+
       9.0   47      67198.456984   1    46   0     0.0     0.0     0.0   -    ||X1Sigma+
       9.0   48      67644.761727   1    47   0     0.0     0.0     0.0   -    ||X1Sigma+
       9.0   49      68044.269105   1    48   0     0.0     0.0     0.0   -    ||X1Sigma+
       9.0   50      68399.796801   1    49   0     0.0     0.0     0.0   -    ||X1Sigma+

Zero point energy (ZPE) =    1056.185498244544

j =      10.0

Define the quanta book-keeping
The total number sigma/lambda states (size of the sigma-lambda submatrix) = 1

Sigma-Lambda basis set:
     i     jrot  state   spin    sigma lambda   omega
     1     10.0    1      0.0      0.0    0      0.0   X1Sigma+
...done!

Contracted basis set:
     i     jrot ilevel ivib state v     spin    sigma lambda   omega   Name
     1     10.0    1    1    1    0      0.0      0.0    0      0.0   X1Sigma+
     2     10.0    1    2    1    1      0.0      0.0    0      0.0   X1Sigma+
     3     10.0    1    3    1    2      0.0      0.0    0      0.0   X1Sigma+
     4     10.0    1    4    1    3      0.0      0.0    0      0.0   X1Sigma+
     5     10.0    1    5    1    4      0.0      0.0    0      0.0   X1Sigma+
     6     10.0    1    6    1    5      0.0      0.0    0      0.0   X1Sigma+
     7     10.0    1    7    1    6      0.0      0.0    0      0.0   X1Sigma+
     8     10.0    1    8    1    7      0.0      0.0    0      0.0   X1Sigma+
     9     10.0    1    9    1    8      0.0      0.0    0      0.0   X1Sigma+
    10     10.0    1   10    1    9      0.0      0.0    0      0.0   X1Sigma+
    11     10.0    1   11    1   10      0.0      0.0    0      0.0   X1Sigma+
    12     10.0    1   12    1   11      0.0      0.0    0      0.0   X1Sigma+
    13     10.0    1   13    1   12      0.0      0.0    0      0.0   X1Sigma+
    14     10.0    1   14    1   13      0.0      0.0    0      0.0   X1Sigma+
    15     10.0    1   15    1   14      0.0      0.0    0      0.0   X1Sigma+
    16     10.0    1   16    1   15      0.0      0.0    0      0.0   X1Sigma+
    17     10.0    1   17    1   16      0.0      0.0    0      0.0   X1Sigma+
    18     10.0    1   18    1   17      0.0      0.0    0      0.0   X1Sigma+
    19     10.0    1   19    1   18      0.0      0.0    0      0.0   X1Sigma+
    20     10.0    1   20    1   19      0.0      0.0    0      0.0   X1Sigma+
    21     10.0    1   21    1   20      0.0      0.0    0      0.0   X1Sigma+
    22     10.0    1   22    1   21      0.0      0.0    0      0.0   X1Sigma+
    23     10.0    1   23    1   22      0.0      0.0    0      0.0   X1Sigma+
    24     10.0    1   24    1   23      0.0      0.0    0      0.0   X1Sigma+
    25     10.0    1   25    1   24      0.0      0.0    0      0.0   X1Sigma+
    26     10.0    1   26    1   25      0.0      0.0    0      0.0   X1Sigma+
    27     10.0    1   27    1   26      0.0      0.0    0      0.0   X1Sigma+
    28     10.0    1   28    1   27      0.0      0.0    0      0.0   X1Sigma+
    29     10.0    1   29    1   28      0.0      0.0    0      0.0   X1Sigma+
    30     10.0    1   30    1   29      0.0      0.0    0      0.0   X1Sigma+
    31     10.0    1   31    1   30      0.0      0.0    0      0.0   X1Sigma+
    32     10.0    1   32    1   31      0.0      0.0    0      0.0   X1Sigma+
    33     10.0    1   33    1   32      0.0      0.0    0      0.0   X1Sigma+
    34     10.0    1   34    1   33      0.0      0.0    0      0.0   X1Sigma+
    35     10.0    1   35    1   34      0.0      0.0    0      0.0   X1Sigma+
    36     10.0    1   36    1   35      0.0      0.0    0      0.0   X1Sigma+
    37     10.0    1   37    1   36      0.0      0.0    0      0.0   X1Sigma+
    38     10.0    1   38    1   37      0.0      0.0    0      0.0   X1Sigma+
    39     10.0    1   39    1   38      0.0      0.0    0      0.0   X1Sigma+
    40     10.0    1   40    1   39      0.0      0.0    0      0.0   X1Sigma+
    41     10.0    1   41    1   40      0.0      0.0    0      0.0   X1Sigma+
    42     10.0    1   42    1   41      0.0      0.0    0      0.0   X1Sigma+
    43     10.0    1   43    1   42      0.0      0.0    0      0.0   X1Sigma+
    44     10.0    1   44    1   43      0.0      0.0    0      0.0   X1Sigma+
    45     10.0    1   45    1   44      0.0      0.0    0      0.0   X1Sigma+
    46     10.0    1   46    1   45      0.0      0.0    0      0.0   X1Sigma+
    47     10.0    1   47    1   46      0.0      0.0    0      0.0   X1Sigma+
    48     10.0    1   48    1   47      0.0      0.0    0      0.0   X1Sigma+
    49     10.0    1   49    1   48      0.0      0.0    0      0.0   X1Sigma+
    50     10.0    1   50    1   49      0.0      0.0    0      0.0   X1Sigma+


 Memory Report:
 Active Arrays                                          size (MB)
 GRID                                                       0.009                
 r-field                                                    0.010                
 icontrvib                                                  0.031                
 brot                                                       0.020                
 X1Sigma+                                                   0.020                
 BROT                                                       0.022                
 <X|mu|X>                                                   0.020                
 hmat                                                       0.020                
 eigens                                                     0.204                
 Total memory   =                                           0.362 MB
 Maximal memory =                                           2.504 MB (         8000.000)

 (       26 arrays contributing less than 1% are not shown)


Construct the hamiltonian matrix
...done!

Non-zero matrix elements of the coupled Sigma-Lambda matrix:
Threshold for printing is   2.22E-16 cm^-1
RV == Rotational-vibrational
SO == Spin-Orbit interaction
SS == Spin-Spin interaction
JS == J.S interaction (aka S-uncoupling)
LS == L.J interaction (aka L-uncoupling)
LS == L.S interaction (spin-electronic)
RV=        -16.355;
 


Eigenvalues for J =     10.0

       J      i        Energy/cm  State   v  lambda spin   sigma   omega  parity
      10.0    1        210.273222   1     0   0     0.0     0.0     0.0   +    ||X1Sigma+
      10.0    2       2315.227426   1     1   0     0.0     0.0     0.0   +    ||X1Sigma+
      10.0    3       4409.064767   1     2   0     0.0     0.0     0.0   +    ||X1Sigma+
      10.0    4       6487.554425   1     3   0     0.0     0.0     0.0   +    ||X1Sigma+
      10.0    5       8544.925996   1     4   0     0.0     0.0     0.0   +    ||X1Sigma+
      10.0    6      10579.095887   1     5   0     0.0     0.0     0.0   +    ||X1Sigma+
      10.0    7      12589.433326   1     6   0     0.0     0.0     0.0   +    ||X1Sigma+
      10.0    8      14574.833963   1     7   0     0.0     0.0     0.0   +    ||X1Sigma+
      10.0    9      16534.734422   1     8   0     0.0     0.0     0.0   +    ||X1Sigma+
      10.0   10      18468.708319   1     9   0     0.0     0.0     0.0   +    ||X1Sigma+
      10.0   11      20376.579540   1    10   0     0.0     0.0     0.0   +    ||X1Sigma+
      10.0   12      22258.152855   1    11   0     0.0     0.0     0.0   +    ||X1Sigma+
      10.0   13      24113.379760   1    12   0     0.0     0.0     0.0   +    ||X1Sigma+
      10.0   14      25942.380947   1    13   0     0.0     0.0     0.0   +    ||X1Sigma+
      10.0   15      27745.208060   1    14   0     0.0     0.0     0.0   +    ||X1Sigma+
      10.0   16      29521.945846   1    15   0     0.0     0.0     0.0   +    ||X1Sigma+
      10.0   17      31272.745477   1    16   0     0.0     0.0     0.0   +    ||X1Sigma+
      10.0   18      32997.673529   1    17   0     0.0     0.0     0.0   +    ||X1Sigma+
      10.0   19      34696.795903   1    18   0     0.0     0.0     0.0   +    ||X1Sigma+
      10.0   20      36370.171732   1    19   0     0.0     0.0     0.0   +    ||X1Sigma+
      10.0   21      38017.788973   1    20   0     0.0     0.0     0.0   +    ||X1Sigma+
      10.0   22      39639.581847   1    21   0     0.0     0.0     0.0   +    ||X1Sigma+
      10.0   23      41235.375406   1    22   0     0.0     0.0     0.0   +    ||X1Sigma+
      10.0   24      42804.816603   1    23   0     0.0     0.0     0.0   +    ||X1Sigma+
      10.0   25      44347.353183   1    24   0     0.0     0.0     0.0   +    ||X1Sigma+
      10.0   26      45862.142660   1    25   0     0.0     0.0     0.0   +    ||X1Sigma+
      10.0   27      47347.904847   1    26   0     0.0     0.0     0.0   +    ||X1Sigma+
      10.0   28      48802.721209   1    27   0     0.0     0.0     0.0   +    ||X1Sigma+
      10.0   29      50223.791879   1    28   0     0.0     0.0     0.0   +    ||X1Sigma+
      10.0   30      51607.157343   1    29   0     0.0     0.0     0.0   +    ||X1Sigma+
      10.0   31      52947.474450   1    30   0     0.0     0.0     0.0   +    ||X1Sigma+
      10.0   32      54238.729165   1    31   0     0.0     0.0     0.0   +    ||X1Sigma+
      10.0   33      55477.035548   1    32   0     0.0     0.0     0.0   +    ||X1Sigma+
      10.0   34      56663.395012   1    33   0     0.0     0.0     0.0   +    ||X1Sigma+
      10.0   35      57799.404648   1    34   0     0.0     0.0     0.0   +    ||X1Sigma+
      10.0   36      58881.768920   1    35   0     0.0     0.0     0.0   +    ||X1Sigma+
      10.0   37      59909.504550   1    36   0     0.0     0.0     0.0   +    ||X1Sigma+
      10.0   38      60883.425019   1    37   0     0.0     0.0     0.0   +    ||X1Sigma+
      10.0   39      61802.313508   1    38   0     0.0     0.0     0.0   +    ||X1Sigma+
      10.0   40      62666.707612   1    39   0     0.0     0.0     0.0   +    ||X1Sigma+
      10.0   41      63476.119811   1    40   0     0.0     0.0     0.0   +    ||X1Sigma+
      10.0   42      64231.218674   1    41   0     0.0     0.0     0.0   +    ||X1Sigma+
      10.0   43      64932.394963   1    42   0     0.0     0.0     0.0   +    ||X1Sigma+
      10.0   44      65580.185078   1    43   0     0.0     0.0     0.0   +    ||X1Sigma+
      10.0   45      66175.659312   1    44   0     0.0     0.0     0.0   +    ||X1Sigma+
      10.0   46      66719.807431   1    45   0     0.0     0.0     0.0   +    ||X1Sigma+
      10.0   47      67213.859706   1    46   0     0.0     0.0     0.0   +    ||X1Sigma+
      10.0   48      67659.356449   1    47   0     0.0     0.0     0.0   +    ||X1Sigma+
      10.0   49      68058.155589   1    48   0     0.0     0.0     0.0   +    ||X1Sigma+
      10.0   50      68413.673572   1    49   0     0.0     0.0     0.0   +    ||X1Sigma+

Zero point energy (ZPE) =    1056.185498244544

j =      11.0

Define the quanta book-keeping
The total number sigma/lambda states (size of the sigma-lambda submatrix) = 1

Sigma-Lambda basis set:
     i     jrot  state   spin    sigma lambda   omega
     1     11.0    1      0.0      0.0    0      0.0   X1Sigma+
...done!

Contracted basis set:
     i     jrot ilevel ivib state v     spin    sigma lambda   omega   Name
     1     11.0    1    1    1    0      0.0      0.0    0      0.0   X1Sigma+
     2     11.0    1    2    1    1      0.0      0.0    0      0.0   X1Sigma+
     3     11.0    1    3    1    2      0.0      0.0    0      0.0   X1Sigma+
     4     11.0    1    4    1    3      0.0      0.0    0      0.0   X1Sigma+
     5     11.0    1    5    1    4      0.0      0.0    0      0.0   X1Sigma+
     6     11.0    1    6    1    5      0.0      0.0    0      0.0   X1Sigma+
     7     11.0    1    7    1    6      0.0      0.0    0      0.0   X1Sigma+
     8     11.0    1    8    1    7      0.0      0.0    0      0.0   X1Sigma+
     9     11.0    1    9    1    8      0.0      0.0    0      0.0   X1Sigma+
    10     11.0    1   10    1    9      0.0      0.0    0      0.0   X1Sigma+
    11     11.0    1   11    1   10      0.0      0.0    0      0.0   X1Sigma+
    12     11.0    1   12    1   11      0.0      0.0    0      0.0   X1Sigma+
    13     11.0    1   13    1   12      0.0      0.0    0      0.0   X1Sigma+
    14     11.0    1   14    1   13      0.0      0.0    0      0.0   X1Sigma+
    15     11.0    1   15    1   14      0.0      0.0    0      0.0   X1Sigma+
    16     11.0    1   16    1   15      0.0      0.0    0      0.0   X1Sigma+
    17     11.0    1   17    1   16      0.0      0.0    0      0.0   X1Sigma+
    18     11.0    1   18    1   17      0.0      0.0    0      0.0   X1Sigma+
    19     11.0    1   19    1   18      0.0      0.0    0      0.0   X1Sigma+
    20     11.0    1   20    1   19      0.0      0.0    0      0.0   X1Sigma+
    21     11.0    1   21    1   20      0.0      0.0    0      0.0   X1Sigma+
    22     11.0    1   22    1   21      0.0      0.0    0      0.0   X1Sigma+
    23     11.0    1   23    1   22      0.0      0.0    0      0.0   X1Sigma+
    24     11.0    1   24    1   23      0.0      0.0    0      0.0   X1Sigma+
    25     11.0    1   25    1   24      0.0      0.0    0      0.0   X1Sigma+
    26     11.0    1   26    1   25      0.0      0.0    0      0.0   X1Sigma+
    27     11.0    1   27    1   26      0.0      0.0    0      0.0   X1Sigma+
    28     11.0    1   28    1   27      0.0      0.0    0      0.0   X1Sigma+
    29     11.0    1   29    1   28      0.0      0.0    0      0.0   X1Sigma+
    30     11.0    1   30    1   29      0.0      0.0    0      0.0   X1Sigma+
    31     11.0    1   31    1   30      0.0      0.0    0      0.0   X1Sigma+
    32     11.0    1   32    1   31      0.0      0.0    0      0.0   X1Sigma+
    33     11.0    1   33    1   32      0.0      0.0    0      0.0   X1Sigma+
    34     11.0    1   34    1   33      0.0      0.0    0      0.0   X1Sigma+
    35     11.0    1   35    1   34      0.0      0.0    0      0.0   X1Sigma+
    36     11.0    1   36    1   35      0.0      0.0    0      0.0   X1Sigma+
    37     11.0    1   37    1   36      0.0      0.0    0      0.0   X1Sigma+
    38     11.0    1   38    1   37      0.0      0.0    0      0.0   X1Sigma+
    39     11.0    1   39    1   38      0.0      0.0    0      0.0   X1Sigma+
    40     11.0    1   40    1   39      0.0      0.0    0      0.0   X1Sigma+
    41     11.0    1   41    1   40      0.0      0.0    0      0.0   X1Sigma+
    42     11.0    1   42    1   41      0.0      0.0    0      0.0   X1Sigma+
    43     11.0    1   43    1   42      0.0      0.0    0      0.0   X1Sigma+
    44     11.0    1   44    1   43      0.0      0.0    0      0.0   X1Sigma+
    45     11.0    1   45    1   44      0.0      0.0    0      0.0   X1Sigma+
    46     11.0    1   46    1   45      0.0      0.0    0      0.0   X1Sigma+
    47     11.0    1   47    1   46      0.0      0.0    0      0.0   X1Sigma+
    48     11.0    1   48    1   47      0.0      0.0    0      0.0   X1Sigma+
    49     11.0    1   49    1   48      0.0      0.0    0      0.0   X1Sigma+
    50     11.0    1   50    1   49      0.0      0.0    0      0.0   X1Sigma+


 Memory Report:
 Active Arrays                                          size (MB)
 GRID                                                       0.009                
 r-field                                                    0.010                
 icontrvib                                                  0.031                
 brot                                                       0.020                
 X1Sigma+                                                   0.020                
 BROT                                                       0.022                
 <X|mu|X>                                                   0.020                
 hmat                                                       0.020                
 eigens                                                     0.224                
 Total memory   =                                           0.382 MB
 Maximal memory =                                           2.504 MB (         8000.000)

 (       26 arrays contributing less than 1% are not shown)


Construct the hamiltonian matrix
...done!

Non-zero matrix elements of the coupled Sigma-Lambda matrix:
Threshold for printing is   2.22E-16 cm^-1
RV == Rotational-vibrational
SO == Spin-Orbit interaction
SS == Spin-Spin interaction
JS == J.S interaction (aka S-uncoupling)
LS == L.J interaction (aka L-uncoupling)
LS == L.S interaction (spin-electronic)
RV=        -19.626;
 


Eigenvalues for J =     11.0

       J      i        Energy/cm  State   v  lambda spin   sigma   omega  parity
      11.0    1        252.309752   1     0   0     0.0     0.0     0.0   -    ||X1Sigma+
      11.0    2       2356.918505   1     1   0     0.0     0.0     0.0   -    ||X1Sigma+
      11.0    3       4450.352420   1     2   0     0.0     0.0     0.0   -    ||X1Sigma+
      11.0    4       6528.428615   1     3   0     0.0     0.0     0.0   -    ||X1Sigma+
      11.0    5       8585.392709   1     4   0     0.0     0.0     0.0   -    ||X1Sigma+
      11.0    6      10619.159188   1     5   0     0.0     0.0     0.0   -    ||X1Sigma+
      11.0    7      12629.096000   1     6   0     0.0     0.0     0.0   -    ||X1Sigma+
      11.0    8      14614.101777   1     7   0     0.0     0.0     0.0   -    ||X1Sigma+
      11.0    9      16573.612106   1     8   0     0.0     0.0     0.0   -    ||X1Sigma+
      11.0   10      18507.199652   1     9   0     0.0     0.0     0.0   -    ||X1Sigma+
      11.0   11      20414.689824   1    10   0     0.0     0.0     0.0   -    ||X1Sigma+
      11.0   12      22295.885593   1    11   0     0.0     0.0     0.0   -    ||X1Sigma+
      11.0   13      24150.737862   1    12   0     0.0     0.0     0.0   -    ||X1Sigma+
      11.0   14      25979.366795   1    13   0     0.0     0.0     0.0   -    ||X1Sigma+
      11.0   15      27781.823433   1    14   0     0.0     0.0     0.0   -    ||X1Sigma+
      11.0   16      29558.192416   1    15   0     0.0     0.0     0.0   -    ||X1Sigma+
      11.0   17      31308.624313   1    16   0     0.0     0.0     0.0   -    ||X1Sigma+
      11.0   18      33033.185380   1    17   0     0.0     0.0     0.0   -    ||X1Sigma+
      11.0   19      34731.941406   1    18   0     0.0     0.0     0.0   -    ||X1Sigma+
      11.0   20      36404.950614   1    19   0     0.0     0.0     0.0   -    ||X1Sigma+
      11.0   21      38052.199938   1    20   0     0.0     0.0     0.0   -    ||X1Sigma+
      11.0   22      39673.622916   1    21   0     0.0     0.0     0.0   -    ||X1Sigma+
      11.0   23      41269.043170   1    22   0     0.0     0.0     0.0   -    ||X1Sigma+
      11.0   24      42838.105467   1    23   0     0.0     0.0     0.0   -    ||X1Sigma+
      11.0   25      44380.254937   1    24   0     0.0     0.0     0.0   -    ||X1Sigma+
      11.0   26      45894.645382   1    25   0     0.0     0.0     0.0   -    ||X1Sigma+
      11.0   27      47379.990834   1    26   0     0.0     0.0     0.0   -    ||X1Sigma+
      11.0   28      48834.364478   1    27   0     0.0     0.0     0.0   -    ||X1Sigma+
      11.0   29      50254.955239   1    28   0     0.0     0.0     0.0   -    ||X1Sigma+
      11.0   30      51637.788453   1    29   0     0.0     0.0     0.0   -    ||X1Sigma+
      11.0   31      52977.505190   1    30   0     0.0     0.0     0.0   -    ||X1Sigma+
      11.0   32      54268.091202   1    31   0     0.0     0.0     0.0   -    ||X1Sigma+
      11.0   33      55505.698228   1    32   0     0.0     0.0     0.0   -    ||X1Sigma+
      11.0   34      56691.370949   1    33   0     0.0     0.0     0.0   -    ||X1Sigma+
      11.0   35      57826.667928   1    34   0     0.0     0.0     0.0   -    ||X1Sigma+
      11.0   36      58908.262368   1    35   0     0.0     0.0     0.0   -    ||X1Sigma+
      11.0   37      59935.227515   1    36   0     0.0     0.0     0.0   -    ||X1Sigma+
      11.0   38      60908.344900   1    37   0     0.0     0.0     0.0   -    ||X1Sigma+
      11.0   39      61826.413898   1    38   0     0.0     0.0     0.0   -    ||X1Sigma+
      11.0   40      62689.959608   1    39   0     0.0     0.0     0.0   -    ||X1Sigma+
      11.0   41      63498.511807   1    40   0     0.0     0.0     0.0   -    ||X1Sigma+
      11.0   42      64252.723852   1    41   0     0.0     0.0     0.0   -    ||X1Sigma+
      11.0   43      64953.004117   1    42   0     0.0     0.0     0.0   -    ||X1Sigma+
      11.0   44      65599.881992   1    43   0     0.0     0.0     0.0   -    ||X1Sigma+
      11.0   45      66194.432672   1    44   0     0.0     0.0     0.0   -    ||X1Sigma+
      11.0   46      66737.658119   1    45   0     0.0     0.0     0.0   -    ||X1Sigma+
      11.0   47      67230.797961   1    46   0     0.0     0.0     0.0   -    ||X1Sigma+
      11.0   48      67675.418517   1    47   0     0.0     0.0     0.0   -    ||X1Sigma+
      11.0   49      68073.474268   1    48   0     0.0     0.0     0.0   -    ||X1Sigma+
      11.0   50      68429.247935   1    49   0     0.0     0.0     0.0   -    ||X1Sigma+

Zero point energy (ZPE) =    1056.185498244544

j =      12.0

Define the quanta book-keeping
The total number sigma/lambda states (size of the sigma-lambda submatrix) = 1

Sigma-Lambda basis set:
     i     jrot  state   spin    sigma lambda   omega
     1     12.0    1      0.0      0.0    0      0.0   X1Sigma+
...done!

Contracted basis set:
     i     jrot ilevel ivib state v     spin    sigma lambda   omega   Name
     1     12.0    1    1    1    0      0.0      0.0    0      0.0   X1Sigma+
     2     12.0    1    2    1    1      0.0      0.0    0      0.0   X1Sigma+
     3     12.0    1    3    1    2      0.0      0.0    0      0.0   X1Sigma+
     4     12.0    1    4    1    3      0.0      0.0    0      0.0   X1Sigma+
     5     12.0    1    5    1    4      0.0      0.0    0      0.0   X1Sigma+
     6     12.0    1    6    1    5      0.0      0.0    0      0.0   X1Sigma+
     7     12.0    1    7    1    6      0.0      0.0    0      0.0   X1Sigma+
     8     12.0    1    8    1    7      0.0      0.0    0      0.0   X1Sigma+
     9     12.0    1    9    1    8      0.0      0.0    0      0.0   X1Sigma+
    10     12.0    1   10    1    9      0.0      0.0    0      0.0   X1Sigma+
    11     12.0    1   11    1   10      0.0      0.0    0      0.0   X1Sigma+
    12     12.0    1   12    1   11      0.0      0.0    0      0.0   X1Sigma+
    13     12.0    1   13    1   12      0.0      0.0    0      0.0   X1Sigma+
    14     12.0    1   14    1   13      0.0      0.0    0      0.0   X1Sigma+
    15     12.0    1   15    1   14      0.0      0.0    0      0.0   X1Sigma+
    16     12.0    1   16    1   15      0.0      0.0    0      0.0   X1Sigma+
    17     12.0    1   17    1   16      0.0      0.0    0      0.0   X1Sigma+
    18     12.0    1   18    1   17      0.0      0.0    0      0.0   X1Sigma+
    19     12.0    1   19    1   18      0.0      0.0    0      0.0   X1Sigma+
    20     12.0    1   20    1   19      0.0      0.0    0      0.0   X1Sigma+
    21     12.0    1   21    1   20      0.0      0.0    0      0.0   X1Sigma+
    22     12.0    1   22    1   21      0.0      0.0    0      0.0   X1Sigma+
    23     12.0    1   23    1   22      0.0      0.0    0      0.0   X1Sigma+
    24     12.0    1   24    1   23      0.0      0.0    0      0.0   X1Sigma+
    25     12.0    1   25    1   24      0.0      0.0    0      0.0   X1Sigma+
    26     12.0    1   26    1   25      0.0      0.0    0      0.0   X1Sigma+
    27     12.0    1   27    1   26      0.0      0.0    0      0.0   X1Sigma+
    28     12.0    1   28    1   27      0.0      0.0    0      0.0   X1Sigma+
    29     12.0    1   29    1   28      0.0      0.0    0      0.0   X1Sigma+
    30     12.0    1   30    1   29      0.0      0.0    0      0.0   X1Sigma+
    31     12.0    1   31    1   30      0.0      0.0    0      0.0   X1Sigma+
    32     12.0    1   32    1   31      0.0      0.0    0      0.0   X1Sigma+
    33     12.0    1   33    1   32      0.0      0.0    0      0.0   X1Sigma+
    34     12.0    1   34    1   33      0.0      0.0    0      0.0   X1Sigma+
    35     12.0    1   35    1   34      0.0      0.0    0      0.0   X1Sigma+
    36     12.0    1   36    1   35      0.0      0.0    0      0.0   X1Sigma+
    37     12.0    1   37    1   36      0.0      0.0    0      0.0   X1Sigma+
    38     12.0    1   38    1   37      0.0      0.0    0      0.0   X1Sigma+
    39     12.0    1   39    1   38      0.0      0.0    0      0.0   X1Sigma+
    40     12.0    1   40    1   39      0.0      0.0    0      0.0   X1Sigma+
    41     12.0    1   41    1   40      0.0      0.0    0      0.0   X1Sigma+
    42     12.0    1   42    1   41      0.0      0.0    0      0.0   X1Sigma+
    43     12.0    1   43    1   42      0.0      0.0    0      0.0   X1Sigma+
    44     12.0    1   44    1   43      0.0      0.0    0      0.0   X1Sigma+
    45     12.0    1   45    1   44      0.0      0.0    0      0.0   X1Sigma+
    46     12.0    1   46    1   45      0.0      0.0    0      0.0   X1Sigma+
    47     12.0    1   47    1   46      0.0      0.0    0      0.0   X1Sigma+
    48     12.0    1   48    1   47      0.0      0.0    0      0.0   X1Sigma+
    49     12.0    1   49    1   48      0.0      0.0    0      0.0   X1Sigma+
    50     12.0    1   50    1   49      0.0      0.0    0      0.0   X1Sigma+


 Memory Report:
 Active Arrays                                          size (MB)
 GRID                                                       0.009                
 r-field                                                    0.010                
 icontrvib                                                  0.031                
 brot                                                       0.020                
 X1Sigma+                                                   0.020                
 BROT                                                       0.022                
 <X|mu|X>                                                   0.020                
 hmat                                                       0.020                
 eigens                                                     0.245                
 Total memory   =                                           0.402 MB
 Maximal memory =                                           2.504 MB (         8000.000)

 (       26 arrays contributing less than 1% are not shown)


Construct the hamiltonian matrix
...done!

Non-zero matrix elements of the coupled Sigma-Lambda matrix:
Threshold for printing is   2.22E-16 cm^-1
RV == Rotational-vibrational
SO == Spin-Orbit interaction
SS == Spin-Spin interaction
JS == J.S interaction (aka S-uncoupling)
LS == L.J interaction (aka L-uncoupling)
LS == L.S interaction (spin-electronic)
RV=        -23.194;
 


Eigenvalues for J =     12.0

       J      i        Energy/cm  State   v  lambda spin   sigma   omega  parity
      12.0    1        298.160899   1     0   0     0.0     0.0     0.0   +    ||X1Sigma+
      12.0    2       2402.392984   1     1   0     0.0     0.0     0.0   +    ||X1Sigma+
      12.0    3       4495.386950   1     2   0     0.0     0.0     0.0   +    ||X1Sigma+
      12.0    4       6573.012117   1     3   0     0.0     0.0     0.0   +    ||X1Sigma+
      12.0    5       8629.531707   1     4   0     0.0     0.0     0.0   +    ||X1Sigma+
      12.0    6      10662.858126   1     5   0     0.0     0.0     0.0   +    ||X1Sigma+
      12.0    7      12672.357875   1     6   0     0.0     0.0     0.0   +    ||X1Sigma+
      12.0    8      14656.932874   1     7   0     0.0     0.0     0.0   +    ||X1Sigma+
      12.0    9      16616.017574   1     8   0     0.0     0.0     0.0   +    ||X1Sigma+
      12.0   10      18549.183612   1     9   0     0.0     0.0     0.0   +    ||X1Sigma+
      12.0   11      20456.258047   1    10   0     0.0     0.0     0.0   +    ||X1Sigma+
      12.0   12      22337.041906   1    11   0     0.0     0.0     0.0   +    ||X1Sigma+
      12.0   13      24191.485447   1    12   0     0.0     0.0     0.0   +    ||X1Sigma+
      12.0   14      26019.708245   1    13   0     0.0     0.0     0.0   +    ||X1Sigma+
      12.0   15      27821.760686   1    14   0     0.0     0.0     0.0   +    ||X1Sigma+
      12.0   16      29597.727304   1    15   0     0.0     0.0     0.0   +    ||X1Sigma+
      12.0   17      31347.757995   1    16   0     0.0     0.0     0.0   +    ||X1Sigma+
      12.0   18      33071.918668   1    17   0     0.0     0.0     0.0   +    ||X1Sigma+
      12.0   19      34770.274997   1    18   0     0.0     0.0     0.0   +    ||X1Sigma+
      12.0   20      36442.884207   1    19   0     0.0     0.0     0.0   +    ||X1Sigma+
      12.0   21      38089.732115   1    20   0     0.0     0.0     0.0   +    ||X1Sigma+
      12.0   22      39710.751504   1    21   0     0.0     0.0     0.0   +    ||X1Sigma+
      12.0   23      41305.764437   1    22   0     0.0     0.0     0.0   +    ||X1Sigma+
      12.0   24      42874.413290   1    23   0     0.0     0.0     0.0   +    ||X1Sigma+
      12.0   25      44416.140329   1    24   0     0.0     0.0     0.0   +    ||X1Sigma+
      12.0   26      45930.095287   1    25   0     0.0     0.0     0.0   +    ||X1Sigma+
      12.0   27      47414.985868   1    26   0     0.0     0.0     0.0   +    ||X1Sigma+
      12.0   28      48868.876189   1    27   0     0.0     0.0     0.0   +    ||X1Sigma+
      12.0   29      50288.942903   1    28   0     0.0     0.0     0.0   +    ||X1Sigma+
      12.0   30      51671.194762   1    29   0     0.0     0.0     0.0   +    ||X1Sigma+
      12.0   31      53010.255662   1    30   0     0.0     0.0     0.0   +    ||X1Sigma+
      12.0   32      54300.111436   1    31   0     0.0     0.0     0.0   +    ||X1Sigma+
      12.0   33      55536.955387   1    32   0     0.0     0.0     0.0   +    ||X1Sigma+
      12.0   34      56721.878906   1    33   0     0.0     0.0     0.0   +    ||X1Sigma+
      12.0   35      57856.397556   1    34   0     0.0     0.0     0.0   +    ||X1Sigma+
      12.0   36      58937.151649   1    35   0     0.0     0.0     0.0   +    ||X1Sigma+
      12.0   37      59963.276023   1    36   0     0.0     0.0     0.0   +    ||X1Sigma+
      12.0   38      60935.516519   1    37   0     0.0     0.0     0.0   +    ||X1Sigma+
      12.0   39      61852.691180   1    38   0     0.0     0.0     0.0   +    ||X1Sigma+
      12.0   40      62715.310569   1    39   0     0.0     0.0     0.0   +    ||X1Sigma+
      12.0   41      63522.924141   1    40   0     0.0     0.0     0.0   +    ||X1Sigma+
      12.0   42      64276.168191   1    41   0     0.0     0.0     0.0   +    ||X1Sigma+
      12.0   43      64975.470433   1    42   0     0.0     0.0     0.0   +    ||X1Sigma+
      12.0   44      65621.353224   1    43   0     0.0     0.0     0.0   +    ||X1Sigma+
      12.0   45      66214.896979   1    44   0     0.0     0.0     0.0   +    ||X1Sigma+
      12.0   46      66757.117904   1    45   0     0.0     0.0     0.0   +    ||X1Sigma+
      12.0   47      67249.267687   1    46   0     0.0     0.0     0.0   +    ||X1Sigma+
      12.0   48      67692.945256   1    47   0     0.0     0.0     0.0   +    ||X1Sigma+
      12.0   49      68090.228250   1    48   0     0.0     0.0     0.0   +    ||X1Sigma+
      12.0   50      68446.628718   1    49   0     0.0     0.0     0.0   +    ||X1Sigma+

Zero point energy (ZPE) =    1056.185498244544

j =      13.0

Define the quanta book-keeping
The total number sigma/lambda states (size of the sigma-lambda submatrix) = 1

Sigma-Lambda basis set:
     i     jrot  state   spin    sigma lambda   omega
     1     13.0    1      0.0      0.0    0      0.0   X1Sigma+
...done!

Contracted basis set:
     i     jrot ilevel ivib state v     spin    sigma lambda   omega   Name
     1     13.0    1    1    1    0      0.0      0.0    0      0.0   X1Sigma+
     2     13.0    1    2    1    1      0.0      0.0    0      0.0   X1Sigma+
     3     13.0    1    3    1    2      0.0      0.0    0      0.0   X1Sigma+
     4     13.0    1    4    1    3      0.0      0.0    0      0.0   X1Sigma+
     5     13.0    1    5    1    4      0.0      0.0    0      0.0   X1Sigma+
     6     13.0    1    6    1    5      0.0      0.0    0      0.0   X1Sigma+
     7     13.0    1    7    1    6      0.0      0.0    0      0.0   X1Sigma+
     8     13.0    1    8    1    7      0.0      0.0    0      0.0   X1Sigma+
     9     13.0    1    9    1    8      0.0      0.0    0      0.0   X1Sigma+
    10     13.0    1   10    1    9      0.0      0.0    0      0.0   X1Sigma+
    11     13.0    1   11    1   10      0.0      0.0    0      0.0   X1Sigma+
    12     13.0    1   12    1   11      0.0      0.0    0      0.0   X1Sigma+
    13     13.0    1   13    1   12      0.0      0.0    0      0.0   X1Sigma+
    14     13.0    1   14    1   13      0.0      0.0    0      0.0   X1Sigma+
    15     13.0    1   15    1   14      0.0      0.0    0      0.0   X1Sigma+
    16     13.0    1   16    1   15      0.0      0.0    0      0.0   X1Sigma+
    17     13.0    1   17    1   16      0.0      0.0    0      0.0   X1Sigma+
    18     13.0    1   18    1   17      0.0      0.0    0      0.0   X1Sigma+
    19     13.0    1   19    1   18      0.0      0.0    0      0.0   X1Sigma+
    20     13.0    1   20    1   19      0.0      0.0    0      0.0   X1Sigma+
    21     13.0    1   21    1   20      0.0      0.0    0      0.0   X1Sigma+
    22     13.0    1   22    1   21      0.0      0.0    0      0.0   X1Sigma+
    23     13.0    1   23    1   22      0.0      0.0    0      0.0   X1Sigma+
    24     13.0    1   24    1   23      0.0      0.0    0      0.0   X1Sigma+
    25     13.0    1   25    1   24      0.0      0.0    0      0.0   X1Sigma+
    26     13.0    1   26    1   25      0.0      0.0    0      0.0   X1Sigma+
    27     13.0    1   27    1   26      0.0      0.0    0      0.0   X1Sigma+
    28     13.0    1   28    1   27      0.0      0.0    0      0.0   X1Sigma+
    29     13.0    1   29    1   28      0.0      0.0    0      0.0   X1Sigma+
    30     13.0    1   30    1   29      0.0      0.0    0      0.0   X1Sigma+
    31     13.0    1   31    1   30      0.0      0.0    0      0.0   X1Sigma+
    32     13.0    1   32    1   31      0.0      0.0    0      0.0   X1Sigma+
    33     13.0    1   33    1   32      0.0      0.0    0      0.0   X1Sigma+
    34     13.0    1   34    1   33      0.0      0.0    0      0.0   X1Sigma+
    35     13.0    1   35    1   34      0.0      0.0    0      0.0   X1Sigma+
    36     13.0    1   36    1   35      0.0      0.0    0      0.0   X1Sigma+
    37     13.0    1   37    1   36      0.0      0.0    0      0.0   X1Sigma+
    38     13.0    1   38    1   37      0.0      0.0    0      0.0   X1Sigma+
    39     13.0    1   39    1   38      0.0      0.0    0      0.0   X1Sigma+
    40     13.0    1   40    1   39      0.0      0.0    0      0.0   X1Sigma+
    41     13.0    1   41    1   40      0.0      0.0    0      0.0   X1Sigma+
    42     13.0    1   42    1   41      0.0      0.0    0      0.0   X1Sigma+
    43     13.0    1   43    1   42      0.0      0.0    0      0.0   X1Sigma+
    44     13.0    1   44    1   43      0.0      0.0    0      0.0   X1Sigma+
    45     13.0    1   45    1   44      0.0      0.0    0      0.0   X1Sigma+
    46     13.0    1   46    1   45      0.0      0.0    0      0.0   X1Sigma+
    47     13.0    1   47    1   46      0.0      0.0    0      0.0   X1Sigma+
    48     13.0    1   48    1   47      0.0      0.0    0      0.0   X1Sigma+
    49     13.0    1   49    1   48      0.0      0.0    0      0.0   X1Sigma+
    50     13.0    1   50    1   49      0.0      0.0    0      0.0   X1Sigma+


 Memory Report:
 Active Arrays                                          size (MB)
 GRID                                                       0.009                
 r-field                                                    0.010                
 icontrvib                                                  0.031                
 brot                                                       0.020                
 X1Sigma+                                                   0.020                
 BROT                                                       0.022                
 <X|mu|X>                                                   0.020                
 hmat                                                       0.020                
 eigens                                                     0.265                
 Total memory   =                                           0.423 MB
 Maximal memory =                                           2.504 MB (         8000.000)

 (       26 arrays contributing less than 1% are not shown)


Construct the hamiltonian matrix
...done!

Non-zero matrix elements of the coupled Sigma-Lambda matrix:
Threshold for printing is   2.22E-16 cm^-1
RV == Rotational-vibrational
SO == Spin-Orbit interaction
SS == Spin-Spin interaction
JS == J.S interaction (aka S-uncoupling)
LS == L.J interaction (aka L-uncoupling)
LS == L.S interaction (spin-electronic)
RV=        -27.060;
 


Eigenvalues for J =     13.0

       J      i        Energy/cm  State   v  lambda spin   sigma   omega  parity
      13.0    1        347.824868   1     0   0     0.0     0.0     0.0   -    ||X1Sigma+
      13.0    2       2451.649114   1     1   0     0.0     0.0     0.0   -    ||X1Sigma+
      13.0    3       4544.166650   1     2   0     0.0     0.0     0.0   -    ||X1Sigma+
      13.0    4       6621.303230   1     3   0     0.0     0.0     0.0   -    ||X1Sigma+
      13.0    5       8677.341291   1     4   0     0.0     0.0     0.0   -    ||X1Sigma+
      13.0    6      10710.191009   1     5   0     0.0     0.0     0.0   -    ||X1Sigma+
      13.0    7      12719.217255   1     6   0     0.0     0.0     0.0   -    ||X1Sigma+
      13.0    8      14703.325552   1     7   0     0.0     0.0     0.0   -    ||X1Sigma+
      13.0    9      16661.949119   1     8   0     0.0     0.0     0.0   -    ||X1Sigma+
      13.0   10      18594.658484   1     9   0     0.0     0.0     0.0   -    ||X1Sigma+
      13.0   11      20501.282481   1    10   0     0.0     0.0     0.0   -    ||X1Sigma+
      13.0   12      22381.620053   1    11   0     0.0     0.0     0.0   -    ||X1Sigma+
      13.0   13      24235.620765   1    12   0     0.0     0.0     0.0   -    ||X1Sigma+
      13.0   14      26063.403535   1    13   0     0.0     0.0     0.0   -    ||X1Sigma+
      13.0   15      27865.018051   1    14   0     0.0     0.0     0.0   -    ||X1Sigma+
      13.0   16      29640.548731   1    15   0     0.0     0.0     0.0   -    ||X1Sigma+
      13.0   17      31390.144732   1    16   0     0.0     0.0     0.0   -    ||X1Sigma+
      13.0   18      33113.871593   1    17   0     0.0     0.0     0.0   -    ||X1Sigma+
      13.0   19      34811.794863   1    18   0     0.0     0.0     0.0   -    ||X1Sigma+
      13.0   20      36483.970684   1    19   0     0.0     0.0     0.0   -    ||X1Sigma+
      13.0   21      38130.383661   1    20   0     0.0     0.0     0.0   -    ||X1Sigma+
      13.0   22      39750.965754   1    21   0     0.0     0.0     0.0   -    ||X1Sigma+
      13.0   23      41345.537327   1    22   0     0.0     0.0     0.0   -    ||X1Sigma+
      13.0   24      42913.738165   1    23   0     0.0     0.0     0.0   -    ||X1Sigma+
      13.0   25      44455.007417   1    24   0     0.0     0.0     0.0   -    ||X1Sigma+
      13.0   26      45968.490388   1    25   0     0.0     0.0     0.0   -    ||X1Sigma+
      13.0   27      47452.887896   1    26   0     0.0     0.0     0.0   -    ||X1Sigma+
      13.0   28      48906.254193   1    27   0     0.0     0.0     0.0   -    ||X1Sigma+
      13.0   29      50325.752586   1    28   0     0.0     0.0     0.0   -    ||X1Sigma+
      13.0   30      51707.373796   1    29   0     0.0     0.0     0.0   -    ||X1Sigma+
      13.0   31      53045.723155   1    30   0     0.0     0.0     0.0   -    ||X1Sigma+
      13.0   32      54334.786967   1    31   0     0.0     0.0     0.0   -    ||X1Sigma+
      13.0   33      55570.804096   1    32   0     0.0     0.0     0.0   -    ||X1Sigma+
      13.0   34      56754.915938   1    33   0     0.0     0.0     0.0   -    ||X1Sigma+
      13.0   35      57888.590349   1    34   0     0.0     0.0     0.0   -    ||X1Sigma+
      13.0   36      58968.433454   1    35   0     0.0     0.0     0.0   -    ||X1Sigma+
      13.0   37      59993.646688   1    36   0     0.0     0.0     0.0   -    ||X1Sigma+
      13.0   38      60964.936283   1    37   0     0.0     0.0     0.0   -    ||X1Sigma+
      13.0   39      61881.141657   1    38   0     0.0     0.0     0.0   -    ||X1Sigma+
      13.0   40      62742.756586   1    39   0     0.0     0.0     0.0   -    ||X1Sigma+
      13.0   41      63549.352744   1    40   0     0.0     0.0     0.0   -    ||X1Sigma+
      13.0   42      64301.547422   1    41   0     0.0     0.0     0.0   -    ||X1Sigma+
      13.0   43      64999.789360   1    42   0     0.0     0.0     0.0   -    ||X1Sigma+
      13.0   44      65644.593994   1    43   0     0.0     0.0     0.0   -    ||X1Sigma+
      13.0   45      66237.047154   1    44   0     0.0     0.0     0.0   -    ||X1Sigma+
      13.0   46      66778.181393   1    45   0     0.0     0.0     0.0   -    ||X1Sigma+
      13.0   47      67269.263341   1    46   0     0.0     0.0     0.0   -    ||X1Sigma+
      13.0   48      67711.931518   1    47   0     0.0     0.0     0.0   -    ||X1Sigma+
      13.0   49      68108.415775   1    48   0     0.0     0.0     0.0   -    ||X1Sigma+
      13.0   50      68465.944354   1    49   0     0.0     0.0     0.0   -    ||X1Sigma+

Zero point energy (ZPE) =    1056.185498244544

j =      14.0

Define the quanta book-keeping
The total number sigma/lambda states (size of the sigma-lambda submatrix) = 1

Sigma-Lambda basis set:
     i     jrot  state   spin    sigma lambda   omega
     1     14.0    1      0.0      0.0    0      0.0   X1Sigma+
...done!

Contracted basis set:
     i     jrot ilevel ivib state v     spin    sigma lambda   omega   Name
     1     14.0    1    1    1    0      0.0      0.0    0      0.0   X1Sigma+
     2     14.0    1    2    1    1      0.0      0.0    0      0.0   X1Sigma+
     3     14.0    1    3    1    2      0.0      0.0    0      0.0   X1Sigma+
     4     14.0    1    4    1    3      0.0      0.0    0      0.0   X1Sigma+
     5     14.0    1    5    1    4      0.0      0.0    0      0.0   X1Sigma+
     6     14.0    1    6    1    5      0.0      0.0    0      0.0   X1Sigma+
     7     14.0    1    7    1    6      0.0      0.0    0      0.0   X1Sigma+
     8     14.0    1    8    1    7      0.0      0.0    0      0.0   X1Sigma+
     9     14.0    1    9    1    8      0.0      0.0    0      0.0   X1Sigma+
    10     14.0    1   10    1    9      0.0      0.0    0      0.0   X1Sigma+
    11     14.0    1   11    1   10      0.0      0.0    0      0.0   X1Sigma+
    12     14.0    1   12    1   11      0.0      0.0    0      0.0   X1Sigma+
    13     14.0    1   13    1   12      0.0      0.0    0      0.0   X1Sigma+
    14     14.0    1   14    1   13      0.0      0.0    0      0.0   X1Sigma+
    15     14.0    1   15    1   14      0.0      0.0    0      0.0   X1Sigma+
    16     14.0    1   16    1   15      0.0      0.0    0      0.0   X1Sigma+
    17     14.0    1   17    1   16      0.0      0.0    0      0.0   X1Sigma+
    18     14.0    1   18    1   17      0.0      0.0    0      0.0   X1Sigma+
    19     14.0    1   19    1   18      0.0      0.0    0      0.0   X1Sigma+
    20     14.0    1   20    1   19      0.0      0.0    0      0.0   X1Sigma+
    21     14.0    1   21    1   20      0.0      0.0    0      0.0   X1Sigma+
    22     14.0    1   22    1   21      0.0      0.0    0      0.0   X1Sigma+
    23     14.0    1   23    1   22      0.0      0.0    0      0.0   X1Sigma+
    24     14.0    1   24    1   23      0.0      0.0    0      0.0   X1Sigma+
    25     14.0    1   25    1   24      0.0      0.0    0      0.0   X1Sigma+
    26     14.0    1   26    1   25      0.0      0.0    0      0.0   X1Sigma+
    27     14.0    1   27    1   26      0.0      0.0    0      0.0   X1Sigma+
    28     14.0    1   28    1   27      0.0      0.0    0      0.0   X1Sigma+
    29     14.0    1   29    1   28      0.0      0.0    0      0.0   X1Sigma+
    30     14.0    1   30    1   29      0.0      0.0    0      0.0   X1Sigma+
    31     14.0    1   31    1   30      0.0      0.0    0      0.0   X1Sigma+
    32     14.0    1   32    1   31      0.0      0.0    0      0.0   X1Sigma+
    33     14.0    1   33    1   32      0.0      0.0    0      0.0   X1Sigma+
    34     14.0    1   34    1   33      0.0      0.0    0      0.0   X1Sigma+
    35     14.0    1   35    1   34      0.0      0.0    0      0.0   X1Sigma+
    36     14.0    1   36    1   35      0.0      0.0    0      0.0   X1Sigma+
    37     14.0    1   37    1   36      0.0      0.0    0      0.0   X1Sigma+
    38     14.0    1   38    1   37      0.0      0.0    0      0.0   X1Sigma+
    39     14.0    1   39    1   38      0.0      0.0    0      0.0   X1Sigma+
    40     14.0    1   40    1   39      0.0      0.0    0      0.0   X1Sigma+
    41     14.0    1   41    1   40      0.0      0.0    0      0.0   X1Sigma+
    42     14.0    1   42    1   41      0.0      0.0    0      0.0   X1Sigma+
    43     14.0    1   43    1   42      0.0      0.0    0      0.0   X1Sigma+
    44     14.0    1   44    1   43      0.0      0.0    0      0.0   X1Sigma+
    45     14.0    1   45    1   44      0.0      0.0    0      0.0   X1Sigma+
    46     14.0    1   46    1   45      0.0      0.0    0      0.0   X1Sigma+
    47     14.0    1   47    1   46      0.0      0.0    0      0.0   X1Sigma+
    48     14.0    1   48    1   47      0.0      0.0    0      0.0   X1Sigma+
    49     14.0    1   49    1   48      0.0      0.0    0      0.0   X1Sigma+
    50     14.0    1   50    1   49      0.0      0.0    0      0.0   X1Sigma+


 Memory Report:
 Active Arrays                                          size (MB)
 GRID                                                       0.009                
 r-field                                                    0.010                
 icontrvib                                                  0.031                
 brot                                                       0.020                
 X1Sigma+                                                   0.020                
 BROT                                                       0.022                
 <X|mu|X>                                                   0.020                
 hmat                                                       0.020                
 eigens                                                     0.286                
 Total memory   =                                           0.443 MB
 Maximal memory =                                           2.504 MB (         8000.000)

 (       26 arrays contributing less than 1% are not shown)


Construct the hamiltonian matrix
...done!

Non-zero matrix elements of the coupled Sigma-Lambda matrix:
Threshold for printing is   2.22E-16 cm^-1
RV == Rotational-vibrational
SO == Spin-Orbit interaction
SS == Spin-Spin interaction
JS == J.S interaction (aka S-uncoupling)
LS == L.J interaction (aka L-uncoupling)
LS == L.S interaction (spin-electronic)
RV=        -31.223;
 


Eigenvalues for J =     14.0

       J      i        Energy/cm  State   v  lambda spin   sigma   omega  parity
      14.0    1        401.299715   1     0   0     0.0     0.0     0.0   +    ||X1Sigma+
      14.0    2       2504.685002   1     1   0     0.0     0.0     0.0   +    ||X1Sigma+
      14.0    3       4596.689669   1     2   0     0.0     0.0     0.0   +    ||X1Sigma+
      14.0    4       6673.300111   1     3   0     0.0     0.0     0.0   +    ||X1Sigma+
      14.0    5       8728.819622   1     4   0     0.0     0.0     0.0   +    ||X1Sigma+
      14.0    6      10761.156006   1     5   0     0.0     0.0     0.0   +    ||X1Sigma+
      14.0    7      12769.672306   1     6   0     0.0     0.0     0.0   +    ||X1Sigma+
      14.0    8      14753.277971   1     7   0     0.0     0.0     0.0   +    ||X1Sigma+
      14.0    9      16711.404890   1     8   0     0.0     0.0     0.0   +    ||X1Sigma+
      14.0   10      18643.622407   1     9   0     0.0     0.0     0.0   +    ||X1Sigma+
      14.0   11      20549.761253   1    10   0     0.0     0.0     0.0   +    ||X1Sigma+
      14.0   12      22429.618149   1    11   0     0.0     0.0     0.0   +    ||X1Sigma+
      14.0   13      24283.141923   1    12   0     0.0     0.0     0.0   +    ||X1Sigma+
      14.0   14      26110.450761   1    13   0     0.0     0.0     0.0   +    ||X1Sigma+
      14.0   15      27911.593609   1    14   0     0.0     0.0     0.0   +    ||X1Sigma+
      14.0   16      29686.654771   1    15   0     0.0     0.0     0.0   +    ||X1Sigma+
      14.0   17      31435.782585   1    16   0     0.0     0.0     0.0   +    ||X1Sigma+
      14.0   18      33159.042202   1    17   0     0.0     0.0     0.0   +    ||X1Sigma+
      14.0   19      34856.499038   1    18   0     0.0     0.0     0.0   +    ||X1Sigma+
      14.0   20      36528.208065   1    19   0     0.0     0.0     0.0   +    ||X1Sigma+
      14.0   21      38174.152584   1    20   0     0.0     0.0     0.0   +    ||X1Sigma+
      14.0   22      39794.263656   1    21   0     0.0     0.0     0.0   +    ||X1Sigma+
      14.0   23      41388.359805   1    22   0     0.0     0.0     0.0   +    ||X1Sigma+
      14.0   24      42956.078029   1    23   0     0.0     0.0     0.0   +    ||X1Sigma+
      14.0   25      44496.854100   1    24   0     0.0     0.0     0.0   +    ||X1Sigma+
      14.0   26      46009.828532   1    25   0     0.0     0.0     0.0   +    ||X1Sigma+
      14.0   27      47493.694691   1    26   0     0.0     0.0     0.0   +    ||X1Sigma+
      14.0   28      48946.496159   1    27   0     0.0     0.0     0.0   +    ||X1Sigma+
      14.0   29      50365.381810   1    28   0     0.0     0.0     0.0   +    ||X1Sigma+
      14.0   30      51746.322868   1    29   0     0.0     0.0     0.0   +    ||X1Sigma+
      14.0   31      53083.904730   1    30   0     0.0     0.0     0.0   +    ||X1Sigma+
      14.0   32      54372.114651   1    31   0     0.0     0.0     0.0   +    ||X1Sigma+
      14.0   33      55607.241184   1    32   0     0.0     0.0     0.0   +    ||X1Sigma+
      14.0   34      56790.478854   1    33   0     0.0     0.0     0.0   +    ||X1Sigma+
      14.0   35      57923.242851   1    34   0     0.0     0.0     0.0   +    ||X1Sigma+
      14.0   36      59002.104198   1    35   0     0.0     0.0     0.0   +    ||X1Sigma+
      14.0   37      60026.335835   1    36   0     0.0     0.0     0.0   +    ||X1Sigma+
      14.0   38      60996.600296   1    37   0     0.0     0.0     0.0   +    ||X1Sigma+
      14.0   39      61911.761316   1    38   0     0.0     0.0     0.0   +    ||X1Sigma+
      14.0   40      62772.293410   1    39   0     0.0     0.0     0.0   +    ||X1Sigma+
      14.0   41      63577.793179   1    40   0     0.0     0.0     0.0   +    ||X1Sigma+
      14.0   42      64328.856880   1    41   0     0.0     0.0     0.0   +    ||X1Sigma+
      14.0   43      65025.955892   1    42   0     0.0     0.0     0.0   +    ||X1Sigma+
      14.0   44      65669.598969   1    43   0     0.0     0.0     0.0   +    ||X1Sigma+
      14.0   45      66260.877389   1    44   0     0.0     0.0     0.0   +    ||X1Sigma+
      14.0   46      66800.842135   1    45   0     0.0     0.0     0.0   +    ||X1Sigma+
      14.0   47      67290.777708   1    46   0     0.0     0.0     0.0   +    ||X1Sigma+
      14.0   48      67732.369196   1    47   0     0.0     0.0     0.0   +    ||X1Sigma+
      14.0   49      68128.028511   1    48   0     0.0     0.0     0.0   +    ||X1Sigma+
      14.0   50      68487.345429   1    49   0     0.0     0.0     0.0   +    ||X1Sigma+

Zero point energy (ZPE) =    1056.185498244544

j =      15.0

Define the quanta book-keeping
The total number sigma/lambda states (size of the sigma-lambda submatrix) = 1

Sigma-Lambda basis set:
     i     jrot  state   spin    sigma lambda   omega
     1     15.0    1      0.0      0.0    0      0.0   X1Sigma+
...done!

Contracted basis set:
     i     jrot ilevel ivib state v     spin    sigma lambda   omega   Name
     1     15.0    1    1    1    0      0.0      0.0    0      0.0   X1Sigma+
     2     15.0    1    2    1    1      0.0      0.0    0      0.0   X1Sigma+
     3     15.0    1    3    1    2      0.0      0.0    0      0.0   X1Sigma+
     4     15.0    1    4    1    3      0.0      0.0    0      0.0   X1Sigma+
     5     15.0    1    5    1    4      0.0      0.0    0      0.0   X1Sigma+
     6     15.0    1    6    1    5      0.0      0.0    0      0.0   X1Sigma+
     7     15.0    1    7    1    6      0.0      0.0    0      0.0   X1Sigma+
     8     15.0    1    8    1    7      0.0      0.0    0      0.0   X1Sigma+
     9     15.0    1    9    1    8      0.0      0.0    0      0.0   X1Sigma+
    10     15.0    1   10    1    9      0.0      0.0    0      0.0   X1Sigma+
    11     15.0    1   11    1   10      0.0      0.0    0      0.0   X1Sigma+
    12     15.0    1   12    1   11      0.0      0.0    0      0.0   X1Sigma+
    13     15.0    1   13    1   12      0.0      0.0    0      0.0   X1Sigma+
    14     15.0    1   14    1   13      0.0      0.0    0      0.0   X1Sigma+
    15     15.0    1   15    1   14      0.0      0.0    0      0.0   X1Sigma+
    16     15.0    1   16    1   15      0.0      0.0    0      0.0   X1Sigma+
    17     15.0    1   17    1   16      0.0      0.0    0      0.0   X1Sigma+
    18     15.0    1   18    1   17      0.0      0.0    0      0.0   X1Sigma+
    19     15.0    1   19    1   18      0.0      0.0    0      0.0   X1Sigma+
    20     15.0    1   20    1   19      0.0      0.0    0      0.0   X1Sigma+
    21     15.0    1   21    1   20      0.0      0.0    0      0.0   X1Sigma+
    22     15.0    1   22    1   21      0.0      0.0    0      0.0   X1Sigma+
    23     15.0    1   23    1   22      0.0      0.0    0      0.0   X1Sigma+
    24     15.0    1   24    1   23      0.0      0.0    0      0.0   X1Sigma+
    25     15.0    1   25    1   24      0.0      0.0    0      0.0   X1Sigma+
    26     15.0    1   26    1   25      0.0      0.0    0      0.0   X1Sigma+
    27     15.0    1   27    1   26      0.0      0.0    0      0.0   X1Sigma+
    28     15.0    1   28    1   27      0.0      0.0    0      0.0   X1Sigma+
    29     15.0    1   29    1   28      0.0      0.0    0      0.0   X1Sigma+
    30     15.0    1   30    1   29      0.0      0.0    0      0.0   X1Sigma+
    31     15.0    1   31    1   30      0.0      0.0    0      0.0   X1Sigma+
    32     15.0    1   32    1   31      0.0      0.0    0      0.0   X1Sigma+
    33     15.0    1   33    1   32      0.0      0.0    0      0.0   X1Sigma+
    34     15.0    1   34    1   33      0.0      0.0    0      0.0   X1Sigma+
    35     15.0    1   35    1   34      0.0      0.0    0      0.0   X1Sigma+
    36     15.0    1   36    1   35      0.0      0.0    0      0.0   X1Sigma+
    37     15.0    1   37    1   36      0.0      0.0    0      0.0   X1Sigma+
    38     15.0    1   38    1   37      0.0      0.0    0      0.0   X1Sigma+
    39     15.0    1   39    1   38      0.0      0.0    0      0.0   X1Sigma+
    40     15.0    1   40    1   39      0.0      0.0    0      0.0   X1Sigma+
    41     15.0    1   41    1   40      0.0      0.0    0      0.0   X1Sigma+
    42     15.0    1   42    1   41      0.0      0.0    0      0.0   X1Sigma+
    43     15.0    1   43    1   42      0.0      0.0    0      0.0   X1Sigma+
    44     15.0    1   44    1   43      0.0      0.0    0      0.0   X1Sigma+
    45     15.0    1   45    1   44      0.0      0.0    0      0.0   X1Sigma+
    46     15.0    1   46    1   45      0.0      0.0    0      0.0   X1Sigma+
    47     15.0    1   47    1   46      0.0      0.0    0      0.0   X1Sigma+
    48     15.0    1   48    1   47      0.0      0.0    0      0.0   X1Sigma+
    49     15.0    1   49    1   48      0.0      0.0    0      0.0   X1Sigma+
    50     15.0    1   50    1   49      0.0      0.0    0      0.0   X1Sigma+


 Memory Report:
 Active Arrays                                          size (MB)
 GRID                                                       0.009                
 r-field                                                    0.010                
 icontrvib                                                  0.031                
 brot                                                       0.020                
 X1Sigma+                                                   0.020                
 BROT                                                       0.022                
 <X|mu|X>                                                   0.020                
 hmat                                                       0.020                
 eigens                                                     0.306                
 Total memory   =                                           0.464 MB
 Maximal memory =                                           2.504 MB (         8000.000)

 (       26 arrays contributing less than 1% are not shown)


Construct the hamiltonian matrix
...done!

Non-zero matrix elements of the coupled Sigma-Lambda matrix:
Threshold for printing is   2.22E-16 cm^-1
RV == Rotational-vibrational
SO == Spin-Orbit interaction
SS == Spin-Spin interaction
JS == J.S interaction (aka S-uncoupling)
LS == L.J interaction (aka L-uncoupling)
LS == L.S interaction (spin-electronic)
RV=        -35.684;
 


Eigenvalues for J =     15.0

       J      i        Energy/cm  State   v  lambda spin   sigma   omega  parity
      15.0    1        458.583346   1     0   0     0.0     0.0     0.0   -    ||X1Sigma+
      15.0    2       2561.498609   1     1   0     0.0     0.0     0.0   -    ||X1Sigma+
      15.0    3       4652.954015   1     2   0     0.0     0.0     0.0   -    ||X1Sigma+
      15.0    4       6729.000775   1     3   0     0.0     0.0     0.0   -    ||X1Sigma+
      15.0    5       8783.964721   1     4   0     0.0     0.0     0.0   -    ||X1Sigma+
      15.0    6      10815.751145   1     5   0     0.0     0.0     0.0   -    ||X1Sigma+
      15.0    7      12823.721051   1     6   0     0.0     0.0     0.0   -    ||X1Sigma+
      15.0    8      14806.788148   1     7   0     0.0     0.0     0.0   -    ||X1Sigma+
      15.0    9      16764.382895   1     8   0     0.0     0.0     0.0   -    ||X1Sigma+
      15.0   10      18696.073381   1     9   0     0.0     0.0     0.0   -    ||X1Sigma+
      15.0   11      20601.692346   1    10   0     0.0     0.0     0.0   -    ||X1Sigma+
      15.0   12      22481.034165   1    11   0     0.0     0.0     0.0   -    ||X1Sigma+
      15.0   13      24334.046880   1    12   0     0.0     0.0     0.0   -    ||X1Sigma+
      15.0   14      26160.847870   1    13   0     0.0     0.0     0.0   -    ||X1Sigma+
      15.0   15      27961.485296   1    14   0     0.0     0.0     0.0   -    ||X1Sigma+
      15.0   16      29736.043348   1    15   0     0.0     0.0     0.0   -    ||X1Sigma+
      15.0   17      31484.669465   1    16   0     0.0     0.0     0.0   -    ||X1Sigma+
      15.0   18      33207.428393   1    17   0     0.0     0.0     0.0   -    ||X1Sigma+
      15.0   19      34904.385408   1    18   0     0.0     0.0     0.0   -    ||X1Sigma+
      15.0   20      36575.594221   1    19   0     0.0     0.0     0.0   -    ||X1Sigma+
      15.0   21      38221.036736   1    20   0     0.0     0.0     0.0   -    ||X1Sigma+
      15.0   22      39840.643041   1    21   0     0.0     0.0     0.0   -    ||X1Sigma+
      15.0   23      41434.229680   1    22   0     0.0     0.0     0.0   -    ||X1Sigma+
      15.0   24      43001.430659   1    23   0     0.0     0.0     0.0   -    ||X1Sigma+
      15.0   25      44541.678116   1    24   0     0.0     0.0     0.0   -    ||X1Sigma+
      15.0   26      46054.107399   1    25   0     0.0     0.0     0.0   -    ||X1Sigma+
      15.0   27      47537.403856   1    26   0     0.0     0.0     0.0   -    ||X1Sigma+
      15.0   28      48989.599577   1    27   0     0.0     0.0     0.0   -    ||X1Sigma+
      15.0   29      50407.827900   1    28   0     0.0     0.0     0.0   -    ||X1Sigma+
      15.0   30      51788.039079   1    29   0     0.0     0.0     0.0   -    ||X1Sigma+
      15.0   31      53124.797213   1    30   0     0.0     0.0     0.0   -    ||X1Sigma+
      15.0   32      54412.091099   1    31   0     0.0     0.0     0.0   -    ||X1Sigma+
      15.0   33      55646.263232   1    32   0     0.0     0.0     0.0   -    ||X1Sigma+
      15.0   34      56828.564210   1    33   0     0.0     0.0     0.0   -    ||X1Sigma+
      15.0   35      57960.351333   1    34   0     0.0     0.0     0.0   -    ||X1Sigma+
      15.0   36      59038.160015   1    35   0     0.0     0.0     0.0   -    ||X1Sigma+
      15.0   37      60061.339497   1    36   0     0.0     0.0     0.0   -    ||X1Sigma+
      15.0   38      61030.504356   1    37   0     0.0     0.0     0.0   -    ||X1Sigma+
      15.0   39      61944.545821   1    38   0     0.0     0.0     0.0   -    ||X1Sigma+
      15.0   40      62803.916454   1    39   0     0.0     0.0     0.0   -    ||X1Sigma+
      15.0   41      63608.240647   1    40   0     0.0     0.0     0.0   -    ||X1Sigma+
      15.0   42      64358.091506   1    41   0     0.0     0.0     0.0   -    ||X1Sigma+
      15.0   43      65053.964558   1    42   0     0.0     0.0     0.0   -    ||X1Sigma+
      15.0   44      65696.362250   1    43   0     0.0     0.0     0.0   -    ||X1Sigma+
      15.0   45      66286.381127   1    44   0     0.0     0.0     0.0   -    ||X1Sigma+
      15.0   46      66825.092572   1    45   0     0.0     0.0     0.0   -    ||X1Sigma+
      15.0   47      67313.801759   1    46   0     0.0     0.0     0.0   -    ||X1Sigma+
      15.0   48      67754.246782   1    47   0     0.0     0.0     0.0   -    ||X1Sigma+
      15.0   49      68149.049779   1    48   0     0.0     0.0     0.0   -    ||X1Sigma+
      15.0   50      68511.007129   1    49   0     0.0     0.0     0.0   -    ||X1Sigma+

Zero point energy (ZPE) =    1056.185498244544

j =      16.0

Define the quanta book-keeping
The total number sigma/lambda states (size of the sigma-lambda submatrix) = 1

Sigma-Lambda basis set:
     i     jrot  state   spin    sigma lambda   omega
     1     16.0    1      0.0      0.0    0      0.0   X1Sigma+
...done!

Contracted basis set:
     i     jrot ilevel ivib state v     spin    sigma lambda   omega   Name
     1     16.0    1    1    1    0      0.0      0.0    0      0.0   X1Sigma+
     2     16.0    1    2    1    1      0.0      0.0    0      0.0   X1Sigma+
     3     16.0    1    3    1    2      0.0      0.0    0      0.0   X1Sigma+
     4     16.0    1    4    1    3      0.0      0.0    0      0.0   X1Sigma+
     5     16.0    1    5    1    4      0.0      0.0    0      0.0   X1Sigma+
     6     16.0    1    6    1    5      0.0      0.0    0      0.0   X1Sigma+
     7     16.0    1    7    1    6      0.0      0.0    0      0.0   X1Sigma+
     8     16.0    1    8    1    7      0.0      0.0    0      0.0   X1Sigma+
     9     16.0    1    9    1    8      0.0      0.0    0      0.0   X1Sigma+
    10     16.0    1   10    1    9      0.0      0.0    0      0.0   X1Sigma+
    11     16.0    1   11    1   10      0.0      0.0    0      0.0   X1Sigma+
    12     16.0    1   12    1   11      0.0      0.0    0      0.0   X1Sigma+
    13     16.0    1   13    1   12      0.0      0.0    0      0.0   X1Sigma+
    14     16.0    1   14    1   13      0.0      0.0    0      0.0   X1Sigma+
    15     16.0    1   15    1   14      0.0      0.0    0      0.0   X1Sigma+
    16     16.0    1   16    1   15      0.0      0.0    0      0.0   X1Sigma+
    17     16.0    1   17    1   16      0.0      0.0    0      0.0   X1Sigma+
    18     16.0    1   18    1   17      0.0      0.0    0      0.0   X1Sigma+
    19     16.0    1   19    1   18      0.0      0.0    0      0.0   X1Sigma+
    20     16.0    1   20    1   19      0.0      0.0    0      0.0   X1Sigma+
    21     16.0    1   21    1   20      0.0      0.0    0      0.0   X1Sigma+
    22     16.0    1   22    1   21      0.0      0.0    0      0.0   X1Sigma+
    23     16.0    1   23    1   22      0.0      0.0    0      0.0   X1Sigma+
    24     16.0    1   24    1   23      0.0      0.0    0      0.0   X1Sigma+
    25     16.0    1   25    1   24      0.0      0.0    0      0.0   X1Sigma+
    26     16.0    1   26    1   25      0.0      0.0    0      0.0   X1Sigma+
    27     16.0    1   27    1   26      0.0      0.0    0      0.0   X1Sigma+
    28     16.0    1   28    1   27      0.0      0.0    0      0.0   X1Sigma+
    29     16.0    1   29    1   28      0.0      0.0    0      0.0   X1Sigma+
    30     16.0    1   30    1   29      0.0      0.0    0      0.0   X1Sigma+
    31     16.0    1   31    1   30      0.0      0.0    0      0.0   X1Sigma+
    32     16.0    1   32    1   31      0.0      0.0    0      0.0   X1Sigma+
    33     16.0    1   33    1   32      0.0      0.0    0      0.0   X1Sigma+
    34     16.0    1   34    1   33      0.0      0.0    0      0.0   X1Sigma+
    35     16.0    1   35    1   34      0.0      0.0    0      0.0   X1Sigma+
    36     16.0    1   36    1   35      0.0      0.0    0      0.0   X1Sigma+
    37     16.0    1   37    1   36      0.0      0.0    0      0.0   X1Sigma+
    38     16.0    1   38    1   37      0.0      0.0    0      0.0   X1Sigma+
    39     16.0    1   39    1   38      0.0      0.0    0      0.0   X1Sigma+
    40     16.0    1   40    1   39      0.0      0.0    0      0.0   X1Sigma+
    41     16.0    1   41    1   40      0.0      0.0    0      0.0   X1Sigma+
    42     16.0    1   42    1   41      0.0      0.0    0      0.0   X1Sigma+
    43     16.0    1   43    1   42      0.0      0.0    0      0.0   X1Sigma+
    44     16.0    1   44    1   43      0.0      0.0    0      0.0   X1Sigma+
    45     16.0    1   45    1   44      0.0      0.0    0      0.0   X1Sigma+
    46     16.0    1   46    1   45      0.0      0.0    0      0.0   X1Sigma+
    47     16.0    1   47    1   46      0.0      0.0    0      0.0   X1Sigma+
    48     16.0    1   48    1   47      0.0      0.0    0      0.0   X1Sigma+
    49     16.0    1   49    1   48      0.0      0.0    0      0.0   X1Sigma+
    50     16.0    1   50    1   49      0.0      0.0    0      0.0   X1Sigma+


 Memory Report:
 Active Arrays                                          size (MB)
 GRID                                                       0.009                
 r-field                                                    0.010                
 icontrvib                                                  0.031                
 brot                                                       0.020                
 X1Sigma+                                                   0.020                
 BROT                                                       0.022                
 <X|mu|X>                                                   0.020                
 hmat                                                       0.020                
 eigens                                                     0.326                
 Total memory   =                                           0.484 MB
 Maximal memory =                                           2.504 MB (         8000.000)

 (       26 arrays contributing less than 1% are not shown)


Construct the hamiltonian matrix
...done!

Non-zero matrix elements of the coupled Sigma-Lambda matrix:
Threshold for printing is   2.22E-16 cm^-1
RV == Rotational-vibrational
SO == Spin-Orbit interaction
SS == Spin-Spin interaction
JS == J.S interaction (aka S-uncoupling)
LS == L.J interaction (aka L-uncoupling)
LS == L.S interaction (spin-electronic)
RV=        -40.441;
 


Eigenvalues for J =     16.0

       J      i        Energy/cm  State   v  lambda spin   sigma   omega  parity
      16.0    1        519.673519   1     0   0     0.0     0.0     0.0   +    ||X1Sigma+
      16.0    2       2622.087748   1     1   0     0.0     0.0     0.0   +    ||X1Sigma+
      16.0    3       4712.957554   1     2   0     0.0     0.0     0.0   +    ||X1Sigma+
      16.0    4       6788.403096   1     3   0     0.0     0.0     0.0   +    ||X1Sigma+
      16.0    5       8842.774466   1     4   0     0.0     0.0     0.0   +    ||X1Sigma+
      16.0    6      10873.974314   1     5   0     0.0     0.0     0.0   +    ||X1Sigma+
      16.0    7      12881.361373   1     6   0     0.0     0.0     0.0   +    ||X1Sigma+
      16.0    8      14863.853958   1     7   0     0.0     0.0     0.0   +    ||X1Sigma+
      16.0    9      16820.881001   1     8   0     0.0     0.0     0.0   +    ||X1Sigma+
      16.0   10      18752.009261   1     9   0     0.0     0.0     0.0   +    ||X1Sigma+
      16.0   11      20657.073601   1    10   0     0.0     0.0     0.0   +    ||X1Sigma+
      16.0   12      22535.865927   1    11   0     0.0     0.0     0.0   +    ||X1Sigma+
      16.0   13      24388.333452   1    12   0     0.0     0.0     0.0   +    ||X1Sigma+
      16.0   14      26214.592663   1    13   0     0.0     0.0     0.0   +    ||X1Sigma+
      16.0   15      28014.690901   1    14   0     0.0     0.0     0.0   +    ||X1Sigma+
      16.0   16      29788.712240   1    15   0     0.0     0.0     0.0   +    ||X1Sigma+
      16.0   17      31536.803138   1    16   0     0.0     0.0     0.0   +    ||X1Sigma+
      16.0   18      33259.027916   1    17   0     0.0     0.0     0.0   +    ||X1Sigma+
      16.0   19      34955.451707   1    18   0     0.0     0.0     0.0   +    ||X1Sigma+
      16.0   20      36626.126868   1    19   0     0.0     0.0     0.0   +    ||X1Sigma+
      16.0   21      38271.033819   1    20   0     0.0     0.0     0.0   +    ||X1Sigma+
      16.0   22      39890.101590   1    21   0     0.0     0.0     0.0   +    ||X1Sigma+
      16.0   23      41483.144604   1    22   0     0.0     0.0     0.0   +    ||X1Sigma+
      16.0   24      43049.793675   1    23   0     0.0     0.0     0.0   +    ||X1Sigma+
      16.0   25      44589.477038   1    24   0     0.0     0.0     0.0   +    ||X1Sigma+
      16.0   26      46101.324503   1    25   0     0.0     0.0     0.0   +    ||X1Sigma+
      16.0   27      47584.012818   1    26   0     0.0     0.0     0.0   +    ||X1Sigma+
      16.0   28      49035.561751   1    27   0     0.0     0.0     0.0   +    ||X1Sigma+
      16.0   29      50453.087989   1    28   0     0.0     0.0     0.0   +    ||X1Sigma+
      16.0   30      51832.519317   1    29   0     0.0     0.0     0.0   +    ||X1Sigma+
      16.0   31      53168.397198   1    30   0     0.0     0.0     0.0   +    ||X1Sigma+
      16.0   32      54454.712674   1    31   0     0.0     0.0     0.0   +    ||X1Sigma+
      16.0   33      55687.866579   1    32   0     0.0     0.0     0.0   +    ||X1Sigma+
      16.0   34      56869.168311   1    33   0     0.0     0.0     0.0   +    ||X1Sigma+
      16.0   35      57999.911785   1    34   0     0.0     0.0     0.0   +    ||X1Sigma+
      16.0   36      59076.596761   1    35   0     0.0     0.0     0.0   +    ||X1Sigma+
      16.0   37      60098.653415   1    36   0     0.0     0.0     0.0   +    ||X1Sigma+
      16.0   38      61066.643955   1    37   0     0.0     0.0     0.0   +    ||X1Sigma+
      16.0   39      61979.490513   1    38   0     0.0     0.0     0.0   +    ||X1Sigma+
      16.0   40      62837.620794   1    39   0     0.0     0.0     0.0   +    ||X1Sigma+
      16.0   41      63640.689978   1    40   0     0.0     0.0     0.0   +    ||X1Sigma+
      16.0   42      64389.245847   1    41   0     0.0     0.0     0.0   +    ||X1Sigma+
      16.0   43      65083.809431   1    42   0     0.0     0.0     0.0   +    ||X1Sigma+
      16.0   44      65724.877377   1    43   0     0.0     0.0     0.0   +    ||X1Sigma+
      16.0   45      66313.551059   1    44   0     0.0     0.0     0.0   +    ||X1Sigma+
      16.0   46      66850.924018   1    45   0     0.0     0.0     0.0   +    ||X1Sigma+
      16.0   47      67338.324562   1    46   0     0.0     0.0     0.0   +    ||X1Sigma+
      16.0   48      67777.549052   1    47   0     0.0     0.0     0.0   +    ||X1Sigma+
      16.0   49      68171.452902   1    48   0     0.0     0.0     0.0   +    ||X1Sigma+
      16.0   50      68537.131334   1    49   0     0.0     0.0     0.0   +    ||X1Sigma+

Zero point energy (ZPE) =    1056.185498244544

j =      17.0

Define the quanta book-keeping
The total number sigma/lambda states (size of the sigma-lambda submatrix) = 1

Sigma-Lambda basis set:
     i     jrot  state   spin    sigma lambda   omega
     1     17.0    1      0.0      0.0    0      0.0   X1Sigma+
...done!

Contracted basis set:
     i     jrot ilevel ivib state v     spin    sigma lambda   omega   Name
     1     17.0    1    1    1    0      0.0      0.0    0      0.0   X1Sigma+
     2     17.0    1    2    1    1      0.0      0.0    0      0.0   X1Sigma+
     3     17.0    1    3    1    2      0.0      0.0    0      0.0   X1Sigma+
     4     17.0    1    4    1    3      0.0      0.0    0      0.0   X1Sigma+
     5     17.0    1    5    1    4      0.0      0.0    0      0.0   X1Sigma+
     6     17.0    1    6    1    5      0.0      0.0    0      0.0   X1Sigma+
     7     17.0    1    7    1    6      0.0      0.0    0      0.0   X1Sigma+
     8     17.0    1    8    1    7      0.0      0.0    0      0.0   X1Sigma+
     9     17.0    1    9    1    8      0.0      0.0    0      0.0   X1Sigma+
    10     17.0    1   10    1    9      0.0      0.0    0      0.0   X1Sigma+
    11     17.0    1   11    1   10      0.0      0.0    0      0.0   X1Sigma+
    12     17.0    1   12    1   11      0.0      0.0    0      0.0   X1Sigma+
    13     17.0    1   13    1   12      0.0      0.0    0      0.0   X1Sigma+
    14     17.0    1   14    1   13      0.0      0.0    0      0.0   X1Sigma+
    15     17.0    1   15    1   14      0.0      0.0    0      0.0   X1Sigma+
    16     17.0    1   16    1   15      0.0      0.0    0      0.0   X1Sigma+
    17     17.0    1   17    1   16      0.0      0.0    0      0.0   X1Sigma+
    18     17.0    1   18    1   17      0.0      0.0    0      0.0   X1Sigma+
    19     17.0    1   19    1   18      0.0      0.0    0      0.0   X1Sigma+
    20     17.0    1   20    1   19      0.0      0.0    0      0.0   X1Sigma+
    21     17.0    1   21    1   20      0.0      0.0    0      0.0   X1Sigma+
    22     17.0    1   22    1   21      0.0      0.0    0      0.0   X1Sigma+
    23     17.0    1   23    1   22      0.0      0.0    0      0.0   X1Sigma+
    24     17.0    1   24    1   23      0.0      0.0    0      0.0   X1Sigma+
    25     17.0    1   25    1   24      0.0      0.0    0      0.0   X1Sigma+
    26     17.0    1   26    1   25      0.0      0.0    0      0.0   X1Sigma+
    27     17.0    1   27    1   26      0.0      0.0    0      0.0   X1Sigma+
    28     17.0    1   28    1   27      0.0      0.0    0      0.0   X1Sigma+
    29     17.0    1   29    1   28      0.0      0.0    0      0.0   X1Sigma+
    30     17.0    1   30    1   29      0.0      0.0    0      0.0   X1Sigma+
    31     17.0    1   31    1   30      0.0      0.0    0      0.0   X1Sigma+
    32     17.0    1   32    1   31      0.0      0.0    0      0.0   X1Sigma+
    33     17.0    1   33    1   32      0.0      0.0    0      0.0   X1Sigma+
    34     17.0    1   34    1   33      0.0      0.0    0      0.0   X1Sigma+
    35     17.0    1   35    1   34      0.0      0.0    0      0.0   X1Sigma+
    36     17.0    1   36    1   35      0.0      0.0    0      0.0   X1Sigma+
    37     17.0    1   37    1   36      0.0      0.0    0      0.0   X1Sigma+
    38     17.0    1   38    1   37      0.0      0.0    0      0.0   X1Sigma+
    39     17.0    1   39    1   38      0.0      0.0    0      0.0   X1Sigma+
    40     17.0    1   40    1   39      0.0      0.0    0      0.0   X1Sigma+
    41     17.0    1   41    1   40      0.0      0.0    0      0.0   X1Sigma+
    42     17.0    1   42    1   41      0.0      0.0    0      0.0   X1Sigma+
    43     17.0    1   43    1   42      0.0      0.0    0      0.0   X1Sigma+
    44     17.0    1   44    1   43      0.0      0.0    0      0.0   X1Sigma+
    45     17.0    1   45    1   44      0.0      0.0    0      0.0   X1Sigma+
    46     17.0    1   46    1   45      0.0      0.0    0      0.0   X1Sigma+
    47     17.0    1   47    1   46      0.0      0.0    0      0.0   X1Sigma+
    48     17.0    1   48    1   47      0.0      0.0    0      0.0   X1Sigma+
    49     17.0    1   49    1   48      0.0      0.0    0      0.0   X1Sigma+
    50     17.0    1   50    1   49      0.0      0.0    0      0.0   X1Sigma+


 Memory Report:
 Active Arrays                                          size (MB)
 GRID                                                       0.009                
 r-field                                                    0.010                
 icontrvib                                                  0.031                
 brot                                                       0.020                
 X1Sigma+                                                   0.020                
 BROT                                                       0.022                
 <X|mu|X>                                                   0.020                
 hmat                                                       0.020                
 eigens                                                     0.347                
 Total memory   =                                           0.504 MB
 Maximal memory =                                           2.504 MB (         8000.000)

 (       26 arrays contributing less than 1% are not shown)


Construct the hamiltonian matrix
...done!

Non-zero matrix elements of the coupled Sigma-Lambda matrix:
Threshold for printing is   2.22E-16 cm^-1
RV == Rotational-vibrational
SO == Spin-Orbit interaction
SS == Spin-Spin interaction
JS == J.S interaction (aka S-uncoupling)
LS == L.J interaction (aka L-uncoupling)
LS == L.S interaction (spin-electronic)
RV=        -45.497;
 


Eigenvalues for J =     17.0

       J      i        Energy/cm  State   v  lambda spin   sigma   omega  parity
      17.0    1        584.567842   1     0   0     0.0     0.0     0.0   -    ||X1Sigma+
      17.0    2       2686.450091   1     1   0     0.0     0.0     0.0   -    ||X1Sigma+
      17.0    3       4776.698007   1     2   0     0.0     0.0     0.0   -    ||X1Sigma+
      17.0    4       6851.504806   1     3   0     0.0     0.0     0.0   -    ||X1Sigma+
      17.0    5       8905.246595   1     4   0     0.0     0.0     0.0   -    ||X1Sigma+
      17.0    6      10935.823259   1     5   0     0.0     0.0     0.0   -    ||X1Sigma+
      17.0    7      12942.591015   1     6   0     0.0     0.0     0.0   -    ||X1Sigma+
      17.0    8      14924.473136   1     7   0     0.0     0.0     0.0   -    ||X1Sigma+
      17.0    9      16880.896931   1     8   0     0.0     0.0     0.0   -    ||X1Sigma+
      17.0   10      18811.427761   1     9   0     0.0     0.0     0.0   -    ||X1Sigma+
      17.0   11      20715.902715   1    10   0     0.0     0.0     0.0   -    ||X1Sigma+
      17.0   12      22594.111117   1    11   0     0.0     0.0     0.0   -    ||X1Sigma+
      17.0   13      24445.999308   1    12   0     0.0     0.0     0.0   -    ||X1Sigma+
      17.0   14      26271.682798   1    13   0     0.0     0.0     0.0   -    ||X1Sigma+
      17.0   15      28071.208067   1    14   0     0.0     0.0     0.0   -    ||X1Sigma+
      17.0   16      29844.659077   1    15   0     0.0     0.0     0.0   -    ||X1Sigma+
      17.0   17      31592.181217   1    16   0     0.0     0.0     0.0   -    ||X1Sigma+
      17.0   18      33313.838370   1    17   0     0.0     0.0     0.0   -    ||X1Sigma+
      17.0   19      35009.695518   1    18   0     0.0     0.0     0.0   -    ||X1Sigma+
      17.0   20      36679.803573   1    19   0     0.0     0.0     0.0   -    ||X1Sigma+
      17.0   21      38324.141379   1    20   0     0.0     0.0     0.0   -    ||X1Sigma+
      17.0   22      39942.636827   1    21   0     0.0     0.0     0.0   -    ||X1Sigma+
      17.0   23      41535.102072   1    22   0     0.0     0.0     0.0   -    ||X1Sigma+
      17.0   24      43101.164534   1    23   0     0.0     0.0     0.0   -    ||X1Sigma+
      17.0   25      44640.248279   1    24   0     0.0     0.0     0.0   -    ||X1Sigma+
      17.0   26      46151.477191   1    25   0     0.0     0.0     0.0   -    ||X1Sigma+
      17.0   27      47633.518832   1    26   0     0.0     0.0     0.0   -    ||X1Sigma+
      17.0   28      49084.379805   1    27   0     0.0     0.0     0.0   -    ||X1Sigma+
      17.0   29      50501.159012   1    28   0     0.0     0.0     0.0   -    ||X1Sigma+
      17.0   30      51879.760256   1    29   0     0.0     0.0     0.0   -    ||X1Sigma+
      17.0   31      53214.701043   1    30   0     0.0     0.0     0.0   -    ||X1Sigma+
      17.0   32      54499.975494   1    31   0     0.0     0.0     0.0   -    ||X1Sigma+
      17.0   33      55732.047319   1    32   0     0.0     0.0     0.0   -    ||X1Sigma+
      17.0   34      56912.287209   1    33   0     0.0     0.0     0.0   -    ||X1Sigma+
      17.0   35      58041.919925   1    34   0     0.0     0.0     0.0   -    ||X1Sigma+
      17.0   36      59117.410014   1    35   0     0.0     0.0     0.0   -    ||X1Sigma+
      17.0   37      60138.273031   1    36   0     0.0     0.0     0.0   -    ||X1Sigma+
      17.0   38      61105.014275   1    37   0     0.0     0.0     0.0   -    ||X1Sigma+
      17.0   39      62016.590410   1    38   0     0.0     0.0     0.0   -    ||X1Sigma+
      17.0   40      62873.401166   1    39   0     0.0     0.0     0.0   -    ||X1Sigma+
      17.0   41      63675.135635   1    40   0     0.0     0.0     0.0   -    ||X1Sigma+
      17.0   42      64422.314055   1    41   0     0.0     0.0     0.0   -    ||X1Sigma+
      17.0   43      65115.484129   1    42   0     0.0     0.0     0.0   -    ||X1Sigma+
      17.0   44      65755.137340   1    43   0     0.0     0.0     0.0   -    ||X1Sigma+
      17.0   45      66342.379148   1    44   0     0.0     0.0     0.0   -    ||X1Sigma+
      17.0   46      66878.326679   1    45   0     0.0     0.0     0.0   -    ||X1Sigma+
      17.0   47      67364.333277   1    46   0     0.0     0.0     0.0   -    ||X1Sigma+
      17.0   48      67802.256912   1    47   0     0.0     0.0     0.0   -    ||X1Sigma+
      17.0   49      68195.199970   1    48   0     0.0     0.0     0.0   -    ||X1Sigma+
      17.0   50      68565.947950   1    49   0     0.0     0.0     0.0   -    ||X1Sigma+

Zero point energy (ZPE) =    1056.185498244544

j =      18.0

Define the quanta book-keeping
The total number sigma/lambda states (size of the sigma-lambda submatrix) = 1

Sigma-Lambda basis set:
     i     jrot  state   spin    sigma lambda   omega
     1     18.0    1      0.0      0.0    0      0.0   X1Sigma+
...done!

Contracted basis set:
     i     jrot ilevel ivib state v     spin    sigma lambda   omega   Name
     1     18.0    1    1    1    0      0.0      0.0    0      0.0   X1Sigma+
     2     18.0    1    2    1    1      0.0      0.0    0      0.0   X1Sigma+
     3     18.0    1    3    1    2      0.0      0.0    0      0.0   X1Sigma+
     4     18.0    1    4    1    3      0.0      0.0    0      0.0   X1Sigma+
     5     18.0    1    5    1    4      0.0      0.0    0      0.0   X1Sigma+
     6     18.0    1    6    1    5      0.0      0.0    0      0.0   X1Sigma+
     7     18.0    1    7    1    6      0.0      0.0    0      0.0   X1Sigma+
     8     18.0    1    8    1    7      0.0      0.0    0      0.0   X1Sigma+
     9     18.0    1    9    1    8      0.0      0.0    0      0.0   X1Sigma+
    10     18.0    1   10    1    9      0.0      0.0    0      0.0   X1Sigma+
    11     18.0    1   11    1   10      0.0      0.0    0      0.0   X1Sigma+
    12     18.0    1   12    1   11      0.0      0.0    0      0.0   X1Sigma+
    13     18.0    1   13    1   12      0.0      0.0    0      0.0   X1Sigma+
    14     18.0    1   14    1   13      0.0      0.0    0      0.0   X1Sigma+
    15     18.0    1   15    1   14      0.0      0.0    0      0.0   X1Sigma+
    16     18.0    1   16    1   15      0.0      0.0    0      0.0   X1Sigma+
    17     18.0    1   17    1   16      0.0      0.0    0      0.0   X1Sigma+
    18     18.0    1   18    1   17      0.0      0.0    0      0.0   X1Sigma+
    19     18.0    1   19    1   18      0.0      0.0    0      0.0   X1Sigma+
    20     18.0    1   20    1   19      0.0      0.0    0      0.0   X1Sigma+
    21     18.0    1   21    1   20      0.0      0.0    0      0.0   X1Sigma+
    22     18.0    1   22    1   21      0.0      0.0    0      0.0   X1Sigma+
    23     18.0    1   23    1   22      0.0      0.0    0      0.0   X1Sigma+
    24     18.0    1   24    1   23      0.0      0.0    0      0.0   X1Sigma+
    25     18.0    1   25    1   24      0.0      0.0    0      0.0   X1Sigma+
    26     18.0    1   26    1   25      0.0      0.0    0      0.0   X1Sigma+
    27     18.0    1   27    1   26      0.0      0.0    0      0.0   X1Sigma+
    28     18.0    1   28    1   27      0.0      0.0    0      0.0   X1Sigma+
    29     18.0    1   29    1   28      0.0      0.0    0      0.0   X1Sigma+
    30     18.0    1   30    1   29      0.0      0.0    0      0.0   X1Sigma+
    31     18.0    1   31    1   30      0.0      0.0    0      0.0   X1Sigma+
    32     18.0    1   32    1   31      0.0      0.0    0      0.0   X1Sigma+
    33     18.0    1   33    1   32      0.0      0.0    0      0.0   X1Sigma+
    34     18.0    1   34    1   33      0.0      0.0    0      0.0   X1Sigma+
    35     18.0    1   35    1   34      0.0      0.0    0      0.0   X1Sigma+
    36     18.0    1   36    1   35      0.0      0.0    0      0.0   X1Sigma+
    37     18.0    1   37    1   36      0.0      0.0    0      0.0   X1Sigma+
    38     18.0    1   38    1   37      0.0      0.0    0      0.0   X1Sigma+
    39     18.0    1   39    1   38      0.0      0.0    0      0.0   X1Sigma+
    40     18.0    1   40    1   39      0.0      0.0    0      0.0   X1Sigma+
    41     18.0    1   41    1   40      0.0      0.0    0      0.0   X1Sigma+
    42     18.0    1   42    1   41      0.0      0.0    0      0.0   X1Sigma+
    43     18.0    1   43    1   42      0.0      0.0    0      0.0   X1Sigma+
    44     18.0    1   44    1   43      0.0      0.0    0      0.0   X1Sigma+
    45     18.0    1   45    1   44      0.0      0.0    0      0.0   X1Sigma+
    46     18.0    1   46    1   45      0.0      0.0    0      0.0   X1Sigma+
    47     18.0    1   47    1   46      0.0      0.0    0      0.0   X1Sigma+
    48     18.0    1   48    1   47      0.0      0.0    0      0.0   X1Sigma+
    49     18.0    1   49    1   48      0.0      0.0    0      0.0   X1Sigma+
    50     18.0    1   50    1   49      0.0      0.0    0      0.0   X1Sigma+


 Memory Report:
 Active Arrays                                          size (MB)
 GRID                                                       0.009                
 r-field                                                    0.010                
 icontrvib                                                  0.031                
 brot                                                       0.020                
 X1Sigma+                                                   0.020                
 BROT                                                       0.022                
 <X|mu|X>                                                   0.020                
 hmat                                                       0.020                
 eigens                                                     0.367                
 Total memory   =                                           0.525 MB
 Maximal memory =                                           2.504 MB (         8000.000)

 (       26 arrays contributing less than 1% are not shown)


Construct the hamiltonian matrix
...done!

Non-zero matrix elements of the coupled Sigma-Lambda matrix:
Threshold for printing is   2.22E-16 cm^-1
RV == Rotational-vibrational
SO == Spin-Orbit interaction
SS == Spin-Spin interaction
JS == J.S interaction (aka S-uncoupling)
LS == L.J interaction (aka L-uncoupling)
LS == L.S interaction (spin-electronic)
RV=        -50.849;
 


Eigenvalues for J =     18.0

       J      i        Energy/cm  State   v  lambda spin   sigma   omega  parity
      18.0    1        653.263775   1     0   0     0.0     0.0     0.0   +    ||X1Sigma+
      18.0    2       2754.583158   1     1   0     0.0     0.0     0.0   +    ||X1Sigma+
      18.0    3       4844.172957   1     2   0     0.0     0.0     0.0   +    ||X1Sigma+
      18.0    4       6918.303496   1     3   0     0.0     0.0     0.0   +    ||X1Sigma+
      18.0    5       8971.378703   1     4   0     0.0     0.0     0.0   +    ||X1Sigma+
      18.0    6      11001.295585   1     5   0     0.0     0.0     0.0   +    ||X1Sigma+
      18.0    7      13007.407577   1     6   0     0.0     0.0     0.0   +    ||X1Sigma+
      18.0    8      14988.643277   1     7   0     0.0     0.0     0.0   +    ||X1Sigma+
      18.0    9      16944.428269   1     8   0     0.0     0.0     0.0   +    ||X1Sigma+
      18.0   10      18874.326451   1     9   0     0.0     0.0     0.0   +    ||X1Sigma+
      18.0   11      20778.177240   1    10   0     0.0     0.0     0.0   +    ||X1Sigma+
      18.0   12      22655.767273   1    11   0     0.0     0.0     0.0   +    ||X1Sigma+
      18.0   13      24507.041975   1    12   0     0.0     0.0     0.0   +    ||X1Sigma+
      18.0   14      26332.115784   1    13   0     0.0     0.0     0.0   +    ||X1Sigma+
      18.0   15      28131.034289   1    14   0     0.0     0.0     0.0   +    ||X1Sigma+
      18.0   16      29903.881341   1    15   0     0.0     0.0     0.0   +    ||X1Sigma+
      18.0   17      31650.801170   1    16   0     0.0     0.0     0.0   +    ||X1Sigma+
      18.0   18      33371.857206   1    17   0     0.0     0.0     0.0   +    ||X1Sigma+
      18.0   19      35067.114274   1    18   0     0.0     0.0     0.0   +    ||X1Sigma+
      18.0   20      36736.621751   1    19   0     0.0     0.0     0.0   +    ||X1Sigma+
      18.0   21      38380.356812   1    20   0     0.0     0.0     0.0   +    ||X1Sigma+
      18.0   22      39998.246123   1    21   0     0.0     0.0     0.0   +    ||X1Sigma+
      18.0   23      41590.099423   1    22   0     0.0     0.0     0.0   +    ||X1Sigma+
      18.0   24      43155.540539   1    23   0     0.0     0.0     0.0   +    ||X1Sigma+
      18.0   25      44693.989089   1    24   0     0.0     0.0     0.0   +    ||X1Sigma+
      18.0   26      46204.562644   1    25   0     0.0     0.0     0.0   +    ||X1Sigma+
      18.0   27      47685.918979   1    26   0     0.0     0.0     0.0   +    ||X1Sigma+
      18.0   28      49136.050679   1    27   0     0.0     0.0     0.0   +    ||X1Sigma+
      18.0   29      50552.037706   1    28   0     0.0     0.0     0.0   +    ||X1Sigma+
      18.0   30      51929.758353   1    29   0     0.0     0.0     0.0   +    ||X1Sigma+
      18.0   31      53263.704869   1    30   0     0.0     0.0     0.0   +    ||X1Sigma+
      18.0   32      54547.875425   1    31   0     0.0     0.0     0.0   +    ||X1Sigma+
      18.0   33      55778.801301   1    32   0     0.0     0.0     0.0   +    ||X1Sigma+
      18.0   34      56957.916701   1    33   0     0.0     0.0     0.0   +    ||X1Sigma+
      18.0   35      58086.371186   1    34   0     0.0     0.0     0.0   +    ||X1Sigma+
      18.0   36      59160.595071   1    35   0     0.0     0.0     0.0   +    ||X1Sigma+
      18.0   37      60180.193494   1    36   0     0.0     0.0     0.0   +    ||X1Sigma+
      18.0   38      61145.610194   1    37   0     0.0     0.0     0.0   +    ||X1Sigma+
      18.0   39      62055.840200   1    38   0     0.0     0.0     0.0   +    ||X1Sigma+
      18.0   40      62911.251970   1    39   0     0.0     0.0     0.0   +    ||X1Sigma+
      18.0   41      63711.571713   1    40   0     0.0     0.0     0.0   +    ||X1Sigma+
      18.0   42      64457.289899   1    41   0     0.0     0.0     0.0   +    ||X1Sigma+
      18.0   43      65148.981832   1    42   0     0.0     0.0     0.0   +    ||X1Sigma+
      18.0   44      65787.134601   1    43   0     0.0     0.0     0.0   +    ||X1Sigma+
      18.0   45      66372.856666   1    44   0     0.0     0.0     0.0   +    ||X1Sigma+
      18.0   46      66907.289719   1    45   0     0.0     0.0     0.0   +    ||X1Sigma+
      18.0   47      67391.813250   1    46   0     0.0     0.0     0.0   +    ||X1Sigma+
      18.0   48      67828.347493   1    47   0     0.0     0.0     0.0   +    ||X1Sigma+
      18.0   49      68220.241402   1    48   0     0.0     0.0     0.0   +    ||X1Sigma+
      18.0   50      68597.715039   1    49   0     0.0     0.0     0.0   +    ||X1Sigma+

Zero point energy (ZPE) =    1056.185498244544

j =      19.0

Define the quanta book-keeping
The total number sigma/lambda states (size of the sigma-lambda submatrix) = 1

Sigma-Lambda basis set:
     i     jrot  state   spin    sigma lambda   omega
     1     19.0    1      0.0      0.0    0      0.0   X1Sigma+
...done!

Contracted basis set:
     i     jrot ilevel ivib state v     spin    sigma lambda   omega   Name
     1     19.0    1    1    1    0      0.0      0.0    0      0.0   X1Sigma+
     2     19.0    1    2    1    1      0.0      0.0    0      0.0   X1Sigma+
     3     19.0    1    3    1    2      0.0      0.0    0      0.0   X1Sigma+
     4     19.0    1    4    1    3      0.0      0.0    0      0.0   X1Sigma+
     5     19.0    1    5    1    4      0.0      0.0    0      0.0   X1Sigma+
     6     19.0    1    6    1    5      0.0      0.0    0      0.0   X1Sigma+
     7     19.0    1    7    1    6      0.0      0.0    0      0.0   X1Sigma+
     8     19.0    1    8    1    7      0.0      0.0    0      0.0   X1Sigma+
     9     19.0    1    9    1    8      0.0      0.0    0      0.0   X1Sigma+
    10     19.0    1   10    1    9      0.0      0.0    0      0.0   X1Sigma+
    11     19.0    1   11    1   10      0.0      0.0    0      0.0   X1Sigma+
    12     19.0    1   12    1   11      0.0      0.0    0      0.0   X1Sigma+
    13     19.0    1   13    1   12      0.0      0.0    0      0.0   X1Sigma+
    14     19.0    1   14    1   13      0.0      0.0    0      0.0   X1Sigma+
    15     19.0    1   15    1   14      0.0      0.0    0      0.0   X1Sigma+
    16     19.0    1   16    1   15      0.0      0.0    0      0.0   X1Sigma+
    17     19.0    1   17    1   16      0.0      0.0    0      0.0   X1Sigma+
    18     19.0    1   18    1   17      0.0      0.0    0      0.0   X1Sigma+
    19     19.0    1   19    1   18      0.0      0.0    0      0.0   X1Sigma+
    20     19.0    1   20    1   19      0.0      0.0    0      0.0   X1Sigma+
    21     19.0    1   21    1   20      0.0      0.0    0      0.0   X1Sigma+
    22     19.0    1   22    1   21      0.0      0.0    0      0.0   X1Sigma+
    23     19.0    1   23    1   22      0.0      0.0    0      0.0   X1Sigma+
    24     19.0    1   24    1   23      0.0      0.0    0      0.0   X1Sigma+
    25     19.0    1   25    1   24      0.0      0.0    0      0.0   X1Sigma+
    26     19.0    1   26    1   25      0.0      0.0    0      0.0   X1Sigma+
    27     19.0    1   27    1   26      0.0      0.0    0      0.0   X1Sigma+
    28     19.0    1   28    1   27      0.0      0.0    0      0.0   X1Sigma+
    29     19.0    1   29    1   28      0.0      0.0    0      0.0   X1Sigma+
    30     19.0    1   30    1   29      0.0      0.0    0      0.0   X1Sigma+
    31     19.0    1   31    1   30      0.0      0.0    0      0.0   X1Sigma+
    32     19.0    1   32    1   31      0.0      0.0    0      0.0   X1Sigma+
    33     19.0    1   33    1   32      0.0      0.0    0      0.0   X1Sigma+
    34     19.0    1   34    1   33      0.0      0.0    0      0.0   X1Sigma+
    35     19.0    1   35    1   34      0.0      0.0    0      0.0   X1Sigma+
    36     19.0    1   36    1   35      0.0      0.0    0      0.0   X1Sigma+
    37     19.0    1   37    1   36      0.0      0.0    0      0.0   X1Sigma+
    38     19.0    1   38    1   37      0.0      0.0    0      0.0   X1Sigma+
    39     19.0    1   39    1   38      0.0      0.0    0      0.0   X1Sigma+
    40     19.0    1   40    1   39      0.0      0.0    0      0.0   X1Sigma+
    41     19.0    1   41    1   40      0.0      0.0    0      0.0   X1Sigma+
    42     19.0    1   42    1   41      0.0      0.0    0      0.0   X1Sigma+
    43     19.0    1   43    1   42      0.0      0.0    0      0.0   X1Sigma+
    44     19.0    1   44    1   43      0.0      0.0    0      0.0   X1Sigma+
    45     19.0    1   45    1   44      0.0      0.0    0      0.0   X1Sigma+
    46     19.0    1   46    1   45      0.0      0.0    0      0.0   X1Sigma+
    47     19.0    1   47    1   46      0.0      0.0    0      0.0   X1Sigma+
    48     19.0    1   48    1   47      0.0      0.0    0      0.0   X1Sigma+
    49     19.0    1   49    1   48      0.0      0.0    0      0.0   X1Sigma+
    50     19.0    1   50    1   49      0.0      0.0    0      0.0   X1Sigma+


 Memory Report:
 Active Arrays                                          size (MB)
 GRID                                                       0.009                
 r-field                                                    0.010                
 icontrvib                                                  0.031                
 brot                                                       0.020                
 X1Sigma+                                                   0.020                
 BROT                                                       0.022                
 <X|mu|X>                                                   0.020                
 hmat                                                       0.020                
 eigens                                                     0.388                
 Total memory   =                                           0.545 MB
 Maximal memory =                                           2.504 MB (         8000.000)

 (       26 arrays contributing less than 1% are not shown)


Construct the hamiltonian matrix
...done!

Non-zero matrix elements of the coupled Sigma-Lambda matrix:
Threshold for printing is   2.22E-16 cm^-1
RV == Rotational-vibrational
SO == Spin-Orbit interaction
SS == Spin-Spin interaction
JS == J.S interaction (aka S-uncoupling)
LS == L.J interaction (aka L-uncoupling)
LS == L.S interaction (spin-electronic)
RV=        -56.499;
 


Eigenvalues for J =     19.0

       J      i        Energy/cm  State   v  lambda spin   sigma   omega  parity
      19.0    1        725.758627   1     0   0     0.0     0.0     0.0   -    ||X1Sigma+
      19.0    2       2826.484328   1     1   0     0.0     0.0     0.0   -    ||X1Sigma+
      19.0    3       4915.379839   1     2   0     0.0     0.0     0.0   -    ||X1Sigma+
      19.0    4       6988.796615   1     3   0     0.0     0.0     0.0   -    ||X1Sigma+
      19.0    5       9041.168247   1     4   0     0.0     0.0     0.0   -    ||X1Sigma+
      19.0    6      11070.388759   1     5   0     0.0     0.0     0.0   -    ||X1Sigma+
      19.0    7      13075.808521   1     6   0     0.0     0.0     0.0   -    ||X1Sigma+
      19.0    8      15056.361833   1     7   0     0.0     0.0     0.0   -    ||X1Sigma+
      19.0    9      17011.472454   1     8   0     0.0     0.0     0.0   -    ||X1Sigma+
      19.0   10      18940.702760   1     9   0     0.0     0.0     0.0   -    ||X1Sigma+
      19.0   11      20843.894589   1    10   0     0.0     0.0     0.0   -    ||X1Sigma+
      19.0   12      22720.831788   1    11   0     0.0     0.0     0.0   -    ||X1Sigma+
      19.0   13      24571.458832   1    12   0     0.0     0.0     0.0   -    ||X1Sigma+
      19.0   14      26395.888986   1    13   0     0.0     0.0     0.0   -    ||X1Sigma+
      19.0   15      28194.166916   1    14   0     0.0     0.0     0.0   -    ||X1Sigma+
      19.0   16      29966.376369   1    15   0     0.0     0.0     0.0   -    ||X1Sigma+
      19.0   17      31712.660316   1    16   0     0.0     0.0     0.0   -    ||X1Sigma+
      19.0   18      33433.081726   1    17   0     0.0     0.0     0.0   -    ||X1Sigma+
      19.0   19      35127.705260   1    18   0     0.0     0.0     0.0   -    ||X1Sigma+
      19.0   20      36796.578666   1    19   0     0.0     0.0     0.0   -    ||X1Sigma+
      19.0   21      38439.677360   1    20   0     0.0     0.0     0.0   -    ||X1Sigma+
      19.0   22      40056.926695   1    21   0     0.0     0.0     0.0   -    ||X1Sigma+
      19.0   23      41648.133842   1    22   0     0.0     0.0     0.0   -    ||X1Sigma+
      19.0   24      43212.918831   1    23   0     0.0     0.0     0.0   -    ||X1Sigma+
      19.0   25      44750.696556   1    24   0     0.0     0.0     0.0   -    ||X1Sigma+
      19.0   26      46260.577873   1    25   0     0.0     0.0     0.0   -    ||X1Sigma+
      19.0   27      47741.210165   1    26   0     0.0     0.0     0.0   -    ||X1Sigma+
      19.0   28      49190.571127   1    27   0     0.0     0.0     0.0   -    ||X1Sigma+
      19.0   29      50605.720612   1    28   0     0.0     0.0     0.0   -    ||X1Sigma+
      19.0   30      51982.509847   1    29   0     0.0     0.0     0.0   -    ||X1Sigma+
      19.0   31      53315.404560   1    30   0     0.0     0.0     0.0   -    ||X1Sigma+
      19.0   32      54598.408089   1    31   0     0.0     0.0     0.0   -    ||X1Sigma+
      19.0   33      55828.124129   1    32   0     0.0     0.0     0.0   -    ||X1Sigma+
      19.0   34      57006.052328   1    33   0     0.0     0.0     0.0   -    ||X1Sigma+
      19.0   35      58133.260720   1    34   0     0.0     0.0     0.0   -    ||X1Sigma+
      19.0   36      59206.146949   1    35   0     0.0     0.0     0.0   -    ||X1Sigma+
      19.0   37      60224.409649   1    36   0     0.0     0.0     0.0   -    ||X1Sigma+
      19.0   38      61188.426275   1    37   0     0.0     0.0     0.0   -    ||X1Sigma+
      19.0   39      62097.234243   1    38   0     0.0     0.0     0.0   -    ||X1Sigma+
      19.0   40      62951.167267   1    39   0     0.0     0.0     0.0   -    ||X1Sigma+
      19.0   41      63749.991940   1    40   0     0.0     0.0     0.0   -    ||X1Sigma+
      19.0   42      64494.166766   1    41   0     0.0     0.0     0.0   -    ||X1Sigma+
      19.0   43      65184.295295   1    42   0     0.0     0.0     0.0   -    ||X1Sigma+
      19.0   44      65820.861125   1    43   0     0.0     0.0     0.0   -    ||X1Sigma+
      19.0   45      66404.974257   1    44   0     0.0     0.0     0.0   -    ||X1Sigma+
      19.0   46      66937.801380   1    45   0     0.0     0.0     0.0   -    ||X1Sigma+
      19.0   47      67420.748221   1    46   0     0.0     0.0     0.0   -    ||X1Sigma+
      19.0   48      67855.794537   1    47   0     0.0     0.0     0.0   -    ||X1Sigma+
      19.0   49      68246.516717   1    48   0     0.0     0.0     0.0   -    ||X1Sigma+
      19.0   50      68632.717226   1    49   0     0.0     0.0     0.0   -    ||X1Sigma+

Zero point energy (ZPE) =    1056.185498244544

j =      20.0

Define the quanta book-keeping
The total number sigma/lambda states (size of the sigma-lambda submatrix) = 1

Sigma-Lambda basis set:
     i     jrot  state   spin    sigma lambda   omega
     1     20.0    1      0.0      0.0    0      0.0   X1Sigma+
...done!

Contracted basis set:
     i     jrot ilevel ivib state v     spin    sigma lambda   omega   Name
     1     20.0    1    1    1    0      0.0      0.0    0      0.0   X1Sigma+
     2     20.0    1    2    1    1      0.0      0.0    0      0.0   X1Sigma+
     3     20.0    1    3    1    2      0.0      0.0    0      0.0   X1Sigma+
     4     20.0    1    4    1    3      0.0      0.0    0      0.0   X1Sigma+
     5     20.0    1    5    1    4      0.0      0.0    0      0.0   X1Sigma+
     6     20.0    1    6    1    5      0.0      0.0    0      0.0   X1Sigma+
     7     20.0    1    7    1    6      0.0      0.0    0      0.0   X1Sigma+
     8     20.0    1    8    1    7      0.0      0.0    0      0.0   X1Sigma+
     9     20.0    1    9    1    8      0.0      0.0    0      0.0   X1Sigma+
    10     20.0    1   10    1    9      0.0      0.0    0      0.0   X1Sigma+
    11     20.0    1   11    1   10      0.0      0.0    0      0.0   X1Sigma+
    12     20.0    1   12    1   11      0.0      0.0    0      0.0   X1Sigma+
    13     20.0    1   13    1   12      0.0      0.0    0      0.0   X1Sigma+
    14     20.0    1   14    1   13      0.0      0.0    0      0.0   X1Sigma+
    15     20.0    1   15    1   14      0.0      0.0    0      0.0   X1Sigma+
    16     20.0    1   16    1   15      0.0      0.0    0      0.0   X1Sigma+
    17     20.0    1   17    1   16      0.0      0.0    0      0.0   X1Sigma+
    18     20.0    1   18    1   17      0.0      0.0    0      0.0   X1Sigma+
    19     20.0    1   19    1   18      0.0      0.0    0      0.0   X1Sigma+
    20     20.0    1   20    1   19      0.0      0.0    0      0.0   X1Sigma+
    21     20.0    1   21    1   20      0.0      0.0    0      0.0   X1Sigma+
    22     20.0    1   22    1   21      0.0      0.0    0      0.0   X1Sigma+
    23     20.0    1   23    1   22      0.0      0.0    0      0.0   X1Sigma+
    24     20.0    1   24    1   23      0.0      0.0    0      0.0   X1Sigma+
    25     20.0    1   25    1   24      0.0      0.0    0      0.0   X1Sigma+
    26     20.0    1   26    1   25      0.0      0.0    0      0.0   X1Sigma+
    27     20.0    1   27    1   26      0.0      0.0    0      0.0   X1Sigma+
    28     20.0    1   28    1   27      0.0      0.0    0      0.0   X1Sigma+
    29     20.0    1   29    1   28      0.0      0.0    0      0.0   X1Sigma+
    30     20.0    1   30    1   29      0.0      0.0    0      0.0   X1Sigma+
    31     20.0    1   31    1   30      0.0      0.0    0      0.0   X1Sigma+
    32     20.0    1   32    1   31      0.0      0.0    0      0.0   X1Sigma+
    33     20.0    1   33    1   32      0.0      0.0    0      0.0   X1Sigma+
    34     20.0    1   34    1   33      0.0      0.0    0      0.0   X1Sigma+
    35     20.0    1   35    1   34      0.0      0.0    0      0.0   X1Sigma+
    36     20.0    1   36    1   35      0.0      0.0    0      0.0   X1Sigma+
    37     20.0    1   37    1   36      0.0      0.0    0      0.0   X1Sigma+
    38     20.0    1   38    1   37      0.0      0.0    0      0.0   X1Sigma+
    39     20.0    1   39    1   38      0.0      0.0    0      0.0   X1Sigma+
    40     20.0    1   40    1   39      0.0      0.0    0      0.0   X1Sigma+
    41     20.0    1   41    1   40      0.0      0.0    0      0.0   X1Sigma+
    42     20.0    1   42    1   41      0.0      0.0    0      0.0   X1Sigma+
    43     20.0    1   43    1   42      0.0      0.0    0      0.0   X1Sigma+
    44     20.0    1   44    1   43      0.0      0.0    0      0.0   X1Sigma+
    45     20.0    1   45    1   44      0.0      0.0    0      0.0   X1Sigma+
    46     20.0    1   46    1   45      0.0      0.0    0      0.0   X1Sigma+
    47     20.0    1   47    1   46      0.0      0.0    0      0.0   X1Sigma+
    48     20.0    1   48    1   47      0.0      0.0    0      0.0   X1Sigma+
    49     20.0    1   49    1   48      0.0      0.0    0      0.0   X1Sigma+
    50     20.0    1   50    1   49      0.0      0.0    0      0.0   X1Sigma+


 Memory Report:
 Active Arrays                                          size (MB)
 GRID                                                       0.009                
 r-field                                                    0.010                
 icontrvib                                                  0.031                
 brot                                                       0.020                
 X1Sigma+                                                   0.020                
 BROT                                                       0.022                
 <X|mu|X>                                                   0.020                
 hmat                                                       0.020                
 eigens                                                     0.408                
 Total memory   =                                           0.566 MB
 Maximal memory =                                           2.504 MB (         8000.000)

 (       26 arrays contributing less than 1% are not shown)


Construct the hamiltonian matrix
...done!

Non-zero matrix elements of the coupled Sigma-Lambda matrix:
Threshold for printing is   2.22E-16 cm^-1
RV == Rotational-vibrational
SO == Spin-Orbit interaction
SS == Spin-Spin interaction
JS == J.S interaction (aka S-uncoupling)
LS == L.J interaction (aka L-uncoupling)
LS == L.S interaction (spin-electronic)
RV=        -62.446;
 


Eigenvalues for J =     20.0

       J      i        Energy/cm  State   v  lambda spin   sigma   omega  parity
      20.0    1        802.049562   1     0   0     0.0     0.0     0.0   +    ||X1Sigma+
      20.0    2       2902.150833   1     1   0     0.0     0.0     0.0   +    ||X1Sigma+
      20.0    3       4990.315951   1     2   0     0.0     0.0     0.0   +    ||X1Sigma+
      20.0    4       7062.981470   1     3   0     0.0     0.0     0.0   +    ||X1Sigma+
      20.0    5       9114.612538   1     4   0     0.0     0.0     0.0   +    ||X1Sigma+
      20.0    6      11143.100104   1     5   0     0.0     0.0     0.0   +    ||X1Sigma+
      20.0    7      13147.791167   1     6   0     0.0     0.0     0.0   +    ||X1Sigma+
      20.0    8      15127.626115   1     7   0     0.0     0.0     0.0   +    ||X1Sigma+
      20.0    9      17082.026787   1     8   0     0.0     0.0     0.0   +    ||X1Sigma+
      20.0   10      19010.553976   1     9   0     0.0     0.0     0.0   +    ||X1Sigma+
      20.0   11      20913.052027   1    10   0     0.0     0.0     0.0   +    ||X1Sigma+
      20.0   12      22789.301912   1    11   0     0.0     0.0     0.0   +    ||X1Sigma+
      20.0   13      24639.247115   1    12   0     0.0     0.0     0.0   +    ||X1Sigma+
      20.0   14      26462.999624   1    13   0     0.0     0.0     0.0   +    ||X1Sigma+
      20.0   15      28260.603150   1    14   0     0.0     0.0     0.0   +    ||X1Sigma+
      20.0   16      30032.141347   1    15   0     0.0     0.0     0.0   +    ||X1Sigma+
      20.0   17      31777.755825   1    16   0     0.0     0.0     0.0   +    ||X1Sigma+
      20.0   18      33497.509081   1    17   0     0.0     0.0     0.0   +    ||X1Sigma+
      20.0   19      35191.465607   1    18   0     0.0     0.0     0.0   +    ||X1Sigma+
      20.0   20      36859.671428   1    19   0     0.0     0.0     0.0   +    ||X1Sigma+
      20.0   21      38502.100113   1    20   0     0.0     0.0     0.0   +    ||X1Sigma+
      20.0   22      40118.675604   1    21   0     0.0     0.0     0.0   +    ||X1Sigma+
      20.0   23      41709.202354   1    22   0     0.0     0.0     0.0   +    ||X1Sigma+
      20.0   24      43273.296393   1    23   0     0.0     0.0     0.0   +    ||X1Sigma+
      20.0   25      44810.367605   1    24   0     0.0     0.0     0.0   +    ||X1Sigma+
      20.0   26      46319.519726   1    25   0     0.0     0.0     0.0   +    ||X1Sigma+
      20.0   27      47799.389124   1    26   0     0.0     0.0     0.0   +    ||X1Sigma+
      20.0   28      49247.937720   1    27   0     0.0     0.0     0.0   +    ||X1Sigma+
      20.0   29      50662.204069   1    28   0     0.0     0.0     0.0   +    ||X1Sigma+
      20.0   30      52038.010758   1    29   0     0.0     0.0     0.0   +    ||X1Sigma+
      20.0   31      53369.795757   1    30   0     0.0     0.0     0.0   +    ||X1Sigma+
      20.0   32      54651.568854   1    31   0     0.0     0.0     0.0   +    ||X1Sigma+
      20.0   33      55880.011162   1    32   0     0.0     0.0     0.0   +    ||X1Sigma+
      20.0   34      57056.689372   1    33   0     0.0     0.0     0.0   +    ||X1Sigma+
      20.0   35      58182.583394   1    34   0     0.0     0.0     0.0   +    ||X1Sigma+
      20.0   36      59254.060383   1    35   0     0.0     0.0     0.0   +    ||X1Sigma+
      20.0   37      60270.916038   1    36   0     0.0     0.0     0.0   +    ||X1Sigma+
      20.0   38      61233.456777   1    37   0     0.0     0.0     0.0   +    ||X1Sigma+
      20.0   39      62140.766567   1    38   0     0.0     0.0     0.0   +    ||X1Sigma+
      20.0   40      62993.140778   1    39   0     0.0     0.0     0.0   +    ||X1Sigma+
      20.0   41      63790.389677   1    40   0     0.0     0.0     0.0   +    ||X1Sigma+
      20.0   42      64532.937669   1    41   0     0.0     0.0     0.0   +    ||X1Sigma+
      20.0   43      65221.416867   1    42   0     0.0     0.0     0.0   +    ||X1Sigma+
      20.0   44      65856.308420   1    43   0     0.0     0.0     0.0   +    ||X1Sigma+
      20.0   45      66438.722025   1    44   0     0.0     0.0     0.0   +    ||X1Sigma+
      20.0   46      66969.849141   1    45   0     0.0     0.0     0.0   +    ||X1Sigma+
      20.0   47      67451.120643   1    46   0     0.0     0.0     0.0   +    ||X1Sigma+
      20.0   48      67884.569113   1    47   0     0.0     0.0     0.0   +    ||X1Sigma+
      20.0   49      68273.956871   1    48   0     0.0     0.0     0.0   +    ||X1Sigma+
      20.0   50      68671.262030   1    49   0     0.0     0.0     0.0   +    ||X1Sigma+

Zero point energy (ZPE) =    1056.185498244544

j =      21.0

Define the quanta book-keeping
The total number sigma/lambda states (size of the sigma-lambda submatrix) = 1

Sigma-Lambda basis set:
     i     jrot  state   spin    sigma lambda   omega
     1     21.0    1      0.0      0.0    0      0.0   X1Sigma+
...done!

Contracted basis set:
     i     jrot ilevel ivib state v     spin    sigma lambda   omega   Name
     1     21.0    1    1    1    0      0.0      0.0    0      0.0   X1Sigma+
     2     21.0    1    2    1    1      0.0      0.0    0      0.0   X1Sigma+
     3     21.0    1    3    1    2      0.0      0.0    0      0.0   X1Sigma+
     4     21.0    1    4    1    3      0.0      0.0    0      0.0   X1Sigma+
     5     21.0    1    5    1    4      0.0      0.0    0      0.0   X1Sigma+
     6     21.0    1    6    1    5      0.0      0.0    0      0.0   X1Sigma+
     7     21.0    1    7    1    6      0.0      0.0    0      0.0   X1Sigma+
     8     21.0    1    8    1    7      0.0      0.0    0      0.0   X1Sigma+
     9     21.0    1    9    1    8      0.0      0.0    0      0.0   X1Sigma+
    10     21.0    1   10    1    9      0.0      0.0    0      0.0   X1Sigma+
    11     21.0    1   11    1   10      0.0      0.0    0      0.0   X1Sigma+
    12     21.0    1   12    1   11      0.0      0.0    0      0.0   X1Sigma+
    13     21.0    1   13    1   12      0.0      0.0    0      0.0   X1Sigma+
    14     21.0    1   14    1   13      0.0      0.0    0      0.0   X1Sigma+
    15     21.0    1   15    1   14      0.0      0.0    0      0.0   X1Sigma+
    16     21.0    1   16    1   15      0.0      0.0    0      0.0   X1Sigma+
    17     21.0    1   17    1   16      0.0      0.0    0      0.0   X1Sigma+
    18     21.0    1   18    1   17      0.0      0.0    0      0.0   X1Sigma+
    19     21.0    1   19    1   18      0.0      0.0    0      0.0   X1Sigma+
    20     21.0    1   20    1   19      0.0      0.0    0      0.0   X1Sigma+
    21     21.0    1   21    1   20      0.0      0.0    0      0.0   X1Sigma+
    22     21.0    1   22    1   21      0.0      0.0    0      0.0   X1Sigma+
    23     21.0    1   23    1   22      0.0      0.0    0      0.0   X1Sigma+
    24     21.0    1   24    1   23      0.0      0.0    0      0.0   X1Sigma+
    25     21.0    1   25    1   24      0.0      0.0    0      0.0   X1Sigma+
    26     21.0    1   26    1   25      0.0      0.0    0      0.0   X1Sigma+
    27     21.0    1   27    1   26      0.0      0.0    0      0.0   X1Sigma+
    28     21.0    1   28    1   27      0.0      0.0    0      0.0   X1Sigma+
    29     21.0    1   29    1   28      0.0      0.0    0      0.0   X1Sigma+
    30     21.0    1   30    1   29      0.0      0.0    0      0.0   X1Sigma+
    31     21.0    1   31    1   30      0.0      0.0    0      0.0   X1Sigma+
    32     21.0    1   32    1   31      0.0      0.0    0      0.0   X1Sigma+
    33     21.0    1   33    1   32      0.0      0.0    0      0.0   X1Sigma+
    34     21.0    1   34    1   33      0.0      0.0    0      0.0   X1Sigma+
    35     21.0    1   35    1   34      0.0      0.0    0      0.0   X1Sigma+
    36     21.0    1   36    1   35      0.0      0.0    0      0.0   X1Sigma+
    37     21.0    1   37    1   36      0.0      0.0    0      0.0   X1Sigma+
    38     21.0    1   38    1   37      0.0      0.0    0      0.0   X1Sigma+
    39     21.0    1   39    1   38      0.0      0.0    0      0.0   X1Sigma+
    40     21.0    1   40    1   39      0.0      0.0    0      0.0   X1Sigma+
    41     21.0    1   41    1   40      0.0      0.0    0      0.0   X1Sigma+
    42     21.0    1   42    1   41      0.0      0.0    0      0.0   X1Sigma+
    43     21.0    1   43    1   42      0.0      0.0    0      0.0   X1Sigma+
    44     21.0    1   44    1   43      0.0      0.0    0      0.0   X1Sigma+
    45     21.0    1   45    1   44      0.0      0.0    0      0.0   X1Sigma+
    46     21.0    1   46    1   45      0.0      0.0    0      0.0   X1Sigma+
    47     21.0    1   47    1   46      0.0      0.0    0      0.0   X1Sigma+
    48     21.0    1   48    1   47      0.0      0.0    0      0.0   X1Sigma+
    49     21.0    1   49    1   48      0.0      0.0    0      0.0   X1Sigma+
    50     21.0    1   50    1   49      0.0      0.0    0      0.0   X1Sigma+


 Memory Report:
 Active Arrays                                          size (MB)
 GRID                                                       0.009                
 r-field                                                    0.010                
 icontrvib                                                  0.031                
 brot                                                       0.020                
 X1Sigma+                                                   0.020                
 BROT                                                       0.022                
 <X|mu|X>                                                   0.020                
 hmat                                                       0.020                
 eigens                                                     0.428                
 Total memory   =                                           0.586 MB
 Maximal memory =                                           2.504 MB (         8000.000)

 (       26 arrays contributing less than 1% are not shown)


Construct the hamiltonian matrix
...done!

Non-zero matrix elements of the coupled Sigma-Lambda matrix:
Threshold for printing is   2.22E-16 cm^-1
RV == Rotational-vibrational
SO == Spin-Orbit interaction
SS == Spin-Spin interaction
JS == J.S interaction (aka S-uncoupling)
LS == L.J interaction (aka L-uncoupling)
LS == L.S interaction (spin-electronic)
RV=        -68.691;
 


Eigenvalues for J =     21.0

       J      i        Energy/cm  State   v  lambda spin   sigma   omega  parity
      21.0    1        882.133593   1     0   0     0.0     0.0     0.0   -    ||X1Sigma+
      21.0    2       2981.579756   1     1   0     0.0     0.0     0.0   -    ||X1Sigma+
      21.0    3       5068.978446   1     2   0     0.0     0.0     0.0   -    ||X1Sigma+
      21.0    4       7140.855229   1     3   0     0.0     0.0     0.0   -    ||X1Sigma+
      21.0    5       9191.708751   1     4   0     0.0     0.0     0.0   -    ||X1Sigma+
      21.0    6      11219.426805   1     5   0     0.0     0.0     0.0   -    ||X1Sigma+
      21.0    7      13223.352695   1     6   0     0.0     0.0     0.0   -    ||X1Sigma+
      21.0    8      15202.433294   1     7   0     0.0     0.0     0.0   -    ||X1Sigma+
      21.0    9      17156.088424   1     8   0     0.0     0.0     0.0   -    ||X1Sigma+
      21.0   10      19083.877244   1     9   0     0.0     0.0     0.0   -    ||X1Sigma+
      21.0   11      20985.646681   1    10   0     0.0     0.0     0.0   -    ||X1Sigma+
      21.0   12      22861.174751   1    11   0     0.0     0.0     0.0   -    ||X1Sigma+
      21.0   13      24710.403915   1    12   0     0.0     0.0     0.0   -    ||X1Sigma+
      21.0   14      26533.444769   1    13   0     0.0     0.0     0.0   -    ||X1Sigma+
      21.0   15      28330.340049   1    14   0     0.0     0.0     0.0   -    ||X1Sigma+
      21.0   16      30101.173317   1    15   0     0.0     0.0     0.0   -    ||X1Sigma+
      21.0   17      31846.084721   1    16   0     0.0     0.0     0.0   -    ||X1Sigma+
      21.0   18      33565.136276   1    17   0     0.0     0.0     0.0   -    ||X1Sigma+
      21.0   19      35258.392299   1    18   0     0.0     0.0     0.0   -    ||X1Sigma+
      21.0   20      36925.896999   1    19   0     0.0     0.0     0.0   -    ||X1Sigma+
      21.0   21      38567.622008   1    20   0     0.0     0.0     0.0   -    ||X1Sigma+
      21.0   22      40183.489760   1    21   0     0.0     0.0     0.0   -    ||X1Sigma+
      21.0   23      41773.301830   1    22   0     0.0     0.0     0.0   -    ||X1Sigma+
      21.0   24      43336.670049   1    23   0     0.0     0.0     0.0   -    ||X1Sigma+
      21.0   25      44872.999000   1    24   0     0.0     0.0     0.0   -    ||X1Sigma+
      21.0   26      46381.384878   1    25   0     0.0     0.0     0.0   -    ||X1Sigma+
      21.0   27      47860.452411   1    26   0     0.0     0.0     0.0   -    ||X1Sigma+
      21.0   28      49308.146842   1    27   0     0.0     0.0     0.0   -    ||X1Sigma+
      21.0   29      50721.484215   1    28   0     0.0     0.0     0.0   -    ||X1Sigma+
      21.0   30      52096.256886   1    29   0     0.0     0.0     0.0   -    ||X1Sigma+
      21.0   31      53426.873863   1    30   0     0.0     0.0     0.0   -    ||X1Sigma+
      21.0   32      54707.352839   1    31   0     0.0     0.0     0.0   -    ||X1Sigma+
      21.0   33      55934.457513   1    32   0     0.0     0.0     0.0   -    ||X1Sigma+
      21.0   34      57109.822856   1    33   0     0.0     0.0     0.0   -    ||X1Sigma+
      21.0   35      58234.333790   1    34   0     0.0     0.0     0.0   -    ||X1Sigma+
      21.0   36      59304.329830   1    35   0     0.0     0.0     0.0   -    ||X1Sigma+
      21.0   37      60319.706898   1    36   0     0.0     0.0     0.0   -    ||X1Sigma+
      21.0   38      61280.695643   1    37   0     0.0     0.0     0.0   -    ||X1Sigma+
      21.0   39      62186.430863   1    38   0     0.0     0.0     0.0   -    ||X1Sigma+
      21.0   40      63037.165893   1    39   0     0.0     0.0     0.0   -    ||X1Sigma+
      21.0   41      63832.757920   1    40   0     0.0     0.0     0.0   -    ||X1Sigma+
      21.0   42      64573.595256   1    41   0     0.0     0.0     0.0   -    ||X1Sigma+
      21.0   43      65260.338513   1    42   0     0.0     0.0     0.0   -    ||X1Sigma+
      21.0   44      65893.467584   1    43   0     0.0     0.0     0.0   -    ||X1Sigma+
      21.0   45      66474.089628   1    44   0     0.0     0.0     0.0   -    ||X1Sigma+
      21.0   46      67003.419930   1    45   0     0.0     0.0     0.0   -    ||X1Sigma+
      21.0   47      67482.912127   1    46   0     0.0     0.0     0.0   -    ||X1Sigma+
      21.0   48      67914.640686   1    47   0     0.0     0.0     0.0   -    ||X1Sigma+
      21.0   49      68302.488300   1    48   0     0.0     0.0     0.0   -    ||X1Sigma+
      21.0   50      68713.673945   1    49   0     0.0     0.0     0.0   -    ||X1Sigma+

Zero point energy (ZPE) =    1056.185498244544

j =      22.0

Define the quanta book-keeping
The total number sigma/lambda states (size of the sigma-lambda submatrix) = 1

Sigma-Lambda basis set:
     i     jrot  state   spin    sigma lambda   omega
     1     22.0    1      0.0      0.0    0      0.0   X1Sigma+
...done!

Contracted basis set:
     i     jrot ilevel ivib state v     spin    sigma lambda   omega   Name
     1     22.0    1    1    1    0      0.0      0.0    0      0.0   X1Sigma+
     2     22.0    1    2    1    1      0.0      0.0    0      0.0   X1Sigma+
     3     22.0    1    3    1    2      0.0      0.0    0      0.0   X1Sigma+
     4     22.0    1    4    1    3      0.0      0.0    0      0.0   X1Sigma+
     5     22.0    1    5    1    4      0.0      0.0    0      0.0   X1Sigma+
     6     22.0    1    6    1    5      0.0      0.0    0      0.0   X1Sigma+
     7     22.0    1    7    1    6      0.0      0.0    0      0.0   X1Sigma+
     8     22.0    1    8    1    7      0.0      0.0    0      0.0   X1Sigma+
     9     22.0    1    9    1    8      0.0      0.0    0      0.0   X1Sigma+
    10     22.0    1   10    1    9      0.0      0.0    0      0.0   X1Sigma+
    11     22.0    1   11    1   10      0.0      0.0    0      0.0   X1Sigma+
    12     22.0    1   12    1   11      0.0      0.0    0      0.0   X1Sigma+
    13     22.0    1   13    1   12      0.0      0.0    0      0.0   X1Sigma+
    14     22.0    1   14    1   13      0.0      0.0    0      0.0   X1Sigma+
    15     22.0    1   15    1   14      0.0      0.0    0      0.0   X1Sigma+
    16     22.0    1   16    1   15      0.0      0.0    0      0.0   X1Sigma+
    17     22.0    1   17    1   16      0.0      0.0    0      0.0   X1Sigma+
    18     22.0    1   18    1   17      0.0      0.0    0      0.0   X1Sigma+
    19     22.0    1   19    1   18      0.0      0.0    0      0.0   X1Sigma+
    20     22.0    1   20    1   19      0.0      0.0    0      0.0   X1Sigma+
    21     22.0    1   21    1   20      0.0      0.0    0      0.0   X1Sigma+
    22     22.0    1   22    1   21      0.0      0.0    0      0.0   X1Sigma+
    23     22.0    1   23    1   22      0.0      0.0    0      0.0   X1Sigma+
    24     22.0    1   24    1   23      0.0      0.0    0      0.0   X1Sigma+
    25     22.0    1   25    1   24      0.0      0.0    0      0.0   X1Sigma+
    26     22.0    1   26    1   25      0.0      0.0    0      0.0   X1Sigma+
    27     22.0    1   27    1   26      0.0      0.0    0      0.0   X1Sigma+
    28     22.0    1   28    1   27      0.0      0.0    0      0.0   X1Sigma+
    29     22.0    1   29    1   28      0.0      0.0    0      0.0   X1Sigma+
    30     22.0    1   30    1   29      0.0      0.0    0      0.0   X1Sigma+
    31     22.0    1   31    1   30      0.0      0.0    0      0.0   X1Sigma+
    32     22.0    1   32    1   31      0.0      0.0    0      0.0   X1Sigma+
    33     22.0    1   33    1   32      0.0      0.0    0      0.0   X1Sigma+
    34     22.0    1   34    1   33      0.0      0.0    0      0.0   X1Sigma+
    35     22.0    1   35    1   34      0.0      0.0    0      0.0   X1Sigma+
    36     22.0    1   36    1   35      0.0      0.0    0      0.0   X1Sigma+
    37     22.0    1   37    1   36      0.0      0.0    0      0.0   X1Sigma+
    38     22.0    1   38    1   37      0.0      0.0    0      0.0   X1Sigma+
    39     22.0    1   39    1   38      0.0      0.0    0      0.0   X1Sigma+
    40     22.0    1   40    1   39      0.0      0.0    0      0.0   X1Sigma+
    41     22.0    1   41    1   40      0.0      0.0    0      0.0   X1Sigma+
    42     22.0    1   42    1   41      0.0      0.0    0      0.0   X1Sigma+
    43     22.0    1   43    1   42      0.0      0.0    0      0.0   X1Sigma+
    44     22.0    1   44    1   43      0.0      0.0    0      0.0   X1Sigma+
    45     22.0    1   45    1   44      0.0      0.0    0      0.0   X1Sigma+
    46     22.0    1   46    1   45      0.0      0.0    0      0.0   X1Sigma+
    47     22.0    1   47    1   46      0.0      0.0    0      0.0   X1Sigma+
    48     22.0    1   48    1   47      0.0      0.0    0      0.0   X1Sigma+
    49     22.0    1   49    1   48      0.0      0.0    0      0.0   X1Sigma+
    50     22.0    1   50    1   49      0.0      0.0    0      0.0   X1Sigma+


 Memory Report:
 Active Arrays                                          size (MB)
 GRID                                                       0.009                
 r-field                                                    0.010                
 icontrvib                                                  0.031                
 brot                                                       0.020                
 X1Sigma+                                                   0.020                
 BROT                                                       0.022                
 <X|mu|X>                                                   0.020                
 hmat                                                       0.020                
 eigens                                                     0.449                
 Total memory   =                                           0.606 MB
 Maximal memory =                                           2.504 MB (         8000.000)

 (       26 arrays contributing less than 1% are not shown)


Construct the hamiltonian matrix
...done!

Non-zero matrix elements of the coupled Sigma-Lambda matrix:
Threshold for printing is   2.22E-16 cm^-1
RV == Rotational-vibrational
SO == Spin-Orbit interaction
SS == Spin-Spin interaction
JS == J.S interaction (aka S-uncoupling)
LS == L.J interaction (aka L-uncoupling)
LS == L.S interaction (spin-electronic)
RV=        -75.233;
 


Eigenvalues for J =     22.0

       J      i        Energy/cm  State   v  lambda spin   sigma   omega  parity
      22.0    1        966.007586   1     0   0     0.0     0.0     0.0   +    ||X1Sigma+
      22.0    2       3064.768038   1     1   0     0.0     0.0     0.0   +    ||X1Sigma+
      22.0    3       5151.364333   1     2   0     0.0     0.0     0.0   +    ||X1Sigma+
      22.0    4       7222.414916   1     3   0     0.0     0.0     0.0   +    ||X1Sigma+
      22.0    5       9272.453918   1     4   0     0.0     0.0     0.0   +    ||X1Sigma+
      22.0    6      11299.365906   1     5   0     0.0     0.0     0.0   +    ||X1Sigma+
      22.0    7      13302.490144   1     6   0     0.0     0.0     0.0   +    ||X1Sigma+
      22.0    8      15280.780402   1     7   0     0.0     0.0     0.0   +    ||X1Sigma+
      22.0    9      17233.654384   1     8   0     0.0     0.0     0.0   +    ||X1Sigma+
      22.0   10      19160.669567   1     9   0     0.0     0.0     0.0   +    ||X1Sigma+
      22.0   11      21061.675530   1    10   0     0.0     0.0     0.0   +    ||X1Sigma+
      22.0   12      22936.447267   1    11   0     0.0     0.0     0.0   +    ||X1Sigma+
      22.0   13      24784.926180   1    12   0     0.0     0.0     0.0   +    ||X1Sigma+
      22.0   14      26607.221352   1    13   0     0.0     0.0     0.0   +    ||X1Sigma+
      22.0   15      28403.374522   1    14   0     0.0     0.0     0.0   +    ||X1Sigma+
      22.0   16      30173.469174   1    15   0     0.0     0.0     0.0   +    ||X1Sigma+
      22.0   17      31917.643877   1    16   0     0.0     0.0     0.0   +    ||X1Sigma+
      22.0   18      33635.960164   1    17   0     0.0     0.0     0.0   +    ||X1Sigma+
      22.0   19      35328.482170   1    18   0     0.0     0.0     0.0   +    ||X1Sigma+
      22.0   20      36995.252188   1    19   0     0.0     0.0     0.0   +    ||X1Sigma+
      22.0   21      38636.239830   1    20   0     0.0     0.0     0.0   +    ||X1Sigma+
      22.0   22      40251.365916   1    21   0     0.0     0.0     0.0   +    ||X1Sigma+
      22.0   23      41840.428985   1    22   0     0.0     0.0     0.0   +    ||X1Sigma+
      22.0   24      43403.036465   1    23   0     0.0     0.0     0.0   +    ||X1Sigma+
      22.0   25      44938.587340   1    24   0     0.0     0.0     0.0   +    ||X1Sigma+
      22.0   26      46446.169840   1    25   0     0.0     0.0     0.0   +    ||X1Sigma+
      22.0   27      47924.396408   1    26   0     0.0     0.0     0.0   +    ||X1Sigma+
      22.0   28      49371.194691   1    27   0     0.0     0.0     0.0   +    ||X1Sigma+
      22.0   29      50783.556988   1    28   0     0.0     0.0     0.0   +    ||X1Sigma+
      22.0   30      52157.243806   1    29   0     0.0     0.0     0.0   +    ||X1Sigma+
      22.0   31      53486.634032   1    30   0     0.0     0.0     0.0   +    ||X1Sigma+
      22.0   32      54765.754912   1    31   0     0.0     0.0     0.0   +    ||X1Sigma+
      22.0   33      55991.458052   1    32   0     0.0     0.0     0.0   +    ||X1Sigma+
      22.0   34      57165.447538   1    33   0     0.0     0.0     0.0   +    ||X1Sigma+
      22.0   35      58288.506198   1    34   0     0.0     0.0     0.0   +    ||X1Sigma+
      22.0   36      59356.949460   1    35   0     0.0     0.0     0.0   +    ||X1Sigma+
      22.0   37      60370.776156   1    36   0     0.0     0.0     0.0   +    ||X1Sigma+
      22.0   38      61330.136507   1    37   0     0.0     0.0     0.0   +    ||X1Sigma+
      22.0   39      62234.220485   1    38   0     0.0     0.0     0.0   +    ||X1Sigma+
      22.0   40      63083.235659   1    39   0     0.0     0.0     0.0   +    ||X1Sigma+
      22.0   41      63877.089300   1    40   0     0.0     0.0     0.0   +    ||X1Sigma+
      22.0   42      64616.131816   1    41   0     0.0     0.0     0.0   +    ||X1Sigma+
      22.0   43      65301.051839   1    42   0     0.0     0.0     0.0   +    ||X1Sigma+
      22.0   44      65932.329357   1    43   0     0.0     0.0     0.0   +    ||X1Sigma+
      22.0   45      66511.066396   1    44   0     0.0     0.0     0.0   +    ||X1Sigma+
      22.0   46      67038.500367   1    45   0     0.0     0.0     0.0   +    ||X1Sigma+
      22.0   47      67516.103971   1    46   0     0.0     0.0     0.0   +    ||X1Sigma+
      22.0   48      67945.978467   1    47   0     0.0     0.0     0.0   +    ||X1Sigma+
      22.0   49      68332.038498   1    48   0     0.0     0.0     0.0   +    ||X1Sigma+
      22.0   50      68760.286547   1    49   0     0.0     0.0     0.0   +    ||X1Sigma+

Zero point energy (ZPE) =    1056.185498244544

j =      23.0

Define the quanta book-keeping
The total number sigma/lambda states (size of the sigma-lambda submatrix) = 1

Sigma-Lambda basis set:
     i     jrot  state   spin    sigma lambda   omega
     1     23.0    1      0.0      0.0    0      0.0   X1Sigma+
...done!

Contracted basis set:
     i     jrot ilevel ivib state v     spin    sigma lambda   omega   Name
     1     23.0    1    1    1    0      0.0      0.0    0      0.0   X1Sigma+
     2     23.0    1    2    1    1      0.0      0.0    0      0.0   X1Sigma+
     3     23.0    1    3    1    2      0.0      0.0    0      0.0   X1Sigma+
     4     23.0    1    4    1    3      0.0      0.0    0      0.0   X1Sigma+
     5     23.0    1    5    1    4      0.0      0.0    0      0.0   X1Sigma+
     6     23.0    1    6    1    5      0.0      0.0    0      0.0   X1Sigma+
     7     23.0    1    7    1    6      0.0      0.0    0      0.0   X1Sigma+
     8     23.0    1    8    1    7      0.0      0.0    0      0.0   X1Sigma+
     9     23.0    1    9    1    8      0.0      0.0    0      0.0   X1Sigma+
    10     23.0    1   10    1    9      0.0      0.0    0      0.0   X1Sigma+
    11     23.0    1   11    1   10      0.0      0.0    0      0.0   X1Sigma+
    12     23.0    1   12    1   11      0.0      0.0    0      0.0   X1Sigma+
    13     23.0    1   13    1   12      0.0      0.0    0      0.0   X1Sigma+
    14     23.0    1   14    1   13      0.0      0.0    0      0.0   X1Sigma+
    15     23.0    1   15    1   14      0.0      0.0    0      0.0   X1Sigma+
    16     23.0    1   16    1   15      0.0      0.0    0      0.0   X1Sigma+
    17     23.0    1   17    1   16      0.0      0.0    0      0.0   X1Sigma+
    18     23.0    1   18    1   17      0.0      0.0    0      0.0   X1Sigma+
    19     23.0    1   19    1   18      0.0      0.0    0      0.0   X1Sigma+
    20     23.0    1   20    1   19      0.0      0.0    0      0.0   X1Sigma+
    21     23.0    1   21    1   20      0.0      0.0    0      0.0   X1Sigma+
    22     23.0    1   22    1   21      0.0      0.0    0      0.0   X1Sigma+
    23     23.0    1   23    1   22      0.0      0.0    0      0.0   X1Sigma+
    24     23.0    1   24    1   23      0.0      0.0    0      0.0   X1Sigma+
    25     23.0    1   25    1   24      0.0      0.0    0      0.0   X1Sigma+
    26     23.0    1   26    1   25      0.0      0.0    0      0.0   X1Sigma+
    27     23.0    1   27    1   26      0.0      0.0    0      0.0   X1Sigma+
    28     23.0    1   28    1   27      0.0      0.0    0      0.0   X1Sigma+
    29     23.0    1   29    1   28      0.0      0.0    0      0.0   X1Sigma+
    30     23.0    1   30    1   29      0.0      0.0    0      0.0   X1Sigma+
    31     23.0    1   31    1   30      0.0      0.0    0      0.0   X1Sigma+
    32     23.0    1   32    1   31      0.0      0.0    0      0.0   X1Sigma+
    33     23.0    1   33    1   32      0.0      0.0    0      0.0   X1Sigma+
    34     23.0    1   34    1   33      0.0      0.0    0      0.0   X1Sigma+
    35     23.0    1   35    1   34      0.0      0.0    0      0.0   X1Sigma+
    36     23.0    1   36    1   35      0.0      0.0    0      0.0   X1Sigma+
    37     23.0    1   37    1   36      0.0      0.0    0      0.0   X1Sigma+
    38     23.0    1   38    1   37      0.0      0.0    0      0.0   X1Sigma+
    39     23.0    1   39    1   38      0.0      0.0    0      0.0   X1Sigma+
    40     23.0    1   40    1   39      0.0      0.0    0      0.0   X1Sigma+
    41     23.0    1   41    1   40      0.0      0.0    0      0.0   X1Sigma+
    42     23.0    1   42    1   41      0.0      0.0    0      0.0   X1Sigma+
    43     23.0    1   43    1   42      0.0      0.0    0      0.0   X1Sigma+
    44     23.0    1   44    1   43      0.0      0.0    0      0.0   X1Sigma+
    45     23.0    1   45    1   44      0.0      0.0    0      0.0   X1Sigma+
    46     23.0    1   46    1   45      0.0      0.0    0      0.0   X1Sigma+
    47     23.0    1   47    1   46      0.0      0.0    0      0.0   X1Sigma+
    48     23.0    1   48    1   47      0.0      0.0    0      0.0   X1Sigma+
    49     23.0    1   49    1   48      0.0      0.0    0      0.0   X1Sigma+
    50     23.0    1   50    1   49      0.0      0.0    0      0.0   X1Sigma+


 Memory Report:
 Active Arrays                                          size (MB)
 GRID                                                       0.009                
 r-field                                                    0.010                
 icontrvib                                                  0.031                
 brot                                                       0.020                
 X1Sigma+                                                   0.020                
 BROT                                                       0.022                
 <X|mu|X>                                                   0.020                
 hmat                                                       0.020                
 eigens                                                     0.469                
 Total memory   =                                           0.627 MB
 Maximal memory =                                           2.504 MB (         8000.000)

 (       26 arrays contributing less than 1% are not shown)


Construct the hamiltonian matrix
...done!

Non-zero matrix elements of the coupled Sigma-Lambda matrix:
Threshold for printing is   2.22E-16 cm^-1
RV == Rotational-vibrational
SO == Spin-Orbit interaction
SS == Spin-Spin interaction
JS == J.S interaction (aka S-uncoupling)
LS == L.J interaction (aka L-uncoupling)
LS == L.S interaction (spin-electronic)
RV=        -82.072;
 


Eigenvalues for J =     23.0

       J      i        Energy/cm  State   v  lambda spin   sigma   omega  parity
      23.0    1       1053.668257   1     0   0     0.0     0.0     0.0   -    ||X1Sigma+
      23.0    2       3151.712472   1     1   0     0.0     0.0     0.0   -    ||X1Sigma+
      23.0    3       5237.470482   1     2   0     0.0     0.0     0.0   -    ||X1Sigma+
      23.0    4       7307.657414   1     3   0     0.0     0.0     0.0   -    ||X1Sigma+
      23.0    5       9356.844928   1     4   0     0.0     0.0     0.0   -    ||X1Sigma+
      23.0    6      11382.914310   1     5   0     0.0     0.0     0.0   -    ||X1Sigma+
      23.0    7      13385.200414   1     6   0     0.0     0.0     0.0   -    ||X1Sigma+
      23.0    8      15362.664326   1     7   0     0.0     0.0     0.0   -    ||X1Sigma+
      23.0    9      17314.721540   1     8   0     0.0     0.0     0.0   -    ||X1Sigma+
      23.0   10      19240.927808   1     9   0     0.0     0.0     0.0   -    ||X1Sigma+
      23.0   11      21141.135416   1    10   0     0.0     0.0     0.0   -    ||X1Sigma+
      23.0   12      23015.116279   1    11   0     0.0     0.0     0.0   -    ||X1Sigma+
      23.0   13      24862.810711   1    12   0     0.0     0.0     0.0   -    ||X1Sigma+
      23.0   14      26684.326155   1    13   0     0.0     0.0     0.0   -    ||X1Sigma+
      23.0   15      28479.703334   1    14   0     0.0     0.0     0.0   -    ||X1Sigma+
      23.0   16      30249.025664   1    15   0     0.0     0.0     0.0   -    ||X1Sigma+
      23.0   17      31992.430023   1    16   0     0.0     0.0     0.0   -    ||X1Sigma+
      23.0   18      33709.977454   1    17   0     0.0     0.0     0.0   -    ||X1Sigma+
      23.0   19      35401.731903   1    18   0     0.0     0.0     0.0   -    ||X1Sigma+
      23.0   20      37067.733655   1    19   0     0.0     0.0     0.0   -    ||X1Sigma+
      23.0   21      38707.950212   1    20   0     0.0     0.0     0.0   -    ||X1Sigma+
      23.0   22      40322.300674   1    21   0     0.0     0.0     0.0   -    ||X1Sigma+
      23.0   23      41910.580378   1    22   0     0.0     0.0     0.0   -    ||X1Sigma+
      23.0   24      43472.392146   1    23   0     0.0     0.0     0.0   -    ||X1Sigma+
      23.0   25      45007.129063   1    24   0     0.0     0.0     0.0   -    ||X1Sigma+
      23.0   26      46513.870954   1    25   0     0.0     0.0     0.0   -    ||X1Sigma+
      23.0   27      47991.217320   1    26   0     0.0     0.0     0.0   -    ||X1Sigma+
      23.0   28      49437.077278   1    27   0     0.0     0.0     0.0   -    ||X1Sigma+
      23.0   29      50848.418120   1    28   0     0.0     0.0     0.0   -    ||X1Sigma+
      23.0   30      52220.966870   1    29   0     0.0     0.0     0.0   -    ||X1Sigma+
      23.0   31      53549.071177   1    30   0     0.0     0.0     0.0   -    ||X1Sigma+
      23.0   32      54826.769688   1    31   0     0.0     0.0     0.0   -    ||X1Sigma+
      23.0   33      56051.007401   1    32   0     0.0     0.0     0.0   -    ||X1Sigma+
      23.0   34      57223.557912   1    33   0     0.0     0.0     0.0   -    ||X1Sigma+
      23.0   35      58345.094619   1    34   0     0.0     0.0     0.0   -    ||X1Sigma+
      23.0   36      59411.913163   1    35   0     0.0     0.0     0.0   -    ||X1Sigma+
      23.0   37      60424.117428   1    36   0     0.0     0.0     0.0   -    ||X1Sigma+
      23.0   38      61381.772689   1    37   0     0.0     0.0     0.0   -    ||X1Sigma+
      23.0   39      62284.128446   1    38   0     0.0     0.0     0.0   -    ||X1Sigma+
      23.0   40      63131.342789   1    39   0     0.0     0.0     0.0   -    ||X1Sigma+
      23.0   41      63923.376085   1    40   0     0.0     0.0     0.0   -    ||X1Sigma+
      23.0   42      64660.539286   1    41   0     0.0     0.0     0.0   -    ||X1Sigma+
      23.0   43      65343.548112   1    42   0     0.0     0.0     0.0   -    ||X1Sigma+
      23.0   44      65972.884169   1    43   0     0.0     0.0     0.0   -    ||X1Sigma+
      23.0   45      66549.641444   1    44   0     0.0     0.0     0.0   -    ||X1Sigma+
      23.0   46      67075.077028   1    45   0     0.0     0.0     0.0   -    ||X1Sigma+
      23.0   47      67550.677766   1    46   0     0.0     0.0     0.0   -    ||X1Sigma+
      23.0   48      67978.552998   1    47   0     0.0     0.0     0.0   -    ||X1Sigma+
      23.0   49      68362.542573   1    48   0     0.0     0.0     0.0   -    ||X1Sigma+
      23.0   50      68811.433321   1    49   0     0.0     0.0     0.0   -    ||X1Sigma+

Zero point energy (ZPE) =    1056.185498244544

j =      24.0

Define the quanta book-keeping
The total number sigma/lambda states (size of the sigma-lambda submatrix) = 1

Sigma-Lambda basis set:
     i     jrot  state   spin    sigma lambda   omega
     1     24.0    1      0.0      0.0    0      0.0   X1Sigma+
...done!

Contracted basis set:
     i     jrot ilevel ivib state v     spin    sigma lambda   omega   Name
     1     24.0    1    1    1    0      0.0      0.0    0      0.0   X1Sigma+
     2     24.0    1    2    1    1      0.0      0.0    0      0.0   X1Sigma+
     3     24.0    1    3    1    2      0.0      0.0    0      0.0   X1Sigma+
     4     24.0    1    4    1    3      0.0      0.0    0      0.0   X1Sigma+
     5     24.0    1    5    1    4      0.0      0.0    0      0.0   X1Sigma+
     6     24.0    1    6    1    5      0.0      0.0    0      0.0   X1Sigma+
     7     24.0    1    7    1    6      0.0      0.0    0      0.0   X1Sigma+
     8     24.0    1    8    1    7      0.0      0.0    0      0.0   X1Sigma+
     9     24.0    1    9    1    8      0.0      0.0    0      0.0   X1Sigma+
    10     24.0    1   10    1    9      0.0      0.0    0      0.0   X1Sigma+
    11     24.0    1   11    1   10      0.0      0.0    0      0.0   X1Sigma+
    12     24.0    1   12    1   11      0.0      0.0    0      0.0   X1Sigma+
    13     24.0    1   13    1   12      0.0      0.0    0      0.0   X1Sigma+
    14     24.0    1   14    1   13      0.0      0.0    0      0.0   X1Sigma+
    15     24.0    1   15    1   14      0.0      0.0    0      0.0   X1Sigma+
    16     24.0    1   16    1   15      0.0      0.0    0      0.0   X1Sigma+
    17     24.0    1   17    1   16      0.0      0.0    0      0.0   X1Sigma+
    18     24.0    1   18    1   17      0.0      0.0    0      0.0   X1Sigma+
    19     24.0    1   19    1   18      0.0      0.0    0      0.0   X1Sigma+
    20     24.0    1   20    1   19      0.0      0.0    0      0.0   X1Sigma+
    21     24.0    1   21    1   20      0.0      0.0    0      0.0   X1Sigma+
    22     24.0    1   22    1   21      0.0      0.0    0      0.0   X1Sigma+
    23     24.0    1   23    1   22      0.0      0.0    0      0.0   X1Sigma+
    24     24.0    1   24    1   23      0.0      0.0    0      0.0   X1Sigma+
    25     24.0    1   25    1   24      0.0      0.0    0      0.0   X1Sigma+
    26     24.0    1   26    1   25      0.0      0.0    0      0.0   X1Sigma+
    27     24.0    1   27    1   26      0.0      0.0    0      0.0   X1Sigma+
    28     24.0    1   28    1   27      0.0      0.0    0      0.0   X1Sigma+
    29     24.0    1   29    1   28      0.0      0.0    0      0.0   X1Sigma+
    30     24.0    1   30    1   29      0.0      0.0    0      0.0   X1Sigma+
    31     24.0    1   31    1   30      0.0      0.0    0      0.0   X1Sigma+
    32     24.0    1   32    1   31      0.0      0.0    0      0.0   X1Sigma+
    33     24.0    1   33    1   32      0.0      0.0    0      0.0   X1Sigma+
    34     24.0    1   34    1   33      0.0      0.0    0      0.0   X1Sigma+
    35     24.0    1   35    1   34      0.0      0.0    0      0.0   X1Sigma+
    36     24.0    1   36    1   35      0.0      0.0    0      0.0   X1Sigma+
    37     24.0    1   37    1   36      0.0      0.0    0      0.0   X1Sigma+
    38     24.0    1   38    1   37      0.0      0.0    0      0.0   X1Sigma+
    39     24.0    1   39    1   38      0.0      0.0    0      0.0   X1Sigma+
    40     24.0    1   40    1   39      0.0      0.0    0      0.0   X1Sigma+
    41     24.0    1   41    1   40      0.0      0.0    0      0.0   X1Sigma+
    42     24.0    1   42    1   41      0.0      0.0    0      0.0   X1Sigma+
    43     24.0    1   43    1   42      0.0      0.0    0      0.0   X1Sigma+
    44     24.0    1   44    1   43      0.0      0.0    0      0.0   X1Sigma+
    45     24.0    1   45    1   44      0.0      0.0    0      0.0   X1Sigma+
    46     24.0    1   46    1   45      0.0      0.0    0      0.0   X1Sigma+
    47     24.0    1   47    1   46      0.0      0.0    0      0.0   X1Sigma+
    48     24.0    1   48    1   47      0.0      0.0    0      0.0   X1Sigma+
    49     24.0    1   49    1   48      0.0      0.0    0      0.0   X1Sigma+
    50     24.0    1   50    1   49      0.0      0.0    0      0.0   X1Sigma+


 Memory Report:
 Active Arrays                                          size (MB)
 GRID                                                       0.009                
 r-field                                                    0.010                
 icontrvib                                                  0.031                
 brot                                                       0.020                
 X1Sigma+                                                   0.020                
 BROT                                                       0.022                
 <X|mu|X>                                                   0.020                
 hmat                                                       0.020                
 eigens                                                     0.490                
 Total memory   =                                           0.647 MB
 Maximal memory =                                           2.504 MB (         8000.000)

 (       26 arrays contributing less than 1% are not shown)


Construct the hamiltonian matrix
...done!

Non-zero matrix elements of the coupled Sigma-Lambda matrix:
Threshold for printing is   2.22E-16 cm^-1
RV == Rotational-vibrational
SO == Spin-Orbit interaction
SS == Spin-Spin interaction
JS == J.S interaction (aka S-uncoupling)
LS == L.J interaction (aka L-uncoupling)
LS == L.S interaction (spin-electronic)
RV=        -89.209;
 


Eigenvalues for J =     24.0

       J      i        Energy/cm  State   v  lambda spin   sigma   omega  parity
      24.0    1       1145.112177   1     0   0     0.0     0.0     0.0   +    ||X1Sigma+
      24.0    2       3242.409705   1     1   0     0.0     0.0     0.0   +    ||X1Sigma+
      24.0    3       5327.293618   1     2   0     0.0     0.0     0.0   +    ||X1Sigma+
      24.0    4       7396.579467   1     3   0     0.0     0.0     0.0   +    ||X1Sigma+
      24.0    5       9444.878532   1     4   0     0.0     0.0     0.0   +    ||X1Sigma+
      24.0    6      11470.068780   1     5   0     0.0     0.0     0.0   +    ||X1Sigma+
      24.0    7      13471.480263   1     6   0     0.0     0.0     0.0   +    ||X1Sigma+
      24.0    8      15448.081816   1     7   0     0.0     0.0     0.0   +    ||X1Sigma+
      24.0    9      17399.286628   1     8   0     0.0     0.0     0.0   +    ||X1Sigma+
      24.0   10      19324.648686   1     9   0     0.0     0.0     0.0   +    ||X1Sigma+
      24.0   11      21224.023034   1    10   0     0.0     0.0     0.0   +    ||X1Sigma+
      24.0   12      23097.178463   1    11   0     0.0     0.0     0.0   +    ||X1Sigma+
      24.0   13      24944.054166   1    12   0     0.0     0.0     0.0   +    ||X1Sigma+
      24.0   14      26764.755816   1    13   0     0.0     0.0     0.0   +    ||X1Sigma+
      24.0   15      28559.323103   1    14   0     0.0     0.0     0.0   +    ||X1Sigma+
      24.0   16      30327.839389   1    15   0     0.0     0.0     0.0   +    ||X1Sigma+
      24.0   17      32070.439738   1    16   0     0.0     0.0     0.0   +    ||X1Sigma+
      24.0   18      33787.184702   1    17   0     0.0     0.0     0.0   +    ||X1Sigma+
      24.0   19      35478.138033   1    18   0     0.0     0.0     0.0   +    ||X1Sigma+
      24.0   20      37143.337908   1    19   0     0.0     0.0     0.0   +    ||X1Sigma+
      24.0   21      38782.749635   1    20   0     0.0     0.0     0.0   +    ||X1Sigma+
      24.0   22      40396.290479   1    21   0     0.0     0.0     0.0   +    ||X1Sigma+
      24.0   23      41983.752410   1    22   0     0.0     0.0     0.0   +    ||X1Sigma+
      24.0   24      43544.733440   1    23   0     0.0     0.0     0.0   +    ||X1Sigma+
      24.0   25      45078.620443   1    24   0     0.0     0.0     0.0   +    ||X1Sigma+
      24.0   26      46584.484390   1    25   0     0.0     0.0     0.0   +    ||X1Sigma+
      24.0   27      48060.911174   1    26   0     0.0     0.0     0.0   +    ||X1Sigma+
      24.0   28      49505.790425   1    27   0     0.0     0.0     0.0   +    ||X1Sigma+
      24.0   29      50916.063139   1    28   0     0.0     0.0     0.0   +    ||X1Sigma+
      24.0   30      52287.421201   1    29   0     0.0     0.0     0.0   +    ||X1Sigma+
      24.0   31      53614.179961   1    30   0     0.0     0.0     0.0   +    ||X1Sigma+
      24.0   32      54890.391530   1    31   0     0.0     0.0     0.0   +    ||X1Sigma+
      24.0   33      56113.099937   1    32   0     0.0     0.0     0.0   +    ||X1Sigma+
      24.0   34      57284.148204   1    33   0     0.0     0.0     0.0   +    ||X1Sigma+
      24.0   35      58404.092758   1    34   0     0.0     0.0     0.0   +    ||X1Sigma+
      24.0   36      59469.214545   1    35   0     0.0     0.0     0.0   +    ||X1Sigma+
      24.0   37      60479.724010   1    36   0     0.0     0.0     0.0   +    ||X1Sigma+
      24.0   38      61435.597195   1    37   0     0.0     0.0     0.0   +    ||X1Sigma+
      24.0   39      62336.147413   1    38   0     0.0     0.0     0.0   +    ||X1Sigma+
      24.0   40      63181.479660   1    39   0     0.0     0.0     0.0   +    ||X1Sigma+
      24.0   41      63971.610176   1    40   0     0.0     0.0     0.0   +    ||X1Sigma+
      24.0   42      64706.809254   1    41   0     0.0     0.0     0.0   +    ||X1Sigma+
      24.0   43      65387.818280   1    42   0     0.0     0.0     0.0   +    ||X1Sigma+
      24.0   44      66015.122188   1    43   0     0.0     0.0     0.0   +    ||X1Sigma+
      24.0   45      66589.803793   1    44   0     0.0     0.0     0.0   +    ||X1Sigma+
      24.0   46      67113.136718   1    45   0     0.0     0.0     0.0   +    ||X1Sigma+
      24.0   47      67586.616026   1    46   0     0.0     0.0     0.0   +    ||X1Sigma+
      24.0   48      68012.337806   1    47   0     0.0     0.0     0.0   +    ||X1Sigma+
      24.0   49      68393.949918   1    48   0     0.0     0.0     0.0   +    ||X1Sigma+
      24.0   50      68867.438257   1    49   0     0.0     0.0     0.0   +    ||X1Sigma+

Zero point energy (ZPE) =    1056.185498244544

j =      25.0

Define the quanta book-keeping
The total number sigma/lambda states (size of the sigma-lambda submatrix) = 1

Sigma-Lambda basis set:
     i     jrot  state   spin    sigma lambda   omega
     1     25.0    1      0.0      0.0    0      0.0   X1Sigma+
...done!

Contracted basis set:
     i     jrot ilevel ivib state v     spin    sigma lambda   omega   Name
     1     25.0    1    1    1    0      0.0      0.0    0      0.0   X1Sigma+
     2     25.0    1    2    1    1      0.0      0.0    0      0.0   X1Sigma+
     3     25.0    1    3    1    2      0.0      0.0    0      0.0   X1Sigma+
     4     25.0    1    4    1    3      0.0      0.0    0      0.0   X1Sigma+
     5     25.0    1    5    1    4      0.0      0.0    0      0.0   X1Sigma+
     6     25.0    1    6    1    5      0.0      0.0    0      0.0   X1Sigma+
     7     25.0    1    7    1    6      0.0      0.0    0      0.0   X1Sigma+
     8     25.0    1    8    1    7      0.0      0.0    0      0.0   X1Sigma+
     9     25.0    1    9    1    8      0.0      0.0    0      0.0   X1Sigma+
    10     25.0    1   10    1    9      0.0      0.0    0      0.0   X1Sigma+
    11     25.0    1   11    1   10      0.0      0.0    0      0.0   X1Sigma+
    12     25.0    1   12    1   11      0.0      0.0    0      0.0   X1Sigma+
    13     25.0    1   13    1   12      0.0      0.0    0      0.0   X1Sigma+
    14     25.0    1   14    1   13      0.0      0.0    0      0.0   X1Sigma+
    15     25.0    1   15    1   14      0.0      0.0    0      0.0   X1Sigma+
    16     25.0    1   16    1   15      0.0      0.0    0      0.0   X1Sigma+
    17     25.0    1   17    1   16      0.0      0.0    0      0.0   X1Sigma+
    18     25.0    1   18    1   17      0.0      0.0    0      0.0   X1Sigma+
    19     25.0    1   19    1   18      0.0      0.0    0      0.0   X1Sigma+
    20     25.0    1   20    1   19      0.0      0.0    0      0.0   X1Sigma+
    21     25.0    1   21    1   20      0.0      0.0    0      0.0   X1Sigma+
    22     25.0    1   22    1   21      0.0      0.0    0      0.0   X1Sigma+
    23     25.0    1   23    1   22      0.0      0.0    0      0.0   X1Sigma+
    24     25.0    1   24    1   23      0.0      0.0    0      0.0   X1Sigma+
    25     25.0    1   25    1   24      0.0      0.0    0      0.0   X1Sigma+
    26     25.0    1   26    1   25      0.0      0.0    0      0.0   X1Sigma+
    27     25.0    1   27    1   26      0.0      0.0    0      0.0   X1Sigma+
    28     25.0    1   28    1   27      0.0      0.0    0      0.0   X1Sigma+
    29     25.0    1   29    1   28      0.0      0.0    0      0.0   X1Sigma+
    30     25.0    1   30    1   29      0.0      0.0    0      0.0   X1Sigma+
    31     25.0    1   31    1   30      0.0      0.0    0      0.0   X1Sigma+
    32     25.0    1   32    1   31      0.0      0.0    0      0.0   X1Sigma+
    33     25.0    1   33    1   32      0.0      0.0    0      0.0   X1Sigma+
    34     25.0    1   34    1   33      0.0      0.0    0      0.0   X1Sigma+
    35     25.0    1   35    1   34      0.0      0.0    0      0.0   X1Sigma+
    36     25.0    1   36    1   35      0.0      0.0    0      0.0   X1Sigma+
    37     25.0    1   37    1   36      0.0      0.0    0      0.0   X1Sigma+
    38     25.0    1   38    1   37      0.0      0.0    0      0.0   X1Sigma+
    39     25.0    1   39    1   38      0.0      0.0    0      0.0   X1Sigma+
    40     25.0    1   40    1   39      0.0      0.0    0      0.0   X1Sigma+
    41     25.0    1   41    1   40      0.0      0.0    0      0.0   X1Sigma+
    42     25.0    1   42    1   41      0.0      0.0    0      0.0   X1Sigma+
    43     25.0    1   43    1   42      0.0      0.0    0      0.0   X1Sigma+
    44     25.0    1   44    1   43      0.0      0.0    0      0.0   X1Sigma+
    45     25.0    1   45    1   44      0.0      0.0    0      0.0   X1Sigma+
    46     25.0    1   46    1   45      0.0      0.0    0      0.0   X1Sigma+
    47     25.0    1   47    1   46      0.0      0.0    0      0.0   X1Sigma+
    48     25.0    1   48    1   47      0.0      0.0    0      0.0   X1Sigma+
    49     25.0    1   49    1   48      0.0      0.0    0      0.0   X1Sigma+
    50     25.0    1   50    1   49      0.0      0.0    0      0.0   X1Sigma+


 Memory Report:
 Active Arrays                                          size (MB)
 GRID                                                       0.009                
 r-field                                                    0.010                
 icontrvib                                                  0.031                
 brot                                                       0.020                
 X1Sigma+                                                   0.020                
 BROT                                                       0.022                
 <X|mu|X>                                                   0.020                
 hmat                                                       0.020                
 eigens                                                     0.510                
 Total memory   =                                           0.668 MB
 Maximal memory =                                           2.504 MB (         8000.000)

 (       26 arrays contributing less than 1% are not shown)


Construct the hamiltonian matrix
...done!

Non-zero matrix elements of the coupled Sigma-Lambda matrix:
Threshold for printing is   2.22E-16 cm^-1
RV == Rotational-vibrational
SO == Spin-Orbit interaction
SS == Spin-Spin interaction
JS == J.S interaction (aka S-uncoupling)
LS == L.J interaction (aka L-uncoupling)
LS == L.S interaction (spin-electronic)
RV=        -96.643;
 


Eigenvalues for J =     25.0

       J      i        Energy/cm  State   v  lambda spin   sigma   omega  parity
      25.0    1       1240.335765   1     0   0     0.0     0.0     0.0   -    ||X1Sigma+
      25.0    2       3336.856239   1     1   0     0.0     0.0     0.0   -    ||X1Sigma+
      25.0    3       5420.830324   1     2   0     0.0     0.0     0.0   -    ||X1Sigma+
      25.0    4       7489.177676   1     3   0     0.0     0.0     0.0   -    ||X1Sigma+
      25.0    5       9536.551340   1     4   0     0.0     0.0     0.0   -    ||X1Sigma+
      25.0    6      11560.825938   1     5   0     0.0     0.0     0.0   -    ||X1Sigma+
      25.0    7      13561.326311   1     6   0     0.0     0.0     0.0   -    ||X1Sigma+
      25.0    8      15537.029481   1     7   0     0.0     0.0     0.0   -    ||X1Sigma+
      25.0    9      17487.346240   1     8   0     0.0     0.0     0.0   -    ||X1Sigma+
      25.0   10      19411.828782   1     9   0     0.0     0.0     0.0   -    ||X1Sigma+
      25.0   11      21310.334940   1    10   0     0.0     0.0     0.0   -    ||X1Sigma+
      25.0   12      23182.630350   1    11   0     0.0     0.0     0.0   -    ||X1Sigma+
      25.0   13      25028.653061   1    12   0     0.0     0.0     0.0   -    ||X1Sigma+
      25.0   14      26848.506830   1    13   0     0.0     0.0     0.0   -    ||X1Sigma+
      25.0   15      28642.230304   1    14   0     0.0     0.0     0.0   -    ||X1Sigma+
      25.0   16      30409.906803   1    15   0     0.0     0.0     0.0   -    ||X1Sigma+
      25.0   17      32151.669454   1    16   0     0.0     0.0     0.0   -    ||X1Sigma+
      25.0   18      33867.578320   1    17   0     0.0     0.0     0.0   -    ||X1Sigma+
      25.0   19      35557.696945   1    18   0     0.0     0.0     0.0   -    ||X1Sigma+
      25.0   20      37222.061304   1    19   0     0.0     0.0     0.0   -    ||X1Sigma+
      25.0   21      38860.634427   1    20   0     0.0     0.0     0.0   -    ||X1Sigma+
      25.0   22      40473.331626   1    21   0     0.0     0.0     0.0   -    ||X1Sigma+
      25.0   23      42059.941328   1    22   0     0.0     0.0     0.0   -    ||X1Sigma+
      25.0   24      43620.056535   1    23   0     0.0     0.0     0.0   -    ||X1Sigma+
      25.0   25      45153.057592   1    24   0     0.0     0.0     0.0   -    ||X1Sigma+
      25.0   26      46658.006153   1    25   0     0.0     0.0     0.0   -    ||X1Sigma+
      25.0   27      48133.473821   1    26   0     0.0     0.0     0.0   -    ||X1Sigma+
      25.0   28      49577.329762   1    27   0     0.0     0.0     0.0   -    ||X1Sigma+
      25.0   29      50986.487366   1    28   0     0.0     0.0     0.0   -    ||X1Sigma+
      25.0   30      52356.601694   1    29   0     0.0     0.0     0.0   -    ||X1Sigma+
      25.0   31      53681.954797   1    30   0     0.0     0.0     0.0   -    ||X1Sigma+
      25.0   32      54956.614546   1    31   0     0.0     0.0     0.0   -    ||X1Sigma+
      25.0   33      56177.729793   1    32   0     0.0     0.0     0.0   -    ||X1Sigma+
      25.0   34      57347.212368   1    33   0     0.0     0.0     0.0   -    ||X1Sigma+
      25.0   35      58465.494028   1    34   0     0.0     0.0     0.0   -    ||X1Sigma+
      25.0   36      59528.846925   1    35   0     0.0     0.0     0.0   -    ||X1Sigma+
      25.0   37      60537.588882   1    36   0     0.0     0.0     0.0   -    ||X1Sigma+
      25.0   38      61491.602714   1    37   0     0.0     0.0     0.0   -    ||X1Sigma+
      25.0   39      62390.269702   1    38   0     0.0     0.0     0.0   -    ||X1Sigma+
      25.0   40      63233.638304   1    39   0     0.0     0.0     0.0   -    ||X1Sigma+
      25.0   41      64021.783109   1    40   0     0.0     0.0     0.0   -    ||X1Sigma+
      25.0   42      64754.932963   1    41   0     0.0     0.0     0.0   -    ||X1Sigma+
      25.0   43      65433.852987   1    42   0     0.0     0.0     0.0   -    ||X1Sigma+
      25.0   44      66059.033363   1    43   0     0.0     0.0     0.0   -    ||X1Sigma+
      25.0   45      66631.542471   1    44   0     0.0     0.0     0.0   -    ||X1Sigma+
      25.0   46      67152.666719   1    45   0     0.0     0.0     0.0   -    ||X1Sigma+
      25.0   47      67623.902793   1    46   0     0.0     0.0     0.0   -    ||X1Sigma+
      25.0   48      68047.310991   1    47   0     0.0     0.0     0.0   -    ||X1Sigma+
      25.0   49      68426.230103   1    48   0     0.0     0.0     0.0   -    ||X1Sigma+
      25.0   50      68928.607390   1    49   0     0.0     0.0     0.0   -    ||X1Sigma+

Zero point energy (ZPE) =    1056.185498244544

j =      26.0

Define the quanta book-keeping
The total number sigma/lambda states (size of the sigma-lambda submatrix) = 1

Sigma-Lambda basis set:
     i     jrot  state   spin    sigma lambda   omega
     1     26.0    1      0.0      0.0    0      0.0   X1Sigma+
...done!

Contracted basis set:
     i     jrot ilevel ivib state v     spin    sigma lambda   omega   Name
     1     26.0    1    1    1    0      0.0      0.0    0      0.0   X1Sigma+
     2     26.0    1    2    1    1      0.0      0.0    0      0.0   X1Sigma+
     3     26.0    1    3    1    2      0.0      0.0    0      0.0   X1Sigma+
     4     26.0    1    4    1    3      0.0      0.0    0      0.0   X1Sigma+
     5     26.0    1    5    1    4      0.0      0.0    0      0.0   X1Sigma+
     6     26.0    1    6    1    5      0.0      0.0    0      0.0   X1Sigma+
     7     26.0    1    7    1    6      0.0      0.0    0      0.0   X1Sigma+
     8     26.0    1    8    1    7      0.0      0.0    0      0.0   X1Sigma+
     9     26.0    1    9    1    8      0.0      0.0    0      0.0   X1Sigma+
    10     26.0    1   10    1    9      0.0      0.0    0      0.0   X1Sigma+
    11     26.0    1   11    1   10      0.0      0.0    0      0.0   X1Sigma+
    12     26.0    1   12    1   11      0.0      0.0    0      0.0   X1Sigma+
    13     26.0    1   13    1   12      0.0      0.0    0      0.0   X1Sigma+
    14     26.0    1   14    1   13      0.0      0.0    0      0.0   X1Sigma+
    15     26.0    1   15    1   14      0.0      0.0    0      0.0   X1Sigma+
    16     26.0    1   16    1   15      0.0      0.0    0      0.0   X1Sigma+
    17     26.0    1   17    1   16      0.0      0.0    0      0.0   X1Sigma+
    18     26.0    1   18    1   17      0.0      0.0    0      0.0   X1Sigma+
    19     26.0    1   19    1   18      0.0      0.0    0      0.0   X1Sigma+
    20     26.0    1   20    1   19      0.0      0.0    0      0.0   X1Sigma+
    21     26.0    1   21    1   20      0.0      0.0    0      0.0   X1Sigma+
    22     26.0    1   22    1   21      0.0      0.0    0      0.0   X1Sigma+
    23     26.0    1   23    1   22      0.0      0.0    0      0.0   X1Sigma+
    24     26.0    1   24    1   23      0.0      0.0    0      0.0   X1Sigma+
    25     26.0    1   25    1   24      0.0      0.0    0      0.0   X1Sigma+
    26     26.0    1   26    1   25      0.0      0.0    0      0.0   X1Sigma+
    27     26.0    1   27    1   26      0.0      0.0    0      0.0   X1Sigma+
    28     26.0    1   28    1   27      0.0      0.0    0      0.0   X1Sigma+
    29     26.0    1   29    1   28      0.0      0.0    0      0.0   X1Sigma+
    30     26.0    1   30    1   29      0.0      0.0    0      0.0   X1Sigma+
    31     26.0    1   31    1   30      0.0      0.0    0      0.0   X1Sigma+
    32     26.0    1   32    1   31      0.0      0.0    0      0.0   X1Sigma+
    33     26.0    1   33    1   32      0.0      0.0    0      0.0   X1Sigma+
    34     26.0    1   34    1   33      0.0      0.0    0      0.0   X1Sigma+
    35     26.0    1   35    1   34      0.0      0.0    0      0.0   X1Sigma+
    36     26.0    1   36    1   35      0.0      0.0    0      0.0   X1Sigma+
    37     26.0    1   37    1   36      0.0      0.0    0      0.0   X1Sigma+
    38     26.0    1   38    1   37      0.0      0.0    0      0.0   X1Sigma+
    39     26.0    1   39    1   38      0.0      0.0    0      0.0   X1Sigma+
    40     26.0    1   40    1   39      0.0      0.0    0      0.0   X1Sigma+
    41     26.0    1   41    1   40      0.0      0.0    0      0.0   X1Sigma+
    42     26.0    1   42    1   41      0.0      0.0    0      0.0   X1Sigma+
    43     26.0    1   43    1   42      0.0      0.0    0      0.0   X1Sigma+
    44     26.0    1   44    1   43      0.0      0.0    0      0.0   X1Sigma+
    45     26.0    1   45    1   44      0.0      0.0    0      0.0   X1Sigma+
    46     26.0    1   46    1   45      0.0      0.0    0      0.0   X1Sigma+
    47     26.0    1   47    1   46      0.0      0.0    0      0.0   X1Sigma+
    48     26.0    1   48    1   47      0.0      0.0    0      0.0   X1Sigma+
    49     26.0    1   49    1   48      0.0      0.0    0      0.0   X1Sigma+
    50     26.0    1   50    1   49      0.0      0.0    0      0.0   X1Sigma+


 Memory Report:
 Active Arrays                                          size (MB)
 GRID                                                       0.009                
 r-field                                                    0.010                
 icontrvib                                                  0.031                
 brot                                                       0.020                
 X1Sigma+                                                   0.020                
 BROT                                                       0.022                
 <X|mu|X>                                                   0.020                
 hmat                                                       0.020                
 eigens                                                     0.530                
 Total memory   =                                           0.688 MB
 Maximal memory =                                           2.504 MB (         8000.000)

 (       26 arrays contributing less than 1% are not shown)


Construct the hamiltonian matrix
...done!

Non-zero matrix elements of the coupled Sigma-Lambda matrix:
Threshold for printing is   2.22E-16 cm^-1
RV == Rotational-vibrational
SO == Spin-Orbit interaction
SS == Spin-Spin interaction
JS == J.S interaction (aka S-uncoupling)
LS == L.J interaction (aka L-uncoupling)
LS == L.S interaction (spin-electronic)
RV=       -104.374;
 


Eigenvalues for J =     26.0

       J      i        Energy/cm  State   v  lambda spin   sigma   omega  parity
      26.0    1       1339.335297   1     0   0     0.0     0.0     0.0   +    ||X1Sigma+
      26.0    2       3435.048427   1     1   0     0.0     0.0     0.0   +    ||X1Sigma+
      26.0    3       5518.077041   1     2   0     0.0     0.0     0.0   +    ||X1Sigma+
      26.0    4       7585.448500   1     3   0     0.0     0.0     0.0   +    ||X1Sigma+
      26.0    5       9631.859819   1     4   0     0.0     0.0     0.0   +    ||X1Sigma+
      26.0    6      11655.182266   1     5   0     0.0     0.0     0.0   +    ||X1Sigma+
      26.0    7      13654.735035   1     6   0     0.0     0.0     0.0   +    ||X1Sigma+
      26.0    8      15629.503788   1     7   0     0.0     0.0     0.0   +    ||X1Sigma+
      26.0    9      17578.896829   1     8   0     0.0     0.0     0.0   +    ||X1Sigma+
      26.0   10      19502.464532   1     9   0     0.0     0.0     0.0   +    ||X1Sigma+
      26.0   11      21400.067545   1    10   0     0.0     0.0     0.0   +    ||X1Sigma+
      26.0   12      23271.468329   1    11   0     0.0     0.0     0.0   +    ||X1Sigma+
      26.0   13      25116.603766   1    12   0     0.0     0.0     0.0   +    ||X1Sigma+
      26.0   14      26935.575546   1    13   0     0.0     0.0     0.0   +    ||X1Sigma+
      26.0   15      28728.421263   1    14   0     0.0     0.0     0.0   +    ||X1Sigma+
      26.0   16      30495.224214   1    15   0     0.0     0.0     0.0   +    ||X1Sigma+
      26.0   17      32236.115459   1    16   0     0.0     0.0     0.0   +    ||X1Sigma+
      26.0   18      33951.154568   1    17   0     0.0     0.0     0.0   +    ||X1Sigma+
      26.0   19      35640.404875   1    18   0     0.0     0.0     0.0   +    ||X1Sigma+
      26.0   20      37303.900051   1    19   0     0.0     0.0     0.0   +    ||X1Sigma+
      26.0   21      38941.600767   1    20   0     0.0     0.0     0.0   +    ||X1Sigma+
      26.0   22      40553.420254   1    21   0     0.0     0.0     0.0   +    ||X1Sigma+
      26.0   23      42139.143223   1    22   0     0.0     0.0     0.0   +    ||X1Sigma+
      26.0   24      43698.357460   1    23   0     0.0     0.0     0.0   +    ||X1Sigma+
      26.0   25      45230.436456   1    24   0     0.0     0.0     0.0   +    ||X1Sigma+
      26.0   26      46734.432077   1    25   0     0.0     0.0     0.0   +    ||X1Sigma+
      26.0   27      48208.900933   1    26   0     0.0     0.0     0.0   +    ||X1Sigma+
      26.0   28      49651.690733   1    27   0     0.0     0.0     0.0   +    ||X1Sigma+
      26.0   29      51059.685913   1    28   0     0.0     0.0     0.0   +    ||X1Sigma+
      26.0   30      52428.503012   1    29   0     0.0     0.0     0.0   +    ||X1Sigma+
      26.0   31      53752.389845   1    30   0     0.0     0.0     0.0   +    ||X1Sigma+
      26.0   32      55025.432592   1    31   0     0.0     0.0     0.0   +    ||X1Sigma+
      26.0   33      56244.890853   1    32   0     0.0     0.0     0.0   +    ||X1Sigma+
      26.0   34      57412.744083   1    33   0     0.0     0.0     0.0   +    ||X1Sigma+
      26.0   35      58529.291540   1    34   0     0.0     0.0     0.0   +    ||X1Sigma+
      26.0   36      59590.803337   1    35   0     0.0     0.0     0.0   +    ||X1Sigma+
      26.0   37      60597.704697   1    36   0     0.0     0.0     0.0   +    ||X1Sigma+
      26.0   38      61549.781618   1    37   0     0.0     0.0     0.0   +    ||X1Sigma+
      26.0   39      62446.487276   1    38   0     0.0     0.0     0.0   +    ||X1Sigma+
      26.0   40      63287.810417   1    39   0     0.0     0.0     0.0   +    ||X1Sigma+
      26.0   41      64073.886053   1    40   0     0.0     0.0     0.0   +    ||X1Sigma+
      26.0   42      64804.901306   1    41   0     0.0     0.0     0.0   +    ||X1Sigma+
      26.0   43      65481.642585   1    42   0     0.0     0.0     0.0   +    ||X1Sigma+
      26.0   44      66104.607450   1    43   0     0.0     0.0     0.0   +    ||X1Sigma+
      26.0   45      66674.846593   1    44   0     0.0     0.0     0.0   +    ||X1Sigma+
      26.0   46      67193.655007   1    45   0     0.0     0.0     0.0   +    ||X1Sigma+
      26.0   47      67662.524158   1    46   0     0.0     0.0     0.0   +    ||X1Sigma+
      26.0   48      68083.456562   1    47   0     0.0     0.0     0.0   +    ||X1Sigma+
      26.0   49      68459.377257   1    48   0     0.0     0.0     0.0   +    ||X1Sigma+
      26.0   50      68995.222250   1    49   0     0.0     0.0     0.0   +    ||X1Sigma+

Zero point energy (ZPE) =    1056.185498244544

j =      27.0

Define the quanta book-keeping
The total number sigma/lambda states (size of the sigma-lambda submatrix) = 1

Sigma-Lambda basis set:
     i     jrot  state   spin    sigma lambda   omega
     1     27.0    1      0.0      0.0    0      0.0   X1Sigma+
...done!

Contracted basis set:
     i     jrot ilevel ivib state v     spin    sigma lambda   omega   Name
     1     27.0    1    1    1    0      0.0      0.0    0      0.0   X1Sigma+
     2     27.0    1    2    1    1      0.0      0.0    0      0.0   X1Sigma+
     3     27.0    1    3    1    2      0.0      0.0    0      0.0   X1Sigma+
     4     27.0    1    4    1    3      0.0      0.0    0      0.0   X1Sigma+
     5     27.0    1    5    1    4      0.0      0.0    0      0.0   X1Sigma+
     6     27.0    1    6    1    5      0.0      0.0    0      0.0   X1Sigma+
     7     27.0    1    7    1    6      0.0      0.0    0      0.0   X1Sigma+
     8     27.0    1    8    1    7      0.0      0.0    0      0.0   X1Sigma+
     9     27.0    1    9    1    8      0.0      0.0    0      0.0   X1Sigma+
    10     27.0    1   10    1    9      0.0      0.0    0      0.0   X1Sigma+
    11     27.0    1   11    1   10      0.0      0.0    0      0.0   X1Sigma+
    12     27.0    1   12    1   11      0.0      0.0    0      0.0   X1Sigma+
    13     27.0    1   13    1   12      0.0      0.0    0      0.0   X1Sigma+
    14     27.0    1   14    1   13      0.0      0.0    0      0.0   X1Sigma+
    15     27.0    1   15    1   14      0.0      0.0    0      0.0   X1Sigma+
    16     27.0    1   16    1   15      0.0      0.0    0      0.0   X1Sigma+
    17     27.0    1   17    1   16      0.0      0.0    0      0.0   X1Sigma+
    18     27.0    1   18    1   17      0.0      0.0    0      0.0   X1Sigma+
    19     27.0    1   19    1   18      0.0      0.0    0      0.0   X1Sigma+
    20     27.0    1   20    1   19      0.0      0.0    0      0.0   X1Sigma+
    21     27.0    1   21    1   20      0.0      0.0    0      0.0   X1Sigma+
    22     27.0    1   22    1   21      0.0      0.0    0      0.0   X1Sigma+
    23     27.0    1   23    1   22      0.0      0.0    0      0.0   X1Sigma+
    24     27.0    1   24    1   23      0.0      0.0    0      0.0   X1Sigma+
    25     27.0    1   25    1   24      0.0      0.0    0      0.0   X1Sigma+
    26     27.0    1   26    1   25      0.0      0.0    0      0.0   X1Sigma+
    27     27.0    1   27    1   26      0.0      0.0    0      0.0   X1Sigma+
    28     27.0    1   28    1   27      0.0      0.0    0      0.0   X1Sigma+
    29     27.0    1   29    1   28      0.0      0.0    0      0.0   X1Sigma+
    30     27.0    1   30    1   29      0.0      0.0    0      0.0   X1Sigma+
    31     27.0    1   31    1   30      0.0      0.0    0      0.0   X1Sigma+
    32     27.0    1   32    1   31      0.0      0.0    0      0.0   X1Sigma+
    33     27.0    1   33    1   32      0.0      0.0    0      0.0   X1Sigma+
    34     27.0    1   34    1   33      0.0      0.0    0      0.0   X1Sigma+
    35     27.0    1   35    1   34      0.0      0.0    0      0.0   X1Sigma+
    36     27.0    1   36    1   35      0.0      0.0    0      0.0   X1Sigma+
    37     27.0    1   37    1   36      0.0      0.0    0      0.0   X1Sigma+
    38     27.0    1   38    1   37      0.0      0.0    0      0.0   X1Sigma+
    39     27.0    1   39    1   38      0.0      0.0    0      0.0   X1Sigma+
    40     27.0    1   40    1   39      0.0      0.0    0      0.0   X1Sigma+
    41     27.0    1   41    1   40      0.0      0.0    0      0.0   X1Sigma+
    42     27.0    1   42    1   41      0.0      0.0    0      0.0   X1Sigma+
    43     27.0    1   43    1   42      0.0      0.0    0      0.0   X1Sigma+
    44     27.0    1   44    1   43      0.0      0.0    0      0.0   X1Sigma+
    45     27.0    1   45    1   44      0.0      0.0    0      0.0   X1Sigma+
    46     27.0    1   46    1   45      0.0      0.0    0      0.0   X1Sigma+
    47     27.0    1   47    1   46      0.0      0.0    0      0.0   X1Sigma+
    48     27.0    1   48    1   47      0.0      0.0    0      0.0   X1Sigma+
    49     27.0    1   49    1   48      0.0      0.0    0      0.0   X1Sigma+
    50     27.0    1   50    1   49      0.0      0.0    0      0.0   X1Sigma+


 Memory Report:
 Active Arrays                                          size (MB)
 GRID                                                       0.009                
 r-field                                                    0.010                
 icontrvib                                                  0.031                
 brot                                                       0.020                
 X1Sigma+                                                   0.020                
 BROT                                                       0.022                
 <X|mu|X>                                                   0.020                
 hmat                                                       0.020                
 eigens                                                     0.551                
 Total memory   =                                           0.708 MB
 Maximal memory =                                           2.504 MB (         8000.000)

 (       26 arrays contributing less than 1% are not shown)


Construct the hamiltonian matrix
...done!

Non-zero matrix elements of the coupled Sigma-Lambda matrix:
Threshold for printing is   2.22E-16 cm^-1
RV == Rotational-vibrational
SO == Spin-Orbit interaction
SS == Spin-Spin interaction
JS == J.S interaction (aka S-uncoupling)
LS == L.J interaction (aka L-uncoupling)
LS == L.S interaction (spin-electronic)
RV=       -112.403;
 


Eigenvalues for J =     27.0

       J      i        Energy/cm  State   v  lambda spin   sigma   omega  parity
      27.0    1       1442.106898   1     0   0     0.0     0.0     0.0   -    ||X1Sigma+
      27.0    2       3536.982480   1     1   0     0.0     0.0     0.0   -    ||X1Sigma+
      27.0    3       5619.030066   1     2   0     0.0     0.0     0.0   -    ||X1Sigma+
      27.0    4       7685.388260   1     3   0     0.0     0.0     0.0   -    ||X1Sigma+
      27.0    5       9730.800296   1     4   0     0.0     0.0     0.0   -    ||X1Sigma+
      27.0    6      11753.134107   1     5   0     0.0     0.0     0.0   -    ||X1Sigma+
      27.0    7      13751.702777   1     6   0     0.0     0.0     0.0   -    ||X1Sigma+
      27.0    8      15725.501066   1     7   0     0.0     0.0     0.0   -    ||X1Sigma+
      27.0    9      17673.934706   1     8   0     0.0     0.0     0.0   -    ||X1Sigma+
      27.0   10      19596.552235   1     9   0     0.0     0.0     0.0   -    ||X1Sigma+
      27.0   11      21493.217121   1    10   0     0.0     0.0     0.0   -    ||X1Sigma+
      27.0   12      23363.688648   1    11   0     0.0     0.0     0.0   -    ||X1Sigma+
      27.0   13      25207.902508   1    12   0     0.0     0.0     0.0   -    ||X1Sigma+
      27.0   14      27025.958167   1    13   0     0.0     0.0     0.0   -    ||X1Sigma+
      27.0   15      28817.892163   1    14   0     0.0     0.0     0.0   -    ||X1Sigma+
      27.0   16      30583.787784   1    15   0     0.0     0.0     0.0   -    ||X1Sigma+
      27.0   17      32323.773889   1    16   0     0.0     0.0     0.0   -    ||X1Sigma+
      27.0   18      34037.909563   1    17   0     0.0     0.0     0.0   -    ||X1Sigma+
      27.0   19      35726.257911   1    18   0     0.0     0.0     0.0   -    ||X1Sigma+
      27.0   20      37388.850204   1    19   0     0.0     0.0     0.0   -    ||X1Sigma+
      27.0   21      39025.644678   1    20   0     0.0     0.0     0.0   -    ||X1Sigma+
      27.0   22      40636.552349   1    21   0     0.0     0.0     0.0   -    ||X1Sigma+
      27.0   23      42221.354028   1    22   0     0.0     0.0     0.0   -    ||X1Sigma+
      27.0   24      43779.632084   1    23   0     0.0     0.0     0.0   -    ||X1Sigma+
      27.0   25      45310.752821   1    24   0     0.0     0.0     0.0   -    ||X1Sigma+
      27.0   26      46813.757827   1    25   0     0.0     0.0     0.0   -    ||X1Sigma+
      27.0   27      48287.188004   1    26   0     0.0     0.0     0.0   -    ||X1Sigma+
      27.0   28      49728.868586   1    27   0     0.0     0.0     0.0   -    ||X1Sigma+
      27.0   29      51135.653683   1    28   0     0.0     0.0     0.0   -    ||X1Sigma+
      27.0   30      52503.119585   1    29   0     0.0     0.0     0.0   -    ||X1Sigma+
      27.0   31      53825.479013   1    30   0     0.0     0.0     0.0   -    ||X1Sigma+
      27.0   32      55096.839267   1    31   0     0.0     0.0     0.0   -    ||X1Sigma+
      27.0   33      56314.576755   1    32   0     0.0     0.0     0.0   -    ||X1Sigma+
      27.0   34      57480.736751   1    33   0     0.0     0.0     0.0   -    ||X1Sigma+
      27.0   35      58595.478107   1    34   0     0.0     0.0     0.0   -    ||X1Sigma+
      27.0   36      59655.076525   1    35   0     0.0     0.0     0.0   -    ||X1Sigma+
      27.0   37      60660.063781   1    36   0     0.0     0.0     0.0   -    ||X1Sigma+
      27.0   38      61610.125961   1    37   0     0.0     0.0     0.0   -    ||X1Sigma+
      27.0   39      62504.791737   1    38   0     0.0     0.0     0.0   -    ||X1Sigma+
      27.0   40      63343.987345   1    39   0     0.0     0.0     0.0   -    ||X1Sigma+
      27.0   41      64127.909800   1    40   0     0.0     0.0     0.0   -    ||X1Sigma+
      27.0   42      64856.704822   1    41   0     0.0     0.0     0.0   -    ||X1Sigma+
      27.0   43      65531.177129   1    42   0     0.0     0.0     0.0   -    ||X1Sigma+
      27.0   44      66151.834024   1    43   0     0.0     0.0     0.0   -    ||X1Sigma+
      27.0   45      66719.705408   1    44   0     0.0     0.0     0.0   -    ||X1Sigma+
      27.0   46      67236.090398   1    45   0     0.0     0.0     0.0   -    ||X1Sigma+
      27.0   47      67702.468648   1    46   0     0.0     0.0     0.0   -    ||X1Sigma+
      27.0   48      68120.765369   1    47   0     0.0     0.0     0.0   -    ||X1Sigma+
      27.0   49      68493.412707   1    48   0     0.0     0.0     0.0   -    ||X1Sigma+
      27.0   50      69067.535747   1    49   0     0.0     0.0     0.0   -    ||X1Sigma+

Zero point energy (ZPE) =    1056.185498244544

j =      28.0

Define the quanta book-keeping
The total number sigma/lambda states (size of the sigma-lambda submatrix) = 1

Sigma-Lambda basis set:
     i     jrot  state   spin    sigma lambda   omega
     1     28.0    1      0.0      0.0    0      0.0   X1Sigma+
...done!

Contracted basis set:
     i     jrot ilevel ivib state v     spin    sigma lambda   omega   Name
     1     28.0    1    1    1    0      0.0      0.0    0      0.0   X1Sigma+
     2     28.0    1    2    1    1      0.0      0.0    0      0.0   X1Sigma+
     3     28.0    1    3    1    2      0.0      0.0    0      0.0   X1Sigma+
     4     28.0    1    4    1    3      0.0      0.0    0      0.0   X1Sigma+
     5     28.0    1    5    1    4      0.0      0.0    0      0.0   X1Sigma+
     6     28.0    1    6    1    5      0.0      0.0    0      0.0   X1Sigma+
     7     28.0    1    7    1    6      0.0      0.0    0      0.0   X1Sigma+
     8     28.0    1    8    1    7      0.0      0.0    0      0.0   X1Sigma+
     9     28.0    1    9    1    8      0.0      0.0    0      0.0   X1Sigma+
    10     28.0    1   10    1    9      0.0      0.0    0      0.0   X1Sigma+
    11     28.0    1   11    1   10      0.0      0.0    0      0.0   X1Sigma+
    12     28.0    1   12    1   11      0.0      0.0    0      0.0   X1Sigma+
    13     28.0    1   13    1   12      0.0      0.0    0      0.0   X1Sigma+
    14     28.0    1   14    1   13      0.0      0.0    0      0.0   X1Sigma+
    15     28.0    1   15    1   14      0.0      0.0    0      0.0   X1Sigma+
    16     28.0    1   16    1   15      0.0      0.0    0      0.0   X1Sigma+
    17     28.0    1   17    1   16      0.0      0.0    0      0.0   X1Sigma+
    18     28.0    1   18    1   17      0.0      0.0    0      0.0   X1Sigma+
    19     28.0    1   19    1   18      0.0      0.0    0      0.0   X1Sigma+
    20     28.0    1   20    1   19      0.0      0.0    0      0.0   X1Sigma+
    21     28.0    1   21    1   20      0.0      0.0    0      0.0   X1Sigma+
    22     28.0    1   22    1   21      0.0      0.0    0      0.0   X1Sigma+
    23     28.0    1   23    1   22      0.0      0.0    0      0.0   X1Sigma+
    24     28.0    1   24    1   23      0.0      0.0    0      0.0   X1Sigma+
    25     28.0    1   25    1   24      0.0      0.0    0      0.0   X1Sigma+
    26     28.0    1   26    1   25      0.0      0.0    0      0.0   X1Sigma+
    27     28.0    1   27    1   26      0.0      0.0    0      0.0   X1Sigma+
    28     28.0    1   28    1   27      0.0      0.0    0      0.0   X1Sigma+
    29     28.0    1   29    1   28      0.0      0.0    0      0.0   X1Sigma+
    30     28.0    1   30    1   29      0.0      0.0    0      0.0   X1Sigma+
    31     28.0    1   31    1   30      0.0      0.0    0      0.0   X1Sigma+
    32     28.0    1   32    1   31      0.0      0.0    0      0.0   X1Sigma+
    33     28.0    1   33    1   32      0.0      0.0    0      0.0   X1Sigma+
    34     28.0    1   34    1   33      0.0      0.0    0      0.0   X1Sigma+
    35     28.0    1   35    1   34      0.0      0.0    0      0.0   X1Sigma+
    36     28.0    1   36    1   35      0.0      0.0    0      0.0   X1Sigma+
    37     28.0    1   37    1   36      0.0      0.0    0      0.0   X1Sigma+
    38     28.0    1   38    1   37      0.0      0.0    0      0.0   X1Sigma+
    39     28.0    1   39    1   38      0.0      0.0    0      0.0   X1Sigma+
    40     28.0    1   40    1   39      0.0      0.0    0      0.0   X1Sigma+
    41     28.0    1   41    1   40      0.0      0.0    0      0.0   X1Sigma+
    42     28.0    1   42    1   41      0.0      0.0    0      0.0   X1Sigma+
    43     28.0    1   43    1   42      0.0      0.0    0      0.0   X1Sigma+
    44     28.0    1   44    1   43      0.0      0.0    0      0.0   X1Sigma+
    45     28.0    1   45    1   44      0.0      0.0    0      0.0   X1Sigma+
    46     28.0    1   46    1   45      0.0      0.0    0      0.0   X1Sigma+
    47     28.0    1   47    1   46      0.0      0.0    0      0.0   X1Sigma+
    48     28.0    1   48    1   47      0.0      0.0    0      0.0   X1Sigma+
    49     28.0    1   49    1   48      0.0      0.0    0      0.0   X1Sigma+
    50     28.0    1   50    1   49      0.0      0.0    0      0.0   X1Sigma+


 Memory Report:
 Active Arrays                                          size (MB)
 GRID                                                       0.009                
 r-field                                                    0.010                
 icontrvib                                                  0.031                
 brot                                                       0.020                
 X1Sigma+                                                   0.020                
 BROT                                                       0.022                
 <X|mu|X>                                                   0.020                
 hmat                                                       0.020                
 eigens                                                     0.571                
 Total memory   =                                           0.729 MB
 Maximal memory =                                           2.504 MB (         8000.000)

 (       26 arrays contributing less than 1% are not shown)


Construct the hamiltonian matrix
...done!

Non-zero matrix elements of the coupled Sigma-Lambda matrix:
Threshold for printing is   2.22E-16 cm^-1
RV == Rotational-vibrational
SO == Spin-Orbit interaction
SS == Spin-Spin interaction
JS == J.S interaction (aka S-uncoupling)
LS == L.J interaction (aka L-uncoupling)
LS == L.S interaction (spin-electronic)
RV=       -120.729;
 


Eigenvalues for J =     28.0

       J      i        Energy/cm  State   v  lambda spin   sigma   omega  parity
      28.0    1       1548.646547   1     0   0     0.0     0.0     0.0   +    ||X1Sigma+
      28.0    2       3642.654458   1     1   0     0.0     0.0     0.0   +    ||X1Sigma+
      28.0    3       5723.685555   1     2   0     0.0     0.0     0.0   +    ||X1Sigma+
      28.0    4       7788.993132   1     3   0     0.0     0.0     0.0   +    ||X1Sigma+
      28.0    5       9833.368960   1     4   0     0.0     0.0     0.0   +    ||X1Sigma+
      28.0    6      11854.677662   1     5   0     0.0     0.0     0.0   +    ||X1Sigma+
      28.0    7      13852.225733   1     6   0     0.0     0.0     0.0   +    ||X1Sigma+
      28.0    8      15825.017502   1     7   0     0.0     0.0     0.0   +    ||X1Sigma+
      28.0    9      17772.456042   1     8   0     0.0     0.0     0.0   +    ||X1Sigma+
      28.0   10      19694.088046   1     9   0     0.0     0.0     0.0   +    ||X1Sigma+
      28.0   11      21589.779797   1    10   0     0.0     0.0     0.0   +    ||X1Sigma+
      28.0   12      23459.287409   1    11   0     0.0     0.0     0.0   +    ||X1Sigma+
      28.0   13      25302.545370   1    12   0     0.0     0.0     0.0   +    ||X1Sigma+
      28.0   14      27119.650754   1    13   0     0.0     0.0     0.0   +    ||X1Sigma+
      28.0   15      28910.639041   1    14   0     0.0     0.0     0.0   +    ||X1Sigma+
      28.0   16      30675.593531   1    15   0     0.0     0.0     0.0   +    ||X1Sigma+
      28.0   17      32414.640739   1    16   0     0.0     0.0     0.0   +    ||X1Sigma+
      28.0   18      34127.839269   1    17   0     0.0     0.0     0.0   +    ||X1Sigma+
      28.0   19      35815.251989   1    18   0     0.0     0.0     0.0   +    ||X1Sigma+
      28.0   20      37476.907672   1    19   0     0.0     0.0     0.0   +    ||X1Sigma+
      28.0   21      39112.762036   1    20   0     0.0     0.0     0.0   +    ||X1Sigma+
      28.0   22      40722.723744   1    21   0     0.0     0.0     0.0   +    ||X1Sigma+
      28.0   23      42306.569523   1    22   0     0.0     0.0     0.0   +    ||X1Sigma+
      28.0   24      43863.876118   1    23   0     0.0     0.0     0.0   +    ||X1Sigma+
      28.0   25      45394.002306   1    24   0     0.0     0.0     0.0   +    ||X1Sigma+
      28.0   26      46895.978895   1    25   0     0.0     0.0     0.0   +    ||X1Sigma+
      28.0   27      48368.330347   1    26   0     0.0     0.0     0.0   +    ||X1Sigma+
      28.0   28      49808.858377   1    27   0     0.0     0.0     0.0   +    ||X1Sigma+
      28.0   29      51214.385365   1    28   0     0.0     0.0     0.0   +    ||X1Sigma+
      28.0   30      52580.445605   1    29   0     0.0     0.0     0.0   +    ||X1Sigma+
      28.0   31      53901.215950   1    30   0     0.0     0.0     0.0   +    ||X1Sigma+
      28.0   32      55170.827915   1    31   0     0.0     0.0     0.0   +    ||X1Sigma+
      28.0   33      56386.780892   1    32   0     0.0     0.0     0.0   +    ||X1Sigma+
      28.0   34      57551.183491   1    33   0     0.0     0.0     0.0   +    ||X1Sigma+
      28.0   35      58664.046240   1    34   0     0.0     0.0     0.0   +    ||X1Sigma+
      28.0   36      59721.658946   1    35   0     0.0     0.0     0.0   +    ||X1Sigma+
      28.0   37      60724.658126   1    36   0     0.0     0.0     0.0   +    ||X1Sigma+
      28.0   38      61672.627473   1    37   0     0.0     0.0     0.0   +    ||X1Sigma+
      28.0   39      62565.174325   1    38   0     0.0     0.0     0.0   +    ||X1Sigma+
      28.0   40      63402.160085   1    39   0     0.0     0.0     0.0   +    ||X1Sigma+
      28.0   41      64183.844764   1    40   0     0.0     0.0     0.0   +    ||X1Sigma+
      28.0   42      64910.333682   1    41   0     0.0     0.0     0.0   +    ||X1Sigma+
      28.0   43      65582.446376   1    42   0     0.0     0.0     0.0   +    ||X1Sigma+
      28.0   44      66200.702474   1    43   0     0.0     0.0     0.0   +    ||X1Sigma+
      28.0   45      66766.108313   1    44   0     0.0     0.0     0.0   +    ||X1Sigma+
      28.0   46      67279.962613   1    45   0     0.0     0.0     0.0   +    ||X1Sigma+
      28.0   47      67743.727413   1    46   0     0.0     0.0     0.0   +    ||X1Sigma+
      28.0   48      68159.235493   1    47   0     0.0     0.0     0.0   +    ||X1Sigma+
      28.0   49      68528.386033   1    48   0     0.0     0.0     0.0   +    ||X1Sigma+
      28.0   50      69145.770518   1    49   0     0.0     0.0     0.0   +    ||X1Sigma+

Zero point energy (ZPE) =    1056.185498244544

j =      29.0

Define the quanta book-keeping
The total number sigma/lambda states (size of the sigma-lambda submatrix) = 1

Sigma-Lambda basis set:
     i     jrot  state   spin    sigma lambda   omega
     1     29.0    1      0.0      0.0    0      0.0   X1Sigma+
...done!

Contracted basis set:
     i     jrot ilevel ivib state v     spin    sigma lambda   omega   Name
     1     29.0    1    1    1    0      0.0      0.0    0      0.0   X1Sigma+
     2     29.0    1    2    1    1      0.0      0.0    0      0.0   X1Sigma+
     3     29.0    1    3    1    2      0.0      0.0    0      0.0   X1Sigma+
     4     29.0    1    4    1    3      0.0      0.0    0      0.0   X1Sigma+
     5     29.0    1    5    1    4      0.0      0.0    0      0.0   X1Sigma+
     6     29.0    1    6    1    5      0.0      0.0    0      0.0   X1Sigma+
     7     29.0    1    7    1    6      0.0      0.0    0      0.0   X1Sigma+
     8     29.0    1    8    1    7      0.0      0.0    0      0.0   X1Sigma+
     9     29.0    1    9    1    8      0.0      0.0    0      0.0   X1Sigma+
    10     29.0    1   10    1    9      0.0      0.0    0      0.0   X1Sigma+
    11     29.0    1   11    1   10      0.0      0.0    0      0.0   X1Sigma+
    12     29.0    1   12    1   11      0.0      0.0    0      0.0   X1Sigma+
    13     29.0    1   13    1   12      0.0      0.0    0      0.0   X1Sigma+
    14     29.0    1   14    1   13      0.0      0.0    0      0.0   X1Sigma+
    15     29.0    1   15    1   14      0.0      0.0    0      0.0   X1Sigma+
    16     29.0    1   16    1   15      0.0      0.0    0      0.0   X1Sigma+
    17     29.0    1   17    1   16      0.0      0.0    0      0.0   X1Sigma+
    18     29.0    1   18    1   17      0.0      0.0    0      0.0   X1Sigma+
    19     29.0    1   19    1   18      0.0      0.0    0      0.0   X1Sigma+
    20     29.0    1   20    1   19      0.0      0.0    0      0.0   X1Sigma+
    21     29.0    1   21    1   20      0.0      0.0    0      0.0   X1Sigma+
    22     29.0    1   22    1   21      0.0      0.0    0      0.0   X1Sigma+
    23     29.0    1   23    1   22      0.0      0.0    0      0.0   X1Sigma+
    24     29.0    1   24    1   23      0.0      0.0    0      0.0   X1Sigma+
    25     29.0    1   25    1   24      0.0      0.0    0      0.0   X1Sigma+
    26     29.0    1   26    1   25      0.0      0.0    0      0.0   X1Sigma+
    27     29.0    1   27    1   26      0.0      0.0    0      0.0   X1Sigma+
    28     29.0    1   28    1   27      0.0      0.0    0      0.0   X1Sigma+
    29     29.0    1   29    1   28      0.0      0.0    0      0.0   X1Sigma+
    30     29.0    1   30    1   29      0.0      0.0    0      0.0   X1Sigma+
    31     29.0    1   31    1   30      0.0      0.0    0      0.0   X1Sigma+
    32     29.0    1   32    1   31      0.0      0.0    0      0.0   X1Sigma+
    33     29.0    1   33    1   32      0.0      0.0    0      0.0   X1Sigma+
    34     29.0    1   34    1   33      0.0      0.0    0      0.0   X1Sigma+
    35     29.0    1   35    1   34      0.0      0.0    0      0.0   X1Sigma+
    36     29.0    1   36    1   35      0.0      0.0    0      0.0   X1Sigma+
    37     29.0    1   37    1   36      0.0      0.0    0      0.0   X1Sigma+
    38     29.0    1   38    1   37      0.0      0.0    0      0.0   X1Sigma+
    39     29.0    1   39    1   38      0.0      0.0    0      0.0   X1Sigma+
    40     29.0    1   40    1   39      0.0      0.0    0      0.0   X1Sigma+
    41     29.0    1   41    1   40      0.0      0.0    0      0.0   X1Sigma+
    42     29.0    1   42    1   41      0.0      0.0    0      0.0   X1Sigma+
    43     29.0    1   43    1   42      0.0      0.0    0      0.0   X1Sigma+
    44     29.0    1   44    1   43      0.0      0.0    0      0.0   X1Sigma+
    45     29.0    1   45    1   44      0.0      0.0    0      0.0   X1Sigma+
    46     29.0    1   46    1   45      0.0      0.0    0      0.0   X1Sigma+
    47     29.0    1   47    1   46      0.0      0.0    0      0.0   X1Sigma+
    48     29.0    1   48    1   47      0.0      0.0    0      0.0   X1Sigma+
    49     29.0    1   49    1   48      0.0      0.0    0      0.0   X1Sigma+
    50     29.0    1   50    1   49      0.0      0.0    0      0.0   X1Sigma+


 Memory Report:
 Active Arrays                                          size (MB)
 GRID                                                       0.009                
 r-field                                                    0.010                
 icontrvib                                                  0.031                
 brot                                                       0.020                
 X1Sigma+                                                   0.020                
 BROT                                                       0.022                
 <X|mu|X>                                                   0.020                
 hmat                                                       0.020                
 eigens                                                     0.592                
 Total memory   =                                           0.749 MB
 Maximal memory =                                           2.504 MB (         8000.000)

 (       26 arrays contributing less than 1% are not shown)


Construct the hamiltonian matrix
...done!

Non-zero matrix elements of the coupled Sigma-Lambda matrix:
Threshold for printing is   2.22E-16 cm^-1
RV == Rotational-vibrational
SO == Spin-Orbit interaction
SS == Spin-Spin interaction
JS == J.S interaction (aka S-uncoupling)
LS == L.J interaction (aka L-uncoupling)
LS == L.S interaction (spin-electronic)
RV=       -129.353;
 


Eigenvalues for J =     29.0

       J      i        Energy/cm  State   v  lambda spin   sigma   omega  parity
      29.0    1       1658.950076   1     0   0     0.0     0.0     0.0   -    ||X1Sigma+
      29.0    2       3752.060280   1     1   0     0.0     0.0     0.0   -    ||X1Sigma+
      29.0    3       5832.039520   1     2   0     0.0     0.0     0.0   -    ||X1Sigma+
      29.0    4       7896.259154   1     3   0     0.0     0.0     0.0   -    ||X1Sigma+
      29.0    5       9939.561855   1     4   0     0.0     0.0     0.0   -    ||X1Sigma+
      29.0    6      11959.808993   1     5   0     0.0     0.0     0.0   -    ||X1Sigma+
      29.0    7      13956.299964   1     6   0     0.0     0.0     0.0   -    ||X1Sigma+
      29.0    8      15928.049145   1     7   0     0.0     0.0     0.0   -    ||X1Sigma+
      29.0    9      17874.456868   1     8   0     0.0     0.0     0.0   -    ||X1Sigma+
      29.0   10      19795.067982   1     9   0     0.0     0.0     0.0   -    ||X1Sigma+
      29.0   11      21689.751559   1    10   0     0.0     0.0     0.0   -    ||X1Sigma+
      29.0   12      23558.260576   1    11   0     0.0     0.0     0.0   -    ||X1Sigma+
      29.0   13      25400.528294   1    12   0     0.0     0.0     0.0   -    ||X1Sigma+
      29.0   14      27216.649224   1    13   0     0.0     0.0     0.0   -    ||X1Sigma+
      29.0   15      29006.657792   1    14   0     0.0     0.0     0.0   -    ||X1Sigma+
      29.0   16      30770.637323   1    15   0     0.0     0.0     0.0   -    ||X1Sigma+
      29.0   17      32508.711853   1    16   0     0.0     0.0     0.0   -    ||X1Sigma+
      29.0   18      34220.939508   1    17   0     0.0     0.0     0.0   -    ||X1Sigma+
      29.0   19      35907.382900   1    18   0     0.0     0.0     0.0   -    ||X1Sigma+
      29.0   20      37568.068210   1    19   0     0.0     0.0     0.0   -    ||X1Sigma+
      29.0   21      39202.948561   1    20   0     0.0     0.0     0.0   -    ||X1Sigma+
      29.0   22      40811.930119   1    21   0     0.0     0.0     0.0   -    ||X1Sigma+
      29.0   23      42394.785329   1    22   0     0.0     0.0     0.0   -    ||X1Sigma+
      29.0   24      43951.085113   1    23   0     0.0     0.0     0.0   -    ||X1Sigma+
      29.0   25      45480.180370   1    24   0     0.0     0.0     0.0   -    ||X1Sigma+
      29.0   26      46981.090606   1    25   0     0.0     0.0     0.0   -    ||X1Sigma+
      29.0   27      48452.323095   1    26   0     0.0     0.0     0.0   -    ||X1Sigma+
      29.0   28      49891.654970   1    27   0     0.0     0.0     0.0   -    ||X1Sigma+
      29.0   29      51295.875433   1    28   0     0.0     0.0     0.0   -    ||X1Sigma+
      29.0   30      52660.475024   1    29   0     0.0     0.0     0.0   -    ||X1Sigma+
      29.0   31      53979.594048   1    30   0     0.0     0.0     0.0   -    ||X1Sigma+
      29.0   32      55247.391626   1    31   0     0.0     0.0     0.0   -    ||X1Sigma+
      29.0   33      56461.496405   1    32   0     0.0     0.0     0.0   -    ||X1Sigma+
      29.0   34      57624.077135   1    33   0     0.0     0.0     0.0   -    ||X1Sigma+
      29.0   35      58734.988147   1    34   0     0.0     0.0     0.0   -    ||X1Sigma+
      29.0   36      59790.542762   1    35   0     0.0     0.0     0.0   -    ||X1Sigma+
      29.0   37      60791.479390   1    36   0     0.0     0.0     0.0   -    ||X1Sigma+
      29.0   38      61737.277560   1    37   0     0.0     0.0     0.0   -    ||X1Sigma+
      29.0   39      62627.625907   1    38   0     0.0     0.0     0.0   -    ||X1Sigma+
      29.0   40      63462.319278   1    39   0     0.0     0.0     0.0   -    ||X1Sigma+
      29.0   41      64241.680974   1    40   0     0.0     0.0     0.0   -    ||X1Sigma+
      29.0   42      64965.777679   1    41   0     0.0     0.0     0.0   -    ||X1Sigma+
      29.0   43      65635.439766   1    42   0     0.0     0.0     0.0   -    ||X1Sigma+
      29.0   44      66251.201977   1    43   0     0.0     0.0     0.0   -    ||X1Sigma+
      29.0   45      66814.044809   1    44   0     0.0     0.0     0.0   -    ||X1Sigma+
      29.0   46      67325.262237   1    45   0     0.0     0.0     0.0   -    ||X1Sigma+
      29.0   47      67786.294180   1    46   0     0.0     0.0     0.0   -    ||X1Sigma+
      29.0   48      68198.872014   1    47   0     0.0     0.0     0.0   -    ||X1Sigma+
      29.0   49      68564.375123   1    48   0     0.0     0.0     0.0   -    ||X1Sigma+
      29.0   50      69230.119326   1    49   0     0.0     0.0     0.0   -    ||X1Sigma+

Zero point energy (ZPE) =    1056.185498244544

j =      30.0

Define the quanta book-keeping
The total number sigma/lambda states (size of the sigma-lambda submatrix) = 1

Sigma-Lambda basis set:
     i     jrot  state   spin    sigma lambda   omega
     1     30.0    1      0.0      0.0    0      0.0   X1Sigma+
...done!

Contracted basis set:
     i     jrot ilevel ivib state v     spin    sigma lambda   omega   Name
     1     30.0    1    1    1    0      0.0      0.0    0      0.0   X1Sigma+
     2     30.0    1    2    1    1      0.0      0.0    0      0.0   X1Sigma+
     3     30.0    1    3    1    2      0.0      0.0    0      0.0   X1Sigma+
     4     30.0    1    4    1    3      0.0      0.0    0      0.0   X1Sigma+
     5     30.0    1    5    1    4      0.0      0.0    0      0.0   X1Sigma+
     6     30.0    1    6    1    5      0.0      0.0    0      0.0   X1Sigma+
     7     30.0    1    7    1    6      0.0      0.0    0      0.0   X1Sigma+
     8     30.0    1    8    1    7      0.0      0.0    0      0.0   X1Sigma+
     9     30.0    1    9    1    8      0.0      0.0    0      0.0   X1Sigma+
    10     30.0    1   10    1    9      0.0      0.0    0      0.0   X1Sigma+
    11     30.0    1   11    1   10      0.0      0.0    0      0.0   X1Sigma+
    12     30.0    1   12    1   11      0.0      0.0    0      0.0   X1Sigma+
    13     30.0    1   13    1   12      0.0      0.0    0      0.0   X1Sigma+
    14     30.0    1   14    1   13      0.0      0.0    0      0.0   X1Sigma+
    15     30.0    1   15    1   14      0.0      0.0    0      0.0   X1Sigma+
    16     30.0    1   16    1   15      0.0      0.0    0      0.0   X1Sigma+
    17     30.0    1   17    1   16      0.0      0.0    0      0.0   X1Sigma+
    18     30.0    1   18    1   17      0.0      0.0    0      0.0   X1Sigma+
    19     30.0    1   19    1   18      0.0      0.0    0      0.0   X1Sigma+
    20     30.0    1   20    1   19      0.0      0.0    0      0.0   X1Sigma+
    21     30.0    1   21    1   20      0.0      0.0    0      0.0   X1Sigma+
    22     30.0    1   22    1   21      0.0      0.0    0      0.0   X1Sigma+
    23     30.0    1   23    1   22      0.0      0.0    0      0.0   X1Sigma+
    24     30.0    1   24    1   23      0.0      0.0    0      0.0   X1Sigma+
    25     30.0    1   25    1   24      0.0      0.0    0      0.0   X1Sigma+
    26     30.0    1   26    1   25      0.0      0.0    0      0.0   X1Sigma+
    27     30.0    1   27    1   26      0.0      0.0    0      0.0   X1Sigma+
    28     30.0    1   28    1   27      0.0      0.0    0      0.0   X1Sigma+
    29     30.0    1   29    1   28      0.0      0.0    0      0.0   X1Sigma+
    30     30.0    1   30    1   29      0.0      0.0    0      0.0   X1Sigma+
    31     30.0    1   31    1   30      0.0      0.0    0      0.0   X1Sigma+
    32     30.0    1   32    1   31      0.0      0.0    0      0.0   X1Sigma+
    33     30.0    1   33    1   32      0.0      0.0    0      0.0   X1Sigma+
    34     30.0    1   34    1   33      0.0      0.0    0      0.0   X1Sigma+
    35     30.0    1   35    1   34      0.0      0.0    0      0.0   X1Sigma+
    36     30.0    1   36    1   35      0.0      0.0    0      0.0   X1Sigma+
    37     30.0    1   37    1   36      0.0      0.0    0      0.0   X1Sigma+
    38     30.0    1   38    1   37      0.0      0.0    0      0.0   X1Sigma+
    39     30.0    1   39    1   38      0.0      0.0    0      0.0   X1Sigma+
    40     30.0    1   40    1   39      0.0      0.0    0      0.0   X1Sigma+
    41     30.0    1   41    1   40      0.0      0.0    0      0.0   X1Sigma+
    42     30.0    1   42    1   41      0.0      0.0    0      0.0   X1Sigma+
    43     30.0    1   43    1   42      0.0      0.0    0      0.0   X1Sigma+
    44     30.0    1   44    1   43      0.0      0.0    0      0.0   X1Sigma+
    45     30.0    1   45    1   44      0.0      0.0    0      0.0   X1Sigma+
    46     30.0    1   46    1   45      0.0      0.0    0      0.0   X1Sigma+
    47     30.0    1   47    1   46      0.0      0.0    0      0.0   X1Sigma+
    48     30.0    1   48    1   47      0.0      0.0    0      0.0   X1Sigma+
    49     30.0    1   49    1   48      0.0      0.0    0      0.0   X1Sigma+
    50     30.0    1   50    1   49      0.0      0.0    0      0.0   X1Sigma+


 Memory Report:
 Active Arrays                                          size (MB)
 GRID                                                       0.009                
 r-field                                                    0.010                
 icontrvib                                                  0.031                
 brot                                                       0.020                
 X1Sigma+                                                   0.020                
 BROT                                                       0.022                
 <X|mu|X>                                                   0.020                
 hmat                                                       0.020                
 eigens                                                     0.612                
 Total memory   =                                           0.770 MB
 Maximal memory =                                           2.504 MB (         8000.000)

 (       26 arrays contributing less than 1% are not shown)


Construct the hamiltonian matrix
...done!

Non-zero matrix elements of the coupled Sigma-Lambda matrix:
Threshold for printing is   2.22E-16 cm^-1
RV == Rotational-vibrational
SO == Spin-Orbit interaction
SS == Spin-Spin interaction
JS == J.S interaction (aka S-uncoupling)
LS == L.J interaction (aka L-uncoupling)
LS == L.S interaction (spin-electronic)
RV=       -138.274;
 


Eigenvalues for J =     30.0

       J      i        Energy/cm  State   v  lambda spin   sigma   omega  parity
      30.0    1       1773.013169   1     0   0     0.0     0.0     0.0   +    ||X1Sigma+
      30.0    2       3865.195714   1     1   0     0.0     0.0     0.0   +    ||X1Sigma+
      30.0    3       5944.087830   1     2   0     0.0     0.0     0.0   +    ||X1Sigma+
      30.0    4       8007.182221   1     3   0     0.0     0.0     0.0   +    ||X1Sigma+
      30.0    5      10049.374888   1     4   0     0.0     0.0     0.0   +    ||X1Sigma+
      30.0    6      12068.524020   1     5   0     0.0     0.0     0.0   +    ||X1Sigma+
      30.0    7      14063.921390   1     6   0     0.0     0.0     0.0   +    ||X1Sigma+
      30.0    8      16034.591902   1     7   0     0.0     0.0     0.0   +    ||X1Sigma+
      30.0    9      17979.933074   1     8   0     0.0     0.0     0.0   +    ||X1Sigma+
      30.0   10      19899.487917   1     9   0     0.0     0.0     0.0   +    ||X1Sigma+
      30.0   11      21793.128255   1    10   0     0.0     0.0     0.0   +    ||X1Sigma+
      30.0   12      23660.603965   1    11   0     0.0     0.0     0.0   +    ||X1Sigma+
      30.0   13      25501.847075   1    12   0     0.0     0.0     0.0   +    ||X1Sigma+
      30.0   14      27316.949349   1    13   0     0.0     0.0     0.0   +    ||X1Sigma+
      30.0   15      29105.944162   1    14   0     0.0     0.0     0.0   +    ||X1Sigma+
      30.0   16      30868.914887   1    15   0     0.0     0.0     0.0   +    ||X1Sigma+
      30.0   17      32605.982930   1    16   0     0.0     0.0     0.0   +    ||X1Sigma+
      30.0   18      34317.205951   1    17   0     0.0     0.0     0.0   +    ||X1Sigma+
      30.0   19      36002.646286   1    18   0     0.0     0.0     0.0   +    ||X1Sigma+
      30.0   20      37662.327425   1    19   0     0.0     0.0     0.0   +    ||X1Sigma+
      30.0   21      39296.199827   1    20   0     0.0     0.0     0.0   +    ||X1Sigma+
      30.0   22      40904.166999   1    21   0     0.0     0.0     0.0   +    ||X1Sigma+
      30.0   23      42485.996914   1    22   0     0.0     0.0     0.0   +    ||X1Sigma+
      30.0   24      44041.254461   1    23   0     0.0     0.0     0.0   +    ||X1Sigma+
      30.0   25      45569.282303   1    24   0     0.0     0.0     0.0   +    ||X1Sigma+
      30.0   26      47069.088112   1    25   0     0.0     0.0     0.0   +    ||X1Sigma+
      30.0   27      48539.161199   1    26   0     0.0     0.0     0.0   +    ||X1Sigma+
      30.0   28      49977.253029   1    27   0     0.0     0.0     0.0   +    ||X1Sigma+
      30.0   29      51380.118148   1    28   0     0.0     0.0     0.0   +    ||X1Sigma+
      30.0   30      52743.201555   1    29   0     0.0     0.0     0.0   +    ||X1Sigma+
      30.0   31      54060.606436   1    30   0     0.0     0.0     0.0   +    ||X1Sigma+
      30.0   32      55326.523233   1    31   0     0.0     0.0     0.0   +    ||X1Sigma+
      30.0   33      56538.716190   1    32   0     0.0     0.0     0.0   +    ||X1Sigma+
      30.0   34      57699.410225   1    33   0     0.0     0.0     0.0   +    ||X1Sigma+
      30.0   35      58808.295728   1    34   0     0.0     0.0     0.0   +    ||X1Sigma+
      30.0   36      59861.719843   1    35   0     0.0     0.0     0.0   +    ||X1Sigma+
      30.0   37      60860.518886   1    36   0     0.0     0.0     0.0   +    ||X1Sigma+
      30.0   38      61804.067303   1    37   0     0.0     0.0     0.0   +    ||X1Sigma+
      30.0   39      62692.136973   1    38   0     0.0     0.0     0.0   +    ||X1Sigma+
      30.0   40      63524.455199   1    39   0     0.0     0.0     0.0   +    ||X1Sigma+
      30.0   41      64301.408063   1    40   0     0.0     0.0     0.0   +    ||X1Sigma+
      30.0   42      65023.026202   1    41   0     0.0     0.0     0.0   +    ||X1Sigma+
      30.0   43      65690.146391   1    42   0     0.0     0.0     0.0   +    ||X1Sigma+
      30.0   44      66303.321445   1    43   0     0.0     0.0     0.0   +    ||X1Sigma+
      30.0   45      66863.504415   1    44   0     0.0     0.0     0.0   +    ||X1Sigma+
      30.0   46      67371.980570   1    45   0     0.0     0.0     0.0   +    ||X1Sigma+
      30.0   47      67830.164955   1    46   0     0.0     0.0     0.0   +    ||X1Sigma+
      30.0   48      68239.686096   1    47   0     0.0     0.0     0.0   +    ||X1Sigma+
      30.0   49      68601.485908   1    48   0     0.0     0.0     0.0   +    ||X1Sigma+
      30.0   50      69320.746941   1    49   0     0.0     0.0     0.0   +    ||X1Sigma+

Zero point energy (ZPE) =    1056.185498244544

j =      31.0

Define the quanta book-keeping
The total number sigma/lambda states (size of the sigma-lambda submatrix) = 1

Sigma-Lambda basis set:
     i     jrot  state   spin    sigma lambda   omega
     1     31.0    1      0.0      0.0    0      0.0   X1Sigma+
...done!

Contracted basis set:
     i     jrot ilevel ivib state v     spin    sigma lambda   omega   Name
     1     31.0    1    1    1    0      0.0      0.0    0      0.0   X1Sigma+
     2     31.0    1    2    1    1      0.0      0.0    0      0.0   X1Sigma+
     3     31.0    1    3    1    2      0.0      0.0    0      0.0   X1Sigma+
     4     31.0    1    4    1    3      0.0      0.0    0      0.0   X1Sigma+
     5     31.0    1    5    1    4      0.0      0.0    0      0.0   X1Sigma+
     6     31.0    1    6    1    5      0.0      0.0    0      0.0   X1Sigma+
     7     31.0    1    7    1    6      0.0      0.0    0      0.0   X1Sigma+
     8     31.0    1    8    1    7      0.0      0.0    0      0.0   X1Sigma+
     9     31.0    1    9    1    8      0.0      0.0    0      0.0   X1Sigma+
    10     31.0    1   10    1    9      0.0      0.0    0      0.0   X1Sigma+
    11     31.0    1   11    1   10      0.0      0.0    0      0.0   X1Sigma+
    12     31.0    1   12    1   11      0.0      0.0    0      0.0   X1Sigma+
    13     31.0    1   13    1   12      0.0      0.0    0      0.0   X1Sigma+
    14     31.0    1   14    1   13      0.0      0.0    0      0.0   X1Sigma+
    15     31.0    1   15    1   14      0.0      0.0    0      0.0   X1Sigma+
    16     31.0    1   16    1   15      0.0      0.0    0      0.0   X1Sigma+
    17     31.0    1   17    1   16      0.0      0.0    0      0.0   X1Sigma+
    18     31.0    1   18    1   17      0.0      0.0    0      0.0   X1Sigma+
    19     31.0    1   19    1   18      0.0      0.0    0      0.0   X1Sigma+
    20     31.0    1   20    1   19      0.0      0.0    0      0.0   X1Sigma+
    21     31.0    1   21    1   20      0.0      0.0    0      0.0   X1Sigma+
    22     31.0    1   22    1   21      0.0      0.0    0      0.0   X1Sigma+
    23     31.0    1   23    1   22      0.0      0.0    0      0.0   X1Sigma+
    24     31.0    1   24    1   23      0.0      0.0    0      0.0   X1Sigma+
    25     31.0    1   25    1   24      0.0      0.0    0      0.0   X1Sigma+
    26     31.0    1   26    1   25      0.0      0.0    0      0.0   X1Sigma+
    27     31.0    1   27    1   26      0.0      0.0    0      0.0   X1Sigma+
    28     31.0    1   28    1   27      0.0      0.0    0      0.0   X1Sigma+
    29     31.0    1   29    1   28      0.0      0.0    0      0.0   X1Sigma+
    30     31.0    1   30    1   29      0.0      0.0    0      0.0   X1Sigma+
    31     31.0    1   31    1   30      0.0      0.0    0      0.0   X1Sigma+
    32     31.0    1   32    1   31      0.0      0.0    0      0.0   X1Sigma+
    33     31.0    1   33    1   32      0.0      0.0    0      0.0   X1Sigma+
    34     31.0    1   34    1   33      0.0      0.0    0      0.0   X1Sigma+
    35     31.0    1   35    1   34      0.0      0.0    0      0.0   X1Sigma+
    36     31.0    1   36    1   35      0.0      0.0    0      0.0   X1Sigma+
    37     31.0    1   37    1   36      0.0      0.0    0      0.0   X1Sigma+
    38     31.0    1   38    1   37      0.0      0.0    0      0.0   X1Sigma+
    39     31.0    1   39    1   38      0.0      0.0    0      0.0   X1Sigma+
    40     31.0    1   40    1   39      0.0      0.0    0      0.0   X1Sigma+
    41     31.0    1   41    1   40      0.0      0.0    0      0.0   X1Sigma+
    42     31.0    1   42    1   41      0.0      0.0    0      0.0   X1Sigma+
    43     31.0    1   43    1   42      0.0      0.0    0      0.0   X1Sigma+
    44     31.0    1   44    1   43      0.0      0.0    0      0.0   X1Sigma+
    45     31.0    1   45    1   44      0.0      0.0    0      0.0   X1Sigma+
    46     31.0    1   46    1   45      0.0      0.0    0      0.0   X1Sigma+
    47     31.0    1   47    1   46      0.0      0.0    0      0.0   X1Sigma+
    48     31.0    1   48    1   47      0.0      0.0    0      0.0   X1Sigma+
    49     31.0    1   49    1   48      0.0      0.0    0      0.0   X1Sigma+
    50     31.0    1   50    1   49      0.0      0.0    0      0.0   X1Sigma+


 Memory Report:
 Active Arrays                                          size (MB)
 GRID                                                       0.009                
 r-field                                                    0.010                
 icontrvib                                                  0.031                
 brot                                                       0.020                
 X1Sigma+                                                   0.020                
 BROT                                                       0.022                
 <X|mu|X>                                                   0.020                
 hmat                                                       0.020                
 eigens                                                     0.632                
 Total memory   =                                           0.790 MB
 Maximal memory =                                           2.504 MB (         8000.000)

 (       26 arrays contributing less than 1% are not shown)


Construct the hamiltonian matrix
...done!

Non-zero matrix elements of the coupled Sigma-Lambda matrix:
Threshold for printing is   2.22E-16 cm^-1
RV == Rotational-vibrational
SO == Spin-Orbit interaction
SS == Spin-Spin interaction
JS == J.S interaction (aka S-uncoupling)
LS == L.J interaction (aka L-uncoupling)
LS == L.S interaction (spin-electronic)
RV=       -147.492;
 


Eigenvalues for J =     31.0

       J      i        Energy/cm  State   v  lambda spin   sigma   omega  parity
      31.0    1       1890.831364   1     0   0     0.0     0.0     0.0   -    ||X1Sigma+
      31.0    2       3982.056384   1     1   0     0.0     0.0     0.0   -    ||X1Sigma+
      31.0    3       6059.826214   1     2   0     0.0     0.0     0.0   -    ||X1Sigma+
      31.0    4       8121.758090   1     3   0     0.0     0.0     0.0   -    ||X1Sigma+
      31.0    5      10162.803823   1     4   0     0.0     0.0     0.0   -    ||X1Sigma+
      31.0    6      12180.818524   1     5   0     0.0     0.0     0.0   -    ||X1Sigma+
      31.0    7      14175.085791   1     6   0     0.0     0.0     0.0   -    ||X1Sigma+
      31.0    8      16144.641542   1     7   0     0.0     0.0     0.0   -    ||X1Sigma+
      31.0    9      18088.880409   1     8   0     0.0     0.0     0.0   -    ||X1Sigma+
      31.0   10      20007.343587   1     9   0     0.0     0.0     0.0   -    ||X1Sigma+
      31.0   11      21899.905589   1    10   0     0.0     0.0     0.0   -    ||X1Sigma+
      31.0   12      23766.313256   1    11   0     0.0     0.0     0.0   -    ||X1Sigma+
      31.0   13      25606.497369   1    12   0     0.0     0.0     0.0   -    ||X1Sigma+
      31.0   14      27420.546757   1    13   0     0.0     0.0     0.0   -    ||X1Sigma+
      31.0   15      29208.493755   1    14   0     0.0     0.0     0.0   -    ||X1Sigma+
      31.0   16      30970.421802   1    15   0     0.0     0.0     0.0   -    ||X1Sigma+
      31.0   17      32706.449525   1    16   0     0.0     0.0     0.0   -    ||X1Sigma+
      31.0   18      34416.634123   1    17   0     0.0     0.0     0.0   -    ||X1Sigma+
      31.0   19      36101.037640   1    18   0     0.0     0.0     0.0   -    ||X1Sigma+
      31.0   20      37759.680775   1    19   0     0.0     0.0     0.0   -    ||X1Sigma+
      31.0   21      39392.511251   1    20   0     0.0     0.0     0.0   -    ||X1Sigma+
      31.0   22      40999.429757   1    21   0     0.0     0.0     0.0   -    ||X1Sigma+
      31.0   23      42580.199589   1    22   0     0.0     0.0     0.0   -    ||X1Sigma+
      31.0   24      44134.379395   1    23   0     0.0     0.0     0.0   -    ||X1Sigma+
      31.0   25      45661.303234   1    24   0     0.0     0.0     0.0   -    ||X1Sigma+
      31.0   26      47159.966392   1    25   0     0.0     0.0     0.0   -    ||X1Sigma+
      31.0   27      48628.839430   1    26   0     0.0     0.0     0.0   -    ||X1Sigma+
      31.0   28      50065.647025   1    27   0     0.0     0.0     0.0   -    ||X1Sigma+
      31.0   29      51467.107549   1    28   0     0.0     0.0     0.0   -    ||X1Sigma+
      31.0   30      52828.618663   1    29   0     0.0     0.0     0.0   -    ||X1Sigma+
      31.0   31      54144.245981   1    30   0     0.0     0.0     0.0   -    ||X1Sigma+
      31.0   32      55408.215313   1    31   0     0.0     0.0     0.0   -    ||X1Sigma+
      31.0   33      56618.432890   1    32   0     0.0     0.0     0.0   -    ||X1Sigma+
      31.0   34      57777.175006   1    33   0     0.0     0.0     0.0   -    ||X1Sigma+
      31.0   35      58883.960580   1    34   0     0.0     0.0     0.0   -    ||X1Sigma+
      31.0   36      59935.181761   1    35   0     0.0     0.0     0.0   -    ||X1Sigma+
      31.0   37      60931.767584   1    36   0     0.0     0.0     0.0   -    ||X1Sigma+
      31.0   38      61872.987447   1    37   0     0.0     0.0     0.0   -    ||X1Sigma+
      31.0   39      62758.697635   1    38   0     0.0     0.0     0.0   -    ||X1Sigma+
      31.0   40      63588.557756   1    39   0     0.0     0.0     0.0   -    ||X1Sigma+
      31.0   41      64363.015261   1    40   0     0.0     0.0     0.0   -    ||X1Sigma+
      31.0   42      65082.068217   1    41   0     0.0     0.0     0.0   -    ||X1Sigma+
      31.0   43      65746.554966   1    42   0     0.0     0.0     0.0   -    ||X1Sigma+
      31.0   44      66357.049463   1    43   0     0.0     0.0     0.0   -    ||X1Sigma+
      31.0   45      66914.476526   1    44   0     0.0     0.0     0.0   -    ||X1Sigma+
      31.0   46      67420.109356   1    45   0     0.0     0.0     0.0   -    ||X1Sigma+
      31.0   47      67875.337433   1    46   0     0.0     0.0     0.0   -    ||X1Sigma+
      31.0   48      68281.693361   1    47   0     0.0     0.0     0.0   -    ||X1Sigma+
      31.0   49      68639.852429   1    48   0     0.0     0.0     0.0   -    ||X1Sigma+
      31.0   50      69417.792845   1    49   0     0.0     0.0     0.0   -    ||X1Sigma+

Zero point energy (ZPE) =    1056.185498244544

j =      32.0

Define the quanta book-keeping
The total number sigma/lambda states (size of the sigma-lambda submatrix) = 1

Sigma-Lambda basis set:
     i     jrot  state   spin    sigma lambda   omega
     1     32.0    1      0.0      0.0    0      0.0   X1Sigma+
...done!

Contracted basis set:
     i     jrot ilevel ivib state v     spin    sigma lambda   omega   Name
     1     32.0    1    1    1    0      0.0      0.0    0      0.0   X1Sigma+
     2     32.0    1    2    1    1      0.0      0.0    0      0.0   X1Sigma+
     3     32.0    1    3    1    2      0.0      0.0    0      0.0   X1Sigma+
     4     32.0    1    4    1    3      0.0      0.0    0      0.0   X1Sigma+
     5     32.0    1    5    1    4      0.0      0.0    0      0.0   X1Sigma+
     6     32.0    1    6    1    5      0.0      0.0    0      0.0   X1Sigma+
     7     32.0    1    7    1    6      0.0      0.0    0      0.0   X1Sigma+
     8     32.0    1    8    1    7      0.0      0.0    0      0.0   X1Sigma+
     9     32.0    1    9    1    8      0.0      0.0    0      0.0   X1Sigma+
    10     32.0    1   10    1    9      0.0      0.0    0      0.0   X1Sigma+
    11     32.0    1   11    1   10      0.0      0.0    0      0.0   X1Sigma+
    12     32.0    1   12    1   11      0.0      0.0    0      0.0   X1Sigma+
    13     32.0    1   13    1   12      0.0      0.0    0      0.0   X1Sigma+
    14     32.0    1   14    1   13      0.0      0.0    0      0.0   X1Sigma+
    15     32.0    1   15    1   14      0.0      0.0    0      0.0   X1Sigma+
    16     32.0    1   16    1   15      0.0      0.0    0      0.0   X1Sigma+
    17     32.0    1   17    1   16      0.0      0.0    0      0.0   X1Sigma+
    18     32.0    1   18    1   17      0.0      0.0    0      0.0   X1Sigma+
    19     32.0    1   19    1   18      0.0      0.0    0      0.0   X1Sigma+
    20     32.0    1   20    1   19      0.0      0.0    0      0.0   X1Sigma+
    21     32.0    1   21    1   20      0.0      0.0    0      0.0   X1Sigma+
    22     32.0    1   22    1   21      0.0      0.0    0      0.0   X1Sigma+
    23     32.0    1   23    1   22      0.0      0.0    0      0.0   X1Sigma+
    24     32.0    1   24    1   23      0.0      0.0    0      0.0   X1Sigma+
    25     32.0    1   25    1   24      0.0      0.0    0      0.0   X1Sigma+
    26     32.0    1   26    1   25      0.0      0.0    0      0.0   X1Sigma+
    27     32.0    1   27    1   26      0.0      0.0    0      0.0   X1Sigma+
    28     32.0    1   28    1   27      0.0      0.0    0      0.0   X1Sigma+
    29     32.0    1   29    1   28      0.0      0.0    0      0.0   X1Sigma+
    30     32.0    1   30    1   29      0.0      0.0    0      0.0   X1Sigma+
    31     32.0    1   31    1   30      0.0      0.0    0      0.0   X1Sigma+
    32     32.0    1   32    1   31      0.0      0.0    0      0.0   X1Sigma+
    33     32.0    1   33    1   32      0.0      0.0    0      0.0   X1Sigma+
    34     32.0    1   34    1   33      0.0      0.0    0      0.0   X1Sigma+
    35     32.0    1   35    1   34      0.0      0.0    0      0.0   X1Sigma+
    36     32.0    1   36    1   35      0.0      0.0    0      0.0   X1Sigma+
    37     32.0    1   37    1   36      0.0      0.0    0      0.0   X1Sigma+
    38     32.0    1   38    1   37      0.0      0.0    0      0.0   X1Sigma+
    39     32.0    1   39    1   38      0.0      0.0    0      0.0   X1Sigma+
    40     32.0    1   40    1   39      0.0      0.0    0      0.0   X1Sigma+
    41     32.0    1   41    1   40      0.0      0.0    0      0.0   X1Sigma+
    42     32.0    1   42    1   41      0.0      0.0    0      0.0   X1Sigma+
    43     32.0    1   43    1   42      0.0      0.0    0      0.0   X1Sigma+
    44     32.0    1   44    1   43      0.0      0.0    0      0.0   X1Sigma+
    45     32.0    1   45    1   44      0.0      0.0    0      0.0   X1Sigma+
    46     32.0    1   46    1   45      0.0      0.0    0      0.0   X1Sigma+
    47     32.0    1   47    1   46      0.0      0.0    0      0.0   X1Sigma+
    48     32.0    1   48    1   47      0.0      0.0    0      0.0   X1Sigma+
    49     32.0    1   49    1   48      0.0      0.0    0      0.0   X1Sigma+
    50     32.0    1   50    1   49      0.0      0.0    0      0.0   X1Sigma+


 Memory Report:
 Active Arrays                                          size (MB)
 GRID                                                       0.009                
 r-field                                                    0.010                
 icontrvib                                                  0.031                
 brot                                                       0.020                
 X1Sigma+                                                   0.020                
 BROT                                                       0.022                
 <X|mu|X>                                                   0.020                
 hmat                                                       0.020                
 eigens                                                     0.653                
 Total memory   =                                           0.810 MB
 Maximal memory =                                           2.504 MB (         8000.000)

 (       26 arrays contributing less than 1% are not shown)


Construct the hamiltonian matrix
...done!

Non-zero matrix elements of the coupled Sigma-Lambda matrix:
Threshold for printing is   2.22E-16 cm^-1
RV == Rotational-vibrational
SO == Spin-Orbit interaction
SS == Spin-Spin interaction
JS == J.S interaction (aka S-uncoupling)
LS == L.J interaction (aka L-uncoupling)
LS == L.S interaction (spin-electronic)
RV=       -157.008;
 


Eigenvalues for J =     32.0

       J      i        Energy/cm  State   v  lambda spin   sigma   omega  parity
      32.0    1       2012.400054   1     0   0     0.0     0.0     0.0   +    ||X1Sigma+
      32.0    2       4102.637767   1     1   0     0.0     0.0     0.0   +    ||X1Sigma+
      32.0    3       6179.250253   1     2   0     0.0     0.0     0.0   +    ||X1Sigma+
      32.0    4       8239.982375   1     3   0     0.0     0.0     0.0   +    ||X1Sigma+
      32.0    5      10279.844286   1     4   0     0.0     0.0     0.0   +    ||X1Sigma+
      32.0    6      12296.688148   1     5   0     0.0     0.0     0.0   +    ||X1Sigma+
      32.0    7      14289.788808   1     6   0     0.0     0.0     0.0   +    ||X1Sigma+
      32.0    8      16258.193693   1     7   0     0.0     0.0     0.0   +    ||X1Sigma+
      32.0    9      18201.294484   1     8   0     0.0     0.0     0.0   +    ||X1Sigma+
      32.0   10      20118.630586   1     9   0     0.0     0.0     0.0   +    ||X1Sigma+
      32.0   11      22010.079125   1    10   0     0.0     0.0     0.0   +    ||X1Sigma+
      32.0   12      23875.383982   1    11   0     0.0     0.0     0.0   +    ||X1Sigma+
      32.0   13      25714.474687   1    12   0     0.0     0.0     0.0   +    ||X1Sigma+
      32.0   14      27527.436935   1    13   0     0.0     0.0     0.0   +    ||X1Sigma+
      32.0   15      29314.302032   1    14   0     0.0     0.0     0.0   +    ||X1Sigma+
      32.0   16      31075.153502   1    15   0     0.0     0.0     0.0   +    ||X1Sigma+
      32.0   17      32810.107045   1    16   0     0.0     0.0     0.0   +    ||X1Sigma+
      32.0   18      34519.219405   1    17   0     0.0     0.0     0.0   +    ||X1Sigma+
      32.0   19      36202.552307   1    18   0     0.0     0.0     0.0   +    ||X1Sigma+
      32.0   20      37860.123567   1    19   0     0.0     0.0     0.0   +    ||X1Sigma+
      32.0   21      39491.878103   1    20   0     0.0     0.0     0.0   +    ||X1Sigma+
      32.0   22      41097.713614   1    21   0     0.0     0.0     0.0   +    ||X1Sigma+
      32.0   23      42677.388509   1    22   0     0.0     0.0     0.0   +    ||X1Sigma+
      32.0   24      44230.454986   1    23   0     0.0     0.0     0.0   +    ||X1Sigma+
      32.0   25      45756.238126   1    24   0     0.0     0.0     0.0   +    ||X1Sigma+
      32.0   26      47253.720256   1    25   0     0.0     0.0     0.0   +    ||X1Sigma+
      32.0   27      48721.352373   1    26   0     0.0     0.0     0.0   +    ||X1Sigma+
      32.0   28      50156.831225   1    27   0     0.0     0.0     0.0   +    ||X1Sigma+
      32.0   29      51556.837454   1    28   0     0.0     0.0     0.0   +    ||X1Sigma+
      32.0   30      52916.719567   1    29   0     0.0     0.0     0.0   +    ||X1Sigma+
      32.0   31      54230.505282   1    30   0     0.0     0.0     0.0   +    ||X1Sigma+
      32.0   32      55492.460187   1    31   0     0.0     0.0     0.0   +    ||X1Sigma+
      32.0   33      56700.638902   1    32   0     0.0     0.0     0.0   +    ||X1Sigma+
      32.0   34      57857.363423   1    33   0     0.0     0.0     0.0   +    ||X1Sigma+
      32.0   35      58961.973989   1    34   0     0.0     0.0     0.0   +    ||X1Sigma+
      32.0   36      60010.919785   1    35   0     0.0     0.0     0.0   +    ||X1Sigma+
      32.0   37      61005.216102   1    36   0     0.0     0.0     0.0   +    ||X1Sigma+
      32.0   38      61944.028406   1    37   0     0.0     0.0     0.0   +    ||X1Sigma+
      32.0   39      62827.297613   1    38   0     0.0     0.0     0.0   +    ||X1Sigma+
      32.0   40      63654.616470   1    39   0     0.0     0.0     0.0   +    ||X1Sigma+
      32.0   41      64426.491385   1    40   0     0.0     0.0     0.0   +    ||X1Sigma+
      32.0   42      65142.892239   1    41   0     0.0     0.0     0.0   +    ||X1Sigma+
      32.0   43      65804.653779   1    42   0     0.0     0.0     0.0   +    ||X1Sigma+
      32.0   44      66412.374198   1    43   0     0.0     0.0     0.0   +    ||X1Sigma+
      32.0   45      66966.950234   1    44   0     0.0     0.0     0.0   +    ||X1Sigma+
      32.0   46      67469.640408   1    45   0     0.0     0.0     0.0   +    ||X1Sigma+
      32.0   47      67921.810169   1    46   0     0.0     0.0     0.0   +    ||X1Sigma+
      32.0   48      68324.911571   1    47   0     0.0     0.0     0.0   +    ||X1Sigma+
      32.0   49      68679.637711   1    48   0     0.0     0.0     0.0   +    ||X1Sigma+
      32.0   50      69521.374289   1    49   0     0.0     0.0     0.0   +    ||X1Sigma+

Zero point energy (ZPE) =    1056.185498244544

j =      33.0

Define the quanta book-keeping
The total number sigma/lambda states (size of the sigma-lambda submatrix) = 1

Sigma-Lambda basis set:
     i     jrot  state   spin    sigma lambda   omega
     1     33.0    1      0.0      0.0    0      0.0   X1Sigma+
...done!

Contracted basis set:
     i     jrot ilevel ivib state v     spin    sigma lambda   omega   Name
     1     33.0    1    1    1    0      0.0      0.0    0      0.0   X1Sigma+
     2     33.0    1    2    1    1      0.0      0.0    0      0.0   X1Sigma+
     3     33.0    1    3    1    2      0.0      0.0    0      0.0   X1Sigma+
     4     33.0    1    4    1    3      0.0      0.0    0      0.0   X1Sigma+
     5     33.0    1    5    1    4      0.0      0.0    0      0.0   X1Sigma+
     6     33.0    1    6    1    5      0.0      0.0    0      0.0   X1Sigma+
     7     33.0    1    7    1    6      0.0      0.0    0      0.0   X1Sigma+
     8     33.0    1    8    1    7      0.0      0.0    0      0.0   X1Sigma+
     9     33.0    1    9    1    8      0.0      0.0    0      0.0   X1Sigma+
    10     33.0    1   10    1    9      0.0      0.0    0      0.0   X1Sigma+
    11     33.0    1   11    1   10      0.0      0.0    0      0.0   X1Sigma+
    12     33.0    1   12    1   11      0.0      0.0    0      0.0   X1Sigma+
    13     33.0    1   13    1   12      0.0      0.0    0      0.0   X1Sigma+
    14     33.0    1   14    1   13      0.0      0.0    0      0.0   X1Sigma+
    15     33.0    1   15    1   14      0.0      0.0    0      0.0   X1Sigma+
    16     33.0    1   16    1   15      0.0      0.0    0      0.0   X1Sigma+
    17     33.0    1   17    1   16      0.0      0.0    0      0.0   X1Sigma+
    18     33.0    1   18    1   17      0.0      0.0    0      0.0   X1Sigma+
    19     33.0    1   19    1   18      0.0      0.0    0      0.0   X1Sigma+
    20     33.0    1   20    1   19      0.0      0.0    0      0.0   X1Sigma+
    21     33.0    1   21    1   20      0.0      0.0    0      0.0   X1Sigma+
    22     33.0    1   22    1   21      0.0      0.0    0      0.0   X1Sigma+
    23     33.0    1   23    1   22      0.0      0.0    0      0.0   X1Sigma+
    24     33.0    1   24    1   23      0.0      0.0    0      0.0   X1Sigma+
    25     33.0    1   25    1   24      0.0      0.0    0      0.0   X1Sigma+
    26     33.0    1   26    1   25      0.0      0.0    0      0.0   X1Sigma+
    27     33.0    1   27    1   26      0.0      0.0    0      0.0   X1Sigma+
    28     33.0    1   28    1   27      0.0      0.0    0      0.0   X1Sigma+
    29     33.0    1   29    1   28      0.0      0.0    0      0.0   X1Sigma+
    30     33.0    1   30    1   29      0.0      0.0    0      0.0   X1Sigma+
    31     33.0    1   31    1   30      0.0      0.0    0      0.0   X1Sigma+
    32     33.0    1   32    1   31      0.0      0.0    0      0.0   X1Sigma+
    33     33.0    1   33    1   32      0.0      0.0    0      0.0   X1Sigma+
    34     33.0    1   34    1   33      0.0      0.0    0      0.0   X1Sigma+
    35     33.0    1   35    1   34      0.0      0.0    0      0.0   X1Sigma+
    36     33.0    1   36    1   35      0.0      0.0    0      0.0   X1Sigma+
    37     33.0    1   37    1   36      0.0      0.0    0      0.0   X1Sigma+
    38     33.0    1   38    1   37      0.0      0.0    0      0.0   X1Sigma+
    39     33.0    1   39    1   38      0.0      0.0    0      0.0   X1Sigma+
    40     33.0    1   40    1   39      0.0      0.0    0      0.0   X1Sigma+
    41     33.0    1   41    1   40      0.0      0.0    0      0.0   X1Sigma+
    42     33.0    1   42    1   41      0.0      0.0    0      0.0   X1Sigma+
    43     33.0    1   43    1   42      0.0      0.0    0      0.0   X1Sigma+
    44     33.0    1   44    1   43      0.0      0.0    0      0.0   X1Sigma+
    45     33.0    1   45    1   44      0.0      0.0    0      0.0   X1Sigma+
    46     33.0    1   46    1   45      0.0      0.0    0      0.0   X1Sigma+
    47     33.0    1   47    1   46      0.0      0.0    0      0.0   X1Sigma+
    48     33.0    1   48    1   47      0.0      0.0    0      0.0   X1Sigma+
    49     33.0    1   49    1   48      0.0      0.0    0      0.0   X1Sigma+
    50     33.0    1   50    1   49      0.0      0.0    0      0.0   X1Sigma+


 Memory Report:
 Active Arrays                                          size (MB)
 GRID                                                       0.009                
 r-field                                                    0.010                
 icontrvib                                                  0.031                
 brot                                                       0.020                
 X1Sigma+                                                   0.020                
 BROT                                                       0.022                
 <X|mu|X>                                                   0.020                
 hmat                                                       0.020                
 eigens                                                     0.673                
 Total memory   =                                           0.831 MB
 Maximal memory =                                           2.504 MB (         8000.000)

 (       26 arrays contributing less than 1% are not shown)


Construct the hamiltonian matrix
...done!

Non-zero matrix elements of the coupled Sigma-Lambda matrix:
Threshold for printing is   2.22E-16 cm^-1
RV == Rotational-vibrational
SO == Spin-Orbit interaction
SS == Spin-Spin interaction
JS == J.S interaction (aka S-uncoupling)
LS == L.J interaction (aka L-uncoupling)
LS == L.S interaction (spin-electronic)
RV=       -166.821;
 


Eigenvalues for J =     33.0

       J      i        Energy/cm  State   v  lambda spin   sigma   omega  parity
      33.0    1       2137.714483   1     0   0     0.0     0.0     0.0   -    ||X1Sigma+
      33.0    2       4226.935195   1     1   0     0.0     0.0     0.0   -    ||X1Sigma+
      33.0    3       6302.355391   1     2   0     0.0     0.0     0.0   -    ||X1Sigma+
      33.0    4       8361.850548   1     3   0     0.0     0.0     0.0   -    ||X1Sigma+
      33.0    5      10400.491761   1     4   0     0.0     0.0     0.0   -    ||X1Sigma+
      33.0    6      12416.128390   1     5   0     0.0     0.0     0.0   -    ||X1Sigma+
      33.0    7      14408.025943   1     6   0     0.0     0.0     0.0   -    ||X1Sigma+
      33.0    8      16375.243845   1     7   0     0.0     0.0     0.0   -    ||X1Sigma+
      33.0    9      18317.170768   1     8   0     0.0     0.0     0.0   -    ||X1Sigma+
      33.0   10      20233.344369   1     9   0     0.0     0.0     0.0   -    ||X1Sigma+
      33.0   11      22123.644286   1    10   0     0.0     0.0     0.0   -    ||X1Sigma+
      33.0   12      23987.811539   1    11   0     0.0     0.0     0.0   -    ||X1Sigma+
      33.0   13      25825.774398   1    12   0     0.0     0.0     0.0   -    ||X1Sigma+
      33.0   14      27637.615224   1    13   0     0.0     0.0     0.0   -    ||X1Sigma+
      33.0   15      29423.364309   1    14   0     0.0     0.0     0.0   -    ||X1Sigma+
      33.0   16      31183.105277   1    15   0     0.0     0.0     0.0   -    ||X1Sigma+
      33.0   17      32916.950750   1    16   0     0.0     0.0     0.0   -    ||X1Sigma+
      33.0   18      34624.957027   1    17   0     0.0     0.0     0.0   -    ||X1Sigma+
      33.0   19      36307.185485   1    18   0     0.0     0.0     0.0   -    ||X1Sigma+
      33.0   20      37963.650960   1    19   0     0.0     0.0     0.0   -    ||X1Sigma+
      33.0   21      39594.295502   1    20   0     0.0     0.0     0.0   -    ||X1Sigma+
      33.0   22      41199.013638   1    21   0     0.0     0.0     0.0   -    ||X1Sigma+
      33.0   23      42777.558673   1    22   0     0.0     0.0     0.0   -    ||X1Sigma+
      33.0   24      44329.476148   1    23   0     0.0     0.0     0.0   -    ||X1Sigma+
      33.0   25      45854.081777   1    24   0     0.0     0.0     0.0   -    ||X1Sigma+
      33.0   26      47350.344337   1    25   0     0.0     0.0     0.0   -    ||X1Sigma+
      33.0   27      48816.694430   1    26   0     0.0     0.0     0.0   -    ||X1Sigma+
      33.0   28      50250.799701   1    27   0     0.0     0.0     0.0   -    ||X1Sigma+
      33.0   29      51649.301460   1    28   0     0.0     0.0     0.0   -    ||X1Sigma+
      33.0   30      53007.497232   1    29   0     0.0     0.0     0.0   -    ||X1Sigma+
      33.0   31      54319.376673   1    30   0     0.0     0.0     0.0   -    ||X1Sigma+
      33.0   32      55579.249920   1    31   0     0.0     0.0     0.0   -    ||X1Sigma+
      33.0   33      56785.326364   1    32   0     0.0     0.0     0.0   -    ||X1Sigma+
      33.0   34      57939.967113   1    33   0     0.0     0.0     0.0   -    ||X1Sigma+
      33.0   35      59042.326935   1    34   0     0.0     0.0     0.0   -    ||X1Sigma+
      33.0   36      60088.924884   1    35   0     0.0     0.0     0.0   -    ||X1Sigma+
      33.0   37      61080.854708   1    36   0     0.0     0.0     0.0   -    ||X1Sigma+
      33.0   38      62017.180251   1    37   0     0.0     0.0     0.0   -    ||X1Sigma+
      33.0   39      62897.926239   1    38   0     0.0     0.0     0.0   -    ||X1Sigma+
      33.0   40      63722.620473   1    39   0     0.0     0.0     0.0   -    ||X1Sigma+
      33.0   41      64491.824828   1    40   0     0.0     0.0     0.0   -    ||X1Sigma+
      33.0   42      65205.486304   1    41   0     0.0     0.0     0.0   -    ||X1Sigma+
      33.0   43      65864.430650   1    42   0     0.0     0.0     0.0   -    ||X1Sigma+
      33.0   44      66469.283304   1    43   0     0.0     0.0     0.0   -    ||X1Sigma+
      33.0   45      67020.914106   1    44   0     0.0     0.0     0.0   -    ||X1Sigma+
      33.0   46      67520.565137   1    45   0     0.0     0.0     0.0   -    ||X1Sigma+
      33.0   47      67969.581507   1    46   0     0.0     0.0     0.0   -    ||X1Sigma+
      33.0   48      68369.357651   1    47   0     0.0     0.0     0.0   -    ||X1Sigma+
      33.0   49      68721.035694   1    48   0     0.0     0.0     0.0   -    ||X1Sigma+
      33.0   50      69631.589322   1    49   0     0.0     0.0     0.0   -    ||X1Sigma+

Zero point energy (ZPE) =    1056.185498244544

j =      34.0

Define the quanta book-keeping
The total number sigma/lambda states (size of the sigma-lambda submatrix) = 1

Sigma-Lambda basis set:
     i     jrot  state   spin    sigma lambda   omega
     1     34.0    1      0.0      0.0    0      0.0   X1Sigma+
...done!

Contracted basis set:
     i     jrot ilevel ivib state v     spin    sigma lambda   omega   Name
     1     34.0    1    1    1    0      0.0      0.0    0      0.0   X1Sigma+
     2     34.0    1    2    1    1      0.0      0.0    0      0.0   X1Sigma+
     3     34.0    1    3    1    2      0.0      0.0    0      0.0   X1Sigma+
     4     34.0    1    4    1    3      0.0      0.0    0      0.0   X1Sigma+
     5     34.0    1    5    1    4      0.0      0.0    0      0.0   X1Sigma+
     6     34.0    1    6    1    5      0.0      0.0    0      0.0   X1Sigma+
     7     34.0    1    7    1    6      0.0      0.0    0      0.0   X1Sigma+
     8     34.0    1    8    1    7      0.0      0.0    0      0.0   X1Sigma+
     9     34.0    1    9    1    8      0.0      0.0    0      0.0   X1Sigma+
    10     34.0    1   10    1    9      0.0      0.0    0      0.0   X1Sigma+
    11     34.0    1   11    1   10      0.0      0.0    0      0.0   X1Sigma+
    12     34.0    1   12    1   11      0.0      0.0    0      0.0   X1Sigma+
    13     34.0    1   13    1   12      0.0      0.0    0      0.0   X1Sigma+
    14     34.0    1   14    1   13      0.0      0.0    0      0.0   X1Sigma+
    15     34.0    1   15    1   14      0.0      0.0    0      0.0   X1Sigma+
    16     34.0    1   16    1   15      0.0      0.0    0      0.0   X1Sigma+
    17     34.0    1   17    1   16      0.0      0.0    0      0.0   X1Sigma+
    18     34.0    1   18    1   17      0.0      0.0    0      0.0   X1Sigma+
    19     34.0    1   19    1   18      0.0      0.0    0      0.0   X1Sigma+
    20     34.0    1   20    1   19      0.0      0.0    0      0.0   X1Sigma+
    21     34.0    1   21    1   20      0.0      0.0    0      0.0   X1Sigma+
    22     34.0    1   22    1   21      0.0      0.0    0      0.0   X1Sigma+
    23     34.0    1   23    1   22      0.0      0.0    0      0.0   X1Sigma+
    24     34.0    1   24    1   23      0.0      0.0    0      0.0   X1Sigma+
    25     34.0    1   25    1   24      0.0      0.0    0      0.0   X1Sigma+
    26     34.0    1   26    1   25      0.0      0.0    0      0.0   X1Sigma+
    27     34.0    1   27    1   26      0.0      0.0    0      0.0   X1Sigma+
    28     34.0    1   28    1   27      0.0      0.0    0      0.0   X1Sigma+
    29     34.0    1   29    1   28      0.0      0.0    0      0.0   X1Sigma+
    30     34.0    1   30    1   29      0.0      0.0    0      0.0   X1Sigma+
    31     34.0    1   31    1   30      0.0      0.0    0      0.0   X1Sigma+
    32     34.0    1   32    1   31      0.0      0.0    0      0.0   X1Sigma+
    33     34.0    1   33    1   32      0.0      0.0    0      0.0   X1Sigma+
    34     34.0    1   34    1   33      0.0      0.0    0      0.0   X1Sigma+
    35     34.0    1   35    1   34      0.0      0.0    0      0.0   X1Sigma+
    36     34.0    1   36    1   35      0.0      0.0    0      0.0   X1Sigma+
    37     34.0    1   37    1   36      0.0      0.0    0      0.0   X1Sigma+
    38     34.0    1   38    1   37      0.0      0.0    0      0.0   X1Sigma+
    39     34.0    1   39    1   38      0.0      0.0    0      0.0   X1Sigma+
    40     34.0    1   40    1   39      0.0      0.0    0      0.0   X1Sigma+
    41     34.0    1   41    1   40      0.0      0.0    0      0.0   X1Sigma+
    42     34.0    1   42    1   41      0.0      0.0    0      0.0   X1Sigma+
    43     34.0    1   43    1   42      0.0      0.0    0      0.0   X1Sigma+
    44     34.0    1   44    1   43      0.0      0.0    0      0.0   X1Sigma+
    45     34.0    1   45    1   44      0.0      0.0    0      0.0   X1Sigma+
    46     34.0    1   46    1   45      0.0      0.0    0      0.0   X1Sigma+
    47     34.0    1   47    1   46      0.0      0.0    0      0.0   X1Sigma+
    48     34.0    1   48    1   47      0.0      0.0    0      0.0   X1Sigma+
    49     34.0    1   49    1   48      0.0      0.0    0      0.0   X1Sigma+
    50     34.0    1   50    1   49      0.0      0.0    0      0.0   X1Sigma+


 Memory Report:
 Active Arrays                                          size (MB)
 GRID                                                       0.009                
 r-field                                                    0.010                
 icontrvib                                                  0.031                
 brot                                                       0.020                
 X1Sigma+                                                   0.020                
 BROT                                                       0.022                
 <X|mu|X>                                                   0.020                
 hmat                                                       0.020                
 eigens                                                     0.694                
 Total memory   =                                           0.851 MB
 Maximal memory =                                           2.504 MB (         8000.000)

 (       26 arrays contributing less than 1% are not shown)


Construct the hamiltonian matrix
...done!

Non-zero matrix elements of the coupled Sigma-Lambda matrix:
Threshold for printing is   2.22E-16 cm^-1
RV == Rotational-vibrational
SO == Spin-Orbit interaction
SS == Spin-Spin interaction
JS == J.S interaction (aka S-uncoupling)
LS == L.J interaction (aka L-uncoupling)
LS == L.S interaction (spin-electronic)
RV=       -176.931;
 


Eigenvalues for J =     34.0

       J      i        Energy/cm  State   v  lambda spin   sigma   omega  parity
      34.0    1       2266.769751   1     0   0     0.0     0.0     0.0   +    ||X1Sigma+
      34.0    2       4354.943851   1     1   0     0.0     0.0     0.0   +    ||X1Sigma+
      34.0    3       6429.136923   1     2   0     0.0     0.0     0.0   +    ||X1Sigma+
      34.0    4       8487.357943   1     3   0     0.0     0.0     0.0   +    ||X1Sigma+
      34.0    5      10524.741591   1     4   0     0.0     0.0     0.0   +    ||X1Sigma+
      34.0    6      12539.134613   1     5   0     0.0     0.0     0.0   +    ||X1Sigma+
      34.0    7      14529.792557   1     6   0     0.0     0.0     0.0   +    ||X1Sigma+
      34.0    8      16495.787347   1     7   0     0.0     0.0     0.0   +    ||X1Sigma+
      34.0    9      18436.504592   1     8   0     0.0     0.0     0.0   +    ||X1Sigma+
      34.0   10      20351.480251   1     9   0     0.0     0.0     0.0   +    ||X1Sigma+
      34.0   11      22240.596356   1    10   0     0.0     0.0     0.0   +    ||X1Sigma+
      34.0   12      24103.591178   1    11   0     0.0     0.0     0.0   +    ||X1Sigma+
      34.0   13      25940.391730   1    12   0     0.0     0.0     0.0   +    ||X1Sigma+
      34.0   14      27751.076823   1    13   0     0.0     0.0     0.0   +    ||X1Sigma+
      34.0   15      29535.675756   1    14   0     0.0     0.0     0.0   +    ||X1Sigma+
      34.0   16      31294.272271   1    15   0     0.0     0.0     0.0   +    ||X1Sigma+
      34.0   17      33026.975758   1    16   0     0.0     0.0     0.0   +    ||X1Sigma+
      34.0   18      34733.842076   1    17   0     0.0     0.0     0.0   +    ||X1Sigma+
      34.0   19      36414.932223   1    18   0     0.0     0.0     0.0   +    ||X1Sigma+
      34.0   20      38070.257964   1    19   0     0.0     0.0     0.0   +    ||X1Sigma+
      34.0   21      39699.758414   1    20   0     0.0     0.0     0.0   +    ||X1Sigma+
      34.0   22      41303.324741   1    21   0     0.0     0.0     0.0   +    ||X1Sigma+
      34.0   23      42880.704924   1    22   0     0.0     0.0     0.0   +    ||X1Sigma+
      34.0   24      44431.437634   1    23   0     0.0     0.0     0.0   +    ||X1Sigma+
      34.0   25      45954.828821   1    24   0     0.0     0.0     0.0   +    ||X1Sigma+
      34.0   26      47449.833099   1    25   0     0.0     0.0     0.0   +    ||X1Sigma+
      34.0   27      48914.859818   1    26   0     0.0     0.0     0.0   +    ||X1Sigma+
      34.0   28      50347.546318   1    27   0     0.0     0.0     0.0   +    ||X1Sigma+
      34.0   29      51744.492934   1    28   0     0.0     0.0     0.0   +    ||X1Sigma+
      34.0   30      53100.944372   1    29   0     0.0     0.0     0.0   +    ||X1Sigma+
      34.0   31      54410.852214   1    30   0     0.0     0.0     0.0   +    ||X1Sigma+
      34.0   32      55668.576321   1    31   0     0.0     0.0     0.0   +    ||X1Sigma+
      34.0   33      56872.487166   1    32   0     0.0     0.0     0.0   +    ||X1Sigma+
      34.0   34      58024.977404   1    33   0     0.0     0.0     0.0   +    ||X1Sigma+
      34.0   35      59125.010088   1    34   0     0.0     0.0     0.0   +    ||X1Sigma+
      34.0   36      60169.187713   1    35   0     0.0     0.0     0.0   +    ||X1Sigma+
      34.0   37      61158.673308   1    36   0     0.0     0.0     0.0   +    ||X1Sigma+
      34.0   38      62092.432711   1    37   0     0.0     0.0     0.0   +    ||X1Sigma+
      34.0   39      62970.572443   1    38   0     0.0     0.0     0.0   +    ||X1Sigma+
      34.0   40      63792.558495   1    39   0     0.0     0.0     0.0   +    ||X1Sigma+
      34.0   41      64559.003552   1    40   0     0.0     0.0     0.0   +    ||X1Sigma+
      34.0   42      65269.837944   1    41   0     0.0     0.0     0.0   +    ||X1Sigma+
      34.0   43      65925.872874   1    42   0     0.0     0.0     0.0   +    ||X1Sigma+
      34.0   44      66527.763817   1    43   0     0.0     0.0     0.0   +    ||X1Sigma+
      34.0   45      67076.355950   1    44   0     0.0     0.0     0.0   +    ||X1Sigma+
      34.0   46      67572.874022   1    45   0     0.0     0.0     0.0   +    ||X1Sigma+
      34.0   47      68018.648359   1    46   0     0.0     0.0     0.0   +    ||X1Sigma+
      34.0   48      68415.044144   1    47   0     0.0     0.0     0.0   +    ||X1Sigma+
      34.0   49      68764.274194   1    48   0     0.0     0.0     0.0   +    ||X1Sigma+
      34.0   50      69748.519603   1    49   0     0.0     0.0     0.0   +    ||X1Sigma+

Zero point energy (ZPE) =    1056.185498244544

j =      35.0

Define the quanta book-keeping
The total number sigma/lambda states (size of the sigma-lambda submatrix) = 1

Sigma-Lambda basis set:
     i     jrot  state   spin    sigma lambda   omega
     1     35.0    1      0.0      0.0    0      0.0   X1Sigma+
...done!

Contracted basis set:
     i     jrot ilevel ivib state v     spin    sigma lambda   omega   Name
     1     35.0    1    1    1    0      0.0      0.0    0      0.0   X1Sigma+
     2     35.0    1    2    1    1      0.0      0.0    0      0.0   X1Sigma+
     3     35.0    1    3    1    2      0.0      0.0    0      0.0   X1Sigma+
     4     35.0    1    4    1    3      0.0      0.0    0      0.0   X1Sigma+
     5     35.0    1    5    1    4      0.0      0.0    0      0.0   X1Sigma+
     6     35.0    1    6    1    5      0.0      0.0    0      0.0   X1Sigma+
     7     35.0    1    7    1    6      0.0      0.0    0      0.0   X1Sigma+
     8     35.0    1    8    1    7      0.0      0.0    0      0.0   X1Sigma+
     9     35.0    1    9    1    8      0.0      0.0    0      0.0   X1Sigma+
    10     35.0    1   10    1    9      0.0      0.0    0      0.0   X1Sigma+
    11     35.0    1   11    1   10      0.0      0.0    0      0.0   X1Sigma+
    12     35.0    1   12    1   11      0.0      0.0    0      0.0   X1Sigma+
    13     35.0    1   13    1   12      0.0      0.0    0      0.0   X1Sigma+
    14     35.0    1   14    1   13      0.0      0.0    0      0.0   X1Sigma+
    15     35.0    1   15    1   14      0.0      0.0    0      0.0   X1Sigma+
    16     35.0    1   16    1   15      0.0      0.0    0      0.0   X1Sigma+
    17     35.0    1   17    1   16      0.0      0.0    0      0.0   X1Sigma+
    18     35.0    1   18    1   17      0.0      0.0    0      0.0   X1Sigma+
    19     35.0    1   19    1   18      0.0      0.0    0      0.0   X1Sigma+
    20     35.0    1   20    1   19      0.0      0.0    0      0.0   X1Sigma+
    21     35.0    1   21    1   20      0.0      0.0    0      0.0   X1Sigma+
    22     35.0    1   22    1   21      0.0      0.0    0      0.0   X1Sigma+
    23     35.0    1   23    1   22      0.0      0.0    0      0.0   X1Sigma+
    24     35.0    1   24    1   23      0.0      0.0    0      0.0   X1Sigma+
    25     35.0    1   25    1   24      0.0      0.0    0      0.0   X1Sigma+
    26     35.0    1   26    1   25      0.0      0.0    0      0.0   X1Sigma+
    27     35.0    1   27    1   26      0.0      0.0    0      0.0   X1Sigma+
    28     35.0    1   28    1   27      0.0      0.0    0      0.0   X1Sigma+
    29     35.0    1   29    1   28      0.0      0.0    0      0.0   X1Sigma+
    30     35.0    1   30    1   29      0.0      0.0    0      0.0   X1Sigma+
    31     35.0    1   31    1   30      0.0      0.0    0      0.0   X1Sigma+
    32     35.0    1   32    1   31      0.0      0.0    0      0.0   X1Sigma+
    33     35.0    1   33    1   32      0.0      0.0    0      0.0   X1Sigma+
    34     35.0    1   34    1   33      0.0      0.0    0      0.0   X1Sigma+
    35     35.0    1   35    1   34      0.0      0.0    0      0.0   X1Sigma+
    36     35.0    1   36    1   35      0.0      0.0    0      0.0   X1Sigma+
    37     35.0    1   37    1   36      0.0      0.0    0      0.0   X1Sigma+
    38     35.0    1   38    1   37      0.0      0.0    0      0.0   X1Sigma+
    39     35.0    1   39    1   38      0.0      0.0    0      0.0   X1Sigma+
    40     35.0    1   40    1   39      0.0      0.0    0      0.0   X1Sigma+
    41     35.0    1   41    1   40      0.0      0.0    0      0.0   X1Sigma+
    42     35.0    1   42    1   41      0.0      0.0    0      0.0   X1Sigma+
    43     35.0    1   43    1   42      0.0      0.0    0      0.0   X1Sigma+
    44     35.0    1   44    1   43      0.0      0.0    0      0.0   X1Sigma+
    45     35.0    1   45    1   44      0.0      0.0    0      0.0   X1Sigma+
    46     35.0    1   46    1   45      0.0      0.0    0      0.0   X1Sigma+
    47     35.0    1   47    1   46      0.0      0.0    0      0.0   X1Sigma+
    48     35.0    1   48    1   47      0.0      0.0    0      0.0   X1Sigma+
    49     35.0    1   49    1   48      0.0      0.0    0      0.0   X1Sigma+
    50     35.0    1   50    1   49      0.0      0.0    0      0.0   X1Sigma+


 Memory Report:
 Active Arrays                                          size (MB)
 GRID                                                       0.009                
 r-field                                                    0.010                
 icontrvib                                                  0.031                
 brot                                                       0.020                
 X1Sigma+                                                   0.020                
 BROT                                                       0.022                
 <X|mu|X>                                                   0.020                
 hmat                                                       0.020                
 eigens                                                     0.714                
 Total memory   =                                           0.872 MB
 Maximal memory =                                           2.504 MB (         8000.000)

 (       26 arrays contributing less than 1% are not shown)


Construct the hamiltonian matrix
...done!

Non-zero matrix elements of the coupled Sigma-Lambda matrix:
Threshold for printing is   2.22E-16 cm^-1
RV == Rotational-vibrational
SO == Spin-Orbit interaction
SS == Spin-Spin interaction
JS == J.S interaction (aka S-uncoupling)
LS == L.J interaction (aka L-uncoupling)
LS == L.S interaction (spin-electronic)
RV=       -187.339;
 


Eigenvalues for J =     35.0

       J      i        Energy/cm  State   v  lambda spin   sigma   omega  parity
      35.0    1       2399.560812   1     0   0     0.0     0.0     0.0   -    ||X1Sigma+
      35.0    2       4486.658774   1     1   0     0.0     0.0     0.0   -    ||X1Sigma+
      35.0    3       6559.590006   1     2   0     0.0     0.0     0.0   -    ||X1Sigma+
      35.0    4       8616.499753   1     3   0     0.0     0.0     0.0   -    ||X1Sigma+
      35.0    5      10652.588982   1     4   0     0.0     0.0     0.0   -    ||X1Sigma+
      35.0    6      12665.702037   1     5   0     0.0     0.0     0.0   -    ||X1Sigma+
      35.0    7      14655.083875   1     6   0     0.0     0.0     0.0   -    ||X1Sigma+
      35.0    8      16619.819410   1     7   0     0.0     0.0     0.0   -    ||X1Sigma+
      35.0    9      18559.291145   1     8   0     0.0     0.0     0.0   -    ||X1Sigma+
      35.0   10      20473.033408   1     9   0     0.0     0.0     0.0   -    ||X1Sigma+
      35.0   11      22360.930478   1    10   0     0.0     0.0     0.0   -    ||X1Sigma+
      35.0   12      24222.718011   1    11   0     0.0     0.0     0.0   -    ||X1Sigma+
      35.0   13      26058.321766   1    12   0     0.0     0.0     0.0   -    ||X1Sigma+
      35.0   14      27867.816789   1    13   0     0.0     0.0     0.0   -    ||X1Sigma+
      35.0   15      29651.231403   1    14   0     0.0     0.0     0.0   -    ||X1Sigma+
      35.0   16      31408.649486   1    15   0     0.0     0.0     0.0   -    ||X1Sigma+
      35.0   17      33140.177040   1    16   0     0.0     0.0     0.0   -    ||X1Sigma+
      35.0   18      34845.869492   1    17   0     0.0     0.0     0.0   -    ||X1Sigma+
      35.0   19      36525.787424   1    18   0     0.0     0.0     0.0   -    ||X1Sigma+
      35.0   20      38179.939439   1    19   0     0.0     0.0     0.0   -    ||X1Sigma+
      35.0   21      39808.261655   1    20   0     0.0     0.0     0.0   -    ||X1Sigma+
      35.0   22      41410.641685   1    21   0     0.0     0.0     0.0   -    ||X1Sigma+
      35.0   23      42986.821952   1    22   0     0.0     0.0     0.0   -    ||X1Sigma+
      35.0   24      44536.334038   1    23   0     0.0     0.0     0.0   -    ||X1Sigma+
      35.0   25      46058.473723   1    24   0     0.0     0.0     0.0   -    ||X1Sigma+
      35.0   26      47552.180828   1    25   0     0.0     0.0     0.0   -    ||X1Sigma+
      35.0   27      49015.842565   1    26   0     0.0     0.0     0.0   -    ||X1Sigma+
      35.0   28      50447.064741   1    27   0     0.0     0.0     0.0   -    ||X1Sigma+
      35.0   29      51842.405015   1    28   0     0.0     0.0     0.0   -    ||X1Sigma+
      35.0   30      53197.053440   1    29   0     0.0     0.0     0.0   -    ||X1Sigma+
      35.0   31      54504.923694   1    30   0     0.0     0.0     0.0   -    ||X1Sigma+
      35.0   32      55760.430943   1    31   0     0.0     0.0     0.0   -    ||X1Sigma+
      35.0   33      56962.112939   1    32   0     0.0     0.0     0.0   -    ||X1Sigma+
      35.0   34      58112.385301   1    33   0     0.0     0.0     0.0   -    ||X1Sigma+
      35.0   35      59210.013809   1    34   0     0.0     0.0     0.0   -    ||X1Sigma+
      35.0   36      60251.698617   1    35   0     0.0     0.0     0.0   -    ||X1Sigma+
      35.0   37      61238.661450   1    36   0     0.0     0.0     0.0   -    ||X1Sigma+
      35.0   38      62169.775159   1    37   0     0.0     0.0     0.0   -    ||X1Sigma+
      35.0   39      63045.224758   1    38   0     0.0     0.0     0.0   -    ||X1Sigma+
      35.0   40      63864.418848   1    39   0     0.0     0.0     0.0   -    ||X1Sigma+
      35.0   41      64628.015080   1    40   0     0.0     0.0     0.0   -    ||X1Sigma+
      35.0   42      65335.934153   1    41   0     0.0     0.0     0.0   -    ||X1Sigma+
      35.0   43      65988.967176   1    42   0     0.0     0.0     0.0   -    ||X1Sigma+
      35.0   44      66587.802055   1    43   0     0.0     0.0     0.0   -    ||X1Sigma+
      35.0   45      67133.262570   1    44   0     0.0     0.0     0.0   -    ||X1Sigma+
      35.0   46      67626.556065   1    45   0     0.0     0.0     0.0   -    ||X1Sigma+
      35.0   47      68069.004912   1    46   0     0.0     0.0     0.0   -    ||X1Sigma+
      35.0   48      68461.975340   1    47   0     0.0     0.0     0.0   -    ||X1Sigma+
      35.0   49      68809.618600   1    48   0     0.0     0.0     0.0   -    ||X1Sigma+
      35.0   50      69872.232882   1    49   0     0.0     0.0     0.0   -    ||X1Sigma+

Zero point energy (ZPE) =    1056.185498244544

j =      36.0

Define the quanta book-keeping
The total number sigma/lambda states (size of the sigma-lambda submatrix) = 1

Sigma-Lambda basis set:
     i     jrot  state   spin    sigma lambda   omega
     1     36.0    1      0.0      0.0    0      0.0   X1Sigma+
...done!

Contracted basis set:
     i     jrot ilevel ivib state v     spin    sigma lambda   omega   Name
     1     36.0    1    1    1    0      0.0      0.0    0      0.0   X1Sigma+
     2     36.0    1    2    1    1      0.0      0.0    0      0.0   X1Sigma+
     3     36.0    1    3    1    2      0.0      0.0    0      0.0   X1Sigma+
     4     36.0    1    4    1    3      0.0      0.0    0      0.0   X1Sigma+
     5     36.0    1    5    1    4      0.0      0.0    0      0.0   X1Sigma+
     6     36.0    1    6    1    5      0.0      0.0    0      0.0   X1Sigma+
     7     36.0    1    7    1    6      0.0      0.0    0      0.0   X1Sigma+
     8     36.0    1    8    1    7      0.0      0.0    0      0.0   X1Sigma+
     9     36.0    1    9    1    8      0.0      0.0    0      0.0   X1Sigma+
    10     36.0    1   10    1    9      0.0      0.0    0      0.0   X1Sigma+
    11     36.0    1   11    1   10      0.0      0.0    0      0.0   X1Sigma+
    12     36.0    1   12    1   11      0.0      0.0    0      0.0   X1Sigma+
    13     36.0    1   13    1   12      0.0      0.0    0      0.0   X1Sigma+
    14     36.0    1   14    1   13      0.0      0.0    0      0.0   X1Sigma+
    15     36.0    1   15    1   14      0.0      0.0    0      0.0   X1Sigma+
    16     36.0    1   16    1   15      0.0      0.0    0      0.0   X1Sigma+
    17     36.0    1   17    1   16      0.0      0.0    0      0.0   X1Sigma+
    18     36.0    1   18    1   17      0.0      0.0    0      0.0   X1Sigma+
    19     36.0    1   19    1   18      0.0      0.0    0      0.0   X1Sigma+
    20     36.0    1   20    1   19      0.0      0.0    0      0.0   X1Sigma+
    21     36.0    1   21    1   20      0.0      0.0    0      0.0   X1Sigma+
    22     36.0    1   22    1   21      0.0      0.0    0      0.0   X1Sigma+
    23     36.0    1   23    1   22      0.0      0.0    0      0.0   X1Sigma+
    24     36.0    1   24    1   23      0.0      0.0    0      0.0   X1Sigma+
    25     36.0    1   25    1   24      0.0      0.0    0      0.0   X1Sigma+
    26     36.0    1   26    1   25      0.0      0.0    0      0.0   X1Sigma+
    27     36.0    1   27    1   26      0.0      0.0    0      0.0   X1Sigma+
    28     36.0    1   28    1   27      0.0      0.0    0      0.0   X1Sigma+
    29     36.0    1   29    1   28      0.0      0.0    0      0.0   X1Sigma+
    30     36.0    1   30    1   29      0.0      0.0    0      0.0   X1Sigma+
    31     36.0    1   31    1   30      0.0      0.0    0      0.0   X1Sigma+
    32     36.0    1   32    1   31      0.0      0.0    0      0.0   X1Sigma+
    33     36.0    1   33    1   32      0.0      0.0    0      0.0   X1Sigma+
    34     36.0    1   34    1   33      0.0      0.0    0      0.0   X1Sigma+
    35     36.0    1   35    1   34      0.0      0.0    0      0.0   X1Sigma+
    36     36.0    1   36    1   35      0.0      0.0    0      0.0   X1Sigma+
    37     36.0    1   37    1   36      0.0      0.0    0      0.0   X1Sigma+
    38     36.0    1   38    1   37      0.0      0.0    0      0.0   X1Sigma+
    39     36.0    1   39    1   38      0.0      0.0    0      0.0   X1Sigma+
    40     36.0    1   40    1   39      0.0      0.0    0      0.0   X1Sigma+
    41     36.0    1   41    1   40      0.0      0.0    0      0.0   X1Sigma+
    42     36.0    1   42    1   41      0.0      0.0    0      0.0   X1Sigma+
    43     36.0    1   43    1   42      0.0      0.0    0      0.0   X1Sigma+
    44     36.0    1   44    1   43      0.0      0.0    0      0.0   X1Sigma+
    45     36.0    1   45    1   44      0.0      0.0    0      0.0   X1Sigma+
    46     36.0    1   46    1   45      0.0      0.0    0      0.0   X1Sigma+
    47     36.0    1   47    1   46      0.0      0.0    0      0.0   X1Sigma+
    48     36.0    1   48    1   47      0.0      0.0    0      0.0   X1Sigma+
    49     36.0    1   49    1   48      0.0      0.0    0      0.0   X1Sigma+
    50     36.0    1   50    1   49      0.0      0.0    0      0.0   X1Sigma+


 Memory Report:
 Active Arrays                                          size (MB)
 GRID                                                       0.009                
 r-field                                                    0.010                
 icontrvib                                                  0.031                
 brot                                                       0.020                
 X1Sigma+                                                   0.020                
 BROT                                                       0.022                
 <X|mu|X>                                                   0.020                
 hmat                                                       0.020                
 eigens                                                     0.734                
 Total memory   =                                           0.892 MB
 Maximal memory =                                           2.504 MB (         8000.000)

 (       26 arrays contributing less than 1% are not shown)


Construct the hamiltonian matrix
...done!

Non-zero matrix elements of the coupled Sigma-Lambda matrix:
Threshold for printing is   2.22E-16 cm^-1
RV == Rotational-vibrational
SO == Spin-Orbit interaction
SS == Spin-Spin interaction
JS == J.S interaction (aka S-uncoupling)
LS == L.J interaction (aka L-uncoupling)
LS == L.S interaction (spin-electronic)
RV=       -198.044;
 


Eigenvalues for J =     36.0

       J      i        Energy/cm  State   v  lambda spin   sigma   omega  parity
      36.0    1       2536.082473   1     0   0     0.0     0.0     0.0   +    ||X1Sigma+
      36.0    2       4622.074854   1     1   0     0.0     0.0     0.0   +    ||X1Sigma+
      36.0    3       6693.709651   1     2   0     0.0     0.0     0.0   +    ||X1Sigma+
      36.0    4       8749.271028   1     3   0     0.0     0.0     0.0   +    ||X1Sigma+
      36.0    5      10784.028997   1     4   0     0.0     0.0     0.0   +    ||X1Sigma+
      36.0    6      12795.825743   1     5   0     0.0     0.0     0.0   +    ||X1Sigma+
      36.0    7      14783.894981   1     6   0     0.0     0.0     0.0   +    ||X1Sigma+
      36.0    8      16747.335106   1     7   0     0.0     0.0     0.0   +    ||X1Sigma+
      36.0    9      18685.525479   1     8   0     0.0     0.0     0.0   +    ||X1Sigma+
      36.0   10      20597.998876   1     9   0     0.0     0.0     0.0   +    ||X1Sigma+
      36.0   11      22484.641653   1    10   0     0.0     0.0     0.0   +    ||X1Sigma+
      36.0   12      24345.187008   1    11   0     0.0     0.0     0.0   +    ||X1Sigma+
      36.0   13      26179.559450   1    12   0     0.0     0.0     0.0   +    ||X1Sigma+
      36.0   14      27987.830035   1    13   0     0.0     0.0     0.0   +    ||X1Sigma+
      36.0   15      29770.026136   1    14   0     0.0     0.0     0.0   +    ||X1Sigma+
      36.0   16      31526.231777   1    15   0     0.0     0.0     0.0   +    ||X1Sigma+
      36.0   17      33256.549420   1    16   0     0.0     0.0     0.0   +    ||X1Sigma+
      36.0   18      34961.034070   1    17   0     0.0     0.0     0.0   +    ||X1Sigma+
      36.0   19      36639.745845   1    18   0     0.0     0.0     0.0   +    ||X1Sigma+
      36.0   20      38292.690097   1    19   0     0.0     0.0     0.0   +    ||X1Sigma+
      36.0   21      39919.799893   1    20   0     0.0     0.0     0.0   +    ||X1Sigma+
      36.0   22      41520.959080   1    21   0     0.0     0.0     0.0   +    ||X1Sigma+
      36.0   23      43095.904287   1    22   0     0.0     0.0     0.0   +    ||X1Sigma+
      36.0   24      44644.159792   1    23   0     0.0     0.0     0.0   +    ||X1Sigma+
      36.0   25      46165.010785   1    24   0     0.0     0.0     0.0   +    ||X1Sigma+
      36.0   26      47657.381638   1    25   0     0.0     0.0     0.0   +    ||X1Sigma+
      36.0   27      49119.636516   1    26   0     0.0     0.0     0.0   +    ||X1Sigma+
      36.0   28      50549.348424   1    27   0     0.0     0.0     0.0   +    ||X1Sigma+
      36.0   29      51943.030612   1    28   0     0.0     0.0     0.0   +    ||X1Sigma+
      36.0   30      53295.816629   1    29   0     0.0     0.0     0.0   +    ||X1Sigma+
      36.0   31      54601.582629   1    30   0     0.0     0.0     0.0   +    ||X1Sigma+
      36.0   32      55854.805087   1    31   0     0.0     0.0     0.0   +    ||X1Sigma+
      36.0   33      57054.195054   1    32   0     0.0     0.0     0.0   +    ||X1Sigma+
      36.0   34      58202.181490   1    33   0     0.0     0.0     0.0   +    ||X1Sigma+
      36.0   35      59297.328149   1    34   0     0.0     0.0     0.0   +    ||X1Sigma+
      36.0   36      60336.447618   1    35   0     0.0     0.0     0.0   +    ||X1Sigma+
      36.0   37      61320.808317   1    36   0     0.0     0.0     0.0   +    ||X1Sigma+
      36.0   38      62249.196613   1    37   0     0.0     0.0     0.0   +    ||X1Sigma+
      36.0   39      63121.871311   1    38   0     0.0     0.0     0.0   +    ||X1Sigma+
      36.0   40      63938.189420   1    39   0     0.0     0.0     0.0   +    ||X1Sigma+
      36.0   41      64698.846488   1    40   0     0.0     0.0     0.0   +    ||X1Sigma+
      36.0   42      65403.761373   1    41   0     0.0     0.0     0.0   +    ||X1Sigma+
      36.0   43      66053.699664   1    42   0     0.0     0.0     0.0   +    ||X1Sigma+
      36.0   44      66649.383533   1    43   0     0.0     0.0     0.0   +    ||X1Sigma+
      36.0   45      67191.619548   1    44   0     0.0     0.0     0.0   +    ||X1Sigma+
      36.0   46      67681.598266   1    45   0     0.0     0.0     0.0   +    ||X1Sigma+
      36.0   47      68120.641393   1    46   0     0.0     0.0     0.0   +    ||X1Sigma+
      36.0   48      68510.143478   1    47   0     0.0     0.0     0.0   +    ||X1Sigma+
      36.0   49      68857.375716   1    48   0     0.0     0.0     0.0   +    ||X1Sigma+
      36.0   50      70002.785152   1    49   0     0.0     0.0     0.0   +    ||X1Sigma+

Zero point energy (ZPE) =    1056.185498244544

j =      37.0

Define the quanta book-keeping
The total number sigma/lambda states (size of the sigma-lambda submatrix) = 1

Sigma-Lambda basis set:
     i     jrot  state   spin    sigma lambda   omega
     1     37.0    1      0.0      0.0    0      0.0   X1Sigma+
...done!

Contracted basis set:
     i     jrot ilevel ivib state v     spin    sigma lambda   omega   Name
     1     37.0    1    1    1    0      0.0      0.0    0      0.0   X1Sigma+
     2     37.0    1    2    1    1      0.0      0.0    0      0.0   X1Sigma+
     3     37.0    1    3    1    2      0.0      0.0    0      0.0   X1Sigma+
     4     37.0    1    4    1    3      0.0      0.0    0      0.0   X1Sigma+
     5     37.0    1    5    1    4      0.0      0.0    0      0.0   X1Sigma+
     6     37.0    1    6    1    5      0.0      0.0    0      0.0   X1Sigma+
     7     37.0    1    7    1    6      0.0      0.0    0      0.0   X1Sigma+
     8     37.0    1    8    1    7      0.0      0.0    0      0.0   X1Sigma+
     9     37.0    1    9    1    8      0.0      0.0    0      0.0   X1Sigma+
    10     37.0    1   10    1    9      0.0      0.0    0      0.0   X1Sigma+
    11     37.0    1   11    1   10      0.0      0.0    0      0.0   X1Sigma+
    12     37.0    1   12    1   11      0.0      0.0    0      0.0   X1Sigma+
    13     37.0    1   13    1   12      0.0      0.0    0      0.0   X1Sigma+
    14     37.0    1   14    1   13      0.0      0.0    0      0.0   X1Sigma+
    15     37.0    1   15    1   14      0.0      0.0    0      0.0   X1Sigma+
    16     37.0    1   16    1   15      0.0      0.0    0      0.0   X1Sigma+
    17     37.0    1   17    1   16      0.0      0.0    0      0.0   X1Sigma+
    18     37.0    1   18    1   17      0.0      0.0    0      0.0   X1Sigma+
    19     37.0    1   19    1   18      0.0      0.0    0      0.0   X1Sigma+
    20     37.0    1   20    1   19      0.0      0.0    0      0.0   X1Sigma+
    21     37.0    1   21    1   20      0.0      0.0    0      0.0   X1Sigma+
    22     37.0    1   22    1   21      0.0      0.0    0      0.0   X1Sigma+
    23     37.0    1   23    1   22      0.0      0.0    0      0.0   X1Sigma+
    24     37.0    1   24    1   23      0.0      0.0    0      0.0   X1Sigma+
    25     37.0    1   25    1   24      0.0      0.0    0      0.0   X1Sigma+
    26     37.0    1   26    1   25      0.0      0.0    0      0.0   X1Sigma+
    27     37.0    1   27    1   26      0.0      0.0    0      0.0   X1Sigma+
    28     37.0    1   28    1   27      0.0      0.0    0      0.0   X1Sigma+
    29     37.0    1   29    1   28      0.0      0.0    0      0.0   X1Sigma+
    30     37.0    1   30    1   29      0.0      0.0    0      0.0   X1Sigma+
    31     37.0    1   31    1   30      0.0      0.0    0      0.0   X1Sigma+
    32     37.0    1   32    1   31      0.0      0.0    0      0.0   X1Sigma+
    33     37.0    1   33    1   32      0.0      0.0    0      0.0   X1Sigma+
    34     37.0    1   34    1   33      0.0      0.0    0      0.0   X1Sigma+
    35     37.0    1   35    1   34      0.0      0.0    0      0.0   X1Sigma+
    36     37.0    1   36    1   35      0.0      0.0    0      0.0   X1Sigma+
    37     37.0    1   37    1   36      0.0      0.0    0      0.0   X1Sigma+
    38     37.0    1   38    1   37      0.0      0.0    0      0.0   X1Sigma+
    39     37.0    1   39    1   38      0.0      0.0    0      0.0   X1Sigma+
    40     37.0    1   40    1   39      0.0      0.0    0      0.0   X1Sigma+
    41     37.0    1   41    1   40      0.0      0.0    0      0.0   X1Sigma+
    42     37.0    1   42    1   41      0.0      0.0    0      0.0   X1Sigma+
    43     37.0    1   43    1   42      0.0      0.0    0      0.0   X1Sigma+
    44     37.0    1   44    1   43      0.0      0.0    0      0.0   X1Sigma+
    45     37.0    1   45    1   44      0.0      0.0    0      0.0   X1Sigma+
    46     37.0    1   46    1   45      0.0      0.0    0      0.0   X1Sigma+
    47     37.0    1   47    1   46      0.0      0.0    0      0.0   X1Sigma+
    48     37.0    1   48    1   47      0.0      0.0    0      0.0   X1Sigma+
    49     37.0    1   49    1   48      0.0      0.0    0      0.0   X1Sigma+
    50     37.0    1   50    1   49      0.0      0.0    0      0.0   X1Sigma+


 Memory Report:
 Active Arrays                                          size (MB)
 GRID                                                       0.009                
 r-field                                                    0.010                
 icontrvib                                                  0.031                
 brot                                                       0.020                
 X1Sigma+                                                   0.020                
 BROT                                                       0.022                
 <X|mu|X>                                                   0.020                
 hmat                                                       0.020                
 eigens                                                     0.755                
 Total memory   =                                           0.912 MB
 Maximal memory =                                           2.504 MB (         8000.000)

 (       26 arrays contributing less than 1% are not shown)


Construct the hamiltonian matrix
...done!

Non-zero matrix elements of the coupled Sigma-Lambda matrix:
Threshold for printing is   2.22E-16 cm^-1
RV == Rotational-vibrational
SO == Spin-Orbit interaction
SS == Spin-Spin interaction
JS == J.S interaction (aka S-uncoupling)
LS == L.J interaction (aka L-uncoupling)
LS == L.S interaction (spin-electronic)
RV=       -209.046;
 


Eigenvalues for J =     37.0

       J      i        Energy/cm  State   v  lambda spin   sigma   omega  parity
      37.0    1       2676.329397   1     0   0     0.0     0.0     0.0   -    ||X1Sigma+
      37.0    2       4761.186837   1     1   0     0.0     0.0     0.0   -    ||X1Sigma+
      37.0    3       6831.490727   1     2   0     0.0     0.0     0.0   -    ||X1Sigma+
      37.0    4       8885.666681   1     3   0     0.0     0.0     0.0   -    ||X1Sigma+
      37.0    5      10919.056560   1     4   0     0.0     0.0     0.0   -    ||X1Sigma+
      37.0    6      12929.500671   1     5   0     0.0     0.0     0.0   -    ||X1Sigma+
      37.0    7      14916.220821   1     6   0     0.0     0.0     0.0   -    ||X1Sigma+
      37.0    8      16878.329367   1     7   0     0.0     0.0     0.0   -    ||X1Sigma+
      37.0    9      18815.202506   1     8   0     0.0     0.0     0.0   -    ||X1Sigma+
      37.0   10      20726.371552   1     9   0     0.0     0.0     0.0   -    ||X1Sigma+
      37.0   11      22611.724744   1    10   0     0.0     0.0     0.0   -    ||X1Sigma+
      37.0   12      24470.993000   1    11   0     0.0     0.0     0.0   -    ||X1Sigma+
      37.0   13      26304.099584   1    12   0     0.0     0.0     0.0   -    ||X1Sigma+
      37.0   14      28111.111333   1    13   0     0.0     0.0     0.0   -    ||X1Sigma+
      37.0   15      29892.054697   1    14   0     0.0     0.0     0.0   -    ||X1Sigma+
      37.0   16      31647.013855   1    15   0     0.0     0.0     0.0   -    ||X1Sigma+
      37.0   17      33376.087581   1    16   0     0.0     0.0     0.0   -    ||X1Sigma+
      37.0   18      35079.330458   1    17   0     0.0     0.0     0.0   -    ||X1Sigma+
      37.0   19      36756.802093   1    18   0     0.0     0.0     0.0   -    ||X1Sigma+
      37.0   20      38408.504502   1    19   0     0.0     0.0     0.0   -    ||X1Sigma+
      37.0   21      40034.367641   1    20   0     0.0     0.0     0.0   -    ||X1Sigma+
      37.0   22      41634.271380   1    21   0     0.0     0.0     0.0   -    ||X1Sigma+
      37.0   23      43207.946306   1    22   0     0.0     0.0     0.0   -    ||X1Sigma+
      37.0   24      44754.909169   1    23   0     0.0     0.0     0.0   -    ||X1Sigma+
      37.0   25      46274.434141   1    24   0     0.0     0.0     0.0   -    ||X1Sigma+
      37.0   26      47765.429464   1    25   0     0.0     0.0     0.0   -    ||X1Sigma+
      37.0   27      49226.235321   1    26   0     0.0     0.0     0.0   -    ||X1Sigma+
      37.0   28      50654.390616   1    27   0     0.0     0.0     0.0   -    ||X1Sigma+
      37.0   29      52046.362397   1    28   0     0.0     0.0     0.0   -    ||X1Sigma+
      37.0   30      53397.225867   1    29   0     0.0     0.0     0.0   -    ||X1Sigma+
      37.0   31      54700.820253   1    30   0     0.0     0.0     0.0   -    ||X1Sigma+
      37.0   32      55951.689797   1    31   0     0.0     0.0     0.0   -    ||X1Sigma+
      37.0   33      57148.724623   1    32   0     0.0     0.0     0.0   -    ||X1Sigma+
      37.0   34      58294.356323   1    33   0     0.0     0.0     0.0   -    ||X1Sigma+
      37.0   35      59386.942852   1    34   0     0.0     0.0     0.0   -    ||X1Sigma+
      37.0   36      60423.424414   1    35   0     0.0     0.0     0.0   -    ||X1Sigma+
      37.0   37      61405.102725   1    36   0     0.0     0.0     0.0   -    ||X1Sigma+
      37.0   38      62330.685724   1    37   0     0.0     0.0     0.0   -    ||X1Sigma+
      37.0   39      63200.499822   1    38   0     0.0     0.0     0.0   -    ||X1Sigma+
      37.0   40      64013.857653   1    39   0     0.0     0.0     0.0   -    ||X1Sigma+
      37.0   41      64771.484400   1    40   0     0.0     0.0     0.0   -    ||X1Sigma+
      37.0   42      65473.305465   1    41   0     0.0     0.0     0.0   -    ||X1Sigma+
      37.0   43      66120.055790   1    42   0     0.0     0.0     0.0   -    ||X1Sigma+
      37.0   44      66712.492888   1    43   0     0.0     0.0     0.0   -    ||X1Sigma+
      37.0   45      67251.411069   1    44   0     0.0     0.0     0.0   -    ||X1Sigma+
      37.0   46      67737.985197   1    45   0     0.0     0.0     0.0   -    ||X1Sigma+
      37.0   47      68173.543050   1    46   0     0.0     0.0     0.0   -    ||X1Sigma+
      37.0   48      68559.525751   1    47   0     0.0     0.0     0.0   -    ||X1Sigma+
      37.0   49      68907.896732   1    48   0     0.0     0.0     0.0   -    ||X1Sigma+
      37.0   50      70140.222472   1    49   0     0.0     0.0     0.0   -    ||X1Sigma+

Zero point energy (ZPE) =    1056.185498244544

j =      38.0

Define the quanta book-keeping
The total number sigma/lambda states (size of the sigma-lambda submatrix) = 1

Sigma-Lambda basis set:
     i     jrot  state   spin    sigma lambda   omega
     1     38.0    1      0.0      0.0    0      0.0   X1Sigma+
...done!

Contracted basis set:
     i     jrot ilevel ivib state v     spin    sigma lambda   omega   Name
     1     38.0    1    1    1    0      0.0      0.0    0      0.0   X1Sigma+
     2     38.0    1    2    1    1      0.0      0.0    0      0.0   X1Sigma+
     3     38.0    1    3    1    2      0.0      0.0    0      0.0   X1Sigma+
     4     38.0    1    4    1    3      0.0      0.0    0      0.0   X1Sigma+
     5     38.0    1    5    1    4      0.0      0.0    0      0.0   X1Sigma+
     6     38.0    1    6    1    5      0.0      0.0    0      0.0   X1Sigma+
     7     38.0    1    7    1    6      0.0      0.0    0      0.0   X1Sigma+
     8     38.0    1    8    1    7      0.0      0.0    0      0.0   X1Sigma+
     9     38.0    1    9    1    8      0.0      0.0    0      0.0   X1Sigma+
    10     38.0    1   10    1    9      0.0      0.0    0      0.0   X1Sigma+
    11     38.0    1   11    1   10      0.0      0.0    0      0.0   X1Sigma+
    12     38.0    1   12    1   11      0.0      0.0    0      0.0   X1Sigma+
    13     38.0    1   13    1   12      0.0      0.0    0      0.0   X1Sigma+
    14     38.0    1   14    1   13      0.0      0.0    0      0.0   X1Sigma+
    15     38.0    1   15    1   14      0.0      0.0    0      0.0   X1Sigma+
    16     38.0    1   16    1   15      0.0      0.0    0      0.0   X1Sigma+
    17     38.0    1   17    1   16      0.0      0.0    0      0.0   X1Sigma+
    18     38.0    1   18    1   17      0.0      0.0    0      0.0   X1Sigma+
    19     38.0    1   19    1   18      0.0      0.0    0      0.0   X1Sigma+
    20     38.0    1   20    1   19      0.0      0.0    0      0.0   X1Sigma+
    21     38.0    1   21    1   20      0.0      0.0    0      0.0   X1Sigma+
    22     38.0    1   22    1   21      0.0      0.0    0      0.0   X1Sigma+
    23     38.0    1   23    1   22      0.0      0.0    0      0.0   X1Sigma+
    24     38.0    1   24    1   23      0.0      0.0    0      0.0   X1Sigma+
    25     38.0    1   25    1   24      0.0      0.0    0      0.0   X1Sigma+
    26     38.0    1   26    1   25      0.0      0.0    0      0.0   X1Sigma+
    27     38.0    1   27    1   26      0.0      0.0    0      0.0   X1Sigma+
    28     38.0    1   28    1   27      0.0      0.0    0      0.0   X1Sigma+
    29     38.0    1   29    1   28      0.0      0.0    0      0.0   X1Sigma+
    30     38.0    1   30    1   29      0.0      0.0    0      0.0   X1Sigma+
    31     38.0    1   31    1   30      0.0      0.0    0      0.0   X1Sigma+
    32     38.0    1   32    1   31      0.0      0.0    0      0.0   X1Sigma+
    33     38.0    1   33    1   32      0.0      0.0    0      0.0   X1Sigma+
    34     38.0    1   34    1   33      0.0      0.0    0      0.0   X1Sigma+
    35     38.0    1   35    1   34      0.0      0.0    0      0.0   X1Sigma+
    36     38.0    1   36    1   35      0.0      0.0    0      0.0   X1Sigma+
    37     38.0    1   37    1   36      0.0      0.0    0      0.0   X1Sigma+
    38     38.0    1   38    1   37      0.0      0.0    0      0.0   X1Sigma+
    39     38.0    1   39    1   38      0.0      0.0    0      0.0   X1Sigma+
    40     38.0    1   40    1   39      0.0      0.0    0      0.0   X1Sigma+
    41     38.0    1   41    1   40      0.0      0.0    0      0.0   X1Sigma+
    42     38.0    1   42    1   41      0.0      0.0    0      0.0   X1Sigma+
    43     38.0    1   43    1   42      0.0      0.0    0      0.0   X1Sigma+
    44     38.0    1   44    1   43      0.0      0.0    0      0.0   X1Sigma+
    45     38.0    1   45    1   44      0.0      0.0    0      0.0   X1Sigma+
    46     38.0    1   46    1   45      0.0      0.0    0      0.0   X1Sigma+
    47     38.0    1   47    1   46      0.0      0.0    0      0.0   X1Sigma+
    48     38.0    1   48    1   47      0.0      0.0    0      0.0   X1Sigma+
    49     38.0    1   49    1   48      0.0      0.0    0      0.0   X1Sigma+
    50     38.0    1   50    1   49      0.0      0.0    0      0.0   X1Sigma+


 Memory Report:
 Active Arrays                                          size (MB)
 r-field                                                    0.010                
 icontrvib                                                  0.031                
 brot                                                       0.020                
 X1Sigma+                                                   0.020                
 BROT                                                       0.022                
 <X|mu|X>                                                   0.020                
 hmat                                                       0.020                
 eigens                                                     0.775                
 Total memory   =                                           0.933 MB
 Maximal memory =                                           2.504 MB (         8000.000)

 (       27 arrays contributing less than 1% are not shown)


Construct the hamiltonian matrix
...done!

Non-zero matrix elements of the coupled Sigma-Lambda matrix:
Threshold for printing is   2.22E-16 cm^-1
RV == Rotational-vibrational
SO == Spin-Orbit interaction
SS == Spin-Spin interaction
JS == J.S interaction (aka S-uncoupling)
LS == L.J interaction (aka L-uncoupling)
LS == L.S interaction (spin-electronic)
RV=       -220.346;
 


Eigenvalues for J =     38.0

       J      i        Energy/cm  State   v  lambda spin   sigma   omega  parity
      38.0    1       2820.296101   1     0   0     0.0     0.0     0.0   +    ||X1Sigma+
      38.0    2       4903.989321   1     1   0     0.0     0.0     0.0   +    ||X1Sigma+
      38.0    3       6972.927958   1     2   0     0.0     0.0     0.0   +    ||X1Sigma+
      38.0    4       9025.681480   1     3   0     0.0     0.0     0.0   +    ||X1Sigma+
      38.0    5      11057.666455   1     4   0     0.0     0.0     0.0   +    ||X1Sigma+
      38.0    6      13066.721623   1     5   0     0.0     0.0     0.0   +    ||X1Sigma+
      38.0    7      15052.056201   1     6   0     0.0     0.0     0.0   +    ||X1Sigma+
      38.0    8      17012.796987   1     7   0     0.0     0.0     0.0   +    ||X1Sigma+
      38.0    9      18948.316999   1     8   0     0.0     0.0     0.0   +    ||X1Sigma+
      38.0   10      20858.146193   1     9   0     0.0     0.0     0.0   +    ||X1Sigma+
      38.0   11      22742.174475   1    10   0     0.0     0.0     0.0   +    ||X1Sigma+
      38.0   12      24600.130675   1    11   0     0.0     0.0     0.0   +    ||X1Sigma+
      38.0   13      26431.936826   1    12   0     0.0     0.0     0.0   +    ||X1Sigma+
      38.0   14      28237.655312   1    13   0     0.0     0.0     0.0   +    ||X1Sigma+
      38.0   15      30017.311685   1    14   0     0.0     0.0     0.0   +    ||X1Sigma+
      38.0   16      31770.990290   1    15   0     0.0     0.0     0.0   +    ||X1Sigma+
      38.0   17      33498.786058   1    16   0     0.0     0.0     0.0   +    ||X1Sigma+
      38.0   18      35200.753159   1    17   0     0.0     0.0     0.0   +    ||X1Sigma+
      38.0   19      36876.950631   1    18   0     0.0     0.0     0.0   +    ||X1Sigma+
      38.0   20      38527.377069   1    19   0     0.0     0.0     0.0   +    ||X1Sigma+
      38.0   21      40151.959267   1    20   0     0.0     0.0     0.0   +    ||X1Sigma+
      38.0   22      41750.572890   1    21   0     0.0     0.0     0.0   +    ||X1Sigma+
      38.0   23      43322.942231   1    22   0     0.0     0.0     0.0   +    ||X1Sigma+
      38.0   24      44868.576283   1    23   0     0.0     0.0     0.0   +    ||X1Sigma+
      38.0   25      46386.737759   1    24   0     0.0     0.0     0.0   +    ||X1Sigma+
      38.0   26      47876.318069   1    25   0     0.0     0.0     0.0   +    ||X1Sigma+
      38.0   27      49335.632445   1    26   0     0.0     0.0     0.0   +    ||X1Sigma+
      38.0   28      50762.184356   1    27   0     0.0     0.0     0.0   +    ||X1Sigma+
      38.0   29      52152.392802   1    28   0     0.0     0.0     0.0   +    ||X1Sigma+
      38.0   30      53501.272811   1    29   0     0.0     0.0     0.0   +    ||X1Sigma+
      38.0   31      54802.627527   1    30   0     0.0     0.0     0.0   +    ||X1Sigma+
      38.0   32      56051.075864   1    31   0     0.0     0.0     0.0   +    ||X1Sigma+
      38.0   33      57245.692492   1    32   0     0.0     0.0     0.0   +    ||X1Sigma+
      38.0   34      58388.899816   1    33   0     0.0     0.0     0.0   +    ||X1Sigma+
      38.0   35      59478.847353   1    34   0     0.0     0.0     0.0   +    ||X1Sigma+
      38.0   36      60512.618366   1    35   0     0.0     0.0     0.0   +    ||X1Sigma+
      38.0   37      61491.533125   1    36   0     0.0     0.0     0.0   +    ||X1Sigma+
      38.0   38      62414.230767   1    37   0     0.0     0.0     0.0   +    ||X1Sigma+
      38.0   39      63281.097603   1    38   0     0.0     0.0     0.0   +    ||X1Sigma+
      38.0   40      64091.410540   1    39   0     0.0     0.0     0.0   +    ||X1Sigma+
      38.0   41      64845.914984   1    40   0     0.0     0.0     0.0   +    ||X1Sigma+
      38.0   42      65544.551704   1    41   0     0.0     0.0     0.0   +    ||X1Sigma+
      38.0   43      66188.020327   1    42   0     0.0     0.0     0.0   +    ||X1Sigma+
      38.0   44      66777.113842   1    43   0     0.0     0.0     0.0   +    ||X1Sigma+
      38.0   45      67312.619808   1    44   0     0.0     0.0     0.0   +    ||X1Sigma+
      38.0   46      67795.698716   1    45   0     0.0     0.0     0.0   +    ||X1Sigma+
      38.0   47      68227.689528   1    46   0     0.0     0.0     0.0   +    ||X1Sigma+
      38.0   48      68610.083144   1    47   0     0.0     0.0     0.0   +    ||X1Sigma+
      38.0   49      68961.578025   1    48   0     0.0     0.0     0.0   +    ||X1Sigma+
      38.0   50      70284.582497   1    49   0     0.0     0.0     0.0   +    ||X1Sigma+

Zero point energy (ZPE) =    1056.185498244544

j =      39.0

Define the quanta book-keeping
The total number sigma/lambda states (size of the sigma-lambda submatrix) = 1

Sigma-Lambda basis set:
     i     jrot  state   spin    sigma lambda   omega
     1     39.0    1      0.0      0.0    0      0.0   X1Sigma+
...done!

Contracted basis set:
     i     jrot ilevel ivib state v     spin    sigma lambda   omega   Name
     1     39.0    1    1    1    0      0.0      0.0    0      0.0   X1Sigma+
     2     39.0    1    2    1    1      0.0      0.0    0      0.0   X1Sigma+
     3     39.0    1    3    1    2      0.0      0.0    0      0.0   X1Sigma+
     4     39.0    1    4    1    3      0.0      0.0    0      0.0   X1Sigma+
     5     39.0    1    5    1    4      0.0      0.0    0      0.0   X1Sigma+
     6     39.0    1    6    1    5      0.0      0.0    0      0.0   X1Sigma+
     7     39.0    1    7    1    6      0.0      0.0    0      0.0   X1Sigma+
     8     39.0    1    8    1    7      0.0      0.0    0      0.0   X1Sigma+
     9     39.0    1    9    1    8      0.0      0.0    0      0.0   X1Sigma+
    10     39.0    1   10    1    9      0.0      0.0    0      0.0   X1Sigma+
    11     39.0    1   11    1   10      0.0      0.0    0      0.0   X1Sigma+
    12     39.0    1   12    1   11      0.0      0.0    0      0.0   X1Sigma+
    13     39.0    1   13    1   12      0.0      0.0    0      0.0   X1Sigma+
    14     39.0    1   14    1   13      0.0      0.0    0      0.0   X1Sigma+
    15     39.0    1   15    1   14      0.0      0.0    0      0.0   X1Sigma+
    16     39.0    1   16    1   15      0.0      0.0    0      0.0   X1Sigma+
    17     39.0    1   17    1   16      0.0      0.0    0      0.0   X1Sigma+
    18     39.0    1   18    1   17      0.0      0.0    0      0.0   X1Sigma+
    19     39.0    1   19    1   18      0.0      0.0    0      0.0   X1Sigma+
    20     39.0    1   20    1   19      0.0      0.0    0      0.0   X1Sigma+
    21     39.0    1   21    1   20      0.0      0.0    0      0.0   X1Sigma+
    22     39.0    1   22    1   21      0.0      0.0    0      0.0   X1Sigma+
    23     39.0    1   23    1   22      0.0      0.0    0      0.0   X1Sigma+
    24     39.0    1   24    1   23      0.0      0.0    0      0.0   X1Sigma+
    25     39.0    1   25    1   24      0.0      0.0    0      0.0   X1Sigma+
    26     39.0    1   26    1   25      0.0      0.0    0      0.0   X1Sigma+
    27     39.0    1   27    1   26      0.0      0.0    0      0.0   X1Sigma+
    28     39.0    1   28    1   27      0.0      0.0    0      0.0   X1Sigma+
    29     39.0    1   29    1   28      0.0      0.0    0      0.0   X1Sigma+
    30     39.0    1   30    1   29      0.0      0.0    0      0.0   X1Sigma+
    31     39.0    1   31    1   30      0.0      0.0    0      0.0   X1Sigma+
    32     39.0    1   32    1   31      0.0      0.0    0      0.0   X1Sigma+
    33     39.0    1   33    1   32      0.0      0.0    0      0.0   X1Sigma+
    34     39.0    1   34    1   33      0.0      0.0    0      0.0   X1Sigma+
    35     39.0    1   35    1   34      0.0      0.0    0      0.0   X1Sigma+
    36     39.0    1   36    1   35      0.0      0.0    0      0.0   X1Sigma+
    37     39.0    1   37    1   36      0.0      0.0    0      0.0   X1Sigma+
    38     39.0    1   38    1   37      0.0      0.0    0      0.0   X1Sigma+
    39     39.0    1   39    1   38      0.0      0.0    0      0.0   X1Sigma+
    40     39.0    1   40    1   39      0.0      0.0    0      0.0   X1Sigma+
    41     39.0    1   41    1   40      0.0      0.0    0      0.0   X1Sigma+
    42     39.0    1   42    1   41      0.0      0.0    0      0.0   X1Sigma+
    43     39.0    1   43    1   42      0.0      0.0    0      0.0   X1Sigma+
    44     39.0    1   44    1   43      0.0      0.0    0      0.0   X1Sigma+
    45     39.0    1   45    1   44      0.0      0.0    0      0.0   X1Sigma+
    46     39.0    1   46    1   45      0.0      0.0    0      0.0   X1Sigma+
    47     39.0    1   47    1   46      0.0      0.0    0      0.0   X1Sigma+
    48     39.0    1   48    1   47      0.0      0.0    0      0.0   X1Sigma+
    49     39.0    1   49    1   48      0.0      0.0    0      0.0   X1Sigma+
    50     39.0    1   50    1   49      0.0      0.0    0      0.0   X1Sigma+


 Memory Report:
 Active Arrays                                          size (MB)
 r-field                                                    0.010                
 icontrvib                                                  0.031                
 brot                                                       0.020                
 X1Sigma+                                                   0.020                
 BROT                                                       0.022                
 <X|mu|X>                                                   0.020                
 hmat                                                       0.020                
 eigens                                                     0.796                
 Total memory   =                                           0.953 MB
 Maximal memory =                                           2.504 MB (         8000.000)

 (       27 arrays contributing less than 1% are not shown)


Construct the hamiltonian matrix
...done!

Non-zero matrix elements of the coupled Sigma-Lambda matrix:
Threshold for printing is   2.22E-16 cm^-1
RV == Rotational-vibrational
SO == Spin-Orbit interaction
SS == Spin-Spin interaction
JS == J.S interaction (aka S-uncoupling)
LS == L.J interaction (aka L-uncoupling)
LS == L.S interaction (spin-electronic)
RV=       -231.943;
 


Eigenvalues for J =     39.0

       J      i        Energy/cm  State   v  lambda spin   sigma   omega  parity
      39.0    1       2967.976960   1     0   0     0.0     0.0     0.0   -    ||X1Sigma+
      39.0    2       5050.476758   1     1   0     0.0     0.0     0.0   -    ||X1Sigma+
      39.0    3       7118.015925   1     2   0     0.0     0.0     0.0   -    ||X1Sigma+
      39.0    4       9169.310058   1     3   0     0.0     0.0     0.0   -    ||X1Sigma+
      39.0    5      11199.853326   1     4   0     0.0     0.0     0.0   -    ||X1Sigma+
      39.0    6      13207.483260   1     5   0     0.0     0.0     0.0   -    ||X1Sigma+
      39.0    7      15191.395790   1     6   0     0.0     0.0     0.0   -    ||X1Sigma+
      39.0    8      17150.732621   1     7   0     0.0     0.0     0.0   -    ||X1Sigma+
      39.0    9      19084.863590   1     8   0     0.0     0.0     0.0   -    ||X1Sigma+
      39.0   10      20993.317417   1     9   0     0.0     0.0     0.0   -    ||X1Sigma+
      39.0   11      22875.985430   1    10   0     0.0     0.0     0.0   -    ||X1Sigma+
      39.0   12      24732.594585   1    11   0     0.0     0.0     0.0   -    ||X1Sigma+
      39.0   13      26563.065697   1    12   0     0.0     0.0     0.0   -    ||X1Sigma+
      39.0   14      28367.456459   1    13   0     0.0     0.0     0.0   -    ||X1Sigma+
      39.0   15      30145.791558   1    14   0     0.0     0.0     0.0   -    ||X1Sigma+
      39.0   16      31898.155505   1    15   0     0.0     0.0     0.0   -    ||X1Sigma+
      39.0   17      33624.639244   1    16   0     0.0     0.0     0.0   -    ||X1Sigma+
      39.0   18      35325.296532   1    17   0     0.0     0.0     0.0   -    ||X1Sigma+
      39.0   19      37000.185775   1    18   0     0.0     0.0     0.0   -    ||X1Sigma+
      39.0   20      38649.302065   1    19   0     0.0     0.0     0.0   -    ||X1Sigma+
      39.0   21      40272.568986   1    20   0     0.0     0.0     0.0   -    ||X1Sigma+
      39.0   22      41869.857759   1    21   0     0.0     0.0     0.0   -    ||X1Sigma+
      39.0   23      43440.886124   1    22   0     0.0     0.0     0.0   -    ||X1Sigma+
      39.0   24      44985.155083   1    23   0     0.0     0.0     0.0   -    ||X1Sigma+
      39.0   25      46501.915437   1    24   0     0.0     0.0     0.0   -    ||X1Sigma+
      39.0   26      47990.041034   1    25   0     0.0     0.0     0.0   -    ||X1Sigma+
      39.0   27      49447.821157   1    26   0     0.0     0.0     0.0   -    ||X1Sigma+
      39.0   28      50872.722467   1    27   0     0.0     0.0     0.0   -    ||X1Sigma+
      39.0   29      52261.114019   1    28   0     0.0     0.0     0.0   -    ||X1Sigma+
      39.0   30      53607.948848   1    29   0     0.0     0.0     0.0   -    ||X1Sigma+
      39.0   31      54906.995126   1    30   0     0.0     0.0     0.0   -    ||X1Sigma+
      39.0   32      56152.953826   1    31   0     0.0     0.0     0.0   -    ||X1Sigma+
      39.0   33      57345.089237   1    32   0     0.0     0.0     0.0   -    ||X1Sigma+
      39.0   34      58485.801643   1    33   0     0.0     0.0     0.0   -    ||X1Sigma+
      39.0   35      59573.030781   1    34   0     0.0     0.0     0.0   -    ||X1Sigma+
      39.0   36      60604.018496   1    35   0     0.0     0.0     0.0   -    ||X1Sigma+
      39.0   37      61580.087596   1    36   0     0.0     0.0     0.0   -    ||X1Sigma+
      39.0   38      62499.819633   1    37   0     0.0     0.0     0.0   -    ||X1Sigma+
      39.0   39      63363.651557   1    38   0     0.0     0.0     0.0   -    ||X1Sigma+
      39.0   40      64170.834603   1    39   0     0.0     0.0     0.0   -    ||X1Sigma+
      39.0   41      64922.123953   1    40   0     0.0     0.0     0.0   -    ||X1Sigma+
      39.0   42      65617.484766   1    41   0     0.0     0.0     0.0   -    ||X1Sigma+
      39.0   43      66257.577345   1    42   0     0.0     0.0     0.0   -    ||X1Sigma+
      39.0   44      66843.229188   1    43   0     0.0     0.0     0.0   -    ||X1Sigma+
      39.0   45      67375.226899   1    44   0     0.0     0.0     0.0   -    ||X1Sigma+
      39.0   46      67854.717875   1    45   0     0.0     0.0     0.0   -    ||X1Sigma+
      39.0   47      68283.054777   1    46   0     0.0     0.0     0.0   -    ||X1Sigma+
      39.0   48      68661.762360   1    47   0     0.0     0.0     0.0   -    ||X1Sigma+
      39.0   49      69018.858240   1    48   0     0.0     0.0     0.0   -    ||X1Sigma+
      39.0   50      70435.895766   1    49   0     0.0     0.0     0.0   -    ||X1Sigma+

Zero point energy (ZPE) =    1056.185498244544

j =      40.0

Define the quanta book-keeping
The total number sigma/lambda states (size of the sigma-lambda submatrix) = 1

Sigma-Lambda basis set:
     i     jrot  state   spin    sigma lambda   omega
     1     40.0    1      0.0      0.0    0      0.0   X1Sigma+
...done!

Contracted basis set:
     i     jrot ilevel ivib state v     spin    sigma lambda   omega   Name
     1     40.0    1    1    1    0      0.0      0.0    0      0.0   X1Sigma+
     2     40.0    1    2    1    1      0.0      0.0    0      0.0   X1Sigma+
     3     40.0    1    3    1    2      0.0      0.0    0      0.0   X1Sigma+
     4     40.0    1    4    1    3      0.0      0.0    0      0.0   X1Sigma+
     5     40.0    1    5    1    4      0.0      0.0    0      0.0   X1Sigma+
     6     40.0    1    6    1    5      0.0      0.0    0      0.0   X1Sigma+
     7     40.0    1    7    1    6      0.0      0.0    0      0.0   X1Sigma+
     8     40.0    1    8    1    7      0.0      0.0    0      0.0   X1Sigma+
     9     40.0    1    9    1    8      0.0      0.0    0      0.0   X1Sigma+
    10     40.0    1   10    1    9      0.0      0.0    0      0.0   X1Sigma+
    11     40.0    1   11    1   10      0.0      0.0    0      0.0   X1Sigma+
    12     40.0    1   12    1   11      0.0      0.0    0      0.0   X1Sigma+
    13     40.0    1   13    1   12      0.0      0.0    0      0.0   X1Sigma+
    14     40.0    1   14    1   13      0.0      0.0    0      0.0   X1Sigma+
    15     40.0    1   15    1   14      0.0      0.0    0      0.0   X1Sigma+
    16     40.0    1   16    1   15      0.0      0.0    0      0.0   X1Sigma+
    17     40.0    1   17    1   16      0.0      0.0    0      0.0   X1Sigma+
    18     40.0    1   18    1   17      0.0      0.0    0      0.0   X1Sigma+
    19     40.0    1   19    1   18      0.0      0.0    0      0.0   X1Sigma+
    20     40.0    1   20    1   19      0.0      0.0    0      0.0   X1Sigma+
    21     40.0    1   21    1   20      0.0      0.0    0      0.0   X1Sigma+
    22     40.0    1   22    1   21      0.0      0.0    0      0.0   X1Sigma+
    23     40.0    1   23    1   22      0.0      0.0    0      0.0   X1Sigma+
    24     40.0    1   24    1   23      0.0      0.0    0      0.0   X1Sigma+
    25     40.0    1   25    1   24      0.0      0.0    0      0.0   X1Sigma+
    26     40.0    1   26    1   25      0.0      0.0    0      0.0   X1Sigma+
    27     40.0    1   27    1   26      0.0      0.0    0      0.0   X1Sigma+
    28     40.0    1   28    1   27      0.0      0.0    0      0.0   X1Sigma+
    29     40.0    1   29    1   28      0.0      0.0    0      0.0   X1Sigma+
    30     40.0    1   30    1   29      0.0      0.0    0      0.0   X1Sigma+
    31     40.0    1   31    1   30      0.0      0.0    0      0.0   X1Sigma+
    32     40.0    1   32    1   31      0.0      0.0    0      0.0   X1Sigma+
    33     40.0    1   33    1   32      0.0      0.0    0      0.0   X1Sigma+
    34     40.0    1   34    1   33      0.0      0.0    0      0.0   X1Sigma+
    35     40.0    1   35    1   34      0.0      0.0    0      0.0   X1Sigma+
    36     40.0    1   36    1   35      0.0      0.0    0      0.0   X1Sigma+
    37     40.0    1   37    1   36      0.0      0.0    0      0.0   X1Sigma+
    38     40.0    1   38    1   37      0.0      0.0    0      0.0   X1Sigma+
    39     40.0    1   39    1   38      0.0      0.0    0      0.0   X1Sigma+
    40     40.0    1   40    1   39      0.0      0.0    0      0.0   X1Sigma+
    41     40.0    1   41    1   40      0.0      0.0    0      0.0   X1Sigma+
    42     40.0    1   42    1   41      0.0      0.0    0      0.0   X1Sigma+
    43     40.0    1   43    1   42      0.0      0.0    0      0.0   X1Sigma+
    44     40.0    1   44    1   43      0.0      0.0    0      0.0   X1Sigma+
    45     40.0    1   45    1   44      0.0      0.0    0      0.0   X1Sigma+
    46     40.0    1   46    1   45      0.0      0.0    0      0.0   X1Sigma+
    47     40.0    1   47    1   46      0.0      0.0    0      0.0   X1Sigma+
    48     40.0    1   48    1   47      0.0      0.0    0      0.0   X1Sigma+
    49     40.0    1   49    1   48      0.0      0.0    0      0.0   X1Sigma+
    50     40.0    1   50    1   49      0.0      0.0    0      0.0   X1Sigma+


 Memory Report:
 Active Arrays                                          size (MB)
 icontrvib                                                  0.031                
 brot                                                       0.020                
 X1Sigma+                                                   0.020                
 BROT                                                       0.022                
 <X|mu|X>                                                   0.020                
 hmat                                                       0.020                
 eigens                                                     0.816                
 Total memory   =                                           0.974 MB
 Maximal memory =                                           2.504 MB (         8000.000)

 (       28 arrays contributing less than 1% are not shown)


Construct the hamiltonian matrix
...done!

Non-zero matrix elements of the coupled Sigma-Lambda matrix:
Threshold for printing is   2.22E-16 cm^-1
RV == Rotational-vibrational
SO == Spin-Orbit interaction
SS == Spin-Spin interaction
JS == J.S interaction (aka S-uncoupling)
LS == L.J interaction (aka L-uncoupling)
LS == L.S interaction (spin-electronic)
RV=       -243.838;
 


Eigenvalues for J =     40.0

       J      i        Energy/cm  State   v  lambda spin   sigma   omega  parity
      40.0    1       3119.366202   1     0   0     0.0     0.0     0.0   +    ||X1Sigma+
      40.0    2       5200.643452   1     1   0     0.0     0.0     0.0   +    ||X1Sigma+
      40.0    3       7266.749068   1     2   0     0.0     0.0     0.0   +    ||X1Sigma+
      40.0    4       9316.546903   1     3   0     0.0     0.0     0.0   +    ||X1Sigma+
      40.0    5      11345.611678   1     4   0     0.0     0.0     0.0   +    ||X1Sigma+
      40.0    6      13351.780103   1     5   0     0.0     0.0     0.0   +    ||X1Sigma+
      40.0    7      15334.234117   1     6   0     0.0     0.0     0.0   +    ||X1Sigma+
      40.0    8      17292.130785   1     7   0     0.0     0.0     0.0   +    ||X1Sigma+
      40.0    9      19224.836776   1     8   0     0.0     0.0     0.0   +    ||X1Sigma+
      40.0   10      21131.879706   1     9   0     0.0     0.0     0.0   +    ||X1Sigma+
      40.0   11      23013.152054   1    10   0     0.0     0.0     0.0   +    ||X1Sigma+
      40.0   12      24868.379138   1    11   0     0.0     0.0     0.0   +    ||X1Sigma+
      40.0   13      26697.480572   1    12   0     0.0     0.0     0.0   +    ||X1Sigma+
      40.0   14      28500.509121   1    13   0     0.0     0.0     0.0   +    ||X1Sigma+
      40.0   15      30277.488632   1    14   0     0.0     0.0     0.0   +    ||X1Sigma+
      40.0   16      32028.503780   1    15   0     0.0     0.0     0.0   +    ||X1Sigma+
      40.0   17      33753.641387   1    16   0     0.0     0.0     0.0   +    ||X1Sigma+
      40.0   18      35452.954790   1    17   0     0.0     0.0     0.0   +    ||X1Sigma+
      40.0   19      37126.501693   1    18   0     0.0     0.0     0.0   +    ||X1Sigma+
      40.0   20      38774.273609   1    19   0     0.0     0.0     0.0   +    ||X1Sigma+
      40.0   21      40396.190862   1    20   0     0.0     0.0     0.0   +    ||X1Sigma+
      40.0   22      41992.119986   1    21   0     0.0     0.0     0.0   +    ||X1Sigma+
      40.0   23      43561.771896   1    22   0     0.0     0.0     0.0   +    ||X1Sigma+
      40.0   24      45104.639363   1    23   0     0.0     0.0     0.0   +    ||X1Sigma+
      40.0   25      46619.960809   1    24   0     0.0     0.0     0.0   +    ||X1Sigma+
      40.0   26      48106.591765   1    25   0     0.0     0.0     0.0   +    ||X1Sigma+
      40.0   27      49562.794535   1    26   0     0.0     0.0     0.0   +    ||X1Sigma+
      40.0   28      50985.997561   1    27   0     0.0     0.0     0.0   +    ||X1Sigma+
      40.0   29      52372.517994   1    28   0     0.0     0.0     0.0   +    ||X1Sigma+
      40.0   30      53717.245086   1    29   0     0.0     0.0     0.0   +    ||X1Sigma+
      40.0   31      55013.913446   1    30   0     0.0     0.0     0.0   +    ||X1Sigma+
      40.0   32      56257.313972   1    31   0     0.0     0.0     0.0   +    ||X1Sigma+
      40.0   33      57446.905162   1    32   0     0.0     0.0     0.0   +    ||X1Sigma+
      40.0   34      58585.051125   1    33   0     0.0     0.0     0.0   +    ||X1Sigma+
      40.0   35      59669.481960   1    34   0     0.0     0.0     0.0   +    ||X1Sigma+
      40.0   36      60697.613474   1    35   0     0.0     0.0     0.0   +    ||X1Sigma+
      40.0   37      61670.753847   1    36   0     0.0     0.0     0.0   +    ||X1Sigma+
      40.0   38      62587.439815   1    37   0     0.0     0.0     0.0   +    ||X1Sigma+
      40.0   39      63448.148181   1    38   0     0.0     0.0     0.0   +    ||X1Sigma+
      40.0   40      64252.115882   1    39   0     0.0     0.0     0.0   +    ||X1Sigma+
      40.0   41      65000.096560   1    40   0     0.0     0.0     0.0   +    ||X1Sigma+
      40.0   42      65692.088727   1    41   0     0.0     0.0     0.0   +    ||X1Sigma+
      40.0   43      66328.710216   1    42   0     0.0     0.0     0.0   +    ||X1Sigma+
      40.0   44      66910.820823   1    43   0     0.0     0.0     0.0   +    ||X1Sigma+
      40.0   45      67439.211995   1    44   0     0.0     0.0     0.0   +    ||X1Sigma+
      40.0   46      67915.019059   1    45   0     0.0     0.0     0.0   +    ||X1Sigma+
      40.0   47      68339.607639   1    46   0     0.0     0.0     0.0   +    ||X1Sigma+
      40.0   48      68714.501976   1    47   0     0.0     0.0     0.0   +    ||X1Sigma+
      40.0   49      69080.210304   1    48   0     0.0     0.0     0.0   +    ||X1Sigma+
      40.0   50      70594.186779   1    49   0     0.0     0.0     0.0   +    ||X1Sigma+

Zero point energy (ZPE) =    1056.185498244544

Zero point energy (ZPE) =        1056.185498 (global zero, used for intensities)

Read and sort eigenvalues in increasing order...
...done!

Partition funciton =           843.7000 T =      2000.00
Skipping pre-count of transitions for speed.
Number of states for each symm =      449     427

Dipole moment integration (i)...

...done!

 Statistical weights gns =          1.0         1.0

This is a line list production only, intensity print-out is swtitched off
To see intensities in the standard output remove the keyword LINELIST from INTENSITY

J =       0.0
J =       1.0
J =       2.0
J =       3.0
J =       4.0
J =       5.0
J =       6.0
J =       7.0
J =       8.0
J =       9.0
J =      10.0
J =      11.0
J =      12.0
J =      13.0
J =      14.0
J =      15.0
J =      16.0
J =      17.0
J =      18.0
J =      19.0
J =      20.0
J =      21.0
J =      22.0
J =      23.0
J =      24.0
J =      25.0
J =      26.0
J =      27.0
J =      28.0
J =      29.0
J =      30.0
J =      31.0
J =      32.0
J =      33.0
J =      34.0
J =      35.0
J =      36.0
J =      37.0
J =      38.0
J =      39.0
J =      40.0
-----------------------------------------------------------
SUCCESS: Parallel Intensity Loop Finished Correctly.
-----------------------------------------------------------

done


 Memory Report:
 Active Arrays                                          size (MB)
 r-field                                                    0.010                
 brot                                                       0.020                
 X1Sigma+                                                   0.020                
 BROT                                                       0.022                
 <X|mu|X>                                                   0.020                
 eigens                                                     0.836                
 Total memory   =                                           0.941 MB
 Maximal memory =                                           2.504 MB (         8000.000)

 (       32 arrays contributing less than 1% are not shown)


              Timing data at 2026/07/06 10:10:16

 Timer                               Calls  Total time (seconds)  Self time (seconds)
 -----                               -----  --------------------  -------------------
                                                 Real       CPU        Real       CPU

 Duo                            *       1.        0.2       1.7         0.0       0.2
 Grid representaions                    2.        0.0       0.0         0.0       0.0
 Map on grid                            1.        0.0       0.0         0.0       0.0
 Solve vibrational part                 1.        0.0       0.1         0.0       0.1
 Compute vibrational matrix ele         1.        0.0       0.1         0.0       0.1
 Construct the hamiltonian             41.        0.0       0.4         0.0       0.4
 Diagonalization                       41.        0.0       0.1         0.0       0.1
 Assignment                            41.        0.0       0.1         0.0       0.1
 Prepare_eigenfuncs_for_intens         41.        0.0       0.0         0.0       0.0
 Intensity calculations                 1.        0.1       0.8         0.1       0.8

 (  4 timers contributing less than 1% are not shown)

--End--
