
 Working directory              : /scratch/sy/CO/molpro_Duo_exocross/CO_loop6/molpro.tFOKgrLZDy/
 Global scratch directory       : /scratch/sy/CO/molpro_Duo_exocross/CO_loop6/molpro.tFOKgrLZDy/
 Wavefunction directory         : /scratch/sy/CO/molpro_Duo_exocross/CO_loop6/
 Main file repository           : /scratch/sy/CO/molpro_Duo_exocross/CO_loop6/

 id        : uclcc

 Nodes                        nprocs
 lithium.theory.phys.ucl.ac.uk    1
 GA implementation: MPI file
 GA implementation (serial work in mppx): MPI file

 Using customized tuning parameters: mindgm=1; mindgv=20; mindgc=4; mindgr=1; noblas=0; minvec=7
 default implementation of scratch files=df  


 Variables initialized (1042), CPU time= 0.00 sec
 
 BASIS=aug-cc-pVQZ
 
 geometry={angstrom;
 C;
 O,C,r}
 
 rgeom=[0.7,0.8,0.9,1.0,1.1,1.2,1.25,1.3,1.35,1.4,1.45,1.5,1.55,1.6,1.65,1.68,1.69,1.70,1.71,1.72,1.73,1.74,1.75,1.76,1.78,1.80] ang
 
 
 field=[-0.005, 0.005]
 
 do i=1,#rgeom
 
  r=rgeom(i)
  rx(i) = rgeom(i)
  XX(i) = 'xxxx'
  YY(i) = 'yyyy'
 
  {rhf}
  CCSD(T)
  ener1(i) = energy
  dip,,,field(1)
 
  {rhf}
  CCSD(T)
  ez1=energy
  dip,,,field(2)
 
  {rhf}
  CCSD(T)
  ez2=energy
  dipau=(ez2-ez1)/(field(2)-field(1))
  dm1(i)=dipau*TODEBYE
 
 enddo
 
 
 table, XX,rx,ener1
 DIGITS, 0, 5,  12
 
 
 table, YY,rx,dm1
 DIGITS, 0, 5,  12
 
                                                                                 !table, rx,ener1
                                                                                 !DIGITS, 5,  12
                                                                                 !save,co_loop1.dat,new
 
 Commands initialized (847), CPU time= 0.01 sec, 718 directives.
 Default parameters read. Elapsed time= 0.21 sec

 Checking input...
 Passed
1


                                         ***  PROGRAM SYSTEM MOLPRO  ***
                                       Copyright, TTI GmbH Stuttgart, 2015
                                    Version 2024.1 linked Wed Jan 31 10:42:09 2024


 **********************************************************************************************************************************
 LABEL *                                                                                                                                                                 
  64 bit serial version                                                                  DATE: 06-Jul-26          TIME: 14:56:08  
 **********************************************************************************************************************************

 SHA1:             675817fde4514a4a933b69e420913a90cee4ef91
 **********************************************************************************************************************************

 Memory per process:        32 MW
 Total memory per node:     32 MW

 GA preallocation disabled
 GA check disabled

 Variable memory set to 32.0 MW

 SETTING BASIS          =    AUG-CC-PVQZ
 SETTING RGEOM(1)       =         0.70000000  ANG                             
 SETTING RGEOM(2)       =         0.80000000  ANG                             
 SETTING RGEOM(3)       =         0.90000000  ANG                             
 SETTING RGEOM(4)       =         1.00000000  ANG                             
 SETTING RGEOM(5)       =         1.10000000  ANG                             
 SETTING RGEOM(6)       =         1.20000000  ANG                             
 SETTING RGEOM(7)       =         1.25000000  ANG                             
 SETTING RGEOM(8)       =         1.30000000  ANG                             
 SETTING RGEOM(9)       =         1.35000000  ANG                             
 SETTING RGEOM(10)      =         1.40000000  ANG                             
 SETTING RGEOM(11)      =         1.45000000  ANG                             
 SETTING RGEOM(12)      =         1.50000000  ANG                             
 SETTING RGEOM(13)      =         1.55000000  ANG                             
 SETTING RGEOM(14)      =         1.60000000  ANG                             
 SETTING RGEOM(15)      =         1.65000000  ANG                             
 SETTING RGEOM(16)      =         1.68000000  ANG                             
 SETTING RGEOM(17)      =         1.69000000  ANG                             
 SETTING RGEOM(18)      =         1.70000000  ANG                             
 SETTING RGEOM(19)      =         1.71000000  ANG                             
 SETTING RGEOM(20)      =         1.72000000  ANG                             
 SETTING RGEOM(21)      =         1.73000000  ANG                             
 SETTING RGEOM(22)      =         1.74000000  ANG                             
 SETTING RGEOM(23)      =         1.75000000  ANG                             
 SETTING RGEOM(24)      =         1.76000000  ANG                             
 SETTING RGEOM(25)      =         1.78000000  ANG                             
 SETTING RGEOM(26)      =         1.80000000  ANG                             
 SETTING FIELD(1)       =        -0.00500000                                  
 SETTING FIELD(2)       =         0.00500000                                  

 DO I                   =         1.00000000   
 SETTING R              =         0.70000000  ANG                             
 SETTING RX(1)          =         0.70000000  ANG                             
 SETTING XX(1)          =    xxxx
 SETTING YY(1)          =    yyyy


 Recomputing integrals since basis changed


 Using spherical harmonics

 Library entry C      S aug-cc-pVQZ          selected for orbital group  1
 Library entry C      P aug-cc-pVQZ          selected for orbital group  1
 Library entry C      D aug-cc-pVQZ          selected for orbital group  1
 Library entry C      F aug-cc-pVQZ          selected for orbital group  1
 Library entry C      G aug-cc-pVQZ          selected for orbital group  1
 Library entry O      S aug-cc-pVQZ          selected for orbital group  2
 Library entry O      P aug-cc-pVQZ          selected for orbital group  2
 Library entry O      D aug-cc-pVQZ          selected for orbital group  2
 Library entry O      F aug-cc-pVQZ          selected for orbital group  2
 Library entry O      G aug-cc-pVQZ          selected for orbital group  2


 PROGRAM * SEWARD (Integral evaluation for generally contracted gaussian basis sets)     Author: Roland Lindh, 1990

 Geometry written to block  1 of record 700

 Orientation using atomic masses  
 Molecule type: Linear
 Symmetry elements: X,Y
 Rotational constants:     150.3341189    150.3341189      0.0000000 GHz  (calculated with average atomic masses)

 Point group  C2v 



 ATOMIC COORDINATES

 NR  ATOM    CHARGE       X              Y              Z

   1  C       6.00    0.000000000    0.000000000   -0.755581459
   2  O       8.00    0.000000000    0.000000000    0.567226828

 Bond lengths in Bohr (Angstrom)

 1-2  1.322808287
     ( 0.700000000)

 NUCLEAR CHARGE:                   14
 NUMBER OF PRIMITIVE AOS:         236
 NUMBER OF SYMMETRY AOS:          186
 NUMBER OF CONTRACTIONS:          160   (   62A1  +   38B1  +   38B2  +   22A2  )
 NUMBER OF INNER CORE ORBITALS:     0   (    0A1  +    0B1  +    0B2  +    0A2  )
 NUMBER OF OUTER CORE ORBITALS:     2   (    2A1  +    0B1  +    0B2  +    0A2  )
 NUMBER OF VALENCE ORBITALS:        8   (    4A1  +    2B1  +    2B2  +    0A2  )


 NUCLEAR REPULSION ENERGY   36.28643732

 EXTRA SYMMETRY OF AOS IN SYMMETRY 1:   1 1 1 1 1 1 1 1 1 1   1 1 2 1 2 1 2 1 2 1   2 1 2 1 2 1 3 2 1 3   2 1 1 1 1 1 1 1 1 1
                                        1 1 1 2 1 2 1 2 1 2   1 2 1 2 1 2 1 3 2 1   3 2
 EXTRA SYMMETRY OF AOS IN SYMMETRY 2:   1 1 1 1 1 1 1 1 1 1   2 1 2 1 2 1 2 1 2 1   1 1 1 1 1 1 1 1 1 2   1 2 1 2 1 2 1 2
 EXTRA SYMMETRY OF AOS IN SYMMETRY 3:   1 1 1 1 1 1 1 1 1 1   2 1 2 1 2 1 2 1 2 1   1 1 1 1 1 1 1 1 1 2   1 2 1 2 1 2 1 2
 EXTRA SYMMETRY OF AOS IN SYMMETRY 4:   1 1 1 1 1 1 1 1 2 1   2 1 1 1 1 1 1 1 1 2   1 2

 Eigenvalues of metric

         1 0.353E-04 0.149E-03 0.239E-03 0.415E-03 0.474E-03 0.668E-03 0.151E-02 0.189E-02
         2 0.232E-03 0.164E-02 0.223E-02 0.514E-02 0.716E-02 0.109E-01 0.216E-01 0.326E-01
         3 0.232E-03 0.164E-02 0.223E-02 0.514E-02 0.716E-02 0.109E-01 0.216E-01 0.326E-01
         4 0.151E-02 0.101E-01 0.409E-01 0.580E-01 0.119E+00 0.165E+00 0.282E+00 0.286E+00


 Contracted 2-electron integrals neglected if value below      1.0D-12
 AO integral compression algorithm  1   Integral accuracy      1.0D-12

     124.518 MB (compressed) written to integral file ( 58.0%)


 NUMBER OF SORTED TWO-ELECTRON INTEGRALS:   21336328.     BUFFER LENGTH:  32768
 NUMBER OF SEGMENTS:   2  SEGMENT LENGTH:   15999988      RECORD LENGTH: 524288

 Memory used in sort:      16.56 MW

 SORT1 READ    26829300. AND WROTE    15245461. INTEGRALS IN     44 RECORDS. CPU TIME:     0.37 SEC, REAL TIME:     0.45 SEC
 SORT2 READ    15245461. AND WROTE    21336328. INTEGRALS IN    475 RECORDS. CPU TIME:     0.35 SEC, REAL TIME:     0.39 SEC

 FILE SIZES:   FILE 1:   155.1 MBYTE,  FILE 4:   184.6 MBYTE,   TOTAL:    339.7 MBYTE

 OPERATOR DM      FOR CENTER  0  COORDINATES:    0.000000    0.000000    0.000000


 **********************************************************************************************************************************
 DATASETS  * FILE   NREC   LENGTH (MB)   RECORD NAMES
              1      19      121.76       500      610      700      900      950      970     1000      129      960     1100   
                                          VAR    BASINP    GEOM    SYMINP    ZMAT    AOBASIS   BASIS     P2S    ABASIS      S 
                                         1400     1410     1200     1210     1080     1600     1650     1300     1700   
                                           T        V       H0       H01     AOSYM     SMH    MOLCAS    ERIS     OPER   

 PROGRAMS   *        TOTAL       INT
 CPU TIMES  *         3.58      3.42
 REAL TIME  *         4.13 SEC
 DISK USED  *       324.34 MB
 **********************************************************************************************************************************


 Program * Restricted Hartree-Fock

 Orbital guess generated from atomic densities. Full valence occupancy:    6   2   2   0

 Initial occupancy:   5   1   1   0

 NELEC=   14   SYM=1   MS2= 0   THRE=1.0D-08   THRD=3.2D-06   THRG=3.2D-06  HFMA2=F  DIIS_START=2   DIIS_MAX=10   DIIS_INCORE=F

 Level shifts:    0.00 (CLOSED)    0.00 (OPEN)    0.30 (GAP_MIN)

 ITER           ETOT              DE          GRAD        DDIFF     DIIS  NEXP   TIME(IT)  TIME(TOT)  DIAG
   1     -111.47530336    -111.47530336     0.00D+00     0.14D+00     0     0       0.06      0.13    start
   2     -111.51766640      -0.04236305     0.19D-01     0.17D-01     1     0       0.07      0.20    diag
   3     -111.52361880      -0.00595240     0.58D-02     0.46D-02     2     0       0.07      0.27    diag
   4     -111.52378836      -0.00016956     0.92D-03     0.79D-03     3     0       0.07      0.34    diag
   5     -111.52379987      -0.00001150     0.20D-03     0.19D-03     4     0       0.06      0.40    diag
   6     -111.52380058      -0.00000071     0.34D-04     0.51D-04     5     0       0.07      0.47    diag
   7     -111.52380060      -0.00000002     0.47D-05     0.87D-05     6     0       0.07      0.54    diag
   8     -111.52380060      -0.00000000     0.66D-06     0.10D-05     7     0       0.06      0.60    fixocc
   9     -111.52380060      -0.00000000     0.10D-06     0.10D-06     0     0       0.07      0.67    diag

 Final occupancy:   5   1   1   0

 !RHF STATE 1.1 Energy               -111.523800596680
  RHF One-electron energy            -222.102966970301
  RHF Two-electron energy              74.292729054558
  RHF Kinetic energy                  118.606584869557
  RHF Nuclear energy                   36.286437319063
  RHF Virial quotient                  -0.940283380719

 !RHF STATE 1.1 Dipole moment           0.00000000     0.00000000     0.53200715
 Dipole moment /Debye                   0.00000000     0.00000000     1.35222731

 Orbital energies:

           1.1          2.1          3.1          4.1          5.1          6.1          7.1
    -20.636701   -11.248994    -1.725021    -0.810789    -0.483827     0.052361     0.076653

           1.2          2.2          3.2
     -0.926711     0.061857     0.153286

           1.3          2.3          3.3
     -0.926711     0.061857     0.153286

           1.4          2.4
      0.221354     0.502820


 HOMO      5.1    -0.483827 =     -13.1656eV
 LUMO      6.1     0.052361 =       1.4248eV
 LUMO-HOMO         0.536188 =      14.5904eV

 Orbitals saved in record  2100.2


 **********************************************************************************************************************************
 DATASETS  * FILE   NREC   LENGTH (MB)   RECORD NAMES
              1      19      121.76       500      610      700      900      950      970     1000      129      960     1100   
                                          VAR    BASINP    GEOM    SYMINP    ZMAT    AOBASIS   BASIS     P2S    ABASIS      S 
                                         1400     1410     1200     1210     1080     1600     1650     1300     1700   
                                           T        V       H0       H01     AOSYM     SMH    MOLCAS    ERIS     OPER   

              2       4        0.52       700     1000      520     2100   
                                         GEOM     BASIS   MCVARS     RHF  

 PROGRAMS   *        TOTAL   RHF-SCF       INT
 CPU TIMES  *         4.26      0.68      3.42
 REAL TIME  *         4.90 SEC
 DISK USED  *       324.34 MB
 **********************************************************************************************************************************


 PROGRAM * CCSD (Closed-shell coupled cluster)     Authors: C. Hampel, H.-J. Werner, 1991, M. Deegan, P.J. Knowles, 1992


 Convergence thresholds:  THRVAR = 1.00D-08  THRDEN = 1.00D-06

 CCSD(T)     terms to be evaluated (factor= 1.000)


 Number of core orbitals:           2 (   2   0   0   0 )
 Number of closed-shell orbitals:   5 (   3   1   1   0 )
 Number of external orbitals:     153 (  57  37  37  22 )

 Molecular orbitals read from record     2100.2  Type=RHF/CANONICAL  

 Number of N-1 electron functions:               5
 Number of N-2 electron functions:              15
 Number of singly external CSFs:               245
 Number of doubly external CSFs:             76295
 Total number of CSFs:                       76541

 Length of J-op  integral file:               0.00 MB
 Length of K-op  integral file:               0.56 MB
 Length of 3-ext integral record:             0.00 MB

 Memory could be reduced to 7.12 Mwords without degradation in triples

 Integral transformation finished. Total CPU:   0.18 sec, npass=  1  Memory used:   0.92 MW

 Reference energy:                   -111.52380060

 MP2 singlet pair energy:              -0.21320223
 MP2 triplet pair energy:              -0.12075167
 MP2 correlation energy:               -0.33395390
 MP2 total energy:                   -111.85775450

 SCS-MP2 correlation energy:           -0.33097705   (PS=  1.200000  PT=  0.333333)
 SCS-MP2 total energy:               -111.85477765

 ITER.      SQ.NORM     CORR.ENERGY   TOTAL ENERGY   ENERGY CHANGE        DEN1      VAR(S)    VAR(P)  DIIS     TIME  TIME/IT
   1      1.06642714    -0.34257439  -111.86637499    -0.00862049    -0.00389388  0.37D-03  0.70D-03  1  1     5.02     0.20
   2      1.06974567    -0.34328524  -111.86708584    -0.00071085    -0.00451576  0.89D-05  0.67D-04  2  2     5.20     0.20
   3      1.07079081    -0.34328244  -111.86708303     0.00000281    -0.00078313  0.25D-05  0.26D-05  3  3     5.39     0.20
   4      1.07103710    -0.34328110  -111.86708170     0.00000133    -0.00012205  0.21D-06  0.13D-06  4  4     5.57     0.20
   5      1.07107173    -0.34328150  -111.86708210    -0.00000040    -0.00000994  0.43D-07  0.11D-07  5  5     5.76     0.20
   6      1.07108159    -0.34328097  -111.86708157     0.00000053    -0.00000192  0.39D-08  0.12D-08  6  6     5.95     0.20

 Norm of t1 vector:      0.02631662      S-energy:    -0.00000074      T1 diagnostic:  0.00588457
                                                                       D1 diagnostic:  0.01135454
                                                                       D2 diagnostic:  0.13554282 (internal)


 Total CPU time for triples:      0.92 sec


 RESULTS
 =======

  Reference energy                   -111.523800596680
  CCSD singlet pair energy             -0.230173242095
  CCSD triplet pair energy             -0.113106984261
  CCSD correlation energy              -0.343280968369

  Triples (T) contribution             -0.009643249417
  Total correlation energy             -0.352924217785

  CCSD total energy                  -111.867081565049
  CCSD[T] energy                     -111.876848474069
  CCSD-T energy                      -111.876669926239
 !CCSD(T) total energy               -111.876724814466

 Timing summary (sec):

 STEP                 CPU(USER)    SYS     CPU(TOT)    WALL
 Transformation          0.18      0.04      0.22      0.24
 CCSD iterations         5.77      0.08      5.85      1.24
 Triples                 0.92      0.03      0.95      0.95

 Program statistics:

 Available memory in ccsd:                31999895
 Min. memory needed in ccsd:                306665
 Max. memory used in ccsd:                  364584
 Max. memory used in cckext:                449817 ( 6 integral passes)



 **********************************************************************************************************************************
 DATASETS  * FILE   NREC   LENGTH (MB)   RECORD NAMES
              1      20      140.52       500      610      700      900      950      970     1000      129      960     1100   
                                          VAR    BASINP    GEOM    SYMINP    ZMAT    AOBASIS   BASIS     P2S    ABASIS      S 
                                         1400     1410     1200     1210     1080     1600     1650     1300     1700     1380   
                                           T        V       H0       H01     AOSYM     SMH    MOLCAS    ERIS     OPER     JKOP   

              2       4        0.52       700     1000      520     2100   
                                         GEOM     BASIS   MCVARS     RHF  

 PROGRAMS   *        TOTAL   CCSD(T)   RHF-SCF       INT
 CPU TIMES  *         6.50      2.24      0.68      3.42
 REAL TIME  *         7.38 SEC
 DISK USED  *       324.34 MB
 **********************************************************************************************************************************
 SETTING ENER1(1)       =      -111.87672481  AU                              



 Reading unperturbed one-electron hamiltonian

 Dipole field added to one electron Hamiltonian
 Field strength:  0.0000000  0.0000000 -0.0050000
 EXTRA SYMMETRY OF AOS IN SYMMETRY 1:   1 1 1 1 1 1 1 1 1 1   1 1 2 1 2 1 2 1 2 1   2 1 2 1 2 1 3 2 1 3   2 1 1 1 1 1 1 1 1 1
                                        1 1 1 2 1 2 1 2 1 2   1 2 1 2 1 2 1 3 2 1   3 2
 EXTRA SYMMETRY OF AOS IN SYMMETRY 2:   1 1 1 1 1 1 1 1 1 1   2 1 2 1 2 1 2 1 2 1   1 1 1 1 1 1 1 1 1 2   1 2 1 2 1 2 1 2
 EXTRA SYMMETRY OF AOS IN SYMMETRY 3:   1 1 1 1 1 1 1 1 1 1   2 1 2 1 2 1 2 1 2 1   1 1 1 1 1 1 1 1 1 2   1 2 1 2 1 2 1 2
 EXTRA SYMMETRY OF AOS IN SYMMETRY 4:   1 1 1 1 1 1 1 1 2 1   2 1 1 1 1 1 1 1 1 2   1 2



 **********************************************************************************************************************************
 DATASETS  * FILE   NREC   LENGTH (MB)   RECORD NAMES
              1      20      140.52       500      610      700      900      950      970     1000      129      960     1100   
                                          VAR    BASINP    GEOM    SYMINP    ZMAT    AOBASIS   DATA      P2S    ABASIS      S 
                                         1400     1410     1200     1210     1080     1600     1650     1300     1700     1380   
                                           T        V       H0       H01     AOSYM     SMH    MOLCAS    ERIS     OPER     JKOP   

              2       4        0.52       700     1000      520     2100   
                                         GEOM     BASIS   MCVARS     RHF  

 PROGRAMS   *        TOTAL       DIP   CCSD(T)   RHF-SCF       INT
 CPU TIMES  *         6.51      0.01      2.24      0.68      3.42
 REAL TIME  *         7.39 SEC
 DISK USED  *       324.34 MB
 **********************************************************************************************************************************


 Program * Restricted Hartree-Fock

 Molecular orbitals read from record     2100.2  Type=RHF/CANONICAL  

 Initial occupancy:   5   1   1   0

 NELEC=   14   SYM=1   MS2= 0   THRE=1.0D-08   THRD=3.2D-06   THRG=3.2D-06  HFMA2=F  DIIS_START=2   DIIS_MAX=10   DIIS_INCORE=F

 Level shifts:    0.00 (CLOSED)    0.00 (OPEN)    0.30 (GAP_MIN)

 ITER           ETOT              DE          GRAD        DDIFF     DIIS  NEXP   TIME(IT)  TIME(TOT)  DIAG
   1     -111.52646063    -111.52646063     0.00D+00     0.13D+00     0     0       0.07      0.07    start
   2     -111.52656110      -0.00010046     0.40D-03     0.36D-03     1     0       0.07      0.14    diag
   3     -111.52657161      -0.00001052     0.14D-03     0.17D-03     2     0       0.06      0.20    diag
   4     -111.52657336      -0.00000174     0.62D-04     0.62D-04     3     0       0.07      0.27    diag
   5     -111.52657343      -0.00000008     0.12D-04     0.17D-04     4     0       0.07      0.34    diag
   6     -111.52657344      -0.00000000     0.23D-05     0.23D-05     5     0       0.07      0.41    diag
   7     -111.52657344      -0.00000000     0.40D-06     0.41D-06     0     0       0.07      0.48    diag

 Final occupancy:   5   1   1   0

 !RHF STATE 1.1 Energy               -111.526573436416
  RHF One-electron energy            -222.088211290917
  RHF Two-electron energy              74.275222164769
  RHF Kinetic energy                  118.600603173851
  RHF Nuclear energy                   36.286415689732
  RHF Virial quotient                  -0.940354184143

 !RHF STATE 1.1 Dipole moment           0.00000000     0.00000000     0.57727432
 Dipole moment /Debye                   0.00000000     0.00000000     1.46728496

 Orbital energies:

           1.1          2.1          3.1          4.1          5.1          6.1          7.1
    -20.637041   -11.252205    -1.725845    -0.808842    -0.490163     0.049285     0.065813

           1.2          2.2          3.2
     -0.927400     0.052788     0.158501

           1.3          2.3          3.3
     -0.927400     0.052788     0.158501

           1.4          2.4
      0.216214     0.505785


 HOMO      5.1    -0.490163 =     -13.3380eV
 LUMO      6.1     0.049285 =       1.3411eV
 LUMO-HOMO         0.539449 =      14.6791eV

 Orbitals saved in record  2101.2


 **********************************************************************************************************************************
 DATASETS  * FILE   NREC   LENGTH (MB)   RECORD NAMES
              1      20      140.52       500      610      700      900      950      970     1000      129      960     1100   
                                          VAR    BASINP    GEOM    SYMINP    ZMAT    AOBASIS   DATA      P2S    ABASIS      S 
                                         1400     1410     1200     1210     1080     1600     1650     1300     1700     1380   
                                           T        V       H0       H01     AOSYM     SMH    MOLCAS    ERIS     OPER     JKOP   

              2       5        0.81       700     1000      520     2100     2101   
                                         GEOM     BASIS   MCVARS     RHF      RHF  

 PROGRAMS   *        TOTAL   RHF-SCF       DIP   CCSD(T)   RHF-SCF       INT
 CPU TIMES  *         7.00      0.49      0.01      2.24      0.68      3.42
 REAL TIME  *         7.93 SEC
 DISK USED  *       324.34 MB
 **********************************************************************************************************************************


 PROGRAM * CCSD (Closed-shell coupled cluster)     Authors: C. Hampel, H.-J. Werner, 1991, M. Deegan, P.J. Knowles, 1992


 Convergence thresholds:  THRVAR = 1.00D-08  THRDEN = 1.00D-06

 CCSD(T)     terms to be evaluated (factor= 1.000)


 Number of core orbitals:           2 (   2   0   0   0 )
 Number of closed-shell orbitals:   5 (   3   1   1   0 )
 Number of external orbitals:     153 (  57  37  37  22 )

 Molecular orbitals read from record     2101.2  Type=RHF/CANONICAL (state 1.1)

 Number of N-1 electron functions:               5
 Number of N-2 electron functions:              15
 Number of singly external CSFs:               245
 Number of doubly external CSFs:             76295
 Total number of CSFs:                       76541

 Length of J-op  integral file:               0.00 MB
 Length of K-op  integral file:               0.56 MB
 Length of 3-ext integral record:             0.00 MB

 Memory could be reduced to 7.12 Mwords without degradation in triples

 Integral transformation finished. Total CPU:   0.18 sec, npass=  1  Memory used:   0.92 MW

 Reference energy:                   -111.52657344

 MP2 singlet pair energy:              -0.21319395
 MP2 triplet pair energy:              -0.12070440
 MP2 correlation energy:               -0.33389834
 MP2 total energy:                   -111.86047178

 SCS-MP2 correlation energy:           -0.33093769   (PS=  1.200000  PT=  0.333333)
 SCS-MP2 total energy:               -111.85751113

 ITER.      SQ.NORM     CORR.ENERGY   TOTAL ENERGY   ENERGY CHANGE        DEN1      VAR(S)    VAR(P)  DIIS     TIME  TIME/IT
   1      1.06645154    -0.34252027  -111.86909370    -0.00862192    -0.00389533  0.37D-03  0.70D-03  1  1     7.77     0.19
   2      1.06976136    -0.34322769  -111.86980113    -0.00070742    -0.00451477  0.86D-05  0.67D-04  2  2     7.95     0.19
   3      1.07079830    -0.34322381  -111.86979724     0.00000388    -0.00078116  0.23D-05  0.26D-05  3  3     8.13     0.20
   4      1.07103939    -0.34322238  -111.86979581     0.00000143    -0.00012078  0.19D-06  0.12D-06  4  4     8.32     0.20
   5      1.07107238    -0.34322276  -111.86979620    -0.00000039    -0.00000971  0.37D-07  0.10D-07  5  5     8.51     0.20
   6      1.07108151    -0.34322226  -111.86979570     0.00000050    -0.00000182  0.33D-08  0.10D-08  6  6     8.69     0.20

 Norm of t1 vector:      0.02608215      S-energy:    -0.00000071      T1 diagnostic:  0.00583215
                                                                       D1 diagnostic:  0.01105323
                                                                       D2 diagnostic:  0.13550322 (internal)

 Total CPU time for triples:      0.92 sec


 RESULTS
 =======

  Reference energy                   -111.526573436416
  CCSD singlet pair energy             -0.230165298322
  CCSD triplet pair energy             -0.113056258179
  CCSD correlation energy              -0.343222261982

  Triples (T) contribution             -0.009637200781
  Total correlation energy             -0.352859462763

  CCSD total energy                  -111.869795698398
  CCSD[T] energy                     -111.879556267210
  CCSD-T energy                      -111.879377759805
 !CCSD(T) total energy               -111.879432899179

 Timing summary (sec):

 STEP                 CPU(USER)    SYS     CPU(TOT)    WALL
 Transformation          0.19      0.02      0.21      0.23
 CCSD iterations         8.50      0.07      8.57      1.19
 Triples                 0.92      0.03      0.95      0.95

 Program statistics:

 Available memory in ccsd:                31999895
 Min. memory needed in ccsd:                306665
 Max. memory used in ccsd:                  364584
 Max. memory used in cckext:                449817 ( 6 integral passes)



 **********************************************************************************************************************************
 DATASETS  * FILE   NREC   LENGTH (MB)   RECORD NAMES
              1      20      140.52       500      610      700      900      950      970     1000      129      960     1100   
                                          VAR    BASINP    GEOM    SYMINP    ZMAT    AOBASIS   DATA      P2S    ABASIS      S 
                                         1400     1410     1200     1210     1080     1600     1650     1300     1700     1380   
                                           T        V       H0       H01     AOSYM     SMH    MOLCAS    ERIS     OPER     JKOP   

              2       5        0.81       700     1000      520     2100     2101   
                                         GEOM     BASIS   MCVARS     RHF      RHF  

 PROGRAMS   *        TOTAL   CCSD(T)   RHF-SCF       DIP   CCSD(T)   RHF-SCF       INT
 CPU TIMES  *         9.24      2.24      0.49      0.01      2.24      0.68      3.42
 REAL TIME  *        10.33 SEC
 DISK USED  *       324.34 MB
 **********************************************************************************************************************************
 SETTING EZ1            =      -111.87943290  AU                              



 Reading unperturbed one-electron hamiltonian

 Dipole field added to one electron Hamiltonian
 Field strength:  0.0000000  0.0000000  0.0050000
 EXTRA SYMMETRY OF AOS IN SYMMETRY 1:   1 1 1 1 1 1 1 1 1 1   1 1 2 1 2 1 2 1 2 1   2 1 2 1 2 1 3 2 1 3   2 1 1 1 1 1 1 1 1 1
                                        1 1 1 2 1 2 1 2 1 2   1 2 1 2 1 2 1 3 2 1   3 2
 EXTRA SYMMETRY OF AOS IN SYMMETRY 2:   1 1 1 1 1 1 1 1 1 1   2 1 2 1 2 1 2 1 2 1   1 1 1 1 1 1 1 1 1 2   1 2 1 2 1 2 1 2
 EXTRA SYMMETRY OF AOS IN SYMMETRY 3:   1 1 1 1 1 1 1 1 1 1   2 1 2 1 2 1 2 1 2 1   1 1 1 1 1 1 1 1 1 2   1 2 1 2 1 2 1 2
 EXTRA SYMMETRY OF AOS IN SYMMETRY 4:   1 1 1 1 1 1 1 1 2 1   2 1 1 1 1 1 1 1 1 2   1 2



 **********************************************************************************************************************************
 DATASETS  * FILE   NREC   LENGTH (MB)   RECORD NAMES
              1      20      140.52       500      610      700      900      950      970     1000      129      960     1100   
                                          VAR    BASINP    GEOM    SYMINP    ZMAT    AOBASIS   DATA      P2S    ABASIS      S 
                                         1400     1410     1200     1210     1080     1600     1650     1300     1700     1380   
                                           T        V       H0       H01     AOSYM     SMH    MOLCAS    ERIS     OPER     JKOP   

              2       5        0.81       700     1000      520     2100     2101   
                                         GEOM     BASIS   MCVARS     RHF      RHF  

 PROGRAMS   *        TOTAL       DIP   CCSD(T)   RHF-SCF       DIP   CCSD(T)   RHF-SCF       INT
 CPU TIMES  *         9.25      0.00      2.24      0.49      0.01      2.24      0.68      3.42
 REAL TIME  *        10.34 SEC
 DISK USED  *       324.34 MB
 **********************************************************************************************************************************


 Program * Restricted Hartree-Fock

 Molecular orbitals read from record     2101.2  Type=RHF/CANONICAL (state 1.1)

 Initial occupancy:   5   1   1   0

 NELEC=   14   SYM=1   MS2= 0   THRE=1.0D-08   THRD=3.2D-06   THRG=3.2D-06  HFMA2=F  DIIS_START=2   DIIS_MAX=10   DIIS_INCORE=F

 Level shifts:    0.00 (CLOSED)    0.00 (OPEN)    0.30 (GAP_MIN)

 ITER           ETOT              DE          GRAD        DDIFF     DIIS  NEXP   TIME(IT)  TIME(TOT)  DIAG
   1     -111.52080069    -111.52080069     0.00D+00     0.13D+00     0     0       0.06      0.06    start
   2     -111.52120378      -0.00040308     0.80D-03     0.71D-03     1     0       0.07      0.13    diag
   3     -111.52124501      -0.00004124     0.28D-03     0.34D-03     2     0       0.08      0.21    diag
   4     -111.52125168      -0.00000666     0.12D-03     0.12D-03     3     0       0.06      0.27    diag
   5     -111.52125196      -0.00000028     0.22D-04     0.31D-04     4     0       0.07      0.34    diag
   6     -111.52125196      -0.00000001     0.45D-05     0.44D-05     5     0       0.07      0.41    diag
   7     -111.52125196      -0.00000000     0.80D-06     0.91D-06     6     0       0.07      0.48    diag
   8     -111.52125196      -0.00000000     0.15D-06     0.14D-06     0     0       0.07      0.55    fixocc

 Final occupancy:   5   1   1   0

 !RHF STATE 1.1 Energy               -111.521251963682
  RHF One-electron energy            -222.116154042208
  RHF Two-electron energy              74.308443130132
  RHF Kinetic energy                  118.612032445888
  RHF Nuclear energy                   36.286458948393
  RHF Virial quotient                  -0.940218708541

 !RHF STATE 1.1 Dipole moment           0.00000000     0.00000000     0.48757096
 Dipole moment /Debye                   0.00000000     0.00000000     1.23928176

 Orbital energies:

           1.1          2.1          3.1          4.1          5.1          6.1          7.1
    -20.636526   -11.245978    -1.724343    -0.812856    -0.477607     0.037065     0.102207

           1.2          2.2          3.2
     -0.926163     0.068958     0.149179

           1.3          2.3          3.3
     -0.926163     0.068958     0.149179

           1.4          2.4
      0.226313     0.499831


 HOMO      5.1    -0.477607 =     -12.9964eV
 LUMO      6.1     0.037065 =       1.0086eV
 LUMO-HOMO         0.514672 =      14.0049eV

 Orbitals saved in record  2102.2


 **********************************************************************************************************************************
 DATASETS  * FILE   NREC   LENGTH (MB)   RECORD NAMES
              1      20      140.52       500      610      700      900      950      970     1000      129      960     1100   
                                          VAR    BASINP    GEOM    SYMINP    ZMAT    AOBASIS   DATA      P2S    ABASIS      S 
                                         1400     1410     1200     1210     1080     1600     1650     1300     1700     1380   
                                           T        V       H0       H01     AOSYM     SMH    MOLCAS    ERIS     OPER     JKOP   

              2       6        1.11       700     1000      520     2100     2101     2102   
                                         GEOM     BASIS   MCVARS     RHF      RHF      RHF  

 PROGRAMS   *        TOTAL   RHF-SCF       DIP   CCSD(T)   RHF-SCF       DIP   CCSD(T)   RHF-SCF       INT
 CPU TIMES  *         9.81      0.55      0.00      2.24      0.49      0.01      2.24      0.68      3.42
 REAL TIME  *        10.95 SEC
 DISK USED  *       324.34 MB
 **********************************************************************************************************************************


 PROGRAM * CCSD (Closed-shell coupled cluster)     Authors: C. Hampel, H.-J. Werner, 1991, M. Deegan, P.J. Knowles, 1992


 Convergence thresholds:  THRVAR = 1.00D-08  THRDEN = 1.00D-06

 CCSD(T)     terms to be evaluated (factor= 1.000)


 Number of core orbitals:           2 (   2   0   0   0 )
 Number of closed-shell orbitals:   5 (   3   1   1   0 )
 Number of external orbitals:     153 (  57  37  37  22 )

 Molecular orbitals read from record     2102.2  Type=RHF/CANONICAL (state 1.1)

 Number of N-1 electron functions:               5
 Number of N-2 electron functions:              15
 Number of singly external CSFs:               245
 Number of doubly external CSFs:             76295
 Total number of CSFs:                       76541

 Length of J-op  integral file:               0.00 MB
 Length of K-op  integral file:               0.56 MB
 Length of 3-ext integral record:             0.00 MB

 Memory could be reduced to 7.12 Mwords without degradation in triples

 Integral transformation finished. Total CPU:   0.17 sec, npass=  1  Memory used:   0.92 MW

 Reference energy:                   -111.52125196

 MP2 singlet pair energy:              -0.21321644
 MP2 triplet pair energy:              -0.12080082
 MP2 correlation energy:               -0.33401726
 MP2 total energy:                   -111.85526922

 SCS-MP2 correlation energy:           -0.33102468   (PS=  1.200000  PT=  0.333333)
 SCS-MP2 total energy:               -111.85227664

 ITER.      SQ.NORM     CORR.ENERGY   TOTAL ENERGY   ENERGY CHANGE        DEN1      VAR(S)    VAR(P)  DIIS     TIME  TIME/IT
   1      1.06641500    -0.34263551  -111.86388747    -0.00861826    -0.00389037  0.37D-03  0.70D-03  1  1    10.57     0.19
   2      1.06974462    -0.34335022  -111.86460219    -0.00071471    -0.00451778  0.93D-05  0.68D-04  2  2    10.75     0.20
   3      1.07079954    -0.34334861  -111.86460058     0.00000161    -0.00078565  0.27D-05  0.27D-05  3  3    10.93     0.20
   4      1.07105184    -0.34334739  -111.86459935     0.00000122    -0.00012351  0.24D-06  0.14D-06  4  4    11.11     0.20
   5      1.07108839    -0.34334780  -111.86459976    -0.00000041    -0.00001022  0.49D-07  0.12D-07  5  5    11.30     0.20
   6      1.07109916    -0.34334724  -111.86459920     0.00000056    -0.00000203  0.47D-08  0.13D-08  6  6    11.48     0.20

 Norm of t1 vector:      0.02657709      S-energy:    -0.00000079      T1 diagnostic:  0.00594282
                                                                       D1 diagnostic:  0.01168045
                                                                       D2 diagnostic:  0.13562046 (internal)

 Total CPU time for triples:      0.92 sec


 RESULTS
 =======

  Reference energy                   -111.521251963682
  CCSD singlet pair energy             -0.230188805389
  CCSD triplet pair energy             -0.113157642605
  CCSD correlation energy              -0.343347240501

  Triples (T) contribution             -0.009650841629
  Total correlation energy             -0.352998082130

  CCSD total energy                  -111.864599204183
  CCSD[T] energy                     -111.874374124965
  CCSD-T energy                      -111.874195377268
 !CCSD(T) total energy               -111.874250045812

 Timing summary (sec):

 STEP                 CPU(USER)    SYS     CPU(TOT)    WALL
 Transformation          0.17      0.03      0.20      0.20
 CCSD iterations        11.31      0.08     11.39      1.20
 Triples                 0.92      0.03      0.95      0.95

 Program statistics:

 Available memory in ccsd:                31999895
 Min. memory needed in ccsd:                306665
 Max. memory used in ccsd:                  364584
 Max. memory used in cckext:                449817 ( 6 integral passes)



 **********************************************************************************************************************************
 DATASETS  * FILE   NREC   LENGTH (MB)   RECORD NAMES
              1      20      140.52       500      610      700      900      950      970     1000      129      960     1100   
                                          VAR    BASINP    GEOM    SYMINP    ZMAT    AOBASIS   DATA      P2S    ABASIS      S 
                                         1400     1410     1200     1210     1080     1600     1650     1300     1700     1380   
                                           T        V       H0       H01     AOSYM     SMH    MOLCAS    ERIS     OPER     JKOP   

              2       6        1.11       700     1000      520     2100     2101     2102   
                                         GEOM     BASIS   MCVARS     RHF      RHF      RHF  

 PROGRAMS   *        TOTAL   CCSD(T)   RHF-SCF       DIP   CCSD(T)   RHF-SCF       DIP   CCSD(T)   RHF-SCF       INT
 CPU TIMES  *        12.04      2.24      0.55      0.00      2.24      0.49      0.01      2.24      0.68      3.42
 REAL TIME  *        13.32 SEC
 DISK USED  *       324.34 MB
 **********************************************************************************************************************************
 SETTING EZ2            =      -111.87425005  AU                              
 SETTING DIPAU          =         0.51828534  AU                              
 SETTING DM1(1)         =         1.31734993  DEBYE                           

 DO I                   =         2.00000000   
 SETTING R              =         0.80000000  ANG                             
 SETTING RX(2)          =         0.80000000  ANG                             
 SETTING XX(2)          =    xxxx
 SETTING YY(2)          =    yyyy


 Recomputing integrals since geometry changed


 PROGRAM * SEWARD (Integral evaluation for generally contracted gaussian basis sets)     Author: Roland Lindh, 1990

 Geometry written to block  1 of record 700

 Orientation using atomic masses  
 Molecule type: Linear
 Symmetry elements: X,Y
 Rotational constants:     115.0995598    115.0995598      0.0000000 GHz  (calculated with average atomic masses)

 Point group  C2v 



 ATOMIC COORDINATES

 NR  ATOM    CHARGE       X              Y              Z

   1  C       6.00    0.000000000    0.000000000   -0.863521668
   2  O       8.00    0.000000000    0.000000000    0.648259232

 Bond lengths in Bohr (Angstrom)

 1-2  1.511780900
     ( 0.800000000)

 NUCLEAR CHARGE:                   14
 NUMBER OF PRIMITIVE AOS:         236
 NUMBER OF SYMMETRY AOS:          186
 NUMBER OF CONTRACTIONS:          160   (   62A1  +   38B1  +   38B2  +   22A2  )
 NUMBER OF INNER CORE ORBITALS:     0   (    0A1  +    0B1  +    0B2  +    0A2  )
 NUMBER OF OUTER CORE ORBITALS:     2   (    2A1  +    0B1  +    0B2  +    0A2  )
 NUMBER OF VALENCE ORBITALS:        8   (    4A1  +    2B1  +    2B2  +    0A2  )


 NUCLEAR REPULSION ENERGY   31.75063265

 EXTRA SYMMETRY OF AOS IN SYMMETRY 1:   1 1 1 1 1 1 1 1 1 1   1 1 2 1 2 1 2 1 2 1   2 1 2 1 2 1 3 2 1 3   2 1 1 1 1 1 1 1 1 1
                                        1 1 1 2 1 2 1 2 1 2   1 2 1 2 1 2 1 3 2 1   3 2
 EXTRA SYMMETRY OF AOS IN SYMMETRY 2:   1 1 1 1 1 1 1 1 1 1   2 1 2 1 2 1 2 1 2 1   1 1 1 1 1 1 1 1 1 2   1 2 1 2 1 2 1 2
 EXTRA SYMMETRY OF AOS IN SYMMETRY 3:   1 1 1 1 1 1 1 1 1 1   2 1 2 1 2 1 2 1 2 1   1 1 1 1 1 1 1 1 1 2   1 2 1 2 1 2 1 2
 EXTRA SYMMETRY OF AOS IN SYMMETRY 4:   1 1 1 1 1 1 1 1 2 1   2 1 1 1 1 1 1 1 1 2   1 2

 Eigenvalues of metric

         1 0.473E-04 0.211E-03 0.298E-03 0.423E-03 0.622E-03 0.811E-03 0.213E-02 0.282E-02
         2 0.297E-03 0.211E-02 0.326E-02 0.790E-02 0.927E-02 0.123E-01 0.241E-01 0.421E-01
         3 0.297E-03 0.211E-02 0.326E-02 0.790E-02 0.927E-02 0.123E-01 0.241E-01 0.421E-01
         4 0.213E-02 0.132E-01 0.542E-01 0.868E-01 0.140E+00 0.190E+00 0.299E+00 0.309E+00


 Contracted 2-electron integrals neglected if value below      1.0D-12
 AO integral compression algorithm  1   Integral accuracy      1.0D-12

     123.208 MB (compressed) written to integral file ( 57.5%)


 NUMBER OF SORTED TWO-ELECTRON INTEGRALS:   21336328.     BUFFER LENGTH:  32768
 NUMBER OF SEGMENTS:   2  SEGMENT LENGTH:   15999988      RECORD LENGTH: 524288

 Memory used in sort:      16.56 MW

 SORT1 READ    26829300. AND WROTE    15245462. INTEGRALS IN     44 RECORDS. CPU TIME:     0.37 SEC, REAL TIME:     0.44 SEC
 SORT2 READ    15245462. AND WROTE    21336328. INTEGRALS IN    470 RECORDS. CPU TIME:     0.35 SEC, REAL TIME:     0.41 SEC

 FILE SIZES:   FILE 1:   153.8 MBYTE,  FILE 4:   184.6 MBYTE,   TOTAL:    338.4 MBYTE

 OPERATOR DM      FOR CENTER  0  COORDINATES:    0.000000    0.000000    0.000000


 **********************************************************************************************************************************
 DATASETS  * FILE   NREC   LENGTH (MB)   RECORD NAMES
              1      19      120.78       500      610      700      900      950      970     1000      129      960     1100   
                                          VAR    BASINP    GEOM    SYMINP    ZMAT    AOBASIS   BASIS     P2S    ABASIS      S 
                                         1400     1410     1200     1210     1080     1600     1650     1300     1700   
                                           T        V       H0       H01     AOSYM     SMH    MOLCAS    ERIS     OPER   

              2       6        1.11       700     1000      520     2100     2101     2102   
                                         GEOM     BASIS   MCVARS     RHF      RHF      RHF  

 PROGRAMS   *        TOTAL       INT   CCSD(T)   RHF-SCF       DIP   CCSD(T)   RHF-SCF       DIP   CCSD(T)   RHF-SCF       INT
 CPU TIMES  *        15.33      3.29      2.24      0.55      0.00      2.24      0.49      0.01      2.24      0.68      3.42
 REAL TIME  *        16.94 SEC
 DISK USED  *       324.34 MB
 **********************************************************************************************************************************


 Program * Restricted Hartree-Fock

 Molecular orbitals read from record     2102.2  Type=RHF/CANONICAL (state 1.1)

 Initial occupancy:   5   1   1   0

 NELEC=   14   SYM=1   MS2= 0   THRE=1.0D-08   THRD=3.2D-06   THRG=3.2D-06  HFMA2=F  DIIS_START=2   DIIS_MAX=10   DIIS_INCORE=F

 Level shifts:    0.00 (CLOSED)    0.00 (OPEN)    0.30 (GAP_MIN)

 ITER           ETOT              DE          GRAD        DDIFF     DIIS  NEXP   TIME(IT)  TIME(TOT)  DIAG
   1     -112.22798874    -112.22798874     0.00D+00     0.13D+00     0     0       0.07      0.07    start
   2     -112.25570913      -0.02772039     0.16D-01     0.25D-01     1     0       0.07      0.14    diag
   3     -112.25734547      -0.00163634     0.29D-02     0.22D-02     2     0       0.07      0.21    diag
   4     -112.25746564      -0.00012016     0.66D-03     0.64D-03     3     0       0.07      0.28    diag
   5     -112.25747358      -0.00000794     0.14D-03     0.16D-03     4     0       0.07      0.35    diag
   6     -112.25747429      -0.00000071     0.50D-04     0.42D-04     5     0       0.06      0.41    diag
   7     -112.25747431      -0.00000003     0.64D-05     0.10D-04     6     0       0.07      0.48    diag
   8     -112.25747431      -0.00000000     0.60D-06     0.11D-05     7     0       0.07      0.55    fixocc
   9     -112.25747431      -0.00000000     0.84D-07     0.91D-07     0     0       0.07      0.62    diag

 Final occupancy:   5   1   1   0

 !RHF STATE 1.1 Energy               -112.257474314340
  RHF One-electron energy            -214.839039408116
  RHF Two-electron energy              70.830932439596
  RHF Kinetic energy                  116.266267729364
  RHF Nuclear energy                   31.750632654180
  RHF Virial quotient                  -0.965520580532

 !RHF STATE 1.1 Dipole moment           0.00000000     0.00000000     0.42697482
 Dipole moment /Debye                   0.00000000     0.00000000     1.08526175

 Orbital energies:

           1.1          2.1          3.1          4.1          5.1          6.1          7.1
    -20.633621   -11.233549    -1.727093    -0.822784    -0.502192     0.054189     0.077358

           1.2          2.2          3.2
     -0.834676     0.063588     0.153562

           1.3          2.3          3.3
     -0.834676     0.063588     0.153562

           1.4          2.4
      0.224475     0.508523


 HOMO      5.1    -0.502192 =     -13.6653eV
 LUMO      6.1     0.054189 =       1.4746eV
 LUMO-HOMO         0.556381 =      15.1399eV

 Orbitals saved in record  2100.2


 **********************************************************************************************************************************
 DATASETS  * FILE   NREC   LENGTH (MB)   RECORD NAMES
              1      19      120.78       500      610      700      900      950      970     1000      129      960     1100   
                                          VAR    BASINP    GEOM    SYMINP    ZMAT    AOBASIS   BASIS     P2S    ABASIS      S 
                                         1400     1410     1200     1210     1080     1600     1650     1300     1700   
                                           T        V       H0       H01     AOSYM     SMH    MOLCAS    ERIS     OPER   

              2       6        1.11       700     1000      520     2100     2101     2102   
                                         GEOM     BASIS   MCVARS     RHF      RHF      RHF  

 PROGRAMS   *        TOTAL   RHF-SCF       INT   CCSD(T)   RHF-SCF       DIP   CCSD(T)   RHF-SCF       DIP   CCSD(T)   RHF-SCF
 CPU TIMES  *        15.95      0.62      3.29      2.24      0.55      0.00      2.24      0.49      0.01      2.24      0.68
 REAL TIME  *        17.61 SEC
 DISK USED  *       324.34 MB
 **********************************************************************************************************************************


 PROGRAM * CCSD (Closed-shell coupled cluster)     Authors: C. Hampel, H.-J. Werner, 1991, M. Deegan, P.J. Knowles, 1992


 Convergence thresholds:  THRVAR = 1.00D-08  THRDEN = 1.00D-06

 CCSD(T)     terms to be evaluated (factor= 1.000)


 Number of core orbitals:           2 (   2   0   0   0 )
 Number of closed-shell orbitals:   5 (   3   1   1   0 )
 Number of external orbitals:     153 (  57  37  37  22 )

 Molecular orbitals read from record     2100.2  Type=RHF/CANONICAL (state 1.1)

 Number of N-1 electron functions:               5
 Number of N-2 electron functions:              15
 Number of singly external CSFs:               245
 Number of doubly external CSFs:             76295
 Total number of CSFs:                       76541

 Length of J-op  integral file:               0.00 MB
 Length of K-op  integral file:               0.56 MB
 Length of 3-ext integral record:             0.00 MB

 Memory could be reduced to 7.12 Mwords without degradation in triples

 Integral transformation finished. Total CPU:   0.18 sec, npass=  1  Memory used:   0.92 MW

 Reference energy:                   -112.25747431

 MP2 singlet pair energy:              -0.21824417
 MP2 triplet pair energy:              -0.12338351
 MP2 correlation energy:               -0.34162767
 MP2 total energy:                   -112.59910199

 SCS-MP2 correlation energy:           -0.33866496   (PS=  1.200000  PT=  0.333333)
 SCS-MP2 total energy:               -112.59613928

 ITER.      SQ.NORM     CORR.ENERGY   TOTAL ENERGY   ENERGY CHANGE        DEN1      VAR(S)    VAR(P)  DIIS     TIME  TIME/IT
   1      1.07335819    -0.34917948  -112.60665380    -0.00755181    -0.00183149  0.57D-03  0.90D-03  1  1    16.70     0.19
   2      1.07746256    -0.34993343  -112.60740774    -0.00075394    -0.00526259  0.12D-04  0.10D-03  2  2    16.89     0.20
   3      1.07895266    -0.34994583  -112.60742014    -0.00001240    -0.00102276  0.35D-05  0.43D-05  3  3    17.08     0.20
   4      1.07932449    -0.34994047  -112.60741479     0.00000535    -0.00017972  0.28D-06  0.20D-06  4  4    17.26     0.20
   5      1.07937189    -0.34994182  -112.60741614    -0.00000135    -0.00001320  0.52D-07  0.17D-07  5  5    17.45     0.20
   6      1.07938559    -0.34994109  -112.60741541     0.00000073    -0.00000321  0.60D-08  0.17D-08  6  6    17.63     0.20
   7      1.07938825    -0.34994110  -112.60741541    -0.00000000    -0.00000043  0.51D-09  0.19D-09  6  1    17.81     0.20

 Norm of t1 vector:      0.03183671      S-energy:    -0.00000025      T1 diagnostic:  0.00711890
                                                                       D1 diagnostic:  0.01210473
                                                                       D2 diagnostic:  0.14120583 (internal)

 Total CPU time for triples:      0.91 sec


 RESULTS
 =======

  Reference energy                   -112.257474314340
  CCSD singlet pair energy             -0.235921551381
  CCSD triplet pair energy             -0.114019297410
  CCSD correlation energy              -0.349941095016

  Triples (T) contribution             -0.011080281317
  Total correlation energy             -0.361021376332

  CCSD total energy                  -112.607415409355
  CCSD[T] energy                     -112.618694472577
  CCSD-T energy                      -112.618405963710
 !CCSD(T) total energy               -112.618495690672

 Timing summary (sec):

 STEP                 CPU(USER)    SYS     CPU(TOT)    WALL
 Transformation          0.18      0.03      0.21      0.21
 CCSD iterations        17.65      0.11     17.76      1.39
 Triples                 0.91      0.03      0.94      0.96

 Program statistics:

 Available memory in ccsd:                31999895
 Min. memory needed in ccsd:                306665
 Max. memory used in ccsd:                  364584
 Max. memory used in cckext:                449817 ( 7 integral passes)



 **********************************************************************************************************************************
 DATASETS  * FILE   NREC   LENGTH (MB)   RECORD NAMES
              1      20      139.54       500      610      700      900      950      970     1000      129      960     1100   
                                          VAR    BASINP    GEOM    SYMINP    ZMAT    AOBASIS   BASIS     P2S    ABASIS      S 
                                         1400     1410     1200     1210     1080     1600     1650     1300     1700     1380   
                                           T        V       H0       H01     AOSYM     SMH    MOLCAS    ERIS     OPER     JKOP   

              2       6        1.11       700     1000      520     2100     2101     2102   
                                         GEOM     BASIS   MCVARS     RHF      RHF      RHF  

 PROGRAMS   *        TOTAL   CCSD(T)   RHF-SCF       INT   CCSD(T)   RHF-SCF       DIP   CCSD(T)   RHF-SCF       DIP   CCSD(T)
 CPU TIMES  *        18.37      2.42      0.62      3.29      2.24      0.55      0.00      2.24      0.49      0.01      2.24
 REAL TIME  *        20.20 SEC
 DISK USED  *       324.34 MB
 **********************************************************************************************************************************
 SETTING ENER1(2)       =      -112.61849569  AU                              



 Reading unperturbed one-electron hamiltonian

 Dipole field added to one electron Hamiltonian
 Field strength:  0.0000000  0.0000000 -0.0050000
 EXTRA SYMMETRY OF AOS IN SYMMETRY 1:   1 1 1 1 1 1 1 1 1 1   1 1 2 1 2 1 2 1 2 1   2 1 2 1 2 1 3 2 1 3   2 1 1 1 1 1 1 1 1 1
                                        1 1 1 2 1 2 1 2 1 2   1 2 1 2 1 2 1 3 2 1   3 2
 EXTRA SYMMETRY OF AOS IN SYMMETRY 2:   1 1 1 1 1 1 1 1 1 1   2 1 2 1 2 1 2 1 2 1   1 1 1 1 1 1 1 1 1 2   1 2 1 2 1 2 1 2
 EXTRA SYMMETRY OF AOS IN SYMMETRY 3:   1 1 1 1 1 1 1 1 1 1   2 1 2 1 2 1 2 1 2 1   1 1 1 1 1 1 1 1 1 2   1 2 1 2 1 2 1 2
 EXTRA SYMMETRY OF AOS IN SYMMETRY 4:   1 1 1 1 1 1 1 1 2 1   2 1 1 1 1 1 1 1 1 2   1 2



 **********************************************************************************************************************************
 DATASETS  * FILE   NREC   LENGTH (MB)   RECORD NAMES
              1      20      139.54       500      610      700      900      950      970     1000      129      960     1100   
                                          VAR    BASINP    GEOM    SYMINP    ZMAT    AOBASIS   DATA      P2S    ABASIS      S 
                                         1400     1410     1200     1210     1080     1600     1650     1300     1700     1380   
                                           T        V       H0       H01     AOSYM     SMH    MOLCAS    ERIS     OPER     JKOP   

              2       6        1.11       700     1000      520     2100     2101     2102   
                                         GEOM     BASIS   MCVARS     RHF      RHF      RHF  

 PROGRAMS   *        TOTAL       DIP   CCSD(T)   RHF-SCF       INT   CCSD(T)   RHF-SCF       DIP   CCSD(T)   RHF-SCF       DIP
 CPU TIMES  *        18.37      0.00      2.42      0.62      3.29      2.24      0.55      0.00      2.24      0.49      0.01
 REAL TIME  *        20.21 SEC
 DISK USED  *       324.34 MB
 **********************************************************************************************************************************


 Program * Restricted Hartree-Fock

 Molecular orbitals read from record     2100.2  Type=RHF/CANONICAL (state 1.1)

 Initial occupancy:   5   1   1   0

 NELEC=   14   SYM=1   MS2= 0   THRE=1.0D-08   THRD=3.2D-06   THRG=3.2D-06  HFMA2=F  DIIS_START=2   DIIS_MAX=10   DIIS_INCORE=F

 Level shifts:    0.00 (CLOSED)    0.00 (OPEN)    0.30 (GAP_MIN)

 ITER           ETOT              DE          GRAD        DDIFF     DIIS  NEXP   TIME(IT)  TIME(TOT)  DIAG
   1     -112.25960919    -112.25960919     0.00D+00     0.11D+00     0     0       0.07      0.07    start
   2     -112.25971812      -0.00010893     0.42D-03     0.34D-03     1     0       0.07      0.14    diag
   3     -112.25973014      -0.00001202     0.17D-03     0.17D-03     2     0       0.07      0.21    diag
   4     -112.25973249      -0.00000236     0.69D-04     0.66D-04     3     0       0.07      0.28    diag
   5     -112.25973260      -0.00000010     0.13D-04     0.17D-04     4     0       0.07      0.35    diag
   6     -112.25973260      -0.00000000     0.26D-05     0.28D-05     5     0       0.06      0.41    diag
   7     -112.25973260      -0.00000000     0.42D-06     0.41D-06     0     0       0.07      0.48    diag

 Final occupancy:   5   1   1   0

 !RHF STATE 1.1 Energy               -112.259732598795
  RHF One-electron energy            -214.822962223340
  RHF Two-electron energy              70.812621689599
  RHF Kinetic energy                  116.259067486122
  RHF Nuclear energy                   31.750607934945
  RHF Virial quotient                  -0.965599802460

 !RHF STATE 1.1 Dipole moment           0.00000000     0.00000000     0.47648000
 Dipole moment /Debye                   0.00000000     0.00000000     1.21109137

 Orbital energies:

           1.1          2.1          3.1          4.1          5.1          6.1          7.1
    -20.634342   -11.236622    -1.727941    -0.820885    -0.508644     0.049922     0.067245

           1.2          2.2          3.2
     -0.835220     0.053830     0.160174

           1.3          2.3          3.3
     -0.835220     0.053830     0.160174

           1.4          2.4
      0.219035     0.511657


 HOMO      5.1    -0.508644 =     -13.8409eV
 LUMO      6.1     0.049922 =       1.3584eV
 LUMO-HOMO         0.558565 =      15.1993eV

 Orbitals saved in record  2101.2


 **********************************************************************************************************************************
 DATASETS  * FILE   NREC   LENGTH (MB)   RECORD NAMES
              1      20      139.54       500      610      700      900      950      970     1000      129      960     1100   
                                          VAR    BASINP    GEOM    SYMINP    ZMAT    AOBASIS   DATA      P2S    ABASIS      S 
                                         1400     1410     1200     1210     1080     1600     1650     1300     1700     1380   
                                           T        V       H0       H01     AOSYM     SMH    MOLCAS    ERIS     OPER     JKOP   

              2       6        1.11       700     1000      520     2100     2101     2102   
                                         GEOM     BASIS   MCVARS     RHF      RHF      RHF  

 PROGRAMS   *        TOTAL   RHF-SCF       DIP   CCSD(T)   RHF-SCF       INT   CCSD(T)   RHF-SCF       DIP   CCSD(T)   RHF-SCF
 CPU TIMES  *        18.86      0.49      0.00      2.42      0.62      3.29      2.24      0.55      0.00      2.24      0.49
 REAL TIME  *        20.74 SEC
 DISK USED  *       324.34 MB
 **********************************************************************************************************************************


 PROGRAM * CCSD (Closed-shell coupled cluster)     Authors: C. Hampel, H.-J. Werner, 1991, M. Deegan, P.J. Knowles, 1992


 Convergence thresholds:  THRVAR = 1.00D-08  THRDEN = 1.00D-06

 CCSD(T)     terms to be evaluated (factor= 1.000)


 Number of core orbitals:           2 (   2   0   0   0 )
 Number of closed-shell orbitals:   5 (   3   1   1   0 )
 Number of external orbitals:     153 (  57  37  37  22 )

 Molecular orbitals read from record     2101.2  Type=RHF/CANONICAL (state 1.1)

 Number of N-1 electron functions:               5
 Number of N-2 electron functions:              15
 Number of singly external CSFs:               245
 Number of doubly external CSFs:             76295
 Total number of CSFs:                       76541

 Length of J-op  integral file:               0.00 MB
 Length of K-op  integral file:               0.56 MB
 Length of 3-ext integral record:             0.00 MB

 Memory could be reduced to 7.12 Mwords without degradation in triples

 Integral transformation finished. Total CPU:   0.18 sec, npass=  1  Memory used:   0.92 MW

 Reference energy:                   -112.25973260

 MP2 singlet pair energy:              -0.21830027
 MP2 triplet pair energy:              -0.12339750
 MP2 correlation energy:               -0.34169776
 MP2 total energy:                   -112.60143036

 SCS-MP2 correlation energy:           -0.33874099   (PS=  1.200000  PT=  0.333333)
 SCS-MP2 total energy:               -112.59847358

 ITER.      SQ.NORM     CORR.ENERGY   TOTAL ENERGY   ENERGY CHANGE        DEN1      VAR(S)    VAR(P)  DIIS     TIME  TIME/IT
   1      1.07341165    -0.34921841  -112.60895101    -0.00752065    -0.00179588  0.57D-03  0.89D-03  1  1    19.63     0.19
   2      1.07750170    -0.34996489  -112.60969749    -0.00074647    -0.00526308  0.11D-04  0.10D-03  2  2    19.81     0.20
   3      1.07897849    -0.34997564  -112.60970824    -0.00001075    -0.00101945  0.33D-05  0.43D-05  3  3    20.00     0.20
   4      1.07934308    -0.34997014  -112.60970274     0.00000550    -0.00017802  0.26D-06  0.19D-06  4  4    20.18     0.20
   5      1.07938875    -0.34997146  -112.60970406    -0.00000132    -0.00001303  0.46D-07  0.16D-07  5  5    20.37     0.20
   6      1.07940161    -0.34997075  -112.60970335     0.00000071    -0.00000311  0.51D-08  0.16D-08  6  6    20.55     0.20
   7      1.07940399    -0.34997075  -112.60970335    -0.00000000    -0.00000040  0.44D-09  0.17D-09  6  1    20.74     0.20

 Norm of t1 vector:      0.03164378      S-energy:    -0.00000026      T1 diagnostic:  0.00707576
                                                                       D1 diagnostic:  0.01176103
                                                                       D2 diagnostic:  0.14096126 (internal)

 Total CPU time for triples:      0.92 sec


 RESULTS
 =======

  Reference energy                   -112.259732598795
  CCSD singlet pair energy             -0.235967038531
  CCSD triplet pair energy             -0.114003450729
  CCSD correlation energy              -0.349970751526

  Triples (T) contribution             -0.011084404198
  Total correlation energy             -0.361055155724

  CCSD total energy                  -112.609703350321
  CCSD[T] energy                     -112.620987027601
  CCSD-T energy                      -112.620697268999
 !CCSD(T) total energy               -112.620787754519

 Timing summary (sec):

 STEP                 CPU(USER)    SYS     CPU(TOT)    WALL
 Transformation          0.19      0.02      0.21      0.21
 CCSD iterations        20.55      0.10     20.65      1.40
 Triples                 0.92      0.03      0.95      0.95

 Program statistics:

 Available memory in ccsd:                31999895
 Min. memory needed in ccsd:                306665
 Max. memory used in ccsd:                  364584
 Max. memory used in cckext:                449817 ( 7 integral passes)



 **********************************************************************************************************************************
 DATASETS  * FILE   NREC   LENGTH (MB)   RECORD NAMES
              1      20      139.54       500      610      700      900      950      970     1000      129      960     1100   
                                          VAR    BASINP    GEOM    SYMINP    ZMAT    AOBASIS   DATA      P2S    ABASIS      S 
                                         1400     1410     1200     1210     1080     1600     1650     1300     1700     1380   
                                           T        V       H0       H01     AOSYM     SMH    MOLCAS    ERIS     OPER     JKOP   

              2       6        1.11       700     1000      520     2100     2101     2102   
                                         GEOM     BASIS   MCVARS     RHF      RHF      RHF  

 PROGRAMS   *        TOTAL   CCSD(T)   RHF-SCF       DIP   CCSD(T)   RHF-SCF       INT   CCSD(T)   RHF-SCF       DIP   CCSD(T)
 CPU TIMES  *        21.29      2.43      0.49      0.00      2.42      0.62      3.29      2.24      0.55      0.00      2.24
 REAL TIME  *        23.33 SEC
 DISK USED  *       324.34 MB
 **********************************************************************************************************************************
 SETTING EZ1            =      -112.62078775  AU                              



 Reading unperturbed one-electron hamiltonian

 Dipole field added to one electron Hamiltonian
 Field strength:  0.0000000  0.0000000  0.0050000
 EXTRA SYMMETRY OF AOS IN SYMMETRY 1:   1 1 1 1 1 1 1 1 1 1   1 1 2 1 2 1 2 1 2 1   2 1 2 1 2 1 3 2 1 3   2 1 1 1 1 1 1 1 1 1
                                        1 1 1 2 1 2 1 2 1 2   1 2 1 2 1 2 1 3 2 1   3 2
 EXTRA SYMMETRY OF AOS IN SYMMETRY 2:   1 1 1 1 1 1 1 1 1 1   2 1 2 1 2 1 2 1 2 1   1 1 1 1 1 1 1 1 1 2   1 2 1 2 1 2 1 2
 EXTRA SYMMETRY OF AOS IN SYMMETRY 3:   1 1 1 1 1 1 1 1 1 1   2 1 2 1 2 1 2 1 2 1   1 1 1 1 1 1 1 1 1 2   1 2 1 2 1 2 1 2
 EXTRA SYMMETRY OF AOS IN SYMMETRY 4:   1 1 1 1 1 1 1 1 2 1   2 1 1 1 1 1 1 1 1 2   1 2



 **********************************************************************************************************************************
 DATASETS  * FILE   NREC   LENGTH (MB)   RECORD NAMES
              1      20      139.54       500      610      700      900      950      970     1000      129      960     1100   
                                          VAR    BASINP    GEOM    SYMINP    ZMAT    AOBASIS   DATA      P2S    ABASIS      S 
                                         1400     1410     1200     1210     1080     1600     1650     1300     1700     1380   
                                           T        V       H0       H01     AOSYM     SMH    MOLCAS    ERIS     OPER     JKOP   

              2       6        1.11       700     1000      520     2100     2101     2102   
                                         GEOM     BASIS   MCVARS     RHF      RHF      RHF  

 PROGRAMS   *        TOTAL       DIP   CCSD(T)   RHF-SCF       DIP   CCSD(T)   RHF-SCF       INT   CCSD(T)   RHF-SCF       DIP
 CPU TIMES  *        21.30      0.01      2.43      0.49      0.00      2.42      0.62      3.29      2.24      0.55      0.00
 REAL TIME  *        23.34 SEC
 DISK USED  *       324.34 MB
 **********************************************************************************************************************************


 Program * Restricted Hartree-Fock

 Molecular orbitals read from record     2101.2  Type=RHF/CANONICAL (state 1.1)

 Initial occupancy:   5   1   1   0

 NELEC=   14   SYM=1   MS2= 0   THRE=1.0D-08   THRD=3.2D-06   THRG=3.2D-06  HFMA2=F  DIIS_START=2   DIIS_MAX=10   DIIS_INCORE=F

 Level shifts:    0.00 (CLOSED)    0.00 (OPEN)    0.30 (GAP_MIN)

 ITER           ETOT              DE          GRAD        DDIFF     DIIS  NEXP   TIME(IT)  TIME(TOT)  DIAG
   1     -112.25496780    -112.25496780     0.00D+00     0.11D+00     0     0       0.07      0.07    start
   2     -112.25540485      -0.00043705     0.84D-03     0.68D-03     1     0       0.07      0.14    diag
   3     -112.25545211      -0.00004726     0.34D-03     0.34D-03     2     0       0.06      0.20    diag
   4     -112.25546118      -0.00000907     0.14D-03     0.13D-03     3     0       0.07      0.27    diag
   5     -112.25546155      -0.00000038     0.25D-04     0.32D-04     4     0       0.07      0.34    diag
   6     -112.25546156      -0.00000001     0.51D-05     0.53D-05     5     0       0.07      0.41    diag
   7     -112.25546156      -0.00000000     0.84D-06     0.93D-06     6     0       0.06      0.47    diag
   8     -112.25546156      -0.00000000     0.15D-06     0.14D-06     0     0       0.07      0.54    fixocc

 Final occupancy:   5   1   1   0

 !RHF STATE 1.1 Energy               -112.255461561731
  RHF One-electron energy            -214.853619690212
  RHF Two-electron energy              70.847500755066
  RHF Kinetic energy                  116.272943808048
  RHF Nuclear energy                   31.750657373415
  RHF Virial quotient                  -0.965447832361

 !RHF STATE 1.1 Dipole moment           0.00000000     0.00000000     0.37824920
 Dipole moment /Debye                   0.00000000     0.00000000     0.96141358

 Orbital energies:

           1.1          2.1          3.1          4.1          5.1          6.1          7.1
    -20.633070   -11.230662    -1.726389    -0.824800    -0.495852     0.039077     0.103058

           1.2          2.2          3.2
     -0.834269     0.071440     0.148064

           1.3          2.3          3.3
     -0.834269     0.071440     0.148064

           1.4          2.4
      0.229732     0.505369


 HOMO      5.1    -0.495852 =     -13.4928eV
 LUMO      6.1     0.039077 =       1.0633eV
 LUMO-HOMO         0.534929 =      14.5562eV

 Orbitals saved in record  2102.2


 **********************************************************************************************************************************
 DATASETS  * FILE   NREC   LENGTH (MB)   RECORD NAMES
              1      20      139.54       500      610      700      900      950      970     1000      129      960     1100   
                                          VAR    BASINP    GEOM    SYMINP    ZMAT    AOBASIS   DATA      P2S    ABASIS      S 
                                         1400     1410     1200     1210     1080     1600     1650     1300     1700     1380   
                                           T        V       H0       H01     AOSYM     SMH    MOLCAS    ERIS     OPER     JKOP   

              2       6        1.11       700     1000      520     2100     2101     2102   
                                         GEOM     BASIS   MCVARS     RHF      RHF      RHF  

 PROGRAMS   *        TOTAL   RHF-SCF       DIP   CCSD(T)   RHF-SCF       DIP   CCSD(T)   RHF-SCF       INT   CCSD(T)   RHF-SCF
 CPU TIMES  *        21.85      0.55      0.01      2.43      0.49      0.00      2.42      0.62      3.29      2.24      0.55
 REAL TIME  *        23.94 SEC
 DISK USED  *       324.34 MB
 **********************************************************************************************************************************


 PROGRAM * CCSD (Closed-shell coupled cluster)     Authors: C. Hampel, H.-J. Werner, 1991, M. Deegan, P.J. Knowles, 1992


 Convergence thresholds:  THRVAR = 1.00D-08  THRDEN = 1.00D-06

 CCSD(T)     terms to be evaluated (factor= 1.000)


 Number of core orbitals:           2 (   2   0   0   0 )
 Number of closed-shell orbitals:   5 (   3   1   1   0 )
 Number of external orbitals:     153 (  57  37  37  22 )

 Molecular orbitals read from record     2102.2  Type=RHF/CANONICAL (state 1.1)

 Number of N-1 electron functions:               5
 Number of N-2 electron functions:              15
 Number of singly external CSFs:               245
 Number of doubly external CSFs:             76295
 Total number of CSFs:                       76541

 Length of J-op  integral file:               0.00 MB
 Length of K-op  integral file:               0.56 MB
 Length of 3-ext integral record:             0.00 MB

 Memory could be reduced to 7.12 Mwords without degradation in triples

 Integral transformation finished. Total CPU:   0.18 sec, npass=  1  Memory used:   0.92 MW

 Reference energy:                   -112.25546156

 MP2 singlet pair energy:              -0.21819506
 MP2 triplet pair energy:              -0.12337237
 MP2 correlation energy:               -0.34156742
 MP2 total energy:                   -112.59702898

 SCS-MP2 correlation energy:           -0.33859910   (PS=  1.200000  PT=  0.333333)
 SCS-MP2 total energy:               -112.59406066

 ITER.      SQ.NORM     CORR.ENERGY   TOTAL ENERGY   ENERGY CHANGE        DEN1      VAR(S)    VAR(P)  DIIS     TIME  TIME/IT
   1      1.07331803    -0.34914929  -112.60461085    -0.00758187    -0.00186455  0.57D-03  0.90D-03  1  1    22.61     0.19
   2      1.07743947    -0.34991127  -112.60537284    -0.00076198    -0.00526328  0.12D-04  0.10D-03  2  2    22.80     0.20
   3      1.07894502    -0.34992551  -112.60538707    -0.00001424    -0.00102677  0.36D-05  0.44D-05  3  3    22.98     0.20
   4      1.07932521    -0.34992034  -112.60538191     0.00000517    -0.00018170  0.31D-06  0.20D-06  4  4    23.17     0.20
   5      1.07937470    -0.34992172  -112.60538329    -0.00000138    -0.00001344  0.59D-07  0.18D-07  5  5    23.35     0.20
   6      1.07938946    -0.34992098  -112.60538254     0.00000075    -0.00000332  0.71D-08  0.20D-08  6  6    23.54     0.20
   7      1.07939246    -0.34992098  -112.60538254    -0.00000000    -0.00000047  0.61D-09  0.22D-09  6  1    23.73     0.20

 Norm of t1 vector:      0.03205695      S-energy:    -0.00000024      T1 diagnostic:  0.00716815
                                                                       D1 diagnostic:  0.01247504
                                                                       D2 diagnostic:  0.14148814 (internal)

 Total CPU time for triples:      0.91 sec


 RESULTS
 =======

  Reference energy                   -112.255461561731
  CCSD singlet pair energy             -0.235885153311
  CCSD triplet pair energy             -0.114035589682
  CCSD correlation energy              -0.349920980661

  Triples (T) contribution             -0.011078068718
  Total correlation energy             -0.360999049379

  CCSD total energy                  -112.605382542392
  CCSD[T] energy                     -112.616659016346
  CCSD-T energy                      -112.616371620709
 !CCSD(T) total energy               -112.616460611110

 Timing summary (sec):

 STEP                 CPU(USER)    SYS     CPU(TOT)    WALL
 Transformation          0.18      0.03      0.21      0.21
 CCSD iterations        23.55      0.08     23.63      1.40
 Triples                 0.91      0.05      0.96      0.95

 Program statistics:

 Available memory in ccsd:                31999895
 Min. memory needed in ccsd:                306665
 Max. memory used in ccsd:                  364584
 Max. memory used in cckext:                449817 ( 7 integral passes)



 **********************************************************************************************************************************
 DATASETS  * FILE   NREC   LENGTH (MB)   RECORD NAMES
              1      20      139.54       500      610      700      900      950      970     1000      129      960     1100   
                                          VAR    BASINP    GEOM    SYMINP    ZMAT    AOBASIS   DATA      P2S    ABASIS      S 
                                         1400     1410     1200     1210     1080     1600     1650     1300     1700     1380   
                                           T        V       H0       H01     AOSYM     SMH    MOLCAS    ERIS     OPER     JKOP   

              2       6        1.11       700     1000      520     2100     2101     2102   
                                         GEOM     BASIS   MCVARS     RHF      RHF      RHF  

 PROGRAMS   *        TOTAL   CCSD(T)   RHF-SCF       DIP   CCSD(T)   RHF-SCF       DIP   CCSD(T)   RHF-SCF       INT   CCSD(T)
 CPU TIMES  *        24.27      2.42      0.55      0.01      2.43      0.49      0.00      2.42      0.62      3.29      2.24
 REAL TIME  *        26.52 SEC
 DISK USED  *       324.34 MB
 **********************************************************************************************************************************
 SETTING EZ2            =      -112.61646061  AU                              
 SETTING DIPAU          =         0.43271434  AU                              
 SETTING DM1(2)         =         1.09985015  DEBYE                           

 DO I                   =         3.00000000   
 SETTING R              =         0.90000000  ANG                             
 SETTING RX(3)          =         0.90000000  ANG                             
 SETTING XX(3)          =    xxxx
 SETTING YY(3)          =    yyyy


 Recomputing integrals since geometry changed


 PROGRAM * SEWARD (Integral evaluation for generally contracted gaussian basis sets)     Author: Roland Lindh, 1990

 Geometry written to block  1 of record 700

 Orientation using atomic masses  
 Molecule type: Linear
 Symmetry elements: X,Y
 Rotational constants:      90.9428621     90.9428621      0.0000000 GHz  (calculated with average atomic masses)

 Point group  C2v 



 ATOMIC COORDINATES

 NR  ATOM    CHARGE       X              Y              Z

   1  C       6.00    0.000000000    0.000000000   -0.971461876
   2  O       8.00    0.000000000    0.000000000    0.729291636

 Bond lengths in Bohr (Angstrom)

 1-2  1.700753512
     ( 0.900000000)

 NUCLEAR CHARGE:                   14
 NUMBER OF PRIMITIVE AOS:         236
 NUMBER OF SYMMETRY AOS:          186
 NUMBER OF CONTRACTIONS:          160   (   62A1  +   38B1  +   38B2  +   22A2  )
 NUMBER OF INNER CORE ORBITALS:     0   (    0A1  +    0B1  +    0B2  +    0A2  )
 NUMBER OF OUTER CORE ORBITALS:     2   (    2A1  +    0B1  +    0B2  +    0A2  )
 NUMBER OF VALENCE ORBITALS:        8   (    4A1  +    2B1  +    2B2  +    0A2  )


 NUCLEAR REPULSION ENERGY   28.22278458

 EXTRA SYMMETRY OF AOS IN SYMMETRY 1:   1 1 1 1 1 1 1 1 1 1   1 1 2 1 2 1 2 1 2 1   2 1 2 1 2 1 3 2 1 3   2 1 1 1 1 1 1 1 1 1
                                        1 1 1 2 1 2 1 2 1 2   1 2 1 2 1 2 1 3 2 1   3 2
 EXTRA SYMMETRY OF AOS IN SYMMETRY 2:   1 1 1 1 1 1 1 1 1 1   2 1 2 1 2 1 2 1 2 1   1 1 1 1 1 1 1 1 1 2   1 2 1 2 1 2 1 2
 EXTRA SYMMETRY OF AOS IN SYMMETRY 3:   1 1 1 1 1 1 1 1 1 1   2 1 2 1 2 1 2 1 2 1   1 1 1 1 1 1 1 1 1 2   1 2 1 2 1 2 1 2
 EXTRA SYMMETRY OF AOS IN SYMMETRY 4:   1 1 1 1 1 1 1 1 2 1   2 1 1 1 1 1 1 1 1 2   1 2

 Eigenvalues of metric

         1 0.609E-04 0.282E-03 0.349E-03 0.456E-03 0.703E-03 0.124E-02 0.316E-02 0.348E-02
         2 0.378E-03 0.264E-02 0.465E-02 0.896E-02 0.122E-01 0.170E-01 0.276E-01 0.534E-01
         3 0.378E-03 0.264E-02 0.465E-02 0.896E-02 0.122E-01 0.170E-01 0.276E-01 0.534E-01
         4 0.316E-02 0.178E-01 0.695E-01 0.120E+00 0.153E+00 0.212E+00 0.320E+00 0.329E+00


 Contracted 2-electron integrals neglected if value below      1.0D-11
 AO integral compression algorithm  1   Integral accuracy      1.0D-11

     93.848 MB (compressed) written to integral file ( 43.6%)


 NUMBER OF SORTED TWO-ELECTRON INTEGRALS:   21336328.     BUFFER LENGTH:  32768
 NUMBER OF SEGMENTS:   2  SEGMENT LENGTH:   15999988      RECORD LENGTH: 524288

 Memory used in sort:      16.56 MW

 SORT1 READ    26829300. AND WROTE    15245456. INTEGRALS IN     44 RECORDS. CPU TIME:     0.34 SEC, REAL TIME:     0.41 SEC
 SORT2 READ    15245456. AND WROTE    21336328. INTEGRALS IN    358 RECORDS. CPU TIME:     0.36 SEC, REAL TIME:     0.40 SEC

 FILE SIZES:   FILE 1:   125.4 MBYTE,  FILE 4:   184.6 MBYTE,   TOTAL:    310.0 MBYTE

 OPERATOR DM      FOR CENTER  0  COORDINATES:    0.000000    0.000000    0.000000


 **********************************************************************************************************************************
 DATASETS  * FILE   NREC   LENGTH (MB)   RECORD NAMES
              1      19      119.70       500      610      700      900      950      970     1000      129      960     1100   
                                          VAR    BASINP    GEOM    SYMINP    ZMAT    AOBASIS   BASIS     P2S    ABASIS      S 
                                         1400     1410     1200     1210     1080     1600     1650     1300     1700   
                                           T        V       H0       H01     AOSYM     SMH    MOLCAS    ERIS     OPER   

              2       6        1.11       700     1000      520     2100     2101     2102   
                                         GEOM     BASIS   MCVARS     RHF      RHF      RHF  

 PROGRAMS   *        TOTAL       INT   CCSD(T)   RHF-SCF       DIP   CCSD(T)   RHF-SCF       DIP   CCSD(T)   RHF-SCF       INT
 CPU TIMES  *        27.50      3.21      2.42      0.55      0.01      2.43      0.49      0.00      2.42      0.62      3.29
 REAL TIME  *        30.05 SEC
 DISK USED  *       324.34 MB
 **********************************************************************************************************************************


 Program * Restricted Hartree-Fock

 Molecular orbitals read from record     2102.2  Type=RHF/CANONICAL (state 1.1)

 Initial occupancy:   5   1   1   0

 NELEC=   14   SYM=1   MS2= 0   THRE=1.0D-08   THRD=3.2D-06   THRG=3.2D-06  HFMA2=F  DIIS_START=2   DIIS_MAX=10   DIIS_INCORE=F

 Level shifts:    0.00 (CLOSED)    0.00 (OPEN)    0.30 (GAP_MIN)

 ITER           ETOT              DE          GRAD        DDIFF     DIIS  NEXP   TIME(IT)  TIME(TOT)  DIAG
   1     -112.59076017    -112.59076017     0.00D+00     0.11D+00     0     0       0.06      0.06    start
   2     -112.60786434      -0.01710417     0.11D-01     0.16D-01     1     0       0.07      0.13    diag
   3     -112.60885576      -0.00099143     0.22D-02     0.17D-02     2     0       0.07      0.20    diag
   4     -112.60892695      -0.00007119     0.46D-03     0.46D-03     3     0       0.07      0.27    diag
   5     -112.60893276      -0.00000581     0.13D-03     0.12D-03     4     0       0.07      0.34    diag
   6     -112.60893360      -0.00000084     0.50D-04     0.43D-04     5     0       0.07      0.41    diag
   7     -112.60893362      -0.00000002     0.49D-05     0.78D-05     6     0       0.06      0.47    diag
   8     -112.60893362      -0.00000000     0.52D-06     0.81D-06     7     0       0.07      0.54    fixocc
   9     -112.60893362      -0.00000000     0.79D-07     0.80D-07     0     0       0.07      0.61    diag

 Final occupancy:   5   1   1   0

 !RHF STATE 1.1 Energy               -112.608933618688
  RHF One-electron energy            -208.760951186605
  RHF Two-electron energy              67.929232986423
  RHF Kinetic energy                  114.644621875648
  RHF Nuclear energy                   28.222784581493
  RHF Virial quotient                  -0.982243491028

 !RHF STATE 1.1 Dipole moment           0.00000000     0.00000000     0.29209131
 Dipole moment /Debye                   0.00000000     0.00000000     0.74242205

 Orbital energies:

           1.1          2.1          3.1          4.1          5.1          6.1          7.1
    -20.644960   -11.259561    -1.680166    -0.822278    -0.519990     0.056012     0.077350

           1.2          2.2          3.2
     -0.762144     0.064664     0.154305

           1.3          2.3          3.3
     -0.762144     0.064664     0.154305

           1.4          2.4
      0.226539     0.516389


 HOMO      5.1    -0.519990 =     -14.1496eV
 LUMO      6.1     0.056012 =       1.5242eV
 LUMO-HOMO         0.576002 =      15.6738eV

 Orbitals saved in record  2100.2


 **********************************************************************************************************************************
 DATASETS  * FILE   NREC   LENGTH (MB)   RECORD NAMES
              1      19      119.70       500      610      700      900      950      970     1000      129      960     1100   
                                          VAR    BASINP    GEOM    SYMINP    ZMAT    AOBASIS   BASIS     P2S    ABASIS      S 
                                         1400     1410     1200     1210     1080     1600     1650     1300     1700   
                                           T        V       H0       H01     AOSYM     SMH    MOLCAS    ERIS     OPER   

              2       6        1.11       700     1000      520     2100     2101     2102   
                                         GEOM     BASIS   MCVARS     RHF      RHF      RHF  

 PROGRAMS   *        TOTAL   RHF-SCF       INT   CCSD(T)   RHF-SCF       DIP   CCSD(T)   RHF-SCF       DIP   CCSD(T)   RHF-SCF
 CPU TIMES  *        28.11      0.61      3.21      2.42      0.55      0.01      2.43      0.49      0.00      2.42      0.62
 REAL TIME  *        30.72 SEC
 DISK USED  *       324.34 MB
 **********************************************************************************************************************************


 PROGRAM * CCSD (Closed-shell coupled cluster)     Authors: C. Hampel, H.-J. Werner, 1991, M. Deegan, P.J. Knowles, 1992


 Convergence thresholds:  THRVAR = 1.00D-08  THRDEN = 1.00D-06

 CCSD(T)     terms to be evaluated (factor= 1.000)


 Number of core orbitals:           2 (   2   0   0   0 )
 Number of closed-shell orbitals:   5 (   3   1   1   0 )
 Number of external orbitals:     153 (  57  37  37  22 )

 Molecular orbitals read from record     2100.2  Type=RHF/CANONICAL (state 1.1)

 Number of N-1 electron functions:               5
 Number of N-2 electron functions:              15
 Number of singly external CSFs:               245
 Number of doubly external CSFs:             76295
 Total number of CSFs:                       76541

 Length of J-op  integral file:               0.00 MB
 Length of K-op  integral file:               0.56 MB
 Length of 3-ext integral record:             0.00 MB

 Memory could be reduced to 7.12 Mwords without degradation in triples

 Integral transformation finished. Total CPU:   0.18 sec, npass=  1  Memory used:   0.92 MW

 Reference energy:                   -112.60893362

 MP2 singlet pair energy:              -0.22466664
 MP2 triplet pair energy:              -0.12735183
 MP2 correlation energy:               -0.35201847
 MP2 total energy:                   -112.96095209

 SCS-MP2 correlation energy:           -0.34884111   (PS=  1.200000  PT=  0.333333)
 SCS-MP2 total energy:               -112.95777473

 ITER.      SQ.NORM     CORR.ENERGY   TOTAL ENERGY   ENERGY CHANGE        DEN1      VAR(S)    VAR(P)  DIIS     TIME  TIME/IT
   1      1.08110586    -0.35780641  -112.96674003    -0.00578794     0.00147591  0.98D-03  0.12D-02  1  1    28.86     0.19
   2      1.08631050    -0.35849566  -112.96742928    -0.00068925    -0.00632886  0.18D-04  0.16D-03  2  2    29.04     0.19
   3      1.08849358    -0.35854250  -112.96747612    -0.00004684    -0.00134721  0.68D-05  0.74D-05  3  3    29.23     0.20
   4      1.08908891    -0.35852264  -112.96745626     0.00001986    -0.00027615  0.46D-06  0.41D-06  4  4    29.41     0.20
   5      1.08917425    -0.35852622  -112.96745984    -0.00000358    -0.00002334  0.74D-07  0.34D-07  5  5    29.59     0.20
   6      1.08919728    -0.35852466  -112.96745828     0.00000156    -0.00000604  0.85D-08  0.31D-08  6  6    29.78     0.20
   7      1.08920070    -0.35852474  -112.96745836    -0.00000008    -0.00000045  0.86D-09  0.34D-09  6  1    29.97     0.20
   8      1.08920190    -0.35852468  -112.96745830     0.00000006    -0.00000002  0.30D-10  0.20D-10  6  2    30.15     0.20

 Norm of t1 vector:      0.04102608      S-energy:    -0.00000013      T1 diagnostic:  0.00917371
                                                                       D1 diagnostic:  0.01698117
                                                                       D2 diagnostic:  0.14719531 (internal)

 Total CPU time for triples:      0.92 sec


 RESULTS
 =======

  Reference energy                   -112.608933618688
  CCSD singlet pair energy             -0.242945642544
  CCSD triplet pair energy             -0.115578911606
  CCSD correlation energy              -0.358524684206

  Triples (T) contribution             -0.012887311380
  Total correlation energy             -0.371411995585

  CCSD total energy                  -112.967458302894
  CCSD[T] energy                     -112.980697557550
  CCSD-T energy                      -112.980189388113
 !CCSD(T) total energy               -112.980345614274

 Timing summary (sec):

 STEP                 CPU(USER)    SYS     CPU(TOT)    WALL
 Transformation          0.18      0.03      0.21      0.22
 CCSD iterations        29.98      0.11     30.09      1.60
 Triples                 0.92      0.04      0.96      0.95

 Program statistics:

 Available memory in ccsd:                31999895
 Min. memory needed in ccsd:                306665
 Max. memory used in ccsd:                  364584
 Max. memory used in cckext:                449817 ( 8 integral passes)



 **********************************************************************************************************************************
 DATASETS  * FILE   NREC   LENGTH (MB)   RECORD NAMES
              1      20      138.45       500      610      700      900      950      970     1000      129      960     1100   
                                          VAR    BASINP    GEOM    SYMINP    ZMAT    AOBASIS   BASIS     P2S    ABASIS      S 
                                         1400     1410     1200     1210     1080     1600     1650     1300     1700     1380   
                                           T        V       H0       H01     AOSYM     SMH    MOLCAS    ERIS     OPER     JKOP   

              2       6        1.11       700     1000      520     2100     2101     2102   
                                         GEOM     BASIS   MCVARS     RHF      RHF      RHF  

 PROGRAMS   *        TOTAL   CCSD(T)   RHF-SCF       INT   CCSD(T)   RHF-SCF       DIP   CCSD(T)   RHF-SCF       DIP   CCSD(T)
 CPU TIMES  *        30.71      2.60      0.61      3.21      2.42      0.55      0.01      2.43      0.49      0.00      2.42
 REAL TIME  *        33.52 SEC
 DISK USED  *       324.34 MB
 **********************************************************************************************************************************
 SETTING ENER1(3)       =      -112.98034561  AU                              



 Reading unperturbed one-electron hamiltonian

 Dipole field added to one electron Hamiltonian
 Field strength:  0.0000000  0.0000000 -0.0050000
 EXTRA SYMMETRY OF AOS IN SYMMETRY 1:   1 1 1 1 1 1 1 1 1 1   1 1 2 1 2 1 2 1 2 1   2 1 2 1 2 1 3 2 1 3   2 1 1 1 1 1 1 1 1 1
                                        1 1 1 2 1 2 1 2 1 2   1 2 1 2 1 2 1 3 2 1   3 2
 EXTRA SYMMETRY OF AOS IN SYMMETRY 2:   1 1 1 1 1 1 1 1 1 1   2 1 2 1 2 1 2 1 2 1   1 1 1 1 1 1 1 1 1 2   1 2 1 2 1 2 1 2
 EXTRA SYMMETRY OF AOS IN SYMMETRY 3:   1 1 1 1 1 1 1 1 1 1   2 1 2 1 2 1 2 1 2 1   1 1 1 1 1 1 1 1 1 2   1 2 1 2 1 2 1 2
 EXTRA SYMMETRY OF AOS IN SYMMETRY 4:   1 1 1 1 1 1 1 1 2 1   2 1 1 1 1 1 1 1 1 2   1 2



 **********************************************************************************************************************************
 DATASETS  * FILE   NREC   LENGTH (MB)   RECORD NAMES
              1      20      138.45       500      610      700      900      950      970     1000      129      960     1100   
                                          VAR    BASINP    GEOM    SYMINP    ZMAT    AOBASIS   DATA      P2S    ABASIS      S 
                                         1400     1410     1200     1210     1080     1600     1650     1300     1700     1380   
                                           T        V       H0       H01     AOSYM     SMH    MOLCAS    ERIS     OPER     JKOP   

              2       6        1.11       700     1000      520     2100     2101     2102   
                                         GEOM     BASIS   MCVARS     RHF      RHF      RHF  

 PROGRAMS   *        TOTAL       DIP   CCSD(T)   RHF-SCF       INT   CCSD(T)   RHF-SCF       DIP   CCSD(T)   RHF-SCF       DIP
 CPU TIMES  *        30.71      0.00      2.60      0.61      3.21      2.42      0.55      0.01      2.43      0.49      0.00
 REAL TIME  *        33.52 SEC
 DISK USED  *       324.34 MB
 **********************************************************************************************************************************


 Program * Restricted Hartree-Fock

 Molecular orbitals read from record     2100.2  Type=RHF/CANONICAL (state 1.1)

 Initial occupancy:   5   1   1   0

 NELEC=   14   SYM=1   MS2= 0   THRE=1.0D-08   THRD=3.2D-06   THRG=3.2D-06  HFMA2=F  DIIS_START=2   DIIS_MAX=10   DIIS_INCORE=F

 Level shifts:    0.00 (CLOSED)    0.00 (OPEN)    0.30 (GAP_MIN)

 ITER           ETOT              DE          GRAD        DDIFF     DIIS  NEXP   TIME(IT)  TIME(TOT)  DIAG
   1     -112.61039408    -112.61039408     0.00D+00     0.96D-01     0     0       0.07      0.07    start
   2     -112.61051318      -0.00011910     0.44D-03     0.35D-03     1     0       0.07      0.14    diag
   3     -112.61052831      -0.00001513     0.22D-03     0.18D-03     2     0       0.07      0.21    diag
   4     -112.61053144      -0.00000313     0.76D-04     0.72D-04     3     0       0.06      0.27    diag
   5     -112.61053158      -0.00000014     0.14D-04     0.18D-04     4     0       0.07      0.34    diag
   6     -112.61053158      -0.00000000     0.30D-05     0.33D-05     5     0       0.07      0.41    diag
   7     -112.61053158      -0.00000000     0.48D-06     0.52D-06     6     0       0.07      0.48    diag
   8     -112.61053158      -0.00000000     0.81D-07     0.76D-07     0     0       0.07      0.55    fixocc

 Final occupancy:   5   1   1   0

 !RHF STATE 1.1 Energy               -112.610531579447
  RHF One-electron energy            -208.743048516830
  RHF Two-electron energy              67.909760165029
  RHF Kinetic energy                  114.636221927844
  RHF Nuclear energy                   28.222756772354
  RHF Virial quotient                  -0.982329404142

 !RHF STATE 1.1 Dipole moment           0.00000000     0.00000000     0.34723284
 Dipole moment /Debye                   0.00000000     0.00000000     0.88257785

 Orbital energies:

           1.1          2.1          3.1          4.1          5.1          6.1          7.1
    -20.646119   -11.262457    -1.680995    -0.820658    -0.526404     0.049873     0.068639

           1.2          2.2          3.2
     -0.762565     0.054324     0.162334

           1.3          2.3          3.3
     -0.762565     0.054324     0.162334

           1.4          2.4
      0.220792     0.519541


 HOMO      5.1    -0.526404 =     -14.3242eV
 LUMO      6.1     0.049873 =       1.3571eV
 LUMO-HOMO         0.576277 =      15.6813eV

 Orbitals saved in record  2101.2


 **********************************************************************************************************************************
 DATASETS  * FILE   NREC   LENGTH (MB)   RECORD NAMES
              1      20      138.45       500      610      700      900      950      970     1000      129      960     1100   
                                          VAR    BASINP    GEOM    SYMINP    ZMAT    AOBASIS   DATA      P2S    ABASIS      S 
                                         1400     1410     1200     1210     1080     1600     1650     1300     1700     1380   
                                           T        V       H0       H01     AOSYM     SMH    MOLCAS    ERIS     OPER     JKOP   

              2       6        1.11       700     1000      520     2100     2101     2102   
                                         GEOM     BASIS   MCVARS     RHF      RHF      RHF  

 PROGRAMS   *        TOTAL   RHF-SCF       DIP   CCSD(T)   RHF-SCF       INT   CCSD(T)   RHF-SCF       DIP   CCSD(T)   RHF-SCF
 CPU TIMES  *        31.27      0.55      0.00      2.60      0.61      3.21      2.42      0.55      0.01      2.43      0.49
 REAL TIME  *        34.13 SEC
 DISK USED  *       324.34 MB
 **********************************************************************************************************************************


 PROGRAM * CCSD (Closed-shell coupled cluster)     Authors: C. Hampel, H.-J. Werner, 1991, M. Deegan, P.J. Knowles, 1992


 Convergence thresholds:  THRVAR = 1.00D-08  THRDEN = 1.00D-06

 CCSD(T)     terms to be evaluated (factor= 1.000)


 Number of core orbitals:           2 (   2   0   0   0 )
 Number of closed-shell orbitals:   5 (   3   1   1   0 )
 Number of external orbitals:     153 (  57  37  37  22 )

 Molecular orbitals read from record     2101.2  Type=RHF/CANONICAL (state 1.1)

 Number of N-1 electron functions:               5
 Number of N-2 electron functions:              15
 Number of singly external CSFs:               245
 Number of doubly external CSFs:             76295
 Total number of CSFs:                       76541

 Length of J-op  integral file:               0.00 MB
 Length of K-op  integral file:               0.56 MB
 Length of 3-ext integral record:             0.00 MB

 Memory could be reduced to 7.12 Mwords without degradation in triples

 Integral transformation finished. Total CPU:   0.17 sec, npass=  1  Memory used:   0.92 MW

 Reference energy:                   -112.61053158

 MP2 singlet pair energy:              -0.22482147
 MP2 triplet pair energy:              -0.12746115
 MP2 correlation energy:               -0.35228262
 MP2 total energy:                   -112.96281420

 SCS-MP2 correlation energy:           -0.34909493   (PS=  1.200000  PT=  0.333333)
 SCS-MP2 total energy:               -112.95962651

 ITER.      SQ.NORM     CORR.ENERGY   TOTAL ENERGY   ENERGY CHANGE        DEN1      VAR(S)    VAR(P)  DIIS     TIME  TIME/IT
   1      1.08121613    -0.35798389  -112.96851547    -0.00570127     0.00158044  0.98D-03  0.12D-02  1  1    32.03     0.19
   2      1.08640364    -0.35865859  -112.96919017    -0.00067470    -0.00633594  0.18D-04  0.16D-03  2  2    32.22     0.19
   3      1.08856796    -0.35870289  -112.96923447    -0.00004430    -0.00134286  0.67D-05  0.73D-05  3  3    32.41     0.20
   4      1.08915399    -0.35868287  -112.96921445     0.00002002    -0.00027402  0.43D-06  0.41D-06  4  4    32.59     0.20
   5      1.08923769    -0.35868640  -112.96921798    -0.00000353    -0.00002333  0.67D-07  0.33D-07  5  5    32.78     0.20
   6      1.08925992    -0.35868482  -112.96921639     0.00000159    -0.00000601  0.73D-08  0.29D-08  6  6    32.96     0.20
   7      1.08926301    -0.35868489  -112.96921647    -0.00000008    -0.00000042  0.75D-09  0.31D-09  6  1    33.14     0.20
   8      1.08926409    -0.35868484  -112.96921642     0.00000006    -0.00000002  0.28D-10  0.19D-10  6  2    33.33     0.20

 Norm of t1 vector:      0.04090642      S-energy:    -0.00000015      T1 diagnostic:  0.00914695
                                                                       D1 diagnostic:  0.01705253
                                                                       D2 diagnostic:  0.14672529 (internal)

 Total CPU time for triples:      0.92 sec


 RESULTS
 =======

  Reference energy                   -112.610531579447
  CCSD singlet pair energy             -0.243073464597
  CCSD triplet pair energy             -0.115611224139
  CCSD correlation energy              -0.358684836611

  Triples (T) contribution             -0.012909665076
  Total correlation energy             -0.371594501687

  CCSD total energy                  -112.969216416058
  CCSD[T] energy                     -112.982480141416
  CCSD-T energy                      -112.981968126438
 !CCSD(T) total energy               -112.982126081134

 Timing summary (sec):

 STEP                 CPU(USER)    SYS     CPU(TOT)    WALL
 Transformation          0.18      0.02      0.20      0.21
 CCSD iterations        33.15      0.10     33.25      1.60
 Triples                 0.92      0.03      0.95      0.95

 Program statistics:

 Available memory in ccsd:                31999895
 Min. memory needed in ccsd:                306665
 Max. memory used in ccsd:                  364584
 Max. memory used in cckext:                449817 ( 8 integral passes)



 **********************************************************************************************************************************
 DATASETS  * FILE   NREC   LENGTH (MB)   RECORD NAMES
              1      20      138.45       500      610      700      900      950      970     1000      129      960     1100   
                                          VAR    BASINP    GEOM    SYMINP    ZMAT    AOBASIS   DATA      P2S    ABASIS      S 
                                         1400     1410     1200     1210     1080     1600     1650     1300     1700     1380   
                                           T        V       H0       H01     AOSYM     SMH    MOLCAS    ERIS     OPER     JKOP   

              2       6        1.11       700     1000      520     2100     2101     2102   
                                         GEOM     BASIS   MCVARS     RHF      RHF      RHF  

 PROGRAMS   *        TOTAL   CCSD(T)   RHF-SCF       DIP   CCSD(T)   RHF-SCF       INT   CCSD(T)   RHF-SCF       DIP   CCSD(T)
 CPU TIMES  *        33.89      2.61      0.55      0.00      2.60      0.61      3.21      2.42      0.55      0.01      2.43
 REAL TIME  *        36.91 SEC
 DISK USED  *       324.34 MB
 **********************************************************************************************************************************
 SETTING EZ1            =      -112.98212608  AU                              



 Reading unperturbed one-electron hamiltonian

 Dipole field added to one electron Hamiltonian
 Field strength:  0.0000000  0.0000000  0.0050000
 EXTRA SYMMETRY OF AOS IN SYMMETRY 1:   1 1 1 1 1 1 1 1 1 1   1 1 2 1 2 1 2 1 2 1   2 1 2 1 2 1 3 2 1 3   2 1 1 1 1 1 1 1 1 1
                                        1 1 1 2 1 2 1 2 1 2   1 2 1 2 1 2 1 3 2 1   3 2
 EXTRA SYMMETRY OF AOS IN SYMMETRY 2:   1 1 1 1 1 1 1 1 1 1   2 1 2 1 2 1 2 1 2 1   1 1 1 1 1 1 1 1 1 2   1 2 1 2 1 2 1 2
 EXTRA SYMMETRY OF AOS IN SYMMETRY 3:   1 1 1 1 1 1 1 1 1 1   2 1 2 1 2 1 2 1 2 1   1 1 1 1 1 1 1 1 1 2   1 2 1 2 1 2 1 2
 EXTRA SYMMETRY OF AOS IN SYMMETRY 4:   1 1 1 1 1 1 1 1 2 1   2 1 1 1 1 1 1 1 1 2   1 2



 **********************************************************************************************************************************
 DATASETS  * FILE   NREC   LENGTH (MB)   RECORD NAMES
              1      20      138.45       500      610      700      900      950      970     1000      129      960     1100   
                                          VAR    BASINP    GEOM    SYMINP    ZMAT    AOBASIS   DATA      P2S    ABASIS      S 
                                         1400     1410     1200     1210     1080     1600     1650     1300     1700     1380   
                                           T        V       H0       H01     AOSYM     SMH    MOLCAS    ERIS     OPER     JKOP   

              2       6        1.11       700     1000      520     2100     2101     2102   
                                         GEOM     BASIS   MCVARS     RHF      RHF      RHF  

 PROGRAMS   *        TOTAL       DIP   CCSD(T)   RHF-SCF       DIP   CCSD(T)   RHF-SCF       INT   CCSD(T)   RHF-SCF       DIP
 CPU TIMES  *        33.89      0.00      2.61      0.55      0.00      2.60      0.61      3.21      2.42      0.55      0.01
 REAL TIME  *        36.91 SEC
 DISK USED  *       324.34 MB
 **********************************************************************************************************************************


 Program * Restricted Hartree-Fock

 Molecular orbitals read from record     2101.2  Type=RHF/CANONICAL (state 1.1)

 Initial occupancy:   5   1   1   0

 NELEC=   14   SYM=1   MS2= 0   THRE=1.0D-08   THRD=3.2D-06   THRG=3.2D-06  HFMA2=F  DIIS_START=2   DIIS_MAX=10   DIIS_INCORE=F

 Level shifts:    0.00 (CLOSED)    0.00 (OPEN)    0.30 (GAP_MIN)

 ITER           ETOT              DE          GRAD        DDIFF     DIIS  NEXP   TIME(IT)  TIME(TOT)  DIAG
   1     -112.60705925    -112.60705925     0.00D+00     0.96D-01     0     0       0.06      0.06    start
   2     -112.60753724      -0.00047799     0.88D-03     0.69D-03     1     0       0.07      0.13    diag
   3     -112.60759681      -0.00005956     0.43D-03     0.36D-03     2     0       0.07      0.20    diag
   4     -112.60760889      -0.00001208     0.15D-03     0.14D-03     3     0       0.06      0.26    diag
   5     -112.60760940      -0.00000052     0.28D-04     0.35D-04     4     0       0.08      0.34    diag
   6     -112.60760942      -0.00000002     0.57D-05     0.63D-05     5     0       0.06      0.40    diag
   7     -112.60760942      -0.00000000     0.99D-06     0.10D-05     6     0       0.07      0.47    diag
   8     -112.60760942      -0.00000000     0.17D-06     0.16D-06     0     0       0.07      0.54    fixocc

 Final occupancy:   5   1   1   0

 !RHF STATE 1.1 Energy               -112.607609417921
  RHF One-electron energy            -208.777352590526
  RHF Two-electron energy              67.946930781973
  RHF Kinetic energy                  114.652484998585
  RHF Nuclear energy                   28.222812390632
  RHF Virial quotient                  -0.982164576889

 !RHF STATE 1.1 Dipole moment           0.00000000     0.00000000     0.23770825
 Dipole moment /Debye                   0.00000000     0.00000000     0.60419411

 Orbital energies:

           1.1          2.1          3.1          4.1          5.1          6.1          7.1
    -20.643983   -11.256844    -1.679484    -0.824024    -0.513681     0.041207     0.103016

           1.2          2.2          3.2
     -0.761864     0.073229     0.147346

           1.3          2.3          3.3
     -0.761864     0.073229     0.147346

           1.4          2.4
      0.232106     0.513213


 HOMO      5.1    -0.513681 =     -13.9780eV
 LUMO      6.1     0.041207 =       1.1213eV
 LUMO-HOMO         0.554888 =      15.0993eV

 Orbitals saved in record  2102.2


 **********************************************************************************************************************************
 DATASETS  * FILE   NREC   LENGTH (MB)   RECORD NAMES
              1      20      138.45       500      610      700      900      950      970     1000      129      960     1100   
                                          VAR    BASINP    GEOM    SYMINP    ZMAT    AOBASIS   DATA      P2S    ABASIS      S 
                                         1400     1410     1200     1210     1080     1600     1650     1300     1700     1380   
                                           T        V       H0       H01     AOSYM     SMH    MOLCAS    ERIS     OPER     JKOP   

              2       6        1.11       700     1000      520     2100     2101     2102   
                                         GEOM     BASIS   MCVARS     RHF      RHF      RHF  

 PROGRAMS   *        TOTAL   RHF-SCF       DIP   CCSD(T)   RHF-SCF       DIP   CCSD(T)   RHF-SCF       INT   CCSD(T)   RHF-SCF
 CPU TIMES  *        34.44      0.55      0.00      2.61      0.55      0.00      2.60      0.61      3.21      2.42      0.55
 REAL TIME  *        37.53 SEC
 DISK USED  *       324.34 MB
 **********************************************************************************************************************************


 PROGRAM * CCSD (Closed-shell coupled cluster)     Authors: C. Hampel, H.-J. Werner, 1991, M. Deegan, P.J. Knowles, 1992


 Convergence thresholds:  THRVAR = 1.00D-08  THRDEN = 1.00D-06

 CCSD(T)     terms to be evaluated (factor= 1.000)


 Number of core orbitals:           2 (   2   0   0   0 )
 Number of closed-shell orbitals:   5 (   3   1   1   0 )
 Number of external orbitals:     153 (  57  37  37  22 )

 Molecular orbitals read from record     2102.2  Type=RHF/CANONICAL (state 1.1)

 Number of N-1 electron functions:               5
 Number of N-2 electron functions:              15
 Number of singly external CSFs:               245
 Number of doubly external CSFs:             76295
 Total number of CSFs:                       76541

 Length of J-op  integral file:               0.00 MB
 Length of K-op  integral file:               0.56 MB
 Length of 3-ext integral record:             0.00 MB

 Memory could be reduced to 7.12 Mwords without degradation in triples

 Integral transformation finished. Total CPU:   0.18 sec, npass=  1  Memory used:   0.92 MW

 Reference energy:                   -112.60760942

 MP2 singlet pair energy:              -0.22452041
 MP2 triplet pair energy:              -0.12724668
 MP2 correlation energy:               -0.35176710
 MP2 total energy:                   -112.95937652

 SCS-MP2 correlation energy:           -0.34860021   (PS=  1.200000  PT=  0.333333)
 SCS-MP2 total energy:               -112.95620963

 ITER.      SQ.NORM     CORR.ENERGY   TOTAL ENERGY   ENERGY CHANGE        DEN1      VAR(S)    VAR(P)  DIIS     TIME  TIME/IT
   1      1.08101082    -0.35763999  -112.96524941    -0.00587289     0.00137494  0.97D-03  0.12D-02  1  1    35.20     0.19
   2      1.08623596    -0.35834455  -112.96595397    -0.00070456    -0.00632331  0.19D-04  0.16D-03  2  2    35.39     0.19
   3      1.08844074    -0.35839424  -112.96600366    -0.00004969    -0.00135251  0.70D-05  0.76D-05  3  3    35.57     0.20
   4      1.08904697    -0.35837461  -112.96598403     0.00001963    -0.00027867  0.49D-06  0.42D-06  4  4    35.75     0.20
   5      1.08913442    -0.35837826  -112.96598768    -0.00000365    -0.00002343  0.82D-07  0.36D-07  5  5    35.94     0.20
   6      1.08915855    -0.35837672  -112.96598614     0.00000154    -0.00000610  0.10D-07  0.34D-08  6  6    36.12     0.20
   7      1.08916242    -0.35837681  -112.96598623    -0.00000009    -0.00000049  0.10D-08  0.39D-09  6  1    36.31     0.20
   8      1.08916375    -0.35837675  -112.96598617     0.00000006    -0.00000002  0.34D-10  0.22D-10  6  2    36.50     0.20

 Norm of t1 vector:      0.04116815      S-energy:    -0.00000010      T1 diagnostic:  0.00920548
                                                                       D1 diagnostic:  0.01690756
                                                                       D2 diagnostic:  0.14770531 (internal)

 Total CPU time for triples:      0.92 sec


 RESULTS
 =======

  Reference energy                   -112.607609417921
  CCSD singlet pair energy             -0.242829269937
  CCSD triplet pair energy             -0.115547385545
  CCSD correlation energy              -0.358376752660

  Triples (T) contribution             -0.012867304997
  Total correlation energy             -0.371244057657

  CCSD total energy                  -112.965986170581
  CCSD[T] energy                     -112.979203356659
  CCSD-T energy                      -112.978698976855
 !CCSD(T) total energy               -112.978853475578

 Timing summary (sec):

 STEP                 CPU(USER)    SYS     CPU(TOT)    WALL
 Transformation          0.18      0.03      0.21      0.21
 CCSD iterations        36.33      0.10     36.43      1.61
 Triples                 0.92      0.03      0.95      0.95

 Program statistics:

 Available memory in ccsd:                31999895
 Min. memory needed in ccsd:                306665
 Max. memory used in ccsd:                  364584
 Max. memory used in cckext:                449817 ( 8 integral passes)



 **********************************************************************************************************************************
 DATASETS  * FILE   NREC   LENGTH (MB)   RECORD NAMES
              1      20      138.45       500      610      700      900      950      970     1000      129      960     1100   
                                          VAR    BASINP    GEOM    SYMINP    ZMAT    AOBASIS   DATA      P2S    ABASIS      S 
                                         1400     1410     1200     1210     1080     1600     1650     1300     1700     1380   
                                           T        V       H0       H01     AOSYM     SMH    MOLCAS    ERIS     OPER     JKOP   

              2       6        1.11       700     1000      520     2100     2101     2102   
                                         GEOM     BASIS   MCVARS     RHF      RHF      RHF  

 PROGRAMS   *        TOTAL   CCSD(T)   RHF-SCF       DIP   CCSD(T)   RHF-SCF       DIP   CCSD(T)   RHF-SCF       INT   CCSD(T)
 CPU TIMES  *        37.06      2.62      0.55      0.00      2.61      0.55      0.00      2.60      0.61      3.21      2.42
 REAL TIME  *        40.32 SEC
 DISK USED  *       324.34 MB
 **********************************************************************************************************************************
 SETTING EZ2            =      -112.97885348  AU                              
 SETTING DIPAU          =         0.32726056  AU                              
 SETTING DM1(3)         =         0.83181336  DEBYE                           

 DO I                   =         4.00000000   
 SETTING R              =         1.00000000  ANG                             
 SETTING RX(4)          =         1.00000000  ANG                             
 SETTING XX(4)          =    xxxx
 SETTING YY(4)          =    yyyy


 Recomputing integrals since geometry changed


 PROGRAM * SEWARD (Integral evaluation for generally contracted gaussian basis sets)     Author: Roland Lindh, 1990

 Geometry written to block  1 of record 700

 Orientation using atomic masses  
 Molecule type: Linear
 Symmetry elements: X,Y
 Rotational constants:      73.6637183     73.6637183      0.0000000 GHz  (calculated with average atomic masses)

 Point group  C2v 



 ATOMIC COORDINATES

 NR  ATOM    CHARGE       X              Y              Z

   1  C       6.00    0.000000000    0.000000000   -1.079402085
   2  O       8.00    0.000000000    0.000000000    0.810324040

 Bond lengths in Bohr (Angstrom)

 1-2  1.889726125
     ( 1.000000000)

 NUCLEAR CHARGE:                   14
 NUMBER OF PRIMITIVE AOS:         236
 NUMBER OF SYMMETRY AOS:          186
 NUMBER OF CONTRACTIONS:          160   (   62A1  +   38B1  +   38B2  +   22A2  )
 NUMBER OF INNER CORE ORBITALS:     0   (    0A1  +    0B1  +    0B2  +    0A2  )
 NUMBER OF OUTER CORE ORBITALS:     2   (    2A1  +    0B1  +    0B2  +    0A2  )
 NUMBER OF VALENCE ORBITALS:        8   (    4A1  +    2B1  +    2B2  +    0A2  )


 NUCLEAR REPULSION ENERGY   25.40050612

 EXTRA SYMMETRY OF AOS IN SYMMETRY 1:   1 1 1 1 1 1 1 1 1 1   1 1 2 1 2 1 2 1 2 1   2 1 2 1 2 1 3 2 1 3   2 1 1 1 1 1 1 1 1 1
                                        1 1 1 2 1 2 1 2 1 2   1 2 1 2 1 2 1 3 2 1   3 2
 EXTRA SYMMETRY OF AOS IN SYMMETRY 2:   1 1 1 1 1 1 1 1 1 1   2 1 2 1 2 1 2 1 2 1   1 1 1 1 1 1 1 1 1 2   1 2 1 2 1 2 1 2
 EXTRA SYMMETRY OF AOS IN SYMMETRY 3:   1 1 1 1 1 1 1 1 1 1   2 1 2 1 2 1 2 1 2 1   1 1 1 1 1 1 1 1 1 2   1 2 1 2 1 2 1 2
 EXTRA SYMMETRY OF AOS IN SYMMETRY 4:   1 1 1 1 1 1 1 1 2 1   2 1 1 1 1 1 1 1 1 2   1 2

 Eigenvalues of metric

         1 0.756E-04 0.341E-03 0.418E-03 0.495E-03 0.818E-03 0.216E-02 0.388E-02 0.481E-02
         2 0.481E-03 0.326E-02 0.616E-02 0.101E-01 0.137E-01 0.222E-01 0.361E-01 0.663E-01
         3 0.481E-03 0.326E-02 0.616E-02 0.101E-01 0.137E-01 0.222E-01 0.361E-01 0.663E-01
         4 0.481E-02 0.247E-01 0.858E-01 0.153E+00 0.161E+00 0.231E+00 0.341E+00 0.344E+00


 Contracted 2-electron integrals neglected if value below      1.0D-11
 AO integral compression algorithm  1   Integral accuracy      1.0D-11
