 ____                                        ____  _   _  ___
|  _ \ _ __ ___   __ _ _ __ __ _ _ __ ___   |  _ \| | | |/ _ \
| |_) | '__/ _ \ / _` | '__/ _` | '_ ` _ \  | | | | | | | | | |
|  __/| | | (_) | (_| | | | (_| | | | | | | | |_| | |_| | |_| |
|_|   |_|  \___/ \__, |_|  \__,_|_| |_| |_| |____/ \___/ \___/
                 |___/


Please refer to:
 Sergei N. Yurchenko, Lorenzo Lodi, Jonathan Tennyson and Andrey V. Stolyarov, 
 `DUO: A general program for calculating spectra of diatomic molecules',
  Computer Physics Communication, Volume 202, May 2016, pages 262-275
  Contacts: s.yurchenko@ucl.ac.uk; l.lodi@ucl.ac.uk; j.tennyson@ucl.ac.uk; 
            avstol@phys.chem.msu.ru
  http://arxiv.org/abs/1601.06531
  Check https://github.com/Trovemaster for the latest version!

Values of physical constants used by DUO:
                    Planck constant h =   6.626069570000E-27    erg*second
                     Speed of light c =     29979245800.0000     cm/second
                       Bohr radius a0 =      0.5291772109200     angstroms
                    Hartree energy Eh =    219474.6313708000         cm^-1
           Unified atomic mass unit u =   1.660538921000E-24         grams
           Unified atomic mass unit u =   1822.8884861185961            me
                    Electron charge e =   1.602176565000E-19      Coulombs
                Boltzmann constant kB =   1.380648800000E-16    erg/Kelvin
                Boltzmann constant kB =   0.6950347606422950  cm^-1/Kelvin
                    Avogadro constant =   6.022141290000E+23        mol^-1
                    Rotational factor =   1.685762919416E+01  cm-1 amu Ang
      Fine structure constant 1/alpha =   137.03599907466793
                     Electron mass me =   9.109382903261E-28         grams
                  a.u. of dipole e*a0 =       2.541746363812        debyes
                          1 erg      =>   1.000000000000E-07         Joule
                          1 erg      =>   5.034117008194E+15         cm^-1
                          1 eV       =>      8065.5442959967         cm^-1
                          1 kCal/mol =>       349.7550878997         cm^-1
                          1 kJ/mol   =>        83.5934722514         cm^-1
                          1 THz      =>        33.3564095198         cm^-1

(Transcript of the input --->)
atoms H Cl

States X

print_pecs_and_couplings_to_file

jrot 0 - 10

(Defining the integration grid)
grid
 npoints 301
 range   0.8 3.0
 type 0   (nsub)
end

symmetry Cs(M)

DIAGONALIZER
 SYEV
end

(Vibrational basis set)
CONTRACTION
  vib
  vmax  50
END

assign_V_by_count

poten X
name "X1Sigma+"
symmetry +
lambda 0
mult 1
type grid
units Eh
values
   0.70000   -459.639599825200
   0.80000   -459.984104324188
   0.90000   -460.178368422526
   1.00000   -460.284277848051
   1.10000   -460.337754173907
   1.20000   -460.360036723722
   1.25000   -460.363691164689
   1.30000   -460.363882937288
   1.35000   -460.361449814858
   1.40000   -460.357049195743
   1.45000   -460.351198638108
   1.50000   -460.344306807940
   1.55000   -460.336697090871
   1.60000   -460.328625742125
   1.65000   -460.320295957779
   1.68000   -460.315242086579
   1.69000   -460.313555027883
   1.70000   -460.311868342839
   1.71000   -460.310182955289
   1.72000   -460.308499747225
   1.73000   -460.306819559576
   1.74000   -460.305143195035
   1.75000   -460.303471418778
   1.76000   -460.301804960481
   1.78000   -460.298491712742
   1.80000   -460.295206808931
   2.00000   -460.264808987949
   2.50000   -460.216582778102
   3.00000   -460.203975058582
   3.50000   -460.206984340726
end
dipole X
name "<X|mu|X>"
symmetry +
lambda 0
mult 1
type grid
values
   0.70000   0.654080135675
   0.80000   0.710681599068
   0.90000   0.775610068820
   1.00000   0.851195572643
   1.10000   0.936259870255
   1.20000   1.027989036131
   1.25000   1.075242009420
   1.30000   1.122767760440
   1.35000   1.170042921907
   1.40000   1.216501440701
   1.45000   1.261548114362
   1.50000   1.304543433497
   1.55000   1.344808531906
   1.60000   1.381632516627
   1.65000   1.414178683767
   1.68000   1.431418728197
   1.69000   1.436740910489
   1.70000   1.441840644291
   1.71000   1.446711830415
   1.72000   1.451491860827
   1.73000   1.455896729395
   1.74000   1.460055268867
   1.75000   1.463961540243
   1.76000   1.467609656707
   1.78000   1.474344386024
   1.80000   1.479763718064
   2.00000   1.464315046626
   2.50000   0.901664468668
   3.00000   0.576663110772
   3.50000   1.305984419824
end
intensity
absorption
THRESH_INTES 1e-60
THRESH_LINE 1e-40
TEMPERATURE 2000
thresh_dipole 1e-9
linelist duo_01
J 0 - 40
freq-window 0,20000
energy low 0, 20000 upper 0, 40000
end
(<--- End of the input.)

Atom #1 specified as: H
Information from the internal database:
Nuclide full name          = Hydrogen-1
Element name               = Hydrogen
Element symbol             = H
Nuclear charge Z           =     1
Atomic mass                =       1.007825032230 +/-  9.00E-11 Daltons
Nuclear mass               =       1.007276452321   (=atomic mass - Z*me)
Nuclear mass + core elec.  =       1.007276452321   (=nuclear mass +   0*me)
Nuclear spin               =   0.5 hbar
Nuclear stability          = Stable nuclide
Natural isotopic abundance =    99.988500 %

Using the following mass m1 =            1.007825032230

Atom #2 specified as: Cl
Information from the internal database:
Nuclide full name          = Chlorine-35
Element name               = Chlorine
Element symbol             = Cl
Nuclear charge Z           =    17
Atomic mass                =      34.968852682000 +/-  3.70E-08 Daltons
Nuclear mass               =      34.959526823545   (=atomic mass - Z*me)
Nuclear mass + core elec.  =      34.965012622636   (=nuclear mass +  10*me)
Nuclear spin               =   1.5 hbar
Nuclear stability          = Stable nuclide
Natural isotopic abundance =    75.760000 %

Using the following mass m2 =           34.968852682000

Reduced mass is     0.979592539400690         atomic mass units (Daltons)
Reduced mass is      1785.68796116119         atomic units (electron masses)

Using a uniformly spaced grid with npoints =             301
rmin, rmax, step (in ang)   =          0.80000000000000         3.00000000000000         0.00733333333333
rmin, rmax, step (in bohrs) =          1.51178089965205         5.66917837369519         0.01385799158014

Generate a grid representation for all Hamiltonian terms
...done!


Potential functions:
     1                        X1Sigma+  type =                 GRID
            r(Ang)                     1
        0.80000000        8.34139340E+04
        0.80733333        7.91099749E+04
        0.81466667        7.50400456E+04
        0.82200000        7.11918505E+04
        0.82933333        6.75530939E+04
        0.83666667        6.41114804E+04
        0.84400000        6.08547143E+04
        0.85133333        5.77705000E+04
        0.85866667        5.48465419E+04
        0.86600000        5.20705445E+04
        0.87333333        4.94302122E+04
        0.88066667        4.69132494E+04
        0.88800000        4.45073604E+04
        0.89533333        4.22002497E+04
        0.90266667        3.99797122E+04
        0.91000000        3.78379461E+04
        0.91733333        3.57734468E+04
        0.92466667        3.37851940E+04
        0.93200000        3.18721674E+04
        0.93933333        3.00333465E+04
        0.94666667        2.82677111E+04
        0.95400000        2.65742406E+04
        0.96133333        2.49519149E+04
        0.96866667        2.33997135E+04
        0.97600000        2.19166160E+04
        0.98333333        2.05016022E+04
        0.99066667        1.91536516E+04
        0.99800000        1.78717438E+04
        1.00533333        1.66547780E+04
        1.01266667        1.55008954E+04
        1.02000000        1.44078224E+04
        1.02733333        1.33732810E+04
        1.03466667        1.23949933E+04
        1.04200000        1.14706812E+04
        1.04933333        1.05980668E+04
        1.05666667        9.77487216E+03
        1.06400000        8.99881928E+03
        1.07133333        8.26763019E+03
        1.07866667        7.57902693E+03
        1.08600000        6.93073155E+03
        1.09333333        6.32046606E+03
        1.10066667        5.74595267E+03
        1.10800000        5.20521152E+03
        1.11533333        4.69717190E+03
        1.12266667        4.22093591E+03
        1.13000000        3.77560564E+03
        1.13733333        3.36028320E+03
        1.14466667        2.97407070E+03
        1.15200000        2.61607022E+03
        1.15933333        2.28538388E+03
        1.16666667        1.98111377E+03
        1.17400000        1.70236200E+03
        1.18133333        1.44823066E+03
        1.18866667        1.21782185E+03
        1.19600000        1.01023768E+03
        1.20333333        8.24582044E+02
        1.21066667        6.60010309E+02
        1.21800000        5.15735828E+02
        1.22533333        3.90975044E+02
        1.23266667        2.84944399E+02
        1.24000000        1.96860336E+02
        1.24733333        1.25939297E+02
        1.25466667        7.14072950E+01
        1.26200000        3.26147889E+01
        1.26933333        8.99926619E+00
        1.27666667        0.00000000E+00
        1.28400000        5.05626345E+00
        1.29133333        2.36073297E+01
        1.29866667        5.50924720E+01
        1.30600000        9.89606920E+01
        1.31333333        1.54728838E+02
        1.32066667        2.21942649E+02
        1.32800000        3.00147973E+02
        1.33533333        3.88890657E+02
        1.34266667        4.87716547E+02
        1.35000000        5.96171490E+02
        1.35733333        7.13818043E+02
        1.36466667        8.40285605E+02
        1.37200000        9.75220283E+02
        1.37933333        1.11826819E+03
        1.38666667        1.26907542E+03
        1.39400000        1.42728810E+03
        1.40133333        1.59255241E+03
        1.40866667        1.76453440E+03
        1.41600000        1.94294686E+03
        1.42333333        2.12750926E+03
        1.43066667        2.31794107E+03
        1.43800000        2.51396175E+03
        1.44533333        2.71529077E+03
        1.45266667        2.92164807E+03
        1.46000000        3.13277653E+03
        1.46733333        3.34845178E+03
        1.47466667        3.56845199E+03
        1.48200000        3.79255534E+03
        1.48933333        4.02053998E+03
        1.49666667        4.25218409E+03
        1.50400000        4.48726709E+03
        1.51133333        4.72559178E+03
        1.51866667        4.96698177E+03
        1.52600000        5.21126137E+03
        1.53333333        5.45825491E+03
        1.54066667        5.70778670E+03
        1.54800000        5.95968106E+03
        1.55533333        6.21376460E+03
        1.56266667        6.46988536E+03
        1.57000000        6.72790313E+03
        1.57733333        6.98767784E+03
        1.58466667        7.24906938E+03
        1.59200000        7.51193769E+03
        1.59933333        7.77614268E+03
        1.60666667        8.04154825E+03
        1.61400000        8.30803934E+03
        1.62133333        8.57550775E+03
        1.62866667        8.84384532E+03
        1.63600000        9.11294386E+03
        1.64333333        9.38269518E+03
        1.65066667        9.65299112E+03
        1.65800000        9.92372610E+03
        1.66533333        1.01948026E+04
        1.67266667        1.04661244E+04
        1.68000000        1.07375956E+04
        1.68733333        1.10091246E+04
        1.69466667        1.12806374E+04
        1.70200000        1.15520559E+04
        1.70933333        1.18232994E+04
        1.71666667        1.20942923E+04
        1.72400000        1.23649610E+04
        1.73133333        1.26352349E+04
        1.73866667        1.29050451E+04
        1.74600000        1.31743228E+04
        1.75333333        1.34430161E+04
        1.76066667        1.37110384E+04
        1.76800000        1.39782839E+04
        1.77533333        1.42447339E+04
        1.78266667        1.45103855E+04
        1.79000000        1.47752039E+04
        1.79733333        1.50391085E+04
        1.80466667        1.53020172E+04
        1.81200000        1.55638751E+04
        1.81933333        1.58246464E+04
        1.82666667        1.60842954E+04
        1.83400000        1.63427867E+04
        1.84133333        1.66000849E+04
        1.84866667        1.68561543E+04
        1.85600000        1.71109595E+04
        1.86333333        1.73644650E+04
        1.87066667        1.76166353E+04
        1.87800000        1.78674348E+04
        1.88533333        1.81168281E+04
        1.89266667        1.83647797E+04
        1.90000000        1.86112540E+04
        1.90733333        1.88562156E+04
        1.91466667        1.90996290E+04
        1.92200000        1.93414585E+04
        1.92933333        1.95816689E+04
        1.93666667        1.98202244E+04
        1.94400000        2.00570897E+04
        1.95133333        2.02922292E+04
        1.95866667        2.05256074E+04
        1.96600000        2.07571888E+04
        1.97333333        2.09869380E+04
        1.98066667        2.12148193E+04
        1.98800000        2.14407974E+04
        1.99533333        2.16648366E+04
        2.00266667        2.18869019E+04
        2.01000000        2.21069725E+04
        2.01733333        2.23250489E+04
        2.02466667        2.25411331E+04
        2.03200000        2.27552269E+04
        2.03933333        2.29673325E+04
        2.04666667        2.31774516E+04
        2.05400000        2.33855863E+04
        2.06133333        2.35917385E+04
        2.06866667        2.37959103E+04
        2.07600000        2.39981035E+04
        2.08333333        2.41983202E+04
        2.09066667        2.43965622E+04
        2.09800000        2.45928316E+04
        2.10533333        2.47871303E+04
        2.11266667        2.49794603E+04
        2.12000000        2.51698236E+04
        2.12733333        2.53582220E+04
        2.13466667        2.55446576E+04
        2.14200000        2.57291323E+04
        2.14933333        2.59116481E+04
        2.15666667        2.60922070E+04
        2.16400000        2.62708108E+04
        2.17133333        2.64474617E+04
        2.17866667        2.66221615E+04
        2.18600000        2.67949121E+04
        2.19333333        2.69657157E+04
        2.20066667        2.71345740E+04
        2.20800000        2.73014892E+04
        2.21533333        2.74664630E+04
        2.22266667        2.76294976E+04
        2.23000000        2.77905949E+04
        2.23733333        2.79497568E+04
        2.24466667        2.81069853E+04
        2.25200000        2.82622823E+04
        2.25933333        2.84156499E+04
        2.26666667        2.85670899E+04
        2.27400000        2.87166044E+04
        2.28133333        2.88641953E+04
        2.28866667        2.90098645E+04
        2.29600000        2.91536141E+04
        2.30333333        2.92954459E+04
        2.31066667        2.94353620E+04
        2.31800000        2.95733644E+04
        2.32533333        2.97094549E+04
        2.33266667        2.98436355E+04
        2.34000000        2.99759082E+04
        2.34733333        3.01062750E+04
        2.35466667        3.02347379E+04
        2.36200000        3.03612987E+04
        2.36933333        3.04859594E+04
        2.37666667        3.06087221E+04
        2.38400000        3.07295886E+04
        2.39133333        3.08485610E+04
        2.39866667        3.09656411E+04
        2.40600000        3.10808311E+04
        2.41333333        3.11941327E+04
        2.42066667        3.13055480E+04
        2.42800000        3.14150790E+04
        2.43533333        3.15227275E+04
        2.44266667        3.16284957E+04
        2.45000000        3.17323853E+04
        2.45733333        3.18343985E+04
        2.46466667        3.19345371E+04
        2.47200000        3.20328031E+04
        2.47933333        3.21291985E+04
        2.48666667        3.22237253E+04
        2.49400000        3.23163853E+04
        2.50133333        3.24071806E+04
        2.50866667        3.24961175E+04
        2.51600000        3.25832125E+04
        2.52333333        3.26684835E+04
        2.53066667        3.27519484E+04
        2.53800000        3.28336252E+04
        2.54533333        3.29135318E+04
        2.55266667        3.29916861E+04
        2.56000000        3.30681062E+04
        2.56733333        3.31428099E+04
        2.57466667        3.32158151E+04
        2.58200000        3.32871398E+04
        2.58933333        3.33568020E+04
        2.59666667        3.34248195E+04
        2.60400000        3.34912103E+04
        2.61133333        3.35559924E+04
        2.61866667        3.36191837E+04
        2.62600000        3.36808021E+04
        2.63333333        3.37408655E+04
        2.64066667        3.37993919E+04
        2.64800000        3.38563993E+04
        2.65533333        3.39119055E+04
        2.66266667        3.39659285E+04
        2.67000000        3.40184863E+04
        2.67733333        3.40695967E+04
        2.68466667        3.41192778E+04
        2.69200000        3.41675474E+04
        2.69933333        3.42144235E+04
        2.70666667        3.42599240E+04
        2.71400000        3.43040669E+04
        2.72133333        3.43468700E+04
        2.72866667        3.43883514E+04
        2.73600000        3.44285290E+04
        2.74333333        3.44674207E+04
        2.75066667        3.45050444E+04
        2.75800000        3.45414181E+04
        2.76533333        3.45765597E+04
        2.77266667        3.46104872E+04
        2.78000000        3.46432184E+04
        2.78733333        3.46747714E+04
        2.79466667        3.47051641E+04
        2.80200000        3.47344143E+04
        2.80933333        3.47625401E+04
        2.81666667        3.47895594E+04
        2.82400000        3.48154901E+04
        2.83133333        3.48403501E+04
        2.83866667        3.48641574E+04
        2.84600000        3.48869300E+04
        2.85333333        3.49086857E+04
        2.86066667        3.49294425E+04
        2.86800000        3.49492183E+04
        2.87533333        3.49680311E+04
        2.88266667        3.49858988E+04
        2.89000000        3.50028393E+04
        2.89733333        3.50188706E+04
        2.90466667        3.50340107E+04
        2.91200000        3.50482774E+04
        2.91933333        3.50616886E+04
        2.92666667        3.50742624E+04
        2.93400000        3.50860167E+04
        2.94133333        3.50969694E+04
        2.94866667        3.51071384E+04
        2.95600000        3.51165417E+04
        2.96333333        3.51251972E+04
        2.97066667        3.51331228E+04
        2.97800000        3.51403365E+04
        2.98533333        3.51468563E+04
        2.99266667        3.51527000E+04
        3.00000000        3.51578856E+04
 
Equilibrium properties
           imin =                     66
   r_imin / ang =           1.2766666667
V(r_imin) / cm-1 =   -101038255.66693285
 Has a single min?                   Yes
 True r_e  / ang =          1.2766666667

Derivatives at true re
der0, cm-1       = -101038255.6669328511
der1, cm-1/ang   =       -256.0973043808
der2, cm-1/ang^2 =     261363.1544280643
der3, cm-1/ang^3 =   -1421828.0223428437
der4, cm-1/ang^4 =           54.95954542
 
Harmonic we, cm-1=       2999.2501779293
  Rotat. B0, cm-1=         10.5583484191
Anharm. const. xe=          0.0353753429
 Coriol. ae, cm-1=          0.2932718164
  Centr. De, cm-1=          0.0005233866
        Y00, cm-1=        -12.3782150950
 
Approximate J=0 vibrational energy levels (no couplings) 
 given by E(v, J=0) = V(re) + Y00 + we*(v+0.5) - we*xe*(v+0.5)^2
                 v
                 0       1204.6246936181
                 1       3991.6758645818
                 2       6566.5280285799
                 3       8929.1811856125
 
            Spin =                   0.0
        |Lambda| =                   0.0
  Physical J_min =                   0.0
 
Approximate J=J_min vibrational-rotational energy levels (no couplings)
 given by E(v, J) = E(v, J=0) B0*J*(J+1)- ae*(v+0.5)*J*(J+1) - De*(J(J+1))^2
                 v
                 0       1204.6246936181
                 1       3991.6758645818
                 2       6566.5280285799
                 3       8929.1811856125
 

Dipole moment functions:
   1  <X|mu|X>
        r(Ang)            1
        0.80000000         0.71068160
        0.80733333         0.71509593
        0.81466667         0.71956303
        0.82200000         0.72408346
        0.82933333         0.72865778
        0.83666667         0.73328655
        0.84400000         0.73797032
        0.85133333         0.74270965
        0.85866667         0.74750510
        0.86600000         0.75235723
        0.87333333         0.75726658
        0.88066667         0.76223373
        0.88800000         0.76725922
        0.89533333         0.77234362
        0.90266667         0.77748747
        0.91000000         0.78269089
        0.91733333         0.78795338
        0.92466667         0.79327440
        0.93200000         0.79865341
        0.93933333         0.80408985
        0.94666667         0.80958319
        0.95400000         0.81513287
        0.96133333         0.82073836
        0.96866667         0.82639911
        0.97600000         0.83211457
        0.98333333         0.83788420
        0.99066667         0.84370746
        0.99800000         0.84958379
        1.00533333         0.85551263
        1.01266667         0.86149299
        1.02000000         0.86752374
        1.02733333         0.87360368
        1.03466667         0.87973167
        1.04200000         0.88590653
        1.04933333         0.89212710
        1.05666667         0.89839222
        1.06400000         0.90470071
        1.07133333         0.91105141
        1.07866667         0.91744316
        1.08600000         0.92387479
        1.09333333         0.93034513
        1.10066667         0.93685302
        1.10800000         0.94339723
        1.11533333         0.94997634
        1.12266667         0.95658891
        1.13000000         0.96323349
        1.13733333         0.96990862
        1.14466667         0.97661286
        1.15200000         0.98334475
        1.15933333         0.99010285
        1.16666667         0.99688571
        1.17400000         1.00369188
        1.18133333         1.01051990
        1.18866667         1.01736833
        1.19600000         1.02423572
        1.20333333         1.03112061
        1.21066667         1.03802150
        1.21800000         1.04493679
        1.22533333         1.05186492
        1.23266667         1.05880430
        1.24000000         1.06575334
        1.24733333         1.07271045
        1.25466667         1.07967407
        1.26200000         1.08664256
        1.26933333         1.09361431
        1.27666667         1.10058768
        1.28400000         1.10756105
        1.29133333         1.11453278
        1.29866667         1.12150124
        1.30600000         1.12846480
        1.31333333         1.13542169
        1.32066667         1.14237011
        1.32800000         1.14930824
        1.33533333         1.15623429
        1.34266667         1.16314646
        1.35000000         1.17004292
        1.35733333         1.17692188
        1.36466667         1.18378147
        1.37200000         1.19061983
        1.37933333         1.19743510
        1.38666667         1.20422542
        1.39400000         1.21098892
        1.40133333         1.21772374
        1.40866667         1.22442797
        1.41600000         1.23109963
        1.42333333         1.23773670
        1.43066667         1.24433717
        1.43800000         1.25089904
        1.44533333         1.25742029
        1.45266667         1.26389892
        1.46000000         1.27033283
        1.46733333         1.27671983
        1.47466667         1.28305771
        1.48200000         1.28934427
        1.48933333         1.29557730
        1.49666667         1.30175459
        1.50400000         1.30787395
        1.51133333         1.31393327
        1.51866667         1.31993052
        1.52600000         1.32586369
        1.53333333         1.33173077
        1.54066667         1.33752973
        1.54800000         1.34325856
        1.55533333         1.34891517
        1.56266667         1.35449675
        1.57000000         1.36000015
        1.57733333         1.36542216
        1.58466667         1.37075963
        1.59200000         1.37600935
        1.59933333         1.38116815
        1.60666667         1.38623312
        1.61400000         1.39120270
        1.62133333         1.39607579
        1.62866667         1.40085131
        1.63600000         1.40552815
        1.64333333         1.41010522
        1.65066667         1.41458141
        1.65800000         1.41895495
        1.66533333         1.42322189
        1.67266667         1.42737793
        1.68000000         1.43141873
        1.68733333         1.43534215
        1.69466667         1.43915249
        1.70200000         1.44282741
        1.70933333         1.44638901
        1.71666667         1.44992806
        1.72400000         1.45329781
        1.73133333         1.45646300
        1.73866667         1.45951390
        1.74600000         1.46243275
        1.75333333         1.46520069
        1.76066667         1.46784721
        1.76800000         1.47041907
        1.77533333         1.47287265
        1.78266667         1.47514739
        1.79000000         1.47721860
        1.79733333         1.47911283
        1.80466667         1.48085911
        1.81200000         1.48246724
        1.81933333         1.48393358
        1.82666667         1.48525423
        1.83400000         1.48642527
        1.84133333         1.48744279
        1.84866667         1.48830287
        1.85600000         1.48900161
        1.86333333         1.48953509
        1.87066667         1.48989940
        1.87800000         1.49009063
        1.88533333         1.49010487
        1.89266667         1.48993820
        1.90000000         1.48958671
        1.90733333         1.48904648
        1.91466667         1.48831362
        1.92200000         1.48738420
        1.92933333         1.48625431
        1.93666667         1.48492004
        1.94400000         1.48337747
        1.95133333         1.48162271
        1.95866667         1.47965183
        1.96600000         1.47746091
        1.97333333         1.47504606
        1.98066667         1.47240335
        1.98800000         1.46952888
        1.99533333         1.46641873
        2.00266667         1.46306906
        2.01000000         1.45947925
        2.01733333         1.45565331
        2.02466667         1.45159562
        2.03200000         1.44731053
        2.03933333         1.44280242
        2.04666667         1.43807564
        2.05400000         1.43313458
        2.06133333         1.42798358
        2.06866667         1.42262703
        2.07600000         1.41706928
        2.08333333         1.41131470
        2.09066667         1.40536766
        2.09800000         1.39923253
        2.10533333         1.39291367
        2.11266667         1.38641544
        2.12000000         1.37974222
        2.12733333         1.37289837
        2.13466667         1.36588826
        2.14200000         1.35871625
        2.14933333         1.35138671
        2.15666667         1.34390401
        2.16400000         1.33627250
        2.17133333         1.32849657
        2.17866667         1.32058058
        2.18600000         1.31252888
        2.19333333         1.30434585
        2.20066667         1.29603586
        2.20800000         1.28760327
        2.21533333         1.27905245
        2.22266667         1.27038776
        2.23000000         1.26161357
        2.23733333         1.25273424
        2.24466667         1.24375415
        2.25200000         1.23467766
        2.25933333         1.22550914
        2.26666667         1.21625294
        2.27400000         1.20691345
        2.28133333         1.19749502
        2.28866667         1.18800202
        2.29600000         1.17843882
        2.30333333         1.16880978
        2.31066667         1.15911928
        2.31800000         1.14937167
        2.32533333         1.13957132
        2.33266667         1.12972261
        2.34000000         1.11982989
        2.34733333         1.10989753
        2.35466667         1.09992990
        2.36200000         1.08993137
        2.36933333         1.07990630
        2.37666667         1.06985906
        2.38400000         1.05979401
        2.39133333         1.04971553
        2.39866667         1.03962797
        2.40600000         1.02953570
        2.41333333         1.01944310
        2.42066667         1.00935452
        2.42800000         0.99927433
        2.43533333         0.98920691
        2.44266667         0.97915661
        2.45000000         0.96912780
        2.45733333         0.95912485
        2.46466667         0.94915212
        2.47200000         0.93921399
        2.47933333         0.92931481
        2.48666667         0.91945896
        2.49400000         0.90965080
        2.50133333         0.89989470
        2.50866667         0.89019491
        2.51600000         0.88055544
        2.52333333         0.87098027
        2.53066667         0.86147335
        2.53800000         0.85203866
        2.54533333         0.84268018
        2.55266667         0.83340186
        2.56000000         0.82420768
        2.56733333         0.81510161
        2.57466667         0.80608762
        2.58200000         0.79716967
        2.58933333         0.78835174
        2.59666667         0.77963780
        2.60400000         0.77103182
        2.61133333         0.76253776
        2.61866667         0.75415960
        2.62600000         0.74590131
        2.63333333         0.73776685
        2.64066667         0.72976019
        2.64800000         0.72188531
        2.65533333         0.71414617
        2.66266667         0.70654675
        2.67000000         0.69909101
        2.67733333         0.69178293
        2.68466667         0.68462646
        2.69200000         0.67762559
        2.69933333         0.67078429
        2.70666667         0.66410651
        2.71400000         0.65759624
        2.72133333         0.65125743
        2.72866667         0.64509407
        2.73600000         0.63911012
        2.74333333         0.63330954
        2.75066667         0.62769632
        2.75800000         0.62227442
        2.76533333         0.61704780
        2.77266667         0.61202045
        2.78000000         0.60719632
        2.78733333         0.60257939
        2.79466667         0.59817363
        2.80200000         0.59398300
        2.80933333         0.59001149
        2.81666667         0.58626305
        2.82400000         0.58274165
        2.83133333         0.57945127
        2.83866667         0.57639588
        2.84600000         0.57357944
        2.85333333         0.57100593
        2.86066667         0.56867931
        2.86800000         0.56660355
        2.87533333         0.56478263
        2.88266667         0.56322051
        2.89000000         0.56192117
        2.89733333         0.56088856
        2.90466667         0.56012667
        2.91200000         0.55963946
        2.91933333         0.55943091
        2.92666667         0.55950497
        2.93400000         0.55986563
        2.94133333         0.56051684
        2.94866667         0.56146259
        2.95600000         0.56270684
        2.96333333         0.56425355
        2.97066667         0.56610671
        2.97800000         0.56827027
        2.98533333         0.57074821
        2.99266667         0.57354450
        3.00000000         0.57666311
Atom #1 specified as: H
Information from the internal database:
Nuclide full name          = Hydrogen-1
Element name               = Hydrogen
Element symbol             = H
Nuclear charge Z           =     1
Atomic mass                =       1.007825032230 +/-  9.00E-11 Daltons
Nuclear mass               =       1.007276452321   (=atomic mass - Z*me)
Nuclear mass + core elec.  =       1.007276452321   (=nuclear mass +   0*me)
Nuclear spin               =   0.5 hbar
Nuclear stability          = Stable nuclide
Natural isotopic abundance =    99.988500 %
Using the mass explicitely specified in the input, m1=           1.007825032230

Atom #2 specified as: Cl
Information from the internal database:
Nuclide full name          = Chlorine-35
Element name               = Chlorine
Element symbol             = Cl
Nuclear charge Z           =    17
Atomic mass                =      34.968852682000 +/-  3.70E-08 Daltons
Nuclear mass               =      34.959526823545   (=atomic mass - Z*me)
Nuclear mass + core elec.  =      34.965012622636   (=nuclear mass +  10*me)
Nuclear spin               =   1.5 hbar
Nuclear stability          = Stable nuclide
Natural isotopic abundance =    75.760000 %
Using the mass explicitely specified in the input, m2=          34.968852682000

Reduced mass is     0.979592539400690         atomic mass units (Daltons)
Reduced mass is      1785.68796116119         atomic units (electron masses)

Using a uniformly spaced grid with npoints =             301
rmin, rmax, step (in ang)   =          0.80000000000000         3.00000000000000         0.00733333333333
rmin, rmax, step (in bohrs) =          1.51178089965205         5.66917837369519         0.01385799158014

Generate a grid representation for all Hamiltonian terms
...done!


Construct the J=0 matrix
Solving one-dimentional Schrodinger equations using : SINC


 Memory Report:
 Active Arrays                                          size (MB)
 contrfunc                                                  0.725                
 icontrvib                                                  0.031                
 vibmat                                                     0.725                
 kinmat                                                     0.725                
 Total memory   =                                           2.237 MB
 Maximal memory =                                           2.237 MB (         8000.000)

 (        9 arrays contributing less than 1% are not shown)


Vibrational (contracted) energies: 
    i        Energy/cm    State v

    1          0.000000 [    1   0 ] X1Sigma+
    2       2885.738229 [    1   1 ] X1Sigma+
    3       5667.371831 [    1   2 ] X1Sigma+
    4       8345.134792 [    1   3 ] X1Sigma+
    5      10920.300695 [    1   4 ] X1Sigma+
    6      13394.045313 [    1   5 ] X1Sigma+
    7      15766.369264 [    1   6 ] X1Sigma+
    8      18036.213052 [    1   7 ] X1Sigma+
    9      20201.408391 [    1   8 ] X1Sigma+
   10      22258.134319 [    1   9 ] X1Sigma+
   11      24201.818609 [    1  10 ] X1Sigma+
   12      26029.220516 [    1  11 ] X1Sigma+
   13      27736.618078 [    1  12 ] X1Sigma+
   14      29316.758070 [    1  13 ] X1Sigma+
   15      30757.110680 [    1  14 ] X1Sigma+
   16      32034.010154 [    1  15 ] X1Sigma+
   17      33113.859297 [    1  16 ] X1Sigma+
   18      34049.747571 [    1  17 ] X1Sigma+
   19      35056.458908 [    1  18 ] X1Sigma+
   20      36217.040578 [    1  19 ] X1Sigma+
   21      37507.254985 [    1  20 ] X1Sigma+
   22      38907.007073 [    1  21 ] X1Sigma+
   23      40404.283045 [    1  22 ] X1Sigma+
   24      41990.908457 [    1  23 ] X1Sigma+
   25      43660.975074 [    1  24 ] X1Sigma+
   26      45410.029692 [    1  25 ] X1Sigma+
   27      47234.564004 [    1  26 ] X1Sigma+
   28      49131.811480 [    1  27 ] X1Sigma+
   29      51099.582011 [    1  28 ] X1Sigma+
   30      53136.154014 [    1  29 ] X1Sigma+
   31      55240.222419 [    1  30 ] X1Sigma+
   32      57410.877944 [    1  31 ] X1Sigma+
   33      59647.557664 [    1  32 ] X1Sigma+
   34      61950.017018 [    1  33 ] X1Sigma+
   35      64318.302523 [    1  34 ] X1Sigma+
   36      66752.676699 [    1  35 ] X1Sigma+
   37      69253.573355 [    1  36 ] X1Sigma+
   38      71821.513936 [    1  37 ] X1Sigma+
   39      74457.099309 [    1  38 ] X1Sigma+
   40      77160.932466 [    1  39 ] X1Sigma+
   41      79933.574240 [    1  40 ] X1Sigma+
   42      82775.525922 [    1  41 ] X1Sigma+
   43      85687.209289 [    1  42 ] X1Sigma+
   44      88668.968687 [    1  43 ] X1Sigma+
   45      91721.068956 [    1  44 ] X1Sigma+
   46      94843.702896 [    1  45 ] X1Sigma+
   47      98037.006256 [    1  46 ] X1Sigma+
   48     101301.051829 [    1  47 ] X1Sigma+
   49     104635.881372 [    1  48 ] X1Sigma+
   50     108041.488324 [    1  49 ] X1Sigma+

Vibrational transition moments: 
   State                  TM                            State              Value
< 1,   0|                                <X|mu|X>     | 1,   0> =     1.11659057E+00
< 1,   0|                                <X|mu|X>     | 1,   1> =     7.15581828E-02
< 1,   0|                                <X|mu|X>     | 1,   2> =    -7.89347088E-03
< 1,   0|                                <X|mu|X>     | 1,   3> =     6.02456455E-04
< 1,   0|                                <X|mu|X>     | 1,   4> =    -2.47456607E-05
< 1,   0|                                <X|mu|X>     | 1,   5> =     1.65091936E-05
< 1,   0|                                <X|mu|X>     | 1,   6> =    -1.19843919E-05
< 1,   0|                                <X|mu|X>     | 1,   7> =    -5.85192603E-06
< 1,   0|                                <X|mu|X>     | 1,   8> =    -2.36421238E-06
< 1,   0|                                <X|mu|X>     | 1,   9> =    -5.74144114E-07
< 1,   0|                                <X|mu|X>     | 1,  10> =    -4.58736969E-07
< 1,   0|                                <X|mu|X>     | 1,  11> =     9.96940644E-07
< 1,   0|                                <X|mu|X>     | 1,  12> =     1.10951937E-06
< 1,   0|                                <X|mu|X>     | 1,  13> =     9.42677904E-07
< 1,   0|                                <X|mu|X>     | 1,  14> =     6.77003200E-07
< 1,   0|                                <X|mu|X>     | 1,  15> =     4.34313284E-07
< 1,   0|                                <X|mu|X>     | 1,  16> =     2.61098831E-07
< 1,   0|                                <X|mu|X>     | 1,  17> =     1.60493557E-07
< 1,   0|                                <X|mu|X>     | 1,  18> =     8.19809502E-08
< 1,   0|                                <X|mu|X>     | 1,  19> =    -7.75025010E-09
< 1,   0|                                <X|mu|X>     | 1,  20> =    -1.11632044E-07
< 1,   0|                                <X|mu|X>     | 1,  21> =     2.31392916E-07
< 1,   0|                                <X|mu|X>     | 1,  22> =     3.51474831E-07
< 1,   0|                                <X|mu|X>     | 1,  23> =     4.29775980E-07
< 1,   0|                                <X|mu|X>     | 1,  24> =     4.14289157E-07
< 1,   0|                                <X|mu|X>     | 1,  25> =     2.81806692E-07
< 1,   0|                                <X|mu|X>     | 1,  26> =     7.10000683E-08
< 1,   0|                                <X|mu|X>     | 1,  27> =    -1.24080395E-07
< 1,   0|                                <X|mu|X>     | 1,  28> =    -2.08077764E-07
< 1,   0|                                <X|mu|X>     | 1,  29> =    -1.51770858E-07
< 1,   0|                                <X|mu|X>     | 1,  30> =    -1.77393505E-08
< 1,   0|                                <X|mu|X>     | 1,  31> =     8.40164399E-08
< 1,   0|                                <X|mu|X>     | 1,  32> =     8.01404871E-08
< 1,   0|                                <X|mu|X>     | 1,  33> =    -1.14812655E-08
< 1,   0|                                <X|mu|X>     | 1,  34> =    -1.04102788E-07
< 1,   0|                                <X|mu|X>     | 1,  35> =    -1.21026114E-07
< 1,   0|                                <X|mu|X>     | 1,  36> =    -5.88269895E-08
< 1,   0|                                <X|mu|X>     | 1,  37> =     2.09530478E-08
< 1,   0|                                <X|mu|X>     | 1,  38> =     5.72875484E-08
< 1,   0|                                <X|mu|X>     | 1,  39> =     4.41760214E-08
< 1,   0|                                <X|mu|X>     | 1,  40> =    -2.29070583E-08
< 1,   0|                                <X|mu|X>     | 1,  41> =    -2.82265282E-08
< 1,   0|                                <X|mu|X>     | 1,  42> =    -4.98524994E-08
< 1,   0|                                <X|mu|X>     | 1,  43> =    -4.83652980E-08
< 1,   0|                                <X|mu|X>     | 1,  44> =    -3.60396380E-09
< 1,   0|                                <X|mu|X>     | 1,  45> =     5.85949384E-08
< 1,   0|                                <X|mu|X>     | 1,  46> =    -8.88673467E-08
< 1,   0|                                <X|mu|X>     | 1,  47> =    -6.15671872E-08
< 1,   0|                                <X|mu|X>     | 1,  48> =     6.68772951E-10
< 1,   0|                                <X|mu|X>     | 1,  49> =     4.78509383E-08
< 1,   1|                                <X|mu|X>     | 1,   0> =     7.15581828E-02
< 1,   1|                                <X|mu|X>     | 1,   1> =     1.14628128E+00
< 1,   1|                                <X|mu|X>     | 1,   2> =     9.98772288E-02
< 1,   1|                                <X|mu|X>     | 1,   3> =    -1.45424697E-02
< 1,   1|                                <X|mu|X>     | 1,   4> =     1.34183825E-03
< 1,   1|                                <X|mu|X>     | 1,   5> =     8.36274037E-05
< 1,   1|                                <X|mu|X>     | 1,   6> =     2.63362250E-05
< 1,   1|                                <X|mu|X>     | 1,   7> =     2.42302270E-05
< 1,   1|                                <X|mu|X>     | 1,   8> =     1.16059849E-05
< 1,   1|                                <X|mu|X>     | 1,   9> =     2.95919285E-06
< 1,   1|                                <X|mu|X>     | 1,  10> =     3.71441493E-07
< 1,   1|                                <X|mu|X>     | 1,  11> =    -1.08253670E-06
< 1,   1|                                <X|mu|X>     | 1,  12> =    -1.32285789E-06
< 1,   1|                                <X|mu|X>     | 1,  13> =    -1.62682903E-06
< 1,   1|                                <X|mu|X>     | 1,  14> =    -1.76332602E-06
< 1,   1|                                <X|mu|X>     | 1,  15> =    -1.56137788E-06
< 1,   1|                                <X|mu|X>     | 1,  16> =    -1.13790705E-06
< 1,   1|                                <X|mu|X>     | 1,  17> =    -7.42989740E-07
< 1,   1|                                <X|mu|X>     | 1,  18> =    -3.02749389E-07
< 1,   1|                                <X|mu|X>     | 1,  19> =     2.51916465E-07
< 1,   1|                                <X|mu|X>     | 1,  20> =     7.24470054E-07
< 1,   1|                                <X|mu|X>     | 1,  21> =    -9.11785711E-07
< 1,   1|                                <X|mu|X>     | 1,  22> =    -7.54863292E-07
< 1,   1|                                <X|mu|X>     | 1,  23> =    -4.05748127E-07
< 1,   1|                                <X|mu|X>     | 1,  24> =    -1.44275477E-07
< 1,   1|                                <X|mu|X>     | 1,  25> =    -1.71498424E-07
< 1,   1|                                <X|mu|X>     | 1,  26> =    -4.35140923E-07
< 1,   1|                                <X|mu|X>     | 1,  27> =    -6.52060048E-07
< 1,   1|                                <X|mu|X>     | 1,  28> =    -5.40484331E-07
< 1,   1|                                <X|mu|X>     | 1,  29> =    -7.83197165E-08
< 1,   1|                                <X|mu|X>     | 1,  30> =     4.47241033E-07
< 1,   1|                                <X|mu|X>     | 1,  31> =     6.65713442E-07
< 1,   1|                                <X|mu|X>     | 1,  32> =     4.40608408E-07
< 1,   1|                                <X|mu|X>     | 1,  33> =    -6.79861960E-09
< 1,   1|                                <X|mu|X>     | 1,  34> =    -2.90697781E-07
< 1,   1|                                <X|mu|X>     | 1,  35> =    -2.03509411E-07
< 1,   1|                                <X|mu|X>     | 1,  36> =     1.08781814E-07
< 1,   1|                                <X|mu|X>     | 1,  37> =     3.05146138E-07
< 1,   1|                                <X|mu|X>     | 1,  38> =     1.85889560E-07
< 1,   1|                                <X|mu|X>     | 1,  39> =    -1.25566159E-07
< 1,   1|                                <X|mu|X>     | 1,  40> =     3.27991515E-07
< 1,   1|                                <X|mu|X>     | 1,  41> =     2.50120657E-07
< 1,   1|                                <X|mu|X>     | 1,  42> =     8.96901268E-10
< 1,   1|                                <X|mu|X>     | 1,  43> =    -1.70970257E-07
< 1,   1|                                <X|mu|X>     | 1,  44> =    -1.33327109E-07
< 1,   1|                                <X|mu|X>     | 1,  45> =     2.39949821E-08
< 1,   1|                                <X|mu|X>     | 1,  46> =    -1.11614355E-07
< 1,   1|                                <X|mu|X>     | 1,  47> =    -3.72364403E-08
< 1,   1|                                <X|mu|X>     | 1,  48> =     1.16475213E-07
< 1,   1|                                <X|mu|X>     | 1,  49> =     1.85393782E-07
< 1,   2|                                <X|mu|X>     | 1,   0> =    -7.89347088E-03
< 1,   2|                                <X|mu|X>     | 1,   1> =     9.98772288E-02
< 1,   2|                                <X|mu|X>     | 1,   2> =     1.17490039E+00
< 1,   2|                                <X|mu|X>     | 1,   3> =     1.19933118E-01
< 1,   2|                                <X|mu|X>     | 1,   4> =    -2.18898740E-02
< 1,   2|                                <X|mu|X>     | 1,   5> =    -2.39523376E-03
< 1,   2|                                <X|mu|X>     | 1,   6> =     2.08449455E-04
< 1,   2|                                <X|mu|X>     | 1,   7> =    -1.40981507E-05
< 1,   2|                                <X|mu|X>     | 1,   8> =    -2.94194582E-05
< 1,   2|                                <X|mu|X>     | 1,   9> =    -2.05055123E-05
< 1,   2|                                <X|mu|X>     | 1,  10> =     7.52025338E-06
< 1,   2|                                <X|mu|X>     | 1,  11> =     1.42237595E-06
< 1,   2|                                <X|mu|X>     | 1,  12> =     4.09591672E-06
< 1,   2|                                <X|mu|X>     | 1,  13> =     2.85481516E-06
< 1,   2|                                <X|mu|X>     | 1,  14> =     8.50008293E-07
< 1,   2|                                <X|mu|X>     | 1,  15> =    -2.57784469E-07
< 1,   2|                                <X|mu|X>     | 1,  16> =    -3.93934531E-07
< 1,   2|                                <X|mu|X>     | 1,  17> =    -9.90350197E-08
< 1,   2|                                <X|mu|X>     | 1,  18> =     4.71356649E-07
< 1,   2|                                <X|mu|X>     | 1,  19> =     1.15335893E-06
< 1,   2|                                <X|mu|X>     | 1,  20> =     1.42858677E-06
< 1,   2|                                <X|mu|X>     | 1,  21> =    -8.51102911E-07
< 1,   2|                                <X|mu|X>     | 1,  22> =     5.18981924E-07
< 1,   2|                                <X|mu|X>     | 1,  23> =     1.99391237E-06
< 1,   2|                                <X|mu|X>     | 1,  24> =     2.66178562E-06
< 1,   2|                                <X|mu|X>     | 1,  25> =     2.08177329E-06
< 1,   2|                                <X|mu|X>     | 1,  26> =     6.87818043E-07
< 1,   2|                                <X|mu|X>     | 1,  27> =    -5.14488203E-07
< 1,   2|                                <X|mu|X>     | 1,  28> =    -7.53043877E-07
< 1,   2|                                <X|mu|X>     | 1,  29> =    -1.03225315E-07
< 1,   2|                                <X|mu|X>     | 1,  30> =     6.33044470E-07
< 1,   2|                                <X|mu|X>     | 1,  31> =     6.64250083E-07
< 1,   2|                                <X|mu|X>     | 1,  32> =    -9.80508847E-08
< 1,   2|                                <X|mu|X>     | 1,  33> =    -9.87191247E-07
< 1,   2|                                <X|mu|X>     | 1,  34> =    -1.19717024E-06
< 1,   2|                                <X|mu|X>     | 1,  35> =    -5.21471724E-07
< 1,   2|                                <X|mu|X>     | 1,  36> =     4.47534580E-07
< 1,   2|                                <X|mu|X>     | 1,  37> =     8.66515635E-07
< 1,   2|                                <X|mu|X>     | 1,  38> =     4.43967273E-07
< 1,   2|                                <X|mu|X>     | 1,  39> =    -2.96451571E-07
< 1,   2|                                <X|mu|X>     | 1,  40> =     5.80185673E-07
< 1,   2|                                <X|mu|X>     | 1,  41> =     1.79261695E-07
< 1,   2|                                <X|mu|X>     | 1,  42> =    -4.15186461E-07
< 1,   2|                                <X|mu|X>     | 1,  43> =    -5.83044899E-07
< 1,   2|                                <X|mu|X>     | 1,  44> =    -2.12628295E-07
< 1,   2|                                <X|mu|X>     | 1,  45> =     2.86030090E-07
< 1,   2|                                <X|mu|X>     | 1,  46> =    -4.70912958E-07
< 1,   2|                                <X|mu|X>     | 1,  47> =    -2.55303761E-07
< 1,   2|                                <X|mu|X>     | 1,  48> =     1.13033864E-07
< 1,   2|                                <X|mu|X>     | 1,  49> =     3.04706543E-07
< 1,   3|                                <X|mu|X>     | 1,   0> =     6.02456455E-04
< 1,   3|                                <X|mu|X>     | 1,   1> =    -1.45424697E-02
< 1,   3|                                <X|mu|X>     | 1,   2> =     1.19933118E-01
< 1,   3|                                <X|mu|X>     | 1,   3> =     1.20211051E+00
< 1,   3|                                <X|mu|X>     | 1,   4> =     1.34629892E-01
< 1,   3|                                <X|mu|X>     | 1,   5> =     3.00892794E-02
< 1,   3|                                <X|mu|X>     | 1,   6> =    -3.87653683E-03
< 1,   3|                                <X|mu|X>     | 1,   7> =    -4.26255038E-04
< 1,   3|                                <X|mu|X>     | 1,   8> =    -1.73597680E-05
< 1,   3|                                <X|mu|X>     | 1,   9> =     1.86414529E-05
< 1,   3|                                <X|mu|X>     | 1,  10> =    -2.13663062E-05
< 1,   3|                                <X|mu|X>     | 1,  11> =     1.78960062E-05
< 1,   3|                                <X|mu|X>     | 1,  12> =     9.74462127E-06
< 1,   3|                                <X|mu|X>     | 1,  13> =     1.12190461E-06
< 1,   3|                                <X|mu|X>     | 1,  14> =    -4.27658479E-06
< 1,   3|                                <X|mu|X>     | 1,  15> =    -5.53097776E-06
< 1,   3|                                <X|mu|X>     | 1,  16> =    -4.18648568E-06
< 1,   3|                                <X|mu|X>     | 1,  17> =    -2.31917945E-06
< 1,   3|                                <X|mu|X>     | 1,  18> =    -2.10997606E-09
< 1,   3|                                <X|mu|X>     | 1,  19> =     2.58653230E-06
< 1,   3|                                <X|mu|X>     | 1,  20> =     4.04252199E-06
< 1,   3|                                <X|mu|X>     | 1,  21> =    -3.40233267E-06
< 1,   3|                                <X|mu|X>     | 1,  22> =    -1.13026414E-06
< 1,   3|                                <X|mu|X>     | 1,  23> =     9.92004982E-07
< 1,   3|                                <X|mu|X>     | 1,  24> =     1.22577214E-06
< 1,   3|                                <X|mu|X>     | 1,  25> =    -5.84687323E-07
< 1,   3|                                <X|mu|X>     | 1,  26> =    -2.80612200E-06
< 1,   3|                                <X|mu|X>     | 1,  27> =    -3.47650164E-06
< 1,   3|                                <X|mu|X>     | 1,  28> =    -2.05234628E-06
< 1,   3|                                <X|mu|X>     | 1,  29> =     2.49019112E-07
< 1,   3|                                <X|mu|X>     | 1,  30> =     1.70842612E-06
< 1,   3|                                <X|mu|X>     | 1,  31> =     1.57621974E-06
< 1,   3|                                <X|mu|X>     | 1,  32> =     4.31308991E-07
< 1,   3|                                <X|mu|X>     | 1,  33> =    -5.58920020E-07
< 1,   3|                                <X|mu|X>     | 1,  34> =    -5.89277855E-07
< 1,   3|                                <X|mu|X>     | 1,  35> =     2.64796556E-07
< 1,   3|                                <X|mu|X>     | 1,  36> =     1.13234617E-06
< 1,   3|                                <X|mu|X>     | 1,  37> =     1.05660694E-06
< 1,   3|                                <X|mu|X>     | 1,  38> =    -4.11735167E-08
< 1,   3|                                <X|mu|X>     | 1,  39> =    -1.12429102E-06
< 1,   3|                                <X|mu|X>     | 1,  40> =     1.08846999E-06
< 1,   3|                                <X|mu|X>     | 1,  41> =     5.33233000E-08
< 1,   3|                                <X|mu|X>     | 1,  42> =    -7.67524777E-07
< 1,   3|                                <X|mu|X>     | 1,  43> =    -5.56607196E-07
< 1,   3|                                <X|mu|X>     | 1,  44> =     2.04187617E-07
< 1,   3|                                <X|mu|X>     | 1,  45> =     5.50198888E-07
< 1,   3|                                <X|mu|X>     | 1,  46> =    -2.73964316E-07
< 1,   3|                                <X|mu|X>     | 1,  47> =     1.14869574E-07
< 1,   3|                                <X|mu|X>     | 1,  48> =     3.07102939E-07
< 1,   3|                                <X|mu|X>     | 1,  49> =     4.06537795E-07
< 1,   4|                                <X|mu|X>     | 1,   0> =    -2.47456607E-05
< 1,   4|                                <X|mu|X>     | 1,   1> =     1.34183825E-03
< 1,   4|                                <X|mu|X>     | 1,   2> =    -2.18898740E-02
< 1,   4|                                <X|mu|X>     | 1,   3> =     1.34629892E-01
< 1,   4|                                <X|mu|X>     | 1,   4> =     1.22757845E+00
< 1,   4|                                <X|mu|X>     | 1,   5> =    -1.44791290E-01
< 1,   4|                                <X|mu|X>     | 1,   6> =     3.91667457E-02
< 1,   4|                                <X|mu|X>     | 1,   7> =     5.88186440E-03
< 1,   4|                                <X|mu|X>     | 1,   8> =     7.95710590E-04
< 1,   4|                                <X|mu|X>     | 1,   9> =     6.36178561E-05
< 1,   4|                                <X|mu|X>     | 1,  10> =     1.50236585E-05
< 1,   4|                                <X|mu|X>     | 1,  11> =    -1.73903279E-05
< 1,   4|                                <X|mu|X>     | 1,  12> =    -1.54732384E-05
< 1,   4|                                <X|mu|X>     | 1,  13> =    -1.37278918E-05
< 1,   4|                                <X|mu|X>     | 1,  14> =    -1.19789473E-05
< 1,   4|                                <X|mu|X>     | 1,  15> =    -8.94830487E-06
< 1,   4|                                <X|mu|X>     | 1,  16> =    -5.04232005E-06
< 1,   4|                                <X|mu|X>     | 1,  17> =    -1.64185558E-06
< 1,   4|                                <X|mu|X>     | 1,  18> =     1.82189039E-06
< 1,   4|                                <X|mu|X>     | 1,  19> =     4.57595557E-06
< 1,   4|                                <X|mu|X>     | 1,  20> =     4.37584389E-06
< 1,   4|                                <X|mu|X>     | 1,  21> =    -5.33261787E-07
< 1,   4|                                <X|mu|X>     | 1,  22> =     4.70163827E-06
< 1,   4|                                <X|mu|X>     | 1,  23> =     7.44203269E-06
< 1,   4|                                <X|mu|X>     | 1,  24> =     5.61980315E-06
< 1,   4|                                <X|mu|X>     | 1,  25> =     1.19554803E-06
< 1,   4|                                <X|mu|X>     | 1,  26> =    -1.64866489E-06
< 1,   4|                                <X|mu|X>     | 1,  27> =    -7.55008918E-07
< 1,   4|                                <X|mu|X>     | 1,  28> =     1.99165668E-06
< 1,   4|                                <X|mu|X>     | 1,  29> =     3.13589183E-06
< 1,   4|                                <X|mu|X>     | 1,  30> =     1.55665352E-06
< 1,   4|                                <X|mu|X>     | 1,  31> =    -8.14109347E-07
< 1,   4|                                <X|mu|X>     | 1,  32> =    -1.81336605E-06
< 1,   4|                                <X|mu|X>     | 1,  33> =    -1.37369562E-06
< 1,   4|                                <X|mu|X>     | 1,  34> =    -6.74809192E-07
< 1,   4|                                <X|mu|X>     | 1,  35> =    -2.00498272E-07
< 1,   4|                                <X|mu|X>     | 1,  36> =     2.47170081E-07
< 1,   4|                                <X|mu|X>     | 1,  37> =     3.69170748E-07
< 1,   4|                                <X|mu|X>     | 1,  38> =    -2.74455178E-07
< 1,   4|                                <X|mu|X>     | 1,  39> =    -9.40816432E-07
< 1,   4|                                <X|mu|X>     | 1,  40> =     3.53145799E-07
< 1,   4|                                <X|mu|X>     | 1,  41> =    -1.09094490E-06
< 1,   4|                                <X|mu|X>     | 1,  42> =    -1.40127485E-06
< 1,   4|                                <X|mu|X>     | 1,  43> =     5.00747383E-08
< 1,   4|                                <X|mu|X>     | 1,  44> =     1.27651062E-06
< 1,   4|                                <X|mu|X>     | 1,  45> =     5.59293347E-07
< 1,   4|                                <X|mu|X>     | 1,  46> =     8.59875384E-07
< 1,   4|                                <X|mu|X>     | 1,  47> =     7.17595729E-07
< 1,   4|                                <X|mu|X>     | 1,  48> =    -6.51353011E-07
< 1,   4|                                <X|mu|X>     | 1,  49> =    -9.02784634E-07
< 1,   5|                                <X|mu|X>     | 1,   0> =     1.65091936E-05
< 1,   5|                                <X|mu|X>     | 1,   1> =     8.36274037E-05
< 1,   5|                                <X|mu|X>     | 1,   2> =    -2.39523376E-03
< 1,   5|                                <X|mu|X>     | 1,   3> =     3.00892794E-02
< 1,   5|                                <X|mu|X>     | 1,   4> =    -1.44791290E-01
< 1,   5|                                <X|mu|X>     | 1,   5> =     1.25079085E+00
< 1,   5|                                <X|mu|X>     | 1,   6> =     1.50613167E-01
< 1,   5|                                <X|mu|X>     | 1,   7> =     4.91267295E-02
< 1,   5|                                <X|mu|X>     | 1,   8> =     8.46290393E-03
< 1,   5|                                <X|mu|X>     | 1,   9> =     1.37233347E-03
< 1,   5|                                <X|mu|X>     | 1,  10> =    -1.63654775E-04
< 1,   5|                                <X|mu|X>     | 1,  11> =    -5.55107557E-06
< 1,   5|                                <X|mu|X>     | 1,  12> =    -2.28680825E-05
< 1,   5|                                <X|mu|X>     | 1,  13> =    -2.70528705E-05
< 1,   5|                                <X|mu|X>     | 1,  14> =    -2.11213018E-05
< 1,   5|                                <X|mu|X>     | 1,  15> =    -1.25431937E-05
< 1,   5|                                <X|mu|X>     | 1,  16> =    -8.06005665E-06
< 1,   5|                                <X|mu|X>     | 1,  17> =    -7.63813087E-06
< 1,   5|                                <X|mu|X>     | 1,  18> =    -9.62589828E-06
< 1,   5|                                <X|mu|X>     | 1,  19> =    -1.12266845E-05
< 1,   5|                                <X|mu|X>     | 1,  20> =    -9.00817479E-06
< 1,   5|                                <X|mu|X>     | 1,  21> =     2.43911178E-06
< 1,   5|                                <X|mu|X>     | 1,  22> =    -3.76980104E-06
< 1,   5|                                <X|mu|X>     | 1,  23> =    -3.58294550E-06
< 1,   5|                                <X|mu|X>     | 1,  24> =     3.27190613E-06
< 1,   5|                                <X|mu|X>     | 1,  25> =     9.79971700E-06
< 1,   5|                                <X|mu|X>     | 1,  26> =     8.97412956E-06
< 1,   5|                                <X|mu|X>     | 1,  27> =     1.77930327E-06
< 1,   5|                                <X|mu|X>     | 1,  28> =    -3.89250629E-06
< 1,   5|                                <X|mu|X>     | 1,  29> =    -2.56720242E-06
< 1,   5|                                <X|mu|X>     | 1,  30> =     2.59171848E-06
< 1,   5|                                <X|mu|X>     | 1,  31> =     4.32973414E-06
< 1,   5|                                <X|mu|X>     | 1,  32> =     6.20929403E-07
< 1,   5|                                <X|mu|X>     | 1,  33> =    -3.38322309E-06
< 1,   5|                                <X|mu|X>     | 1,  34> =    -2.94984856E-06
< 1,   5|                                <X|mu|X>     | 1,  35> =     4.17269119E-08
< 1,   5|                                <X|mu|X>     | 1,  36> =     8.79694760E-07
< 1,   5|                                <X|mu|X>     | 1,  37> =    -6.72626532E-07
< 1,   5|                                <X|mu|X>     | 1,  38> =    -9.80646621E-07
< 1,   5|                                <X|mu|X>     | 1,  39> =     6.91455339E-07
< 1,   5|                                <X|mu|X>     | 1,  40> =    -1.05915733E-06
< 1,   5|                                <X|mu|X>     | 1,  41> =     8.78153672E-07
< 1,   5|                                <X|mu|X>     | 1,  42> =     1.53034642E-06
< 1,   5|                                <X|mu|X>     | 1,  43> =    -9.72416363E-07
< 1,   5|                                <X|mu|X>     | 1,  44> =    -2.77281548E-06
< 1,   5|                                <X|mu|X>     | 1,  45> =    -3.50145788E-07
< 1,   5|                                <X|mu|X>     | 1,  46> =    -3.04281859E-06
< 1,   5|                                <X|mu|X>     | 1,  47> =    -1.98788860E-06
< 1,   5|                                <X|mu|X>     | 1,  48> =     2.20259159E-06
< 1,   5|                                <X|mu|X>     | 1,  49> =     3.01173742E-06
< 1,   6|                                <X|mu|X>     | 1,   0> =    -1.19843919E-05
< 1,   6|                                <X|mu|X>     | 1,   1> =     2.63362250E-05
< 1,   6|                                <X|mu|X>     | 1,   2> =     2.08449455E-04
< 1,   6|                                <X|mu|X>     | 1,   3> =    -3.87653683E-03
< 1,   6|                                <X|mu|X>     | 1,   4> =     3.91667457E-02
< 1,   6|                                <X|mu|X>     | 1,   5> =     1.50613167E-01
< 1,   6|                                <X|mu|X>     | 1,   6> =     1.27095350E+00
< 1,   6|                                <X|mu|X>     | 1,   7> =    -1.51895863E-01
< 1,   6|                                <X|mu|X>     | 1,   8> =    -5.99947117E-02
< 1,   6|                                <X|mu|X>     | 1,   9> =    -1.17320674E-02
< 1,   6|                                <X|mu|X>     | 1,  10> =     2.23648809E-03
< 1,   6|                                <X|mu|X>     | 1,  11> =    -3.34922436E-04
< 1,   6|                                <X|mu|X>     | 1,  12> =     3.28328293E-07
< 1,   6|                                <X|mu|X>     | 1,  13> =     1.01473947E-05
< 1,   6|                                <X|mu|X>     | 1,  14> =     1.76843698E-05
< 1,   6|                                <X|mu|X>     | 1,  15> =     3.40587622E-05
< 1,   6|                                <X|mu|X>     | 1,  16> =     3.60518843E-05
< 1,   6|                                <X|mu|X>     | 1,  17> =     2.98516611E-05
< 1,   6|                                <X|mu|X>     | 1,  18> =     1.97630179E-05
< 1,   6|                                <X|mu|X>     | 1,  19> =     7.78187544E-06
< 1,   6|                                <X|mu|X>     | 1,  20> =     4.04893497E-06
< 1,   6|                                <X|mu|X>     | 1,  21> =    -1.06745301E-05
< 1,   6|                                <X|mu|X>     | 1,  22> =    -1.71106998E-05
< 1,   6|                                <X|mu|X>     | 1,  23> =    -1.25840590E-05
< 1,   6|                                <X|mu|X>     | 1,  24> =    -1.86474623E-07
< 1,   6|                                <X|mu|X>     | 1,  25> =     6.40449819E-06
< 1,   6|                                <X|mu|X>     | 1,  26> =     1.73014423E-07
< 1,   6|                                <X|mu|X>     | 1,  27> =    -1.03802983E-05
< 1,   6|                                <X|mu|X>     | 1,  28> =    -1.19530151E-05
< 1,   6|                                <X|mu|X>     | 1,  29> =    -2.57080745E-06
< 1,   6|                                <X|mu|X>     | 1,  30> =     6.72237800E-06
< 1,   6|                                <X|mu|X>     | 1,  31> =     5.74727126E-06
< 1,   6|                                <X|mu|X>     | 1,  32> =    -2.57284541E-06
< 1,   6|                                <X|mu|X>     | 1,  33> =    -6.42497136E-06
< 1,   6|                                <X|mu|X>     | 1,  34> =    -6.98514091E-07
< 1,   6|                                <X|mu|X>     | 1,  35> =     6.28960922E-06
< 1,   6|                                <X|mu|X>     | 1,  36> =     4.81103875E-06
< 1,   6|                                <X|mu|X>     | 1,  37> =    -2.12714682E-06
< 1,   6|                                <X|mu|X>     | 1,  38> =    -3.83460722E-06
< 1,   6|                                <X|mu|X>     | 1,  39> =     1.28646051E-06
< 1,   6|                                <X|mu|X>     | 1,  40> =    -3.89992849E-06
< 1,   6|                                <X|mu|X>     | 1,  41> =     3.83299302E-07
< 1,   6|                                <X|mu|X>     | 1,  42> =     3.97060899E-06
< 1,   6|                                <X|mu|X>     | 1,  43> =     6.32060365E-07
< 1,   6|                                <X|mu|X>     | 1,  44> =    -3.79685297E-06
< 1,   6|                                <X|mu|X>     | 1,  45> =    -1.49718387E-06
< 1,   6|                                <X|mu|X>     | 1,  46> =    -3.86195332E-06
< 1,   6|                                <X|mu|X>     | 1,  47> =    -3.10512776E-06
< 1,   6|                                <X|mu|X>     | 1,  48> =     3.08952220E-06
< 1,   6|                                <X|mu|X>     | 1,  49> =     4.93528240E-06
< 1,   7|                                <X|mu|X>     | 1,   0> =    -5.85192603E-06
< 1,   7|                                <X|mu|X>     | 1,   1> =     2.42302270E-05
< 1,   7|                                <X|mu|X>     | 1,   2> =    -1.40981507E-05
< 1,   7|                                <X|mu|X>     | 1,   3> =    -4.26255038E-04
< 1,   7|                                <X|mu|X>     | 1,   4> =     5.88186440E-03
< 1,   7|                                <X|mu|X>     | 1,   5> =     4.91267295E-02
< 1,   7|                                <X|mu|X>     | 1,   6> =    -1.51895863E-01
< 1,   7|                                <X|mu|X>     | 1,   7> =     1.28704468E+00
< 1,   7|                                <X|mu|X>     | 1,   8> =    -1.48137979E-01
< 1,   7|                                <X|mu|X>     | 1,   9> =    -7.18362931E-02
< 1,   7|                                <X|mu|X>     | 1,  10> =     1.58083898E-02
< 1,   7|                                <X|mu|X>     | 1,  11> =    -3.48914749E-03
< 1,   7|                                <X|mu|X>     | 1,  12> =    -7.34285007E-04
< 1,   7|                                <X|mu|X>     | 1,  13> =    -4.17404488E-06
< 1,   7|                                <X|mu|X>     | 1,  14> =     6.47061475E-05
< 1,   7|                                <X|mu|X>     | 1,  15> =     1.00337245E-05
< 1,   7|                                <X|mu|X>     | 1,  16> =    -4.40430067E-06
< 1,   7|                                <X|mu|X>     | 1,  17> =     1.05605216E-05
< 1,   7|                                <X|mu|X>     | 1,  18> =     3.82949772E-05
< 1,   7|                                <X|mu|X>     | 1,  19> =     5.85593079E-05
< 1,   7|                                <X|mu|X>     | 1,  20> =     4.92385725E-05
< 1,   7|                                <X|mu|X>     | 1,  21> =    -1.87436305E-05
< 1,   7|                                <X|mu|X>     | 1,  22> =     1.56108072E-06
< 1,   7|                                <X|mu|X>     | 1,  23> =    -4.14293000E-06
< 1,   7|                                <X|mu|X>     | 1,  24> =    -1.85662966E-05
< 1,   7|                                <X|mu|X>     | 1,  25> =    -1.79498773E-05
< 1,   7|                                <X|mu|X>     | 1,  26> =    -3.35978872E-06
< 1,   7|                                <X|mu|X>     | 1,  27> =     5.78719181E-06
< 1,   7|                                <X|mu|X>     | 1,  28> =     5.81740292E-07
< 1,   7|                                <X|mu|X>     | 1,  29> =    -8.69613293E-06
< 1,   7|                                <X|mu|X>     | 1,  30> =    -9.53713268E-06
< 1,   7|                                <X|mu|X>     | 1,  31> =    -1.45955233E-06
< 1,   7|                                <X|mu|X>     | 1,  32> =     6.58976574E-06
< 1,   7|                                <X|mu|X>     | 1,  33> =     6.37864019E-06
< 1,   7|                                <X|mu|X>     | 1,  34> =    -1.37518619E-06
< 1,   7|                                <X|mu|X>     | 1,  35> =    -6.53818441E-06
< 1,   7|                                <X|mu|X>     | 1,  36> =    -1.35486985E-06
< 1,   7|                                <X|mu|X>     | 1,  37> =     7.40084553E-06
< 1,   7|                                <X|mu|X>     | 1,  38> =     6.62050075E-06
< 1,   7|                                <X|mu|X>     | 1,  39> =    -2.87696339E-06
< 1,   7|                                <X|mu|X>     | 1,  40> =     6.74187136E-06
< 1,   7|                                <X|mu|X>     | 1,  41> =    -2.11342777E-07
< 1,   7|                                <X|mu|X>     | 1,  42> =    -6.10852194E-06
< 1,   7|                                <X|mu|X>     | 1,  43> =    -1.92015407E-06
< 1,   7|                                <X|mu|X>     | 1,  44> =     4.69197914E-06
< 1,   7|                                <X|mu|X>     | 1,  45> =     3.34877617E-06
< 1,   7|                                <X|mu|X>     | 1,  46> =     2.67984418E-06
< 1,   7|                                <X|mu|X>     | 1,  47> =     3.63300466E-06
< 1,   7|                                <X|mu|X>     | 1,  48> =    -9.56209827E-07
< 1,   7|                                <X|mu|X>     | 1,  49> =    -3.24048807E-06
< 1,   8|                                <X|mu|X>     | 1,   0> =    -2.36421238E-06
< 1,   8|                                <X|mu|X>     | 1,   1> =     1.16059849E-05
< 1,   8|                                <X|mu|X>     | 1,   2> =    -2.94194582E-05
< 1,   8|                                <X|mu|X>     | 1,   3> =    -1.73597680E-05
< 1,   8|                                <X|mu|X>     | 1,   4> =     7.95710590E-04
< 1,   8|                                <X|mu|X>     | 1,   5> =     8.46290393E-03
< 1,   8|                                <X|mu|X>     | 1,   6> =    -5.99947117E-02
< 1,   8|                                <X|mu|X>     | 1,   7> =    -1.48137979E-01
< 1,   8|                                <X|mu|X>     | 1,   8> =     1.29785265E+00
< 1,   8|                                <X|mu|X>     | 1,   9> =    -1.38386690E-01
< 1,   8|                                <X|mu|X>     | 1,  10> =     8.47544594E-02
< 1,   8|                                <X|mu|X>     | 1,  11> =    -2.10201471E-02
< 1,   8|                                <X|mu|X>     | 1,  12> =    -5.02242559E-03
< 1,   8|                                <X|mu|X>     | 1,  13> =    -1.48044286E-03
< 1,   8|                                <X|mu|X>     | 1,  14> =    -2.68940548E-04
< 1,   8|                                <X|mu|X>     | 1,  15> =     1.16491478E-04
< 1,   8|                                <X|mu|X>     | 1,  16> =     1.30125672E-04
< 1,   8|                                <X|mu|X>     | 1,  17> =     6.48877026E-05
< 1,   8|                                <X|mu|X>     | 1,  18> =     6.45750241E-07
< 1,   8|                                <X|mu|X>     | 1,  19> =    -1.92144344E-05
< 1,   8|                                <X|mu|X>     | 1,  20> =     2.46122695E-05
< 1,   8|                                <X|mu|X>     | 1,  21> =    -7.45552733E-05
< 1,   8|                                <X|mu|X>     | 1,  22> =    -6.90887699E-05
< 1,   8|                                <X|mu|X>     | 1,  23> =    -2.13487220E-05
< 1,   8|                                <X|mu|X>     | 1,  24> =     7.02141389E-06
< 1,   8|                                <X|mu|X>     | 1,  25> =    -6.24190126E-06
< 1,   8|                                <X|mu|X>     | 1,  26> =    -2.36819047E-05
< 1,   8|                                <X|mu|X>     | 1,  27> =    -1.43476374E-05
< 1,   8|                                <X|mu|X>     | 1,  28> =     4.05898645E-06
< 1,   8|                                <X|mu|X>     | 1,  29> =     4.23695127E-06
< 1,   8|                                <X|mu|X>     | 1,  30> =    -7.05397902E-06
< 1,   8|                                <X|mu|X>     | 1,  31> =    -8.50078879E-06
< 1,   8|                                <X|mu|X>     | 1,  32> =    -3.05845539E-07
< 1,   8|                                <X|mu|X>     | 1,  33> =     4.00372622E-06
< 1,   8|                                <X|mu|X>     | 1,  34> =     2.61636788E-06
< 1,   8|                                <X|mu|X>     | 1,  35> =     1.49138909E-06
< 1,   8|                                <X|mu|X>     | 1,  36> =     4.33375792E-07
< 1,   8|                                <X|mu|X>     | 1,  37> =    -1.46252058E-06
< 1,   8|                                <X|mu|X>     | 1,  38> =    -3.11869682E-08
< 1,   8|                                <X|mu|X>     | 1,  39> =     4.09581939E-06
< 1,   8|                                <X|mu|X>     | 1,  40> =    -3.55288152E-06
< 1,   8|                                <X|mu|X>     | 1,  41> =     1.82060620E-06
< 1,   8|                                <X|mu|X>     | 1,  42> =     3.43769898E-06
< 1,   8|                                <X|mu|X>     | 1,  43> =    -4.93915999E-07
< 1,   8|                                <X|mu|X>     | 1,  44> =    -2.48669382E-06
< 1,   8|                                <X|mu|X>     | 1,  45> =    -1.49277029E-07
< 1,   8|                                <X|mu|X>     | 1,  46> =    -1.11507841E-06
< 1,   8|                                <X|mu|X>     | 1,  47> =     1.43385862E-07
< 1,   8|                                <X|mu|X>     | 1,  48> =     8.53134852E-08
< 1,   8|                                <X|mu|X>     | 1,  49> =    -9.66972202E-07
< 1,   9|                                <X|mu|X>     | 1,   0> =    -5.74144114E-07
< 1,   9|                                <X|mu|X>     | 1,   1> =     2.95919285E-06
< 1,   9|                                <X|mu|X>     | 1,   2> =    -2.05055123E-05
< 1,   9|                                <X|mu|X>     | 1,   3> =     1.86414529E-05
< 1,   9|                                <X|mu|X>     | 1,   4> =     6.36178561E-05
< 1,   9|                                <X|mu|X>     | 1,   5> =     1.37233347E-03
< 1,   9|                                <X|mu|X>     | 1,   6> =    -1.17320674E-02
< 1,   9|                                <X|mu|X>     | 1,   7> =    -7.18362931E-02
< 1,   9|                                <X|mu|X>     | 1,   8> =    -1.38386690E-01
< 1,   9|                                <X|mu|X>     | 1,   9> =     1.30164426E+00
< 1,   9|                                <X|mu|X>     | 1,  10> =     1.21438749E-01
< 1,   9|                                <X|mu|X>     | 1,  11> =    -9.81838814E-02
< 1,   9|                                <X|mu|X>     | 1,  12> =    -2.81346160E-02
< 1,   9|                                <X|mu|X>     | 1,  13> =    -6.93836000E-03
< 1,   9|                                <X|mu|X>     | 1,  14> =    -2.31630886E-03
< 1,   9|                                <X|mu|X>     | 1,  15> =    -8.92701555E-04
< 1,   9|                                <X|mu|X>     | 1,  16> =    -2.07050703E-04
< 1,   9|                                <X|mu|X>     | 1,  17> =     9.98929998E-05
< 1,   9|                                <X|mu|X>     | 1,  18> =     2.21548757E-04
< 1,   9|                                <X|mu|X>     | 1,  19> =     1.58258653E-04
< 1,   9|                                <X|mu|X>     | 1,  20> =     1.36807768E-05
< 1,   9|                                <X|mu|X>     | 1,  21> =     4.04055119E-05
< 1,   9|                                <X|mu|X>     | 1,  22> =    -2.93605867E-05
< 1,   9|                                <X|mu|X>     | 1,  23> =    -1.00011413E-04
< 1,   9|                                <X|mu|X>     | 1,  24> =    -7.41749058E-05
< 1,   9|                                <X|mu|X>     | 1,  25> =    -1.41907974E-06
< 1,   9|                                <X|mu|X>     | 1,  26> =     1.83601683E-05
< 1,   9|                                <X|mu|X>     | 1,  27> =    -1.71950255E-05
< 1,   9|                                <X|mu|X>     | 1,  28> =    -3.31100148E-05
< 1,   9|                                <X|mu|X>     | 1,  29> =    -5.19583998E-06
< 1,   9|                                <X|mu|X>     | 1,  30> =     1.61883969E-05
< 1,   9|                                <X|mu|X>     | 1,  31> =     1.68522273E-06
< 1,   9|                                <X|mu|X>     | 1,  32> =    -1.57934257E-05
< 1,   9|                                <X|mu|X>     | 1,  33> =    -7.06213421E-06
< 1,   9|                                <X|mu|X>     | 1,  34> =     9.33012799E-06
< 1,   9|                                <X|mu|X>     | 1,  35> =     8.90941044E-06
< 1,   9|                                <X|mu|X>     | 1,  36> =    -8.46659641E-07
< 1,   9|                                <X|mu|X>     | 1,  37> =    -3.66634860E-06
< 1,   9|                                <X|mu|X>     | 1,  38> =    -2.64665823E-07
< 1,   9|                                <X|mu|X>     | 1,  39> =     2.83638286E-06
< 1,   9|                                <X|mu|X>     | 1,  40> =    -4.48876023E-06
< 1,   9|                                <X|mu|X>     | 1,  41> =    -2.74727186E-06
< 1,   9|                                <X|mu|X>     | 1,  42> =     2.86347747E-06
< 1,   9|                                <X|mu|X>     | 1,  43> =     4.56574546E-06
< 1,   9|                                <X|mu|X>     | 1,  44> =    -1.71640071E-06
< 1,   9|                                <X|mu|X>     | 1,  45> =    -5.76218425E-06
< 1,   9|                                <X|mu|X>     | 1,  46> =    -4.54510044E-08
< 1,   9|                                <X|mu|X>     | 1,  47> =    -5.66365431E-06
< 1,   9|                                <X|mu|X>     | 1,  48> =    -1.06487478E-06
< 1,   9|                                <X|mu|X>     | 1,  49> =     5.34594492E-06
< 1,  10|                                <X|mu|X>     | 1,   0> =    -4.58736969E-07
< 1,  10|                                <X|mu|X>     | 1,   1> =     3.71441493E-07
< 1,  10|                                <X|mu|X>     | 1,   2> =     7.52025338E-06
< 1,  10|                                <X|mu|X>     | 1,   3> =    -2.13663062E-05
< 1,  10|                                <X|mu|X>     | 1,   4> =     1.50236585E-05
< 1,  10|                                <X|mu|X>     | 1,   5> =    -1.63654775E-04
< 1,  10|                                <X|mu|X>     | 1,   6> =     2.23648809E-03
< 1,  10|                                <X|mu|X>     | 1,   7> =     1.58083898E-02
< 1,  10|                                <X|mu|X>     | 1,   8> =     8.47544594E-02
< 1,  10|                                <X|mu|X>     | 1,   9> =     1.21438749E-01
< 1,  10|                                <X|mu|X>     | 1,  10> =     1.29642302E+00
< 1,  10|                                <X|mu|X>     | 1,  11> =     9.66934874E-02
< 1,  10|                                <X|mu|X>     | 1,  12> =     1.10559212E-01
< 1,  10|                                <X|mu|X>     | 1,  13> =     3.78499650E-02
< 1,  10|                                <X|mu|X>     | 1,  14> =     1.01066193E-02
< 1,  10|                                <X|mu|X>     | 1,  15> =     3.19577820E-03
< 1,  10|                                <X|mu|X>     | 1,  16> =     1.50235832E-03
< 1,  10|                                <X|mu|X>     | 1,  17> =     8.58692163E-04
< 1,  10|                                <X|mu|X>     | 1,  18> =     3.57444925E-04
< 1,  10|                                <X|mu|X>     | 1,  19> =    -1.13139863E-04
< 1,  10|                                <X|mu|X>     | 1,  20> =    -3.06612823E-04
< 1,  10|                                <X|mu|X>     | 1,  21> =     1.79861658E-04
< 1,  10|                                <X|mu|X>     | 1,  22> =    -1.60558448E-05
< 1,  10|                                <X|mu|X>     | 1,  23> =    -4.31417621E-05
< 1,  10|                                <X|mu|X>     | 1,  24> =     6.35844639E-05
< 1,  10|                                <X|mu|X>     | 1,  25> =     1.14158705E-04
< 1,  10|                                <X|mu|X>     | 1,  26> =     4.75224675E-05
< 1,  10|                                <X|mu|X>     | 1,  27> =    -2.27568301E-05
< 1,  10|                                <X|mu|X>     | 1,  28> =    -1.06477855E-05
< 1,  10|                                <X|mu|X>     | 1,  29> =     3.02326674E-05
< 1,  10|                                <X|mu|X>     | 1,  30> =     2.38339992E-05
< 1,  10|                                <X|mu|X>     | 1,  31> =    -9.75752935E-06
< 1,  10|                                <X|mu|X>     | 1,  32> =    -1.30969190E-05
< 1,  10|                                <X|mu|X>     | 1,  33> =     8.08471254E-06
< 1,  10|                                <X|mu|X>     | 1,  34> =     1.12597400E-05
< 1,  10|                                <X|mu|X>     | 1,  35> =    -4.83181810E-06
< 1,  10|                                <X|mu|X>     | 1,  36> =    -1.03475491E-05
< 1,  10|                                <X|mu|X>     | 1,  37> =    -1.51274514E-06
< 1,  10|                                <X|mu|X>     | 1,  38> =     2.57136775E-06
< 1,  10|                                <X|mu|X>     | 1,  39> =    -1.20277276E-06
< 1,  10|                                <X|mu|X>     | 1,  40> =     2.28120113E-06
< 1,  10|                                <X|mu|X>     | 1,  41> =     7.40935387E-07
< 1,  10|                                <X|mu|X>     | 1,  42> =     1.97713755E-06
< 1,  10|                                <X|mu|X>     | 1,  43> =     2.28315902E-06
< 1,  10|                                <X|mu|X>     | 1,  44> =    -1.52017518E-06
< 1,  10|                                <X|mu|X>     | 1,  45> =    -2.95957526E-06
< 1,  10|                                <X|mu|X>     | 1,  46> =    -1.10108354E-06
< 1,  10|                                <X|mu|X>     | 1,  47> =    -3.38026331E-06
< 1,  10|                                <X|mu|X>     | 1,  48> =    -2.28213547E-07
< 1,  10|                                <X|mu|X>     | 1,  49> =     2.04915825E-06
< 1,  11|                                <X|mu|X>     | 1,   0> =     9.96940644E-07
< 1,  11|                                <X|mu|X>     | 1,   1> =    -1.08253670E-06
< 1,  11|                                <X|mu|X>     | 1,   2> =     1.42237595E-06
< 1,  11|                                <X|mu|X>     | 1,   3> =     1.78960062E-05
< 1,  11|                                <X|mu|X>     | 1,   4> =    -1.73903279E-05
< 1,  11|                                <X|mu|X>     | 1,   5> =    -5.55107557E-06
< 1,  11|                                <X|mu|X>     | 1,   6> =    -3.34922436E-04
< 1,  11|                                <X|mu|X>     | 1,   7> =    -3.48914749E-03
< 1,  11|                                <X|mu|X>     | 1,   8> =    -2.10201471E-02
< 1,  11|                                <X|mu|X>     | 1,   9> =    -9.81838814E-02
< 1,  11|                                <X|mu|X>     | 1,  10> =     9.66934874E-02
< 1,  11|                                <X|mu|X>     | 1,  11> =     1.28066695E+00
< 1,  11|                                <X|mu|X>     | 1,  12> =    -6.41583532E-02
< 1,  11|                                <X|mu|X>     | 1,  13> =    -1.19897084E-01
< 1,  11|                                <X|mu|X>     | 1,  14> =    -5.02628946E-02
< 1,  11|                                <X|mu|X>     | 1,  15> =    -1.59434883E-02
< 1,  11|                                <X|mu|X>     | 1,  16> =    -5.16364021E-03
< 1,  11|                                <X|mu|X>     | 1,  17> =    -2.28914000E-03
< 1,  11|                                <X|mu|X>     | 1,  18> =    -1.40111632E-03
< 1,  11|                                <X|mu|X>     | 1,  19> =    -8.45975553E-04
< 1,  11|                                <X|mu|X>     | 1,  20> =    -2.02532953E-04
< 1,  11|                                <X|mu|X>     | 1,  21> =    -2.80157003E-04
< 1,  11|                                <X|mu|X>     | 1,  22> =    -3.16289773E-04
< 1,  11|                                <X|mu|X>     | 1,  23> =    -7.55780004E-05
< 1,  11|                                <X|mu|X>     | 1,  24> =     5.95289183E-05
< 1,  11|                                <X|mu|X>     | 1,  25> =    -2.04624962E-05
< 1,  11|                                <X|mu|X>     | 1,  26> =    -1.15638060E-04
< 1,  11|                                <X|mu|X>     | 1,  27> =    -7.60361657E-05
< 1,  11|                                <X|mu|X>     | 1,  28> =     1.29279213E-05
< 1,  11|                                <X|mu|X>     | 1,  29> =     2.18638692E-05
< 1,  11|                                <X|mu|X>     | 1,  30> =    -2.41702398E-05
< 1,  11|                                <X|mu|X>     | 1,  31> =    -2.93635085E-05
< 1,  11|                                <X|mu|X>     | 1,  32> =     7.26275960E-06
< 1,  11|                                <X|mu|X>     | 1,  33> =     1.84760165E-05
< 1,  11|                                <X|mu|X>     | 1,  34> =    -5.02779870E-06
< 1,  11|                                <X|mu|X>     | 1,  35> =    -1.46296732E-05
< 1,  11|                                <X|mu|X>     | 1,  36> =     3.15640194E-06
< 1,  11|                                <X|mu|X>     | 1,  37> =     1.46555946E-05
< 1,  11|                                <X|mu|X>     | 1,  38> =     5.01940072E-06
< 1,  11|                                <X|mu|X>     | 1,  39> =    -5.26319034E-06
< 1,  11|                                <X|mu|X>     | 1,  40> =     2.69069329E-06
< 1,  11|                                <X|mu|X>     | 1,  41> =    -3.80850080E-06
< 1,  11|                                <X|mu|X>     | 1,  42> =    -5.29185501E-06
< 1,  11|                                <X|mu|X>     | 1,  43> =    -2.56762879E-06
< 1,  11|                                <X|mu|X>     | 1,  44> =     1.58484480E-06
< 1,  11|                                <X|mu|X>     | 1,  45> =     3.66064309E-06
< 1,  11|                                <X|mu|X>     | 1,  46> =    -1.67472194E-07
< 1,  11|                                <X|mu|X>     | 1,  47> =     4.70595479E-06
< 1,  11|                                <X|mu|X>     | 1,  48> =     2.84590646E-06
< 1,  11|                                <X|mu|X>     | 1,  49> =    -3.23330592E-06
< 1,  12|                                <X|mu|X>     | 1,   0> =     1.10951937E-06
< 1,  12|                                <X|mu|X>     | 1,   1> =    -1.32285789E-06
< 1,  12|                                <X|mu|X>     | 1,   2> =     4.09591672E-06
< 1,  12|                                <X|mu|X>     | 1,   3> =     9.74462127E-06
< 1,  12|                                <X|mu|X>     | 1,   4> =    -1.54732384E-05
< 1,  12|                                <X|mu|X>     | 1,   5> =    -2.28680825E-05
< 1,  12|                                <X|mu|X>     | 1,   6> =     3.28328293E-07
< 1,  12|                                <X|mu|X>     | 1,   7> =    -7.34285007E-04
< 1,  12|                                <X|mu|X>     | 1,   8> =    -5.02242559E-03
< 1,  12|                                <X|mu|X>     | 1,   9> =    -2.81346160E-02
< 1,  12|                                <X|mu|X>     | 1,  10> =     1.10559212E-01
< 1,  12|                                <X|mu|X>     | 1,  11> =    -6.41583532E-02
< 1,  12|                                <X|mu|X>     | 1,  12> =     1.25312562E+00
< 1,  12|                                <X|mu|X>     | 1,  13> =    -2.37573799E-02
< 1,  12|                                <X|mu|X>     | 1,  14> =    -1.23541377E-01
< 1,  12|                                <X|mu|X>     | 1,  15> =    -6.46614751E-02
< 1,  12|                                <X|mu|X>     | 1,  16> =    -2.61120825E-02
< 1,  12|                                <X|mu|X>     | 1,  17> =    -1.07094573E-02
< 1,  12|                                <X|mu|X>     | 1,  18> =    -4.15847820E-03
< 1,  12|                                <X|mu|X>     | 1,  19> =    -1.73552845E-03
< 1,  12|                                <X|mu|X>     | 1,  20> =    -1.08892820E-03
< 1,  12|                                <X|mu|X>     | 1,  21> =     4.82617781E-04
< 1,  12|                                <X|mu|X>     | 1,  22> =    -1.80662163E-04
< 1,  12|                                <X|mu|X>     | 1,  23> =    -3.94943241E-04
< 1,  12|                                <X|mu|X>     | 1,  24> =    -1.61752240E-04
< 1,  12|                                <X|mu|X>     | 1,  25> =     5.72922117E-05
< 1,  12|                                <X|mu|X>     | 1,  26> =     1.37091770E-05
< 1,  12|                                <X|mu|X>     | 1,  27> =    -1.10386112E-04
< 1,  12|                                <X|mu|X>     | 1,  28> =    -9.61916561E-05
< 1,  12|                                <X|mu|X>     | 1,  29> =     4.18183975E-06
< 1,  12|                                <X|mu|X>     | 1,  30> =     3.14243443E-05
< 1,  12|                                <X|mu|X>     | 1,  31> =    -1.59851943E-05
< 1,  12|                                <X|mu|X>     | 1,  32> =    -3.13119871E-05
< 1,  12|                                <X|mu|X>     | 1,  33> =     3.50988102E-06
< 1,  12|                                <X|mu|X>     | 1,  34> =     1.91865445E-05
< 1,  12|                                <X|mu|X>     | 1,  35> =    -1.91860877E-06
< 1,  12|                                <X|mu|X>     | 1,  36> =    -1.19571797E-05
< 1,  12|                                <X|mu|X>     | 1,  37> =     4.48305730E-06
< 1,  12|                                <X|mu|X>     | 1,  38> =     1.34290942E-05
< 1,  12|                                <X|mu|X>     | 1,  39> =     2.48215338E-06
< 1,  12|                                <X|mu|X>     | 1,  40> =     4.74569336E-06
< 1,  12|                                <X|mu|X>     | 1,  41> =    -1.28872916E-06
< 1,  12|                                <X|mu|X>     | 1,  42> =    -5.46471817E-06
< 1,  12|                                <X|mu|X>     | 1,  43> =    -1.84820630E-06
< 1,  12|                                <X|mu|X>     | 1,  44> =     4.96189562E-07
< 1,  12|                                <X|mu|X>     | 1,  45> =    -8.66461305E-07
< 1,  12|                                <X|mu|X>     | 1,  46> =     6.03770763E-07
< 1,  12|                                <X|mu|X>     | 1,  47> =    -4.82359459E-07
< 1,  12|                                <X|mu|X>     | 1,  48> =     8.59921501E-07
< 1,  12|                                <X|mu|X>     | 1,  49> =     1.73821746E-06
< 1,  13|                                <X|mu|X>     | 1,   0> =     9.42677904E-07
< 1,  13|                                <X|mu|X>     | 1,   1> =    -1.62682903E-06
< 1,  13|                                <X|mu|X>     | 1,   2> =     2.85481516E-06
< 1,  13|                                <X|mu|X>     | 1,   3> =     1.12190461E-06
< 1,  13|                                <X|mu|X>     | 1,   4> =    -1.37278918E-05
< 1,  13|                                <X|mu|X>     | 1,   5> =    -2.70528705E-05
< 1,  13|                                <X|mu|X>     | 1,   6> =     1.01473947E-05
< 1,  13|                                <X|mu|X>     | 1,   7> =    -4.17404488E-06
< 1,  13|                                <X|mu|X>     | 1,   8> =    -1.48044286E-03
< 1,  13|                                <X|mu|X>     | 1,   9> =    -6.93836000E-03
< 1,  13|                                <X|mu|X>     | 1,  10> =     3.78499650E-02
< 1,  13|                                <X|mu|X>     | 1,  11> =    -1.19897084E-01
< 1,  13|                                <X|mu|X>     | 1,  12> =    -2.37573799E-02
< 1,  13|                                <X|mu|X>     | 1,  13> =     1.21180711E+00
< 1,  13|                                <X|mu|X>     | 1,  14> =     2.46851098E-02
< 1,  13|                                <X|mu|X>     | 1,  15> =    -1.16911984E-01
< 1,  13|                                <X|mu|X>     | 1,  16> =    -7.90845149E-02
< 1,  13|                                <X|mu|X>     | 1,  17> =    -4.32913777E-02
< 1,  13|                                <X|mu|X>     | 1,  18> =    -2.02460035E-02
< 1,  13|                                <X|mu|X>     | 1,  19> =    -6.63381790E-03
< 1,  13|                                <X|mu|X>     | 1,  20> =    -1.90858993E-03
< 1,  13|                                <X|mu|X>     | 1,  21> =     1.08497877E-03
< 1,  13|                                <X|mu|X>     | 1,  22> =     6.11667812E-04
< 1,  13|                                <X|mu|X>     | 1,  23> =    -1.05215778E-04
< 1,  13|                                <X|mu|X>     | 1,  24> =    -4.21596257E-04
< 1,  13|                                <X|mu|X>     | 1,  25> =    -2.03689193E-04
< 1,  13|                                <X|mu|X>     | 1,  26> =     5.08907872E-05
< 1,  13|                                <X|mu|X>     | 1,  27> =     2.20613387E-05
< 1,  13|                                <X|mu|X>     | 1,  28> =    -1.08031290E-04
< 1,  13|                                <X|mu|X>     | 1,  29> =    -9.70276684E-05
< 1,  13|                                <X|mu|X>     | 1,  30> =     7.50336999E-06
< 1,  13|                                <X|mu|X>     | 1,  31> =     3.46242347E-05
< 1,  13|                                <X|mu|X>     | 1,  32> =    -1.63751167E-05
< 1,  13|                                <X|mu|X>     | 1,  33> =    -3.18458138E-05
< 1,  13|                                <X|mu|X>     | 1,  34> =     6.03021950E-06
< 1,  13|                                <X|mu|X>     | 1,  35> =     2.23084153E-05
< 1,  13|                                <X|mu|X>     | 1,  36> =    -3.64039313E-07
< 1,  13|                                <X|mu|X>     | 1,  37> =    -1.27457789E-05
< 1,  13|                                <X|mu|X>     | 1,  38> =     3.31515557E-06
< 1,  13|                                <X|mu|X>     | 1,  39> =     1.42397586E-05
< 1,  13|                                <X|mu|X>     | 1,  40> =    -5.18952019E-06
< 1,  13|                                <X|mu|X>     | 1,  41> =     3.77013222E-06
< 1,  13|                                <X|mu|X>     | 1,  42> =     9.96656533E-07
< 1,  13|                                <X|mu|X>     | 1,  43> =    -3.42134607E-06
< 1,  13|                                <X|mu|X>     | 1,  44> =    -3.79222346E-06
< 1,  13|                                <X|mu|X>     | 1,  45> =    -2.55943452E-06
< 1,  13|                                <X|mu|X>     | 1,  46> =     5.18392289E-07
< 1,  13|                                <X|mu|X>     | 1,  47> =    -2.30022264E-06
< 1,  13|                                <X|mu|X>     | 1,  48> =    -1.15592691E-06
< 1,  13|                                <X|mu|X>     | 1,  49> =     3.47682823E-06
< 1,  14|                                <X|mu|X>     | 1,   0> =     6.77003200E-07
< 1,  14|                                <X|mu|X>     | 1,   1> =    -1.76332602E-06
< 1,  14|                                <X|mu|X>     | 1,   2> =     8.50008293E-07
< 1,  14|                                <X|mu|X>     | 1,   3> =    -4.27658479E-06
< 1,  14|                                <X|mu|X>     | 1,   4> =    -1.19789473E-05
< 1,  14|                                <X|mu|X>     | 1,   5> =    -2.11213018E-05
< 1,  14|                                <X|mu|X>     | 1,   6> =     1.76843698E-05
< 1,  14|                                <X|mu|X>     | 1,   7> =     6.47061475E-05
< 1,  14|                                <X|mu|X>     | 1,   8> =    -2.68940548E-04
< 1,  14|                                <X|mu|X>     | 1,   9> =    -2.31630886E-03
< 1,  14|                                <X|mu|X>     | 1,  10> =     1.01066193E-02
< 1,  14|                                <X|mu|X>     | 1,  11> =    -5.02628946E-02
< 1,  14|                                <X|mu|X>     | 1,  12> =    -1.23541377E-01
< 1,  14|                                <X|mu|X>     | 1,  13> =     2.46851098E-02
< 1,  14|                                <X|mu|X>     | 1,  14> =     1.15324425E+00
< 1,  14|                                <X|mu|X>     | 1,  15> =     8.10989224E-02
< 1,  14|                                <X|mu|X>     | 1,  16> =    -9.32681790E-02
< 1,  14|                                <X|mu|X>     | 1,  17> =    -9.36333005E-02
< 1,  14|                                <X|mu|X>     | 1,  18> =    -6.22775900E-02
< 1,  14|                                <X|mu|X>     | 1,  19> =    -2.77552643E-02
< 1,  14|                                <X|mu|X>     | 1,  20> =    -7.98764768E-03
< 1,  14|                                <X|mu|X>     | 1,  21> =     1.77157902E-03
< 1,  14|                                <X|mu|X>     | 1,  22> =     9.57605711E-04
< 1,  14|                                <X|mu|X>     | 1,  23> =     6.12188236E-04
< 1,  14|                                <X|mu|X>     | 1,  24> =    -1.13772443E-04
< 1,  14|                                <X|mu|X>     | 1,  25> =    -4.31543149E-04
< 1,  14|                                <X|mu|X>     | 1,  26> =    -1.99029237E-04
< 1,  14|                                <X|mu|X>     | 1,  27> =     6.13943539E-05
< 1,  14|                                <X|mu|X>     | 1,  28> =     1.31015474E-05
< 1,  14|                                <X|mu|X>     | 1,  29> =    -1.09014068E-04
< 1,  14|                                <X|mu|X>     | 1,  30> =    -8.56584871E-05
< 1,  14|                                <X|mu|X>     | 1,  31> =     1.85398839E-05
< 1,  14|                                <X|mu|X>     | 1,  32> =     2.98496532E-05
< 1,  14|                                <X|mu|X>     | 1,  33> =    -1.99004766E-05
< 1,  14|                                <X|mu|X>     | 1,  34> =    -2.58537603E-05
< 1,  14|                                <X|mu|X>     | 1,  35> =     1.48803546E-05
< 1,  14|                                <X|mu|X>     | 1,  36> =     1.89732188E-05
< 1,  14|                                <X|mu|X>     | 1,  37> =    -5.55266318E-06
< 1,  14|                                <X|mu|X>     | 1,  38> =    -1.09674993E-05
< 1,  14|                                <X|mu|X>     | 1,  39> =     1.04399258E-05
< 1,  14|                                <X|mu|X>     | 1,  40> =    -1.48133933E-05
< 1,  14|                                <X|mu|X>     | 1,  41> =    -7.69010068E-07
< 1,  14|                                <X|mu|X>     | 1,  42> =     6.78795223E-06
< 1,  14|                                <X|mu|X>     | 1,  43> =    -2.27172208E-06
< 1,  14|                                <X|mu|X>     | 1,  44> =    -6.77550864E-06
< 1,  14|                                <X|mu|X>     | 1,  45> =    -4.02029442E-06
< 1,  14|                                <X|mu|X>     | 1,  46> =    -8.81036891E-07
< 1,  14|                                <X|mu|X>     | 1,  47> =    -1.05294348E-06
< 1,  14|                                <X|mu|X>     | 1,  48> =    -3.73668865E-07
< 1,  14|                                <X|mu|X>     | 1,  49> =     2.47488632E-06
< 1,  15|                                <X|mu|X>     | 1,   0> =     4.34313284E-07
< 1,  15|                                <X|mu|X>     | 1,   1> =    -1.56137788E-06
< 1,  15|                                <X|mu|X>     | 1,   2> =    -2.57784469E-07
< 1,  15|                                <X|mu|X>     | 1,   3> =    -5.53097776E-06
< 1,  15|                                <X|mu|X>     | 1,   4> =    -8.94830487E-06
< 1,  15|                                <X|mu|X>     | 1,   5> =    -1.25431937E-05
< 1,  15|                                <X|mu|X>     | 1,   6> =     3.40587622E-05
< 1,  15|                                <X|mu|X>     | 1,   7> =     1.00337245E-05
< 1,  15|                                <X|mu|X>     | 1,   8> =     1.16491478E-04
< 1,  15|                                <X|mu|X>     | 1,   9> =    -8.92701555E-04
< 1,  15|                                <X|mu|X>     | 1,  10> =     3.19577820E-03
< 1,  15|                                <X|mu|X>     | 1,  11> =    -1.59434883E-02
< 1,  15|                                <X|mu|X>     | 1,  12> =    -6.46614751E-02
< 1,  15|                                <X|mu|X>     | 1,  13> =    -1.16911984E-01
< 1,  15|                                <X|mu|X>     | 1,  14> =     8.10989224E-02
< 1,  15|                                <X|mu|X>     | 1,  15> =     1.07055330E+00
< 1,  15|                                <X|mu|X>     | 1,  16> =     1.41768652E-01
< 1,  15|                                <X|mu|X>     | 1,  17> =    -5.78307446E-02
< 1,  15|                                <X|mu|X>     | 1,  18> =    -1.02731780E-01
< 1,  15|                                <X|mu|X>     | 1,  19> =    -6.87293077E-02
< 1,  15|                                <X|mu|X>     | 1,  20> =    -2.81656385E-02
< 1,  15|                                <X|mu|X>     | 1,  21> =     6.82842477E-03
< 1,  15|                                <X|mu|X>     | 1,  22> =     1.30841102E-03
< 1,  15|                                <X|mu|X>     | 1,  23> =     7.77135892E-04
< 1,  15|                                <X|mu|X>     | 1,  24> =     5.21314539E-04
< 1,  15|                                <X|mu|X>     | 1,  25> =    -2.33869593E-04
< 1,  15|                                <X|mu|X>     | 1,  26> =    -3.93434207E-04
< 1,  15|                                <X|mu|X>     | 1,  27> =    -1.50516715E-04
< 1,  15|                                <X|mu|X>     | 1,  28> =     9.30987322E-05
< 1,  15|                                <X|mu|X>     | 1,  29> =    -2.88052513E-05
< 1,  15|                                <X|mu|X>     | 1,  30> =    -1.02410376E-04
< 1,  15|                                <X|mu|X>     | 1,  31> =    -6.78194602E-05
< 1,  15|                                <X|mu|X>     | 1,  32> =     4.14508231E-05
< 1,  15|                                <X|mu|X>     | 1,  33> =     1.31428023E-05
< 1,  15|                                <X|mu|X>     | 1,  34> =    -1.70736998E-05
< 1,  15|                                <X|mu|X>     | 1,  35> =    -2.19231159E-05
< 1,  15|                                <X|mu|X>     | 1,  36> =     2.49645948E-05
< 1,  15|                                <X|mu|X>     | 1,  37> =     7.46353074E-06
< 1,  15|                                <X|mu|X>     | 1,  38> =    -2.58319768E-06
< 1,  15|                                <X|mu|X>     | 1,  39> =    -7.49599163E-06
< 1,  15|                                <X|mu|X>     | 1,  40> =    -1.65808379E-05
< 1,  15|                                <X|mu|X>     | 1,  41> =    -5.38888403E-06
< 1,  15|                                <X|mu|X>     | 1,  42> =    -8.30450303E-07
< 1,  15|                                <X|mu|X>     | 1,  43> =     5.28678438E-06
< 1,  15|                                <X|mu|X>     | 1,  44> =    -8.57765803E-06
< 1,  15|                                <X|mu|X>     | 1,  45> =    -1.95391814E-06
< 1,  15|                                <X|mu|X>     | 1,  46> =     2.98233979E-06
< 1,  15|                                <X|mu|X>     | 1,  47> =    -2.45674864E-06
< 1,  15|                                <X|mu|X>     | 1,  48> =     3.52320291E-06
< 1,  15|                                <X|mu|X>     | 1,  49> =    -9.51096123E-07
< 1,  16|                                <X|mu|X>     | 1,   0> =     2.61098831E-07
< 1,  16|                                <X|mu|X>     | 1,   1> =    -1.13790705E-06
< 1,  16|                                <X|mu|X>     | 1,   2> =    -3.93934531E-07
< 1,  16|                                <X|mu|X>     | 1,   3> =    -4.18648568E-06
< 1,  16|                                <X|mu|X>     | 1,   4> =    -5.04232005E-06
< 1,  16|                                <X|mu|X>     | 1,   5> =    -8.06005665E-06
< 1,  16|                                <X|mu|X>     | 1,   6> =     3.60518843E-05
< 1,  16|                                <X|mu|X>     | 1,   7> =    -4.40430067E-06
< 1,  16|                                <X|mu|X>     | 1,   8> =     1.30125672E-04
< 1,  16|                                <X|mu|X>     | 1,   9> =    -2.07050703E-04
< 1,  16|                                <X|mu|X>     | 1,  10> =     1.50235832E-03
< 1,  16|                                <X|mu|X>     | 1,  11> =    -5.16364021E-03
< 1,  16|                                <X|mu|X>     | 1,  12> =    -2.61120825E-02
< 1,  16|                                <X|mu|X>     | 1,  13> =    -7.90845149E-02
< 1,  16|                                <X|mu|X>     | 1,  14> =    -9.32681790E-02
< 1,  16|                                <X|mu|X>     | 1,  15> =     1.41768652E-01
< 1,  16|                                <X|mu|X>     | 1,  16> =     9.64175542E-01
< 1,  16|                                <X|mu|X>     | 1,  17> =     1.87452004E-01
< 1,  16|                                <X|mu|X>     | 1,  18> =    -4.43569613E-02
< 1,  16|                                <X|mu|X>     | 1,  19> =    -1.01437500E-01
< 1,  16|                                <X|mu|X>     | 1,  20> =    -5.88526349E-02
< 1,  16|                                <X|mu|X>     | 1,  21> =     2.12035781E-02
< 1,  16|                                <X|mu|X>     | 1,  22> =     3.53888147E-03
< 1,  16|                                <X|mu|X>     | 1,  23> =     1.00615069E-03
< 1,  16|                                <X|mu|X>     | 1,  24> =     4.79850006E-04
< 1,  16|                                <X|mu|X>     | 1,  25> =     4.26076084E-04
< 1,  16|                                <X|mu|X>     | 1,  26> =    -4.72606773E-04
< 1,  16|                                <X|mu|X>     | 1,  27> =    -2.14845976E-04
< 1,  16|                                <X|mu|X>     | 1,  28> =    -1.23283024E-04
< 1,  16|                                <X|mu|X>     | 1,  29> =     1.50745182E-04
< 1,  16|                                <X|mu|X>     | 1,  30> =    -1.32347406E-04
< 1,  16|                                <X|mu|X>     | 1,  31> =    -4.05086376E-05
< 1,  16|                                <X|mu|X>     | 1,  32> =    -6.68365413E-05
< 1,  16|                                <X|mu|X>     | 1,  33> =     8.77298468E-05
< 1,  16|                                <X|mu|X>     | 1,  34> =    -3.95991610E-05
< 1,  16|                                <X|mu|X>     | 1,  35> =     1.00988507E-05
< 1,  16|                                <X|mu|X>     | 1,  36> =    -3.39697938E-05
< 1,  16|                                <X|mu|X>     | 1,  37> =     5.26200387E-05
< 1,  16|                                <X|mu|X>     | 1,  38> =    -2.16359148E-05
< 1,  16|                                <X|mu|X>     | 1,  39> =     1.61357057E-05
< 1,  16|                                <X|mu|X>     | 1,  40> =     2.01639554E-05
< 1,  16|                                <X|mu|X>     | 1,  41> =    -3.31057206E-05
< 1,  16|                                <X|mu|X>     | 1,  42> =     1.34635703E-05
< 1,  16|                                <X|mu|X>     | 1,  43> =    -1.49183316E-05
< 1,  16|                                <X|mu|X>     | 1,  44> =     1.54987296E-05
< 1,  16|                                <X|mu|X>     | 1,  45> =    -1.94493282E-05
< 1,  16|                                <X|mu|X>     | 1,  46> =    -1.09351084E-05
< 1,  16|                                <X|mu|X>     | 1,  47> =     1.40149390E-05
< 1,  16|                                <X|mu|X>     | 1,  48> =    -1.02674966E-05
< 1,  16|                                <X|mu|X>     | 1,  49> =     1.15610459E-05
< 1,  17|                                <X|mu|X>     | 1,   0> =     1.60493557E-07
< 1,  17|                                <X|mu|X>     | 1,   1> =    -7.42989740E-07
< 1,  17|                                <X|mu|X>     | 1,   2> =    -9.90350197E-08
< 1,  17|                                <X|mu|X>     | 1,   3> =    -2.31917945E-06
< 1,  17|                                <X|mu|X>     | 1,   4> =    -1.64185558E-06
< 1,  17|                                <X|mu|X>     | 1,   5> =    -7.63813087E-06
< 1,  17|                                <X|mu|X>     | 1,   6> =     2.98516611E-05
< 1,  17|                                <X|mu|X>     | 1,   7> =     1.05605216E-05
< 1,  17|                                <X|mu|X>     | 1,   8> =     6.48877026E-05
< 1,  17|                                <X|mu|X>     | 1,   9> =     9.98929998E-05
< 1,  17|                                <X|mu|X>     | 1,  10> =     8.58692163E-04
< 1,  17|                                <X|mu|X>     | 1,  11> =    -2.28914000E-03
< 1,  17|                                <X|mu|X>     | 1,  12> =    -1.07094573E-02
< 1,  17|                                <X|mu|X>     | 1,  13> =    -4.32913777E-02
< 1,  17|                                <X|mu|X>     | 1,  14> =    -9.36333005E-02
< 1,  17|                                <X|mu|X>     | 1,  15> =    -5.78307446E-02
< 1,  17|                                <X|mu|X>     | 1,  16> =     1.87452004E-01
< 1,  17|                                <X|mu|X>     | 1,  17> =     9.11473767E-01
< 1,  17|                                <X|mu|X>     | 1,  18> =     1.92300851E-01
< 1,  17|                                <X|mu|X>     | 1,  19> =    -6.90134625E-02
< 1,  17|                                <X|mu|X>     | 1,  20> =    -9.81032331E-02
< 1,  17|                                <X|mu|X>     | 1,  21> =     4.36643213E-02
< 1,  17|                                <X|mu|X>     | 1,  22> =     1.35038471E-02
< 1,  17|                                <X|mu|X>     | 1,  23> =     6.54672637E-04
< 1,  17|                                <X|mu|X>     | 1,  24> =     1.26960615E-03
< 1,  17|                                <X|mu|X>     | 1,  25> =     5.38917493E-05
< 1,  17|                                <X|mu|X>     | 1,  26> =     3.82872031E-04
< 1,  17|                                <X|mu|X>     | 1,  27> =    -7.50763858E-04
< 1,  17|                                <X|mu|X>     | 1,  28> =     8.15505061E-05
< 1,  17|                                <X|mu|X>     | 1,  29> =    -1.77775710E-04
< 1,  17|                                <X|mu|X>     | 1,  30> =     2.19540810E-04
< 1,  17|                                <X|mu|X>     | 1,  31> =    -2.73454586E-04
< 1,  17|                                <X|mu|X>     | 1,  32> =     8.47471340E-05
< 1,  17|                                <X|mu|X>     | 1,  33> =    -1.03376464E-04
< 1,  17|                                <X|mu|X>     | 1,  34> =     1.44488869E-04
< 1,  17|                                <X|mu|X>     | 1,  35> =    -1.21643175E-04
< 1,  17|                                <X|mu|X>     | 1,  36> =     7.30673123E-05
< 1,  17|                                <X|mu|X>     | 1,  37> =    -6.38064501E-05
< 1,  17|                                <X|mu|X>     | 1,  38> =     9.23516469E-05
< 1,  17|                                <X|mu|X>     | 1,  39> =    -7.22633401E-05
< 1,  17|                                <X|mu|X>     | 1,  40> =    -5.45109011E-05
< 1,  17|                                <X|mu|X>     | 1,  41> =     4.47630554E-05
< 1,  17|                                <X|mu|X>     | 1,  42> =    -6.29016379E-05
< 1,  17|                                <X|mu|X>     | 1,  43> =     4.59236549E-05
< 1,  17|                                <X|mu|X>     | 1,  44> =    -3.94313191E-05
< 1,  17|                                <X|mu|X>     | 1,  45> =     3.65838087E-05
< 1,  17|                                <X|mu|X>     | 1,  46> =     4.18324146E-05
< 1,  17|                                <X|mu|X>     | 1,  47> =    -3.08473562E-05
< 1,  17|                                <X|mu|X>     | 1,  48> =     3.27379322E-05
< 1,  17|                                <X|mu|X>     | 1,  49> =    -2.90905683E-05
< 1,  18|                                <X|mu|X>     | 1,   0> =     8.19809502E-08
< 1,  18|                                <X|mu|X>     | 1,   1> =    -3.02749389E-07
< 1,  18|                                <X|mu|X>     | 1,   2> =     4.71356649E-07
< 1,  18|                                <X|mu|X>     | 1,   3> =    -2.10997606E-09
< 1,  18|                                <X|mu|X>     | 1,   4> =     1.82189039E-06
< 1,  18|                                <X|mu|X>     | 1,   5> =    -9.62589828E-06
< 1,  18|                                <X|mu|X>     | 1,   6> =     1.97630179E-05
< 1,  18|                                <X|mu|X>     | 1,   7> =     3.82949772E-05
< 1,  18|                                <X|mu|X>     | 1,   8> =     6.45750241E-07
< 1,  18|                                <X|mu|X>     | 1,   9> =     2.21548757E-04
< 1,  18|                                <X|mu|X>     | 1,  10> =     3.57444925E-04
< 1,  18|                                <X|mu|X>     | 1,  11> =    -1.40111632E-03
< 1,  18|                                <X|mu|X>     | 1,  12> =    -4.15847820E-03
< 1,  18|                                <X|mu|X>     | 1,  13> =    -2.02460035E-02
< 1,  18|                                <X|mu|X>     | 1,  14> =    -6.22775900E-02
< 1,  18|                                <X|mu|X>     | 1,  15> =    -1.02731780E-01
< 1,  18|                                <X|mu|X>     | 1,  16> =    -4.43569613E-02
< 1,  18|                                <X|mu|X>     | 1,  17> =     1.92300851E-01
< 1,  18|                                <X|mu|X>     | 1,  18> =     9.39752697E-01
< 1,  18|                                <X|mu|X>     | 1,  19> =     1.80399253E-01
< 1,  18|                                <X|mu|X>     | 1,  20> =    -1.00766007E-01
< 1,  18|                                <X|mu|X>     | 1,  21> =     9.64858223E-02
< 1,  18|                                <X|mu|X>     | 1,  22> =     3.31875262E-02
< 1,  18|                                <X|mu|X>     | 1,  23> =     8.81243178E-03
< 1,  18|                                <X|mu|X>     | 1,  24> =    -6.72008806E-04
< 1,  18|                                <X|mu|X>     | 1,  25> =     1.64145609E-03
< 1,  18|                                <X|mu|X>     | 1,  26> =    -3.30238405E-04
< 1,  18|                                <X|mu|X>     | 1,  27> =     3.07384545E-04
< 1,  18|                                <X|mu|X>     | 1,  28> =    -9.00205403E-04
< 1,  18|                                <X|mu|X>     | 1,  29> =     3.28326194E-04
< 1,  18|                                <X|mu|X>     | 1,  30> =    -2.53254071E-04
< 1,  18|                                <X|mu|X>     | 1,  31> =     2.43569498E-04
< 1,  18|                                <X|mu|X>     | 1,  32> =    -3.60502778E-04
< 1,  18|                                <X|mu|X>     | 1,  33> =     1.96105603E-04
< 1,  18|                                <X|mu|X>     | 1,  34> =    -1.43228627E-04
< 1,  18|                                <X|mu|X>     | 1,  35> =     1.73814830E-04
< 1,  18|                                <X|mu|X>     | 1,  36> =    -1.75336530E-04
< 1,  18|                                <X|mu|X>     | 1,  37> =     1.33467729E-04
< 1,  18|                                <X|mu|X>     | 1,  38> =    -9.18989021E-05
< 1,  18|                                <X|mu|X>     | 1,  39> =     1.13807837E-04
< 1,  18|                                <X|mu|X>     | 1,  40> =     1.07809376E-04
< 1,  18|                                <X|mu|X>     | 1,  41> =    -9.24794398E-05
< 1,  18|                                <X|mu|X>     | 1,  42> =     6.36715551E-05
< 1,  18|                                <X|mu|X>     | 1,  43> =    -8.08333925E-05
< 1,  18|                                <X|mu|X>     | 1,  44> =     7.24465794E-05
< 1,  18|                                <X|mu|X>     | 1,  45> =    -6.20606187E-05
< 1,  18|                                <X|mu|X>     | 1,  46> =    -5.04157714E-05
< 1,  18|                                <X|mu|X>     | 1,  47> =     5.93028530E-05
< 1,  18|                                <X|mu|X>     | 1,  48> =    -4.83383468E-05
< 1,  18|                                <X|mu|X>     | 1,  49> =     4.58843457E-05
< 1,  19|                                <X|mu|X>     | 1,   0> =    -7.75025010E-09
< 1,  19|                                <X|mu|X>     | 1,   1> =     2.51916465E-07
< 1,  19|                                <X|mu|X>     | 1,   2> =     1.15335893E-06
< 1,  19|                                <X|mu|X>     | 1,   3> =     2.58653230E-06
< 1,  19|                                <X|mu|X>     | 1,   4> =     4.57595557E-06
< 1,  19|                                <X|mu|X>     | 1,   5> =    -1.12266845E-05
< 1,  19|                                <X|mu|X>     | 1,   6> =     7.78187544E-06
< 1,  19|                                <X|mu|X>     | 1,   7> =     5.85593079E-05
< 1,  19|                                <X|mu|X>     | 1,   8> =    -1.92144344E-05
< 1,  19|                                <X|mu|X>     | 1,   9> =     1.58258653E-04
< 1,  19|                                <X|mu|X>     | 1,  10> =    -1.13139863E-04
< 1,  19|                                <X|mu|X>     | 1,  11> =    -8.45975553E-04
< 1,  19|                                <X|mu|X>     | 1,  12> =    -1.73552845E-03
< 1,  19|                                <X|mu|X>     | 1,  13> =    -6.63381790E-03
< 1,  19|                                <X|mu|X>     | 1,  14> =    -2.77552643E-02
< 1,  19|                                <X|mu|X>     | 1,  15> =    -6.87293077E-02
< 1,  19|                                <X|mu|X>     | 1,  16> =    -1.01437500E-01
< 1,  19|                                <X|mu|X>     | 1,  17> =    -6.90134625E-02
< 1,  19|                                <X|mu|X>     | 1,  18> =     1.80399253E-01
< 1,  19|                                <X|mu|X>     | 1,  19> =     9.68140066E-01
< 1,  19|                                <X|mu|X>     | 1,  20> =     1.68356100E-01
< 1,  19|                                <X|mu|X>     | 1,  21> =     1.23978858E-01
< 1,  19|                                <X|mu|X>     | 1,  22> =     9.22864955E-02
< 1,  19|                                <X|mu|X>     | 1,  23> =     2.51772240E-02
< 1,  19|                                <X|mu|X>     | 1,  24> =     5.84884997E-03
< 1,  19|                                <X|mu|X>     | 1,  25> =    -1.16378550E-03
< 1,  19|                                <X|mu|X>     | 1,  26> =     1.86129738E-03
< 1,  19|                                <X|mu|X>     | 1,  27> =    -6.70238566E-04
< 1,  19|                                <X|mu|X>     | 1,  28> =     2.40948115E-04
< 1,  19|                                <X|mu|X>     | 1,  29> =    -9.18569363E-04
< 1,  19|                                <X|mu|X>     | 1,  30> =     4.98029385E-04
< 1,  19|                                <X|mu|X>     | 1,  31> =    -3.29639777E-04
< 1,  19|                                <X|mu|X>     | 1,  32> =     2.43928261E-04
< 1,  19|                                <X|mu|X>     | 1,  33> =    -3.89138289E-04
< 1,  19|                                <X|mu|X>     | 1,  34> =     2.73871183E-04
< 1,  19|                                <X|mu|X>     | 1,  35> =    -1.77799625E-04
< 1,  19|                                <X|mu|X>     | 1,  36> =     1.87493210E-04
< 1,  19|                                <X|mu|X>     | 1,  37> =    -1.97487888E-04
< 1,  19|                                <X|mu|X>     | 1,  38> =     1.73455775E-04
< 1,  19|                                <X|mu|X>     | 1,  39> =    -1.16713127E-04
< 1,  19|                                <X|mu|X>     | 1,  40> =    -1.25376312E-04
< 1,  19|                                <X|mu|X>     | 1,  41> =     1.21163715E-04
< 1,  19|                                <X|mu|X>     | 1,  42> =    -1.18599207E-04
< 1,  19|                                <X|mu|X>     | 1,  43> =     8.11699186E-05
< 1,  19|                                <X|mu|X>     | 1,  44> =    -8.85820411E-05
< 1,  19|                                <X|mu|X>     | 1,  45> =     8.44467642E-05
< 1,  19|                                <X|mu|X>     | 1,  46> =     8.04135337E-05
< 1,  19|                                <X|mu|X>     | 1,  47> =    -6.02965238E-05
< 1,  19|                                <X|mu|X>     | 1,  48> =     6.66122431E-05
< 1,  19|                                <X|mu|X>     | 1,  49> =    -5.95562621E-05
< 1,  20|                                <X|mu|X>     | 1,   0> =    -1.11632044E-07
< 1,  20|                                <X|mu|X>     | 1,   1> =     7.24470054E-07
< 1,  20|                                <X|mu|X>     | 1,   2> =     1.42858677E-06
< 1,  20|                                <X|mu|X>     | 1,   3> =     4.04252199E-06
< 1,  20|                                <X|mu|X>     | 1,   4> =     4.37584389E-06
< 1,  20|                                <X|mu|X>     | 1,   5> =    -9.00817479E-06
< 1,  20|                                <X|mu|X>     | 1,   6> =     4.04893497E-06
< 1,  20|                                <X|mu|X>     | 1,   7> =     4.92385725E-05
< 1,  20|                                <X|mu|X>     | 1,   8> =     2.46122695E-05
< 1,  20|                                <X|mu|X>     | 1,   9> =     1.36807768E-05
< 1,  20|                                <X|mu|X>     | 1,  10> =    -3.06612823E-04
< 1,  20|                                <X|mu|X>     | 1,  11> =    -2.02532953E-04
< 1,  20|                                <X|mu|X>     | 1,  12> =    -1.08892820E-03
< 1,  20|                                <X|mu|X>     | 1,  13> =    -1.90858993E-03
< 1,  20|                                <X|mu|X>     | 1,  14> =    -7.98764768E-03
< 1,  20|                                <X|mu|X>     | 1,  15> =    -2.81656385E-02
< 1,  20|                                <X|mu|X>     | 1,  16> =    -5.88526349E-02
< 1,  20|                                <X|mu|X>     | 1,  17> =    -9.81032331E-02
< 1,  20|                                <X|mu|X>     | 1,  18> =    -1.00766007E-01
< 1,  20|                                <X|mu|X>     | 1,  19> =     1.68356100E-01
< 1,  20|                                <X|mu|X>     | 1,  20> =     9.86196464E-01
< 1,  20|                                <X|mu|X>     | 1,  21> =    -1.57561716E-01
< 1,  20|                                <X|mu|X>     | 1,  22> =     1.40655365E-01
< 1,  20|                                <X|mu|X>     | 1,  23> =     8.67092063E-02
< 1,  20|                                <X|mu|X>     | 1,  24> =     1.87555299E-02
< 1,  20|                                <X|mu|X>     | 1,  25> =     3.94975413E-03
< 1,  20|                                <X|mu|X>     | 1,  26> =    -1.30666724E-03
< 1,  20|                                <X|mu|X>     | 1,  27> =     1.96034438E-03
< 1,  20|                                <X|mu|X>     | 1,  28> =    -9.74075142E-04
< 1,  20|                                <X|mu|X>     | 1,  29> =     2.23965310E-04
< 1,  20|                                <X|mu|X>     | 1,  30> =    -8.76090580E-04
< 1,  20|                                <X|mu|X>     | 1,  31> =     6.11275780E-04
< 1,  20|                                <X|mu|X>     | 1,  32> =    -4.11522460E-04
< 1,  20|                                <X|mu|X>     | 1,  33> =     2.47038754E-04
< 1,  20|                                <X|mu|X>     | 1,  34> =    -3.87865272E-04
< 1,  20|                                <X|mu|X>     | 1,  35> =     3.32125583E-04
< 1,  20|                                <X|mu|X>     | 1,  36> =    -2.10793382E-04
< 1,  20|                                <X|mu|X>     | 1,  37> =     1.95934305E-04
< 1,  20|                                <X|mu|X>     | 1,  38> =    -2.07668623E-04
< 1,  20|                                <X|mu|X>     | 1,  39> =     2.02334348E-04
< 1,  20|                                <X|mu|X>     | 1,  40> =     1.35639732E-04
< 1,  20|                                <X|mu|X>     | 1,  41> =    -1.36097722E-04
< 1,  20|                                <X|mu|X>     | 1,  42> =     1.28925098E-04
< 1,  20|                                <X|mu|X>     | 1,  43> =    -1.34237104E-04
< 1,  20|                                <X|mu|X>     | 1,  44> =     9.51410699E-05
< 1,  20|                                <X|mu|X>     | 1,  45> =    -9.76931867E-05
< 1,  20|                                <X|mu|X>     | 1,  46> =    -8.98590758E-05
< 1,  20|                                <X|mu|X>     | 1,  47> =     9.11879346E-05
< 1,  20|                                <X|mu|X>     | 1,  48> =    -7.05752086E-05
< 1,  20|                                <X|mu|X>     | 1,  49> =     7.33151735E-05
< 1,  21|                                <X|mu|X>     | 1,   0> =     2.31392916E-07
< 1,  21|                                <X|mu|X>     | 1,   1> =    -9.11785711E-07
< 1,  21|                                <X|mu|X>     | 1,   2> =    -8.51102911E-07
< 1,  21|                                <X|mu|X>     | 1,   3> =    -3.40233267E-06
< 1,  21|                                <X|mu|X>     | 1,   4> =    -5.33261787E-07
< 1,  21|                                <X|mu|X>     | 1,   5> =     2.43911178E-06
< 1,  21|                                <X|mu|X>     | 1,   6> =    -1.06745301E-05
< 1,  21|                                <X|mu|X>     | 1,   7> =    -1.87436305E-05
< 1,  21|                                <X|mu|X>     | 1,   8> =    -7.45552733E-05
< 1,  21|                                <X|mu|X>     | 1,   9> =     4.04055119E-05
< 1,  21|                                <X|mu|X>     | 1,  10> =     1.79861658E-04
< 1,  21|                                <X|mu|X>     | 1,  11> =    -2.80157003E-04
< 1,  21|                                <X|mu|X>     | 1,  12> =     4.82617781E-04
< 1,  21|                                <X|mu|X>     | 1,  13> =     1.08497877E-03
< 1,  21|                                <X|mu|X>     | 1,  14> =     1.77157902E-03
< 1,  21|                                <X|mu|X>     | 1,  15> =     6.82842477E-03
< 1,  21|                                <X|mu|X>     | 1,  16> =     2.12035781E-02
< 1,  21|                                <X|mu|X>     | 1,  17> =     4.36643213E-02
< 1,  21|                                <X|mu|X>     | 1,  18> =     9.64858223E-02
< 1,  21|                                <X|mu|X>     | 1,  19> =     1.23978858E-01
< 1,  21|                                <X|mu|X>     | 1,  20> =    -1.57561716E-01
< 1,  21|                                <X|mu|X>     | 1,  21> =     9.98633934E-01
< 1,  21|                                <X|mu|X>     | 1,  22> =     1.47872302E-01
< 1,  21|                                <X|mu|X>     | 1,  23> =    -1.53286282E-01
< 1,  21|                                <X|mu|X>     | 1,  24> =    -8.07951575E-02
< 1,  21|                                <X|mu|X>     | 1,  25> =    -1.35745706E-02
< 1,  21|                                <X|mu|X>     | 1,  26> =    -2.74103204E-03
< 1,  21|                                <X|mu|X>     | 1,  27> =     1.29998819E-03
< 1,  21|                                <X|mu|X>     | 1,  28> =    -1.97804078E-03
< 1,  21|                                <X|mu|X>     | 1,  29> =     1.23041451E-03
< 1,  21|                                <X|mu|X>     | 1,  30> =    -2.54581459E-04
< 1,  21|                                <X|mu|X>     | 1,  31> =     8.15473368E-04
< 1,  21|                                <X|mu|X>     | 1,  32> =    -6.77074034E-04
< 1,  21|                                <X|mu|X>     | 1,  33> =     4.90836745E-04
< 1,  21|                                <X|mu|X>     | 1,  34> =    -2.66786585E-04
< 1,  21|                                <X|mu|X>     | 1,  35> =     3.69802210E-04
< 1,  21|                                <X|mu|X>     | 1,  36> =    -3.69852344E-04
< 1,  21|                                <X|mu|X>     | 1,  37> =     2.47182898E-04
< 1,  21|                                <X|mu|X>     | 1,  38> =    -2.06527549E-04
< 1,  21|                                <X|mu|X>     | 1,  39> =     2.06031533E-04
< 1,  21|                                <X|mu|X>     | 1,  40> =     2.25175636E-04
< 1,  21|                                <X|mu|X>     | 1,  41> =    -1.55137695E-04
< 1,  21|                                <X|mu|X>     | 1,  42> =     1.43566267E-04
< 1,  21|                                <X|mu|X>     | 1,  43> =    -1.32353648E-04
< 1,  21|                                <X|mu|X>     | 1,  44> =     1.48338568E-04
< 1,  21|                                <X|mu|X>     | 1,  45> =    -1.05166574E-04
< 1,  21|                                <X|mu|X>     | 1,  46> =    -1.04147219E-04
< 1,  21|                                <X|mu|X>     | 1,  47> =     9.57649163E-05
< 1,  21|                                <X|mu|X>     | 1,  48> =    -9.94601023E-05
< 1,  21|                                <X|mu|X>     | 1,  49> =     7.56930052E-05
< 1,  22|                                <X|mu|X>     | 1,   0> =     3.51474831E-07
< 1,  22|                                <X|mu|X>     | 1,   1> =    -7.54863292E-07
< 1,  22|                                <X|mu|X>     | 1,   2> =     5.18981924E-07
< 1,  22|                                <X|mu|X>     | 1,   3> =    -1.13026414E-06
< 1,  22|                                <X|mu|X>     | 1,   4> =     4.70163827E-06
< 1,  22|                                <X|mu|X>     | 1,   5> =    -3.76980104E-06
< 1,  22|                                <X|mu|X>     | 1,   6> =    -1.71106998E-05
< 1,  22|                                <X|mu|X>     | 1,   7> =     1.56108072E-06
< 1,  22|                                <X|mu|X>     | 1,   8> =    -6.90887699E-05
< 1,  22|                                <X|mu|X>     | 1,   9> =    -2.93605867E-05
< 1,  22|                                <X|mu|X>     | 1,  10> =    -1.60558448E-05
< 1,  22|                                <X|mu|X>     | 1,  11> =    -3.16289773E-04
< 1,  22|                                <X|mu|X>     | 1,  12> =    -1.80662163E-04
< 1,  22|                                <X|mu|X>     | 1,  13> =     6.11667812E-04
< 1,  22|                                <X|mu|X>     | 1,  14> =     9.57605711E-04
< 1,  22|                                <X|mu|X>     | 1,  15> =     1.30841102E-03
< 1,  22|                                <X|mu|X>     | 1,  16> =     3.53888147E-03
< 1,  22|                                <X|mu|X>     | 1,  17> =     1.35038471E-02
< 1,  22|                                <X|mu|X>     | 1,  18> =     3.31875262E-02
< 1,  22|                                <X|mu|X>     | 1,  19> =     9.22864955E-02
< 1,  22|                                <X|mu|X>     | 1,  20> =     1.40655365E-01
< 1,  22|                                <X|mu|X>     | 1,  21> =     1.47872302E-01
< 1,  22|                                <X|mu|X>     | 1,  22> =     1.00766582E+00
< 1,  22|                                <X|mu|X>     | 1,  23> =     1.39136487E-01
< 1,  22|                                <X|mu|X>     | 1,  24> =    -1.63197779E-01
< 1,  22|                                <X|mu|X>     | 1,  25> =    -7.49341239E-02
< 1,  22|                                <X|mu|X>     | 1,  26> =    -9.36042592E-03
< 1,  22|                                <X|mu|X>     | 1,  27> =    -1.98974487E-03
< 1,  22|                                <X|mu|X>     | 1,  28> =     1.22840641E-03
< 1,  22|                                <X|mu|X>     | 1,  29> =    -1.94695845E-03
< 1,  22|                                <X|mu|X>     | 1,  30> =     1.43948783E-03
< 1,  22|                                <X|mu|X>     | 1,  31> =    -3.14249514E-04
< 1,  22|                                <X|mu|X>     | 1,  32> =     7.57212198E-04
< 1,  22|                                <X|mu|X>     | 1,  33> =    -7.14495135E-04
< 1,  22|                                <X|mu|X>     | 1,  34> =     5.54351037E-04
< 1,  22|                                <X|mu|X>     | 1,  35> =    -2.98444333E-04
< 1,  22|                                <X|mu|X>     | 1,  36> =     3.53449948E-04
< 1,  22|                                <X|mu|X>     | 1,  37> =    -3.90324506E-04
< 1,  22|                                <X|mu|X>     | 1,  38> =     2.75897770E-04
< 1,  22|                                <X|mu|X>     | 1,  39> =    -2.25700550E-04
< 1,  22|                                <X|mu|X>     | 1,  40> =    -2.02397201E-04
< 1,  22|                                <X|mu|X>     | 1,  41> =     2.36323910E-04
< 1,  22|                                <X|mu|X>     | 1,  42> =    -1.73379736E-04
< 1,  22|                                <X|mu|X>     | 1,  43> =     1.55892316E-04
< 1,  22|                                <X|mu|X>     | 1,  44> =    -1.30410999E-04
< 1,  22|                                <X|mu|X>     | 1,  45> =     1.57305392E-04
< 1,  22|                                <X|mu|X>     | 1,  46> =     1.17346580E-04
< 1,  22|                                <X|mu|X>     | 1,  47> =    -1.09820484E-04
< 1,  22|                                <X|mu|X>     | 1,  48> =     9.65686077E-05
< 1,  22|                                <X|mu|X>     | 1,  49> =    -1.08764443E-04
< 1,  23|                                <X|mu|X>     | 1,   0> =     4.29775980E-07
< 1,  23|                                <X|mu|X>     | 1,   1> =    -4.05748127E-07
< 1,  23|                                <X|mu|X>     | 1,   2> =     1.99391237E-06
< 1,  23|                                <X|mu|X>     | 1,   3> =     9.92004982E-07
< 1,  23|                                <X|mu|X>     | 1,   4> =     7.44203269E-06
< 1,  23|                                <X|mu|X>     | 1,   5> =    -3.58294550E-06
< 1,  23|                                <X|mu|X>     | 1,   6> =    -1.25840590E-05
< 1,  23|                                <X|mu|X>     | 1,   7> =    -4.14293000E-06
< 1,  23|                                <X|mu|X>     | 1,   8> =    -2.13487220E-05
< 1,  23|                                <X|mu|X>     | 1,   9> =    -1.00011413E-04
< 1,  23|                                <X|mu|X>     | 1,  10> =    -4.31417621E-05
< 1,  23|                                <X|mu|X>     | 1,  11> =    -7.55780004E-05
< 1,  23|                                <X|mu|X>     | 1,  12> =    -3.94943241E-04
< 1,  23|                                <X|mu|X>     | 1,  13> =    -1.05215778E-04
< 1,  23|                                <X|mu|X>     | 1,  14> =     6.12188236E-04
< 1,  23|                                <X|mu|X>     | 1,  15> =     7.77135892E-04
< 1,  23|                                <X|mu|X>     | 1,  16> =     1.00615069E-03
< 1,  23|                                <X|mu|X>     | 1,  17> =     6.54672637E-04
< 1,  23|                                <X|mu|X>     | 1,  18> =     8.81243178E-03
< 1,  23|                                <X|mu|X>     | 1,  19> =     2.51772240E-02
< 1,  23|                                <X|mu|X>     | 1,  20> =     8.67092063E-02
< 1,  23|                                <X|mu|X>     | 1,  21> =    -1.53286282E-01
< 1,  23|                                <X|mu|X>     | 1,  22> =     1.39136487E-01
< 1,  23|                                <X|mu|X>     | 1,  23> =     1.01444187E+00
< 1,  23|                                <X|mu|X>     | 1,  24> =     1.31205592E-01
< 1,  23|                                <X|mu|X>     | 1,  25> =    -1.71170022E-01
< 1,  23|                                <X|mu|X>     | 1,  26> =    -6.92913662E-02
< 1,  23|                                <X|mu|X>     | 1,  27> =    -5.91157970E-03
< 1,  23|                                <X|mu|X>     | 1,  28> =    -1.55393455E-03
< 1,  23|                                <X|mu|X>     | 1,  29> =     1.13493539E-03
< 1,  23|                                <X|mu|X>     | 1,  30> =    -1.88137065E-03
< 1,  23|                                <X|mu|X>     | 1,  31> =     1.60743217E-03
< 1,  23|                                <X|mu|X>     | 1,  32> =    -3.96825319E-04
< 1,  23|                                <X|mu|X>     | 1,  33> =     7.00383166E-04
< 1,  23|                                <X|mu|X>     | 1,  34> =    -7.33527643E-04
< 1,  23|                                <X|mu|X>     | 1,  35> =     6.08759484E-04
< 1,  23|                                <X|mu|X>     | 1,  36> =    -3.33860400E-04
< 1,  23|                                <X|mu|X>     | 1,  37> =     3.36594792E-04
< 1,  23|                                <X|mu|X>     | 1,  38> =    -4.06427279E-04
< 1,  23|                                <X|mu|X>     | 1,  39> =     2.97742824E-04
< 1,  23|                                <X|mu|X>     | 1,  40> =     2.43316897E-04
< 1,  23|                                <X|mu|X>     | 1,  41> =    -2.01637018E-04
< 1,  23|                                <X|mu|X>     | 1,  42> =     2.45049686E-04
< 1,  23|                                <X|mu|X>     | 1,  43> =    -1.83595738E-04
< 1,  23|                                <X|mu|X>     | 1,  44> =     1.69628335E-04
< 1,  23|                                <X|mu|X>     | 1,  45> =    -1.32117414E-04
< 1,  23|                                <X|mu|X>     | 1,  46> =    -1.61007062E-04
< 1,  23|                                <X|mu|X>     | 1,  47> =     1.24760811E-04
< 1,  23|                                <X|mu|X>     | 1,  48> =    -1.19987238E-04
< 1,  23|                                <X|mu|X>     | 1,  49> =     9.68606952E-05
< 1,  24|                                <X|mu|X>     | 1,   0> =     4.14289157E-07
< 1,  24|                                <X|mu|X>     | 1,   1> =    -1.44275477E-07
< 1,  24|                                <X|mu|X>     | 1,   2> =     2.66178562E-06
< 1,  24|                                <X|mu|X>     | 1,   3> =     1.22577214E-06
< 1,  24|                                <X|mu|X>     | 1,   4> =     5.61980315E-06
< 1,  24|                                <X|mu|X>     | 1,   5> =     3.27190613E-06
< 1,  24|                                <X|mu|X>     | 1,   6> =    -1.86474623E-07
< 1,  24|                                <X|mu|X>     | 1,   7> =    -1.85662966E-05
< 1,  24|                                <X|mu|X>     | 1,   8> =     7.02141389E-06
< 1,  24|                                <X|mu|X>     | 1,   9> =    -7.41749058E-05
< 1,  24|                                <X|mu|X>     | 1,  10> =     6.35844639E-05
< 1,  24|                                <X|mu|X>     | 1,  11> =     5.95289183E-05
< 1,  24|                                <X|mu|X>     | 1,  12> =    -1.61752240E-04
< 1,  24|                                <X|mu|X>     | 1,  13> =    -4.21596257E-04
< 1,  24|                                <X|mu|X>     | 1,  14> =    -1.13772443E-04
< 1,  24|                                <X|mu|X>     | 1,  15> =     5.21314539E-04
< 1,  24|                                <X|mu|X>     | 1,  16> =     4.79850006E-04
< 1,  24|                                <X|mu|X>     | 1,  17> =     1.26960615E-03
< 1,  24|                                <X|mu|X>     | 1,  18> =    -6.72008806E-04
< 1,  24|                                <X|mu|X>     | 1,  19> =     5.84884997E-03
< 1,  24|                                <X|mu|X>     | 1,  20> =     1.87555299E-02
< 1,  24|                                <X|mu|X>     | 1,  21> =    -8.07951575E-02
< 1,  24|                                <X|mu|X>     | 1,  22> =    -1.63197779E-01
< 1,  24|                                <X|mu|X>     | 1,  23> =     1.31205592E-01
< 1,  24|                                <X|mu|X>     | 1,  24> =     1.01964297E+00
< 1,  24|                                <X|mu|X>     | 1,  25> =     1.23968468E-01
< 1,  24|                                <X|mu|X>     | 1,  26> =    -1.77701131E-01
< 1,  24|                                <X|mu|X>     | 1,  27> =    -6.39442942E-02
< 1,  24|                                <X|mu|X>     | 1,  28> =    -3.07605704E-03
< 1,  24|                                <X|mu|X>     | 1,  29> =    -1.33109577E-03
< 1,  24|                                <X|mu|X>     | 1,  30> =     1.04432239E-03
< 1,  24|                                <X|mu|X>     | 1,  31> =    -1.80025469E-03
< 1,  24|                                <X|mu|X>     | 1,  32> =     1.72845300E-03
< 1,  24|                                <X|mu|X>     | 1,  33> =    -4.95731370E-04
< 1,  24|                                <X|mu|X>     | 1,  34> =     6.56384646E-04
< 1,  24|                                <X|mu|X>     | 1,  35> =    -7.35141812E-04
< 1,  24|                                <X|mu|X>     | 1,  36> =     6.48834352E-04
< 1,  24|                                <X|mu|X>     | 1,  37> =    -3.79409377E-04
< 1,  24|                                <X|mu|X>     | 1,  38> =     3.20395273E-04
< 1,  24|                                <X|mu|X>     | 1,  39> =    -4.12911262E-04
< 1,  24|                                <X|mu|X>     | 1,  40> =    -3.17555188E-04
< 1,  24|                                <X|mu|X>     | 1,  41> =     2.63520522E-04
< 1,  24|                                <X|mu|X>     | 1,  42> =    -1.96828835E-04
< 1,  24|                                <X|mu|X>     | 1,  43> =     2.52747986E-04
< 1,  24|                                <X|mu|X>     | 1,  44> =    -1.93630602E-04
< 1,  24|                                <X|mu|X>     | 1,  45> =     1.80127997E-04
< 1,  24|                                <X|mu|X>     | 1,  46> =     1.32583306E-04
< 1,  24|                                <X|mu|X>     | 1,  47> =    -1.67681168E-04
< 1,  24|                                <X|mu|X>     | 1,  48> =     1.28801950E-04
< 1,  24|                                <X|mu|X>     | 1,  49> =    -1.26374631E-04
< 1,  25|                                <X|mu|X>     | 1,   0> =     2.81806692E-07
< 1,  25|                                <X|mu|X>     | 1,   1> =    -1.71498424E-07
< 1,  25|                                <X|mu|X>     | 1,   2> =     2.08177329E-06
< 1,  25|                                <X|mu|X>     | 1,   3> =    -5.84687323E-07
< 1,  25|                                <X|mu|X>     | 1,   4> =     1.19554803E-06
< 1,  25|                                <X|mu|X>     | 1,   5> =     9.79971700E-06
< 1,  25|                                <X|mu|X>     | 1,   6> =     6.40449819E-06
< 1,  25|                                <X|mu|X>     | 1,   7> =    -1.79498773E-05
< 1,  25|                                <X|mu|X>     | 1,   8> =    -6.24190126E-06
< 1,  25|                                <X|mu|X>     | 1,   9> =    -1.41907974E-06
< 1,  25|                                <X|mu|X>     | 1,  10> =     1.14158705E-04
< 1,  25|                                <X|mu|X>     | 1,  11> =    -2.04624962E-05
< 1,  25|                                <X|mu|X>     | 1,  12> =     5.72922117E-05
< 1,  25|                                <X|mu|X>     | 1,  13> =    -2.03689193E-04
< 1,  25|                                <X|mu|X>     | 1,  14> =    -4.31543149E-04
< 1,  25|                                <X|mu|X>     | 1,  15> =    -2.33869593E-04
< 1,  25|                                <X|mu|X>     | 1,  16> =     4.26076084E-04
< 1,  25|                                <X|mu|X>     | 1,  17> =     5.38917493E-05
< 1,  25|                                <X|mu|X>     | 1,  18> =     1.64145609E-03
< 1,  25|                                <X|mu|X>     | 1,  19> =    -1.16378550E-03
< 1,  25|                                <X|mu|X>     | 1,  20> =     3.94975413E-03
< 1,  25|                                <X|mu|X>     | 1,  21> =    -1.35745706E-02
< 1,  25|                                <X|mu|X>     | 1,  22> =    -7.49341239E-02
< 1,  25|                                <X|mu|X>     | 1,  23> =    -1.71170022E-01
< 1,  25|                                <X|mu|X>     | 1,  24> =     1.23968468E-01
< 1,  25|                                <X|mu|X>     | 1,  25> =     1.02368495E+00
< 1,  25|                                <X|mu|X>     | 1,  26> =     1.17338195E-01
< 1,  25|                                <X|mu|X>     | 1,  27> =    -1.83124632E-01
< 1,  25|                                <X|mu|X>     | 1,  28> =    -5.89125779E-02
< 1,  25|                                <X|mu|X>     | 1,  29> =    -7.34335082E-04
< 1,  25|                                <X|mu|X>     | 1,  30> =    -1.26013728E-03
< 1,  25|                                <X|mu|X>     | 1,  31> =     9.54557497E-04
< 1,  25|                                <X|mu|X>     | 1,  32> =    -1.71927520E-03
< 1,  25|                                <X|mu|X>     | 1,  33> =     1.81480617E-03
< 1,  25|                                <X|mu|X>     | 1,  34> =    -5.95839486E-04
< 1,  25|                                <X|mu|X>     | 1,  35> =     6.22621056E-04
< 1,  25|                                <X|mu|X>     | 1,  36> =    -7.35714621E-04
< 1,  25|                                <X|mu|X>     | 1,  37> =     6.72068846E-04
< 1,  25|                                <X|mu|X>     | 1,  38> =    -4.24296195E-04
< 1,  25|                                <X|mu|X>     | 1,  39> =     3.12471712E-04
< 1,  25|                                <X|mu|X>     | 1,  40> =     4.16077909E-04
< 1,  25|                                <X|mu|X>     | 1,  41> =    -3.26859955E-04
< 1,  25|                                <X|mu|X>     | 1,  42> =     2.87198560E-04
< 1,  25|                                <X|mu|X>     | 1,  43> =    -1.95459992E-04
< 1,  25|                                <X|mu|X>     | 1,  44> =     2.54758857E-04
< 1,  25|                                <X|mu|X>     | 1,  45> =    -2.00171826E-04
< 1,  25|                                <X|mu|X>     | 1,  46> =    -1.95061935E-04
< 1,  25|                                <X|mu|X>     | 1,  47> =     1.30821275E-04
< 1,  25|                                <X|mu|X>     | 1,  48> =    -1.70418922E-04
< 1,  25|                                <X|mu|X>     | 1,  49> =     1.34796458E-04
< 1,  26|                                <X|mu|X>     | 1,   0> =     7.10000683E-08
< 1,  26|                                <X|mu|X>     | 1,   1> =    -4.35140923E-07
< 1,  26|                                <X|mu|X>     | 1,   2> =     6.87818043E-07
< 1,  26|                                <X|mu|X>     | 1,   3> =    -2.80612200E-06
< 1,  26|                                <X|mu|X>     | 1,   4> =    -1.64866489E-06
< 1,  26|                                <X|mu|X>     | 1,   5> =     8.97412956E-06
< 1,  26|                                <X|mu|X>     | 1,   6> =     1.73014423E-07
< 1,  26|                                <X|mu|X>     | 1,   7> =    -3.35978872E-06
< 1,  26|                                <X|mu|X>     | 1,   8> =    -2.36819047E-05
< 1,  26|                                <X|mu|X>     | 1,   9> =     1.83601683E-05
< 1,  26|                                <X|mu|X>     | 1,  10> =     4.75224675E-05
< 1,  26|                                <X|mu|X>     | 1,  11> =    -1.15638060E-04
< 1,  26|                                <X|mu|X>     | 1,  12> =     1.37091770E-05
< 1,  26|                                <X|mu|X>     | 1,  13> =     5.08907872E-05
< 1,  26|                                <X|mu|X>     | 1,  14> =    -1.99029237E-04
< 1,  26|                                <X|mu|X>     | 1,  15> =    -3.93434207E-04
< 1,  26|                                <X|mu|X>     | 1,  16> =    -4.72606773E-04
< 1,  26|                                <X|mu|X>     | 1,  17> =     3.82872031E-04
< 1,  26|                                <X|mu|X>     | 1,  18> =    -3.30238405E-04
< 1,  26|                                <X|mu|X>     | 1,  19> =     1.86129738E-03
< 1,  26|                                <X|mu|X>     | 1,  20> =    -1.30666724E-03
< 1,  26|                                <X|mu|X>     | 1,  21> =    -2.74103204E-03
< 1,  26|                                <X|mu|X>     | 1,  22> =    -9.36042592E-03
< 1,  26|                                <X|mu|X>     | 1,  23> =    -6.92913662E-02
< 1,  26|                                <X|mu|X>     | 1,  24> =    -1.77701131E-01
< 1,  26|                                <X|mu|X>     | 1,  25> =     1.17338195E-01
< 1,  26|                                <X|mu|X>     | 1,  26> =     1.02685816E+00
< 1,  26|                                <X|mu|X>     | 1,  27> =     1.11252299E-01
< 1,  26|                                <X|mu|X>     | 1,  28> =    -1.87665718E-01
< 1,  26|                                <X|mu|X>     | 1,  29> =    -5.42061668E-02
< 1,  26|                                <X|mu|X>     | 1,  30> =     1.18878835E-03
< 1,  26|                                <X|mu|X>     | 1,  31> =    -1.30419931E-03
< 1,  26|                                <X|mu|X>     | 1,  32> =     8.73850376E-04
< 1,  26|                                <X|mu|X>     | 1,  33> =    -1.63695060E-03
< 1,  26|                                <X|mu|X>     | 1,  34> =     1.87056813E-03
< 1,  26|                                <X|mu|X>     | 1,  35> =    -7.02987883E-04
< 1,  26|                                <X|mu|X>     | 1,  36> =     5.92110035E-04
< 1,  26|                                <X|mu|X>     | 1,  37> =    -7.32833129E-04
< 1,  26|                                <X|mu|X>     | 1,  38> =     6.88684455E-04
< 1,  26|                                <X|mu|X>     | 1,  39> =    -4.67933504E-04
< 1,  26|                                <X|mu|X>     | 1,  40> =    -3.03305121E-04
< 1,  26|                                <X|mu|X>     | 1,  41> =     4.22085217E-04
< 1,  26|                                <X|mu|X>     | 1,  42> =    -3.32463732E-04
< 1,  26|                                <X|mu|X>     | 1,  43> =     3.06064288E-04
< 1,  26|                                <X|mu|X>     | 1,  44> =    -1.95696256E-04
< 1,  26|                                <X|mu|X>     | 1,  45> =     2.60551274E-04
< 1,  26|                                <X|mu|X>     | 1,  46> =     2.00342699E-04
< 1,  26|                                <X|mu|X>     | 1,  47> =    -2.07354780E-04
< 1,  26|                                <X|mu|X>     | 1,  48> =     1.33631969E-04
< 1,  26|                                <X|mu|X>     | 1,  49> =    -1.73140658E-04
< 1,  27|                                <X|mu|X>     | 1,   0> =    -1.24080395E-07
< 1,  27|                                <X|mu|X>     | 1,   1> =    -6.52060048E-07
< 1,  27|                                <X|mu|X>     | 1,   2> =    -5.14488203E-07
< 1,  27|                                <X|mu|X>     | 1,   3> =    -3.47650164E-06
< 1,  27|                                <X|mu|X>     | 1,   4> =    -7.55008918E-07
< 1,  27|                                <X|mu|X>     | 1,   5> =     1.77930327E-06
< 1,  27|                                <X|mu|X>     | 1,   6> =    -1.03802983E-05
< 1,  27|                                <X|mu|X>     | 1,   7> =     5.78719181E-06
< 1,  27|                                <X|mu|X>     | 1,   8> =    -1.43476374E-05
< 1,  27|                                <X|mu|X>     | 1,   9> =    -1.71950255E-05
< 1,  27|                                <X|mu|X>     | 1,  10> =    -2.27568301E-05
< 1,  27|                                <X|mu|X>     | 1,  11> =    -7.60361657E-05
< 1,  27|                                <X|mu|X>     | 1,  12> =    -1.10386112E-04
< 1,  27|                                <X|mu|X>     | 1,  13> =     2.20613387E-05
< 1,  27|                                <X|mu|X>     | 1,  14> =     6.13943539E-05
< 1,  27|                                <X|mu|X>     | 1,  15> =    -1.50516715E-04
< 1,  27|                                <X|mu|X>     | 1,  16> =    -2.14845976E-04
< 1,  27|                                <X|mu|X>     | 1,  17> =    -7.50763858E-04
< 1,  27|                                <X|mu|X>     | 1,  18> =     3.07384545E-04
< 1,  27|                                <X|mu|X>     | 1,  19> =    -6.70238566E-04
< 1,  27|                                <X|mu|X>     | 1,  20> =     1.96034438E-03
< 1,  27|                                <X|mu|X>     | 1,  21> =     1.29998819E-03
< 1,  27|                                <X|mu|X>     | 1,  22> =    -1.98974487E-03
< 1,  27|                                <X|mu|X>     | 1,  23> =    -5.91157970E-03
< 1,  27|                                <X|mu|X>     | 1,  24> =    -6.39442942E-02
< 1,  27|                                <X|mu|X>     | 1,  25> =    -1.83124632E-01
< 1,  27|                                <X|mu|X>     | 1,  26> =     1.11252299E-01
< 1,  27|                                <X|mu|X>     | 1,  27> =     1.02937874E+00
< 1,  27|                                <X|mu|X>     | 1,  28> =     1.05663945E-01
< 1,  27|                                <X|mu|X>     | 1,  29> =    -1.91499780E-01
< 1,  27|                                <X|mu|X>     | 1,  30> =    -4.98336902E-02
< 1,  27|                                <X|mu|X>     | 1,  31> =     2.76346648E-03
< 1,  27|                                <X|mu|X>     | 1,  32> =    -1.42385311E-03
< 1,  27|                                <X|mu|X>     | 1,  33> =     8.01721807E-04
< 1,  27|                                <X|mu|X>     | 1,  34> =    -1.56900238E-03
< 1,  27|                                <X|mu|X>     | 1,  35> =     1.89303606E-03
< 1,  27|                                <X|mu|X>     | 1,  36> =    -8.09034201E-04
< 1,  27|                                <X|mu|X>     | 1,  37> =     5.72410462E-04
< 1,  27|                                <X|mu|X>     | 1,  38> =    -7.28854331E-04
< 1,  27|                                <X|mu|X>     | 1,  39> =     6.91694568E-04
< 1,  27|                                <X|mu|X>     | 1,  40> =     5.14948251E-04
< 1,  27|                                <X|mu|X>     | 1,  41> =    -2.96791950E-04
< 1,  27|                                <X|mu|X>     | 1,  42> =     4.23842506E-04
< 1,  27|                                <X|mu|X>     | 1,  43> =    -3.35438514E-04
< 1,  27|                                <X|mu|X>     | 1,  44> =     3.27938300E-04
< 1,  27|                                <X|mu|X>     | 1,  45> =    -1.92010658E-04
< 1,  27|                                <X|mu|X>     | 1,  46> =    -2.65308800E-04
< 1,  27|                                <X|mu|X>     | 1,  47> =     2.02749373E-04
< 1,  27|                                <X|mu|X>     | 1,  48> =    -2.18249795E-04
< 1,  27|                                <X|mu|X>     | 1,  49> =     1.31979057E-04
< 1,  28|                                <X|mu|X>     | 1,   0> =    -2.08077764E-07
< 1,  28|                                <X|mu|X>     | 1,   1> =    -5.40484331E-07
< 1,  28|                                <X|mu|X>     | 1,   2> =    -7.53043877E-07
< 1,  28|                                <X|mu|X>     | 1,   3> =    -2.05234628E-06
< 1,  28|                                <X|mu|X>     | 1,   4> =     1.99165668E-06
< 1,  28|                                <X|mu|X>     | 1,   5> =    -3.89250629E-06
< 1,  28|                                <X|mu|X>     | 1,   6> =    -1.19530151E-05
< 1,  28|                                <X|mu|X>     | 1,   7> =     5.81740292E-07
< 1,  28|                                <X|mu|X>     | 1,   8> =     4.05898645E-06
< 1,  28|                                <X|mu|X>     | 1,   9> =    -3.31100148E-05
< 1,  28|                                <X|mu|X>     | 1,  10> =    -1.06477855E-05
< 1,  28|                                <X|mu|X>     | 1,  11> =     1.29279213E-05
< 1,  28|                                <X|mu|X>     | 1,  12> =    -9.61916561E-05
< 1,  28|                                <X|mu|X>     | 1,  13> =    -1.08031290E-04
< 1,  28|                                <X|mu|X>     | 1,  14> =     1.31015474E-05
< 1,  28|                                <X|mu|X>     | 1,  15> =     9.30987322E-05
< 1,  28|                                <X|mu|X>     | 1,  16> =    -1.23283024E-04
< 1,  28|                                <X|mu|X>     | 1,  17> =     8.15505061E-05
< 1,  28|                                <X|mu|X>     | 1,  18> =    -9.00205403E-04
< 1,  28|                                <X|mu|X>     | 1,  19> =     2.40948115E-04
< 1,  28|                                <X|mu|X>     | 1,  20> =    -9.74075142E-04
< 1,  28|                                <X|mu|X>     | 1,  21> =    -1.97804078E-03
< 1,  28|                                <X|mu|X>     | 1,  22> =     1.22840641E-03
< 1,  28|                                <X|mu|X>     | 1,  23> =    -1.55393455E-03
< 1,  28|                                <X|mu|X>     | 1,  24> =    -3.07605704E-03
< 1,  28|                                <X|mu|X>     | 1,  25> =    -5.89125779E-02
< 1,  28|                                <X|mu|X>     | 1,  26> =    -1.87665718E-01
< 1,  28|                                <X|mu|X>     | 1,  27> =     1.05663945E-01
< 1,  28|                                <X|mu|X>     | 1,  28> =     1.03139205E+00
< 1,  28|                                <X|mu|X>     | 1,  29> =     1.00535693E-01
< 1,  28|                                <X|mu|X>     | 1,  30> =    -1.94744214E-01
< 1,  28|                                <X|mu|X>     | 1,  31> =    -4.57836508E-02
< 1,  28|                                <X|mu|X>     | 1,  32> =     4.04076835E-03
< 1,  28|                                <X|mu|X>     | 1,  33> =    -1.60817518E-03
< 1,  28|                                <X|mu|X>     | 1,  34> =     7.27047308E-04
< 1,  28|                                <X|mu|X>     | 1,  35> =    -1.51556074E-03
< 1,  28|                                <X|mu|X>     | 1,  36> =     1.89629916E-03
< 1,  28|                                <X|mu|X>     | 1,  37> =    -9.10089469E-04
< 1,  28|                                <X|mu|X>     | 1,  38> =     5.53287616E-04
< 1,  28|                                <X|mu|X>     | 1,  39> =    -7.32785956E-04
< 1,  28|                                <X|mu|X>     | 1,  40> =    -6.86140568E-04
< 1,  28|                                <X|mu|X>     | 1,  41> =     5.55785395E-04
< 1,  28|                                <X|mu|X>     | 1,  42> =    -2.93997916E-04
< 1,  28|                                <X|mu|X>     | 1,  43> =     4.29877371E-04
< 1,  28|                                <X|mu|X>     | 1,  44> =    -3.29938273E-04
< 1,  28|                                <X|mu|X>     | 1,  45> =     3.48634572E-04
< 1,  28|                                <X|mu|X>     | 1,  46> =     1.92869062E-04
< 1,  28|                                <X|mu|X>     | 1,  47> =    -2.68946575E-04
< 1,  28|                                <X|mu|X>     | 1,  48> =     1.99182755E-04
< 1,  28|                                <X|mu|X>     | 1,  49> =    -2.32500821E-04
< 1,  29|                                <X|mu|X>     | 1,   0> =    -1.51770858E-07
< 1,  29|                                <X|mu|X>     | 1,   1> =    -7.83197165E-08
< 1,  29|                                <X|mu|X>     | 1,   2> =    -1.03225315E-07
< 1,  29|                                <X|mu|X>     | 1,   3> =     2.49019112E-07
< 1,  29|                                <X|mu|X>     | 1,   4> =     3.13589183E-06
< 1,  29|                                <X|mu|X>     | 1,   5> =    -2.56720242E-06
< 1,  29|                                <X|mu|X>     | 1,   6> =    -2.57080745E-06
< 1,  29|                                <X|mu|X>     | 1,   7> =    -8.69613293E-06
< 1,  29|                                <X|mu|X>     | 1,   8> =     4.23695127E-06
< 1,  29|                                <X|mu|X>     | 1,   9> =    -5.19583998E-06
< 1,  29|                                <X|mu|X>     | 1,  10> =     3.02326674E-05
< 1,  29|                                <X|mu|X>     | 1,  11> =     2.18638692E-05
< 1,  29|                                <X|mu|X>     | 1,  12> =     4.18183975E-06
< 1,  29|                                <X|mu|X>     | 1,  13> =    -9.70276684E-05
< 1,  29|                                <X|mu|X>     | 1,  14> =    -1.09014068E-04
< 1,  29|                                <X|mu|X>     | 1,  15> =    -2.88052513E-05
< 1,  29|                                <X|mu|X>     | 1,  16> =     1.50745182E-04
< 1,  29|                                <X|mu|X>     | 1,  17> =    -1.77775710E-04
< 1,  29|                                <X|mu|X>     | 1,  18> =     3.28326194E-04
< 1,  29|                                <X|mu|X>     | 1,  19> =    -9.18569363E-04
< 1,  29|                                <X|mu|X>     | 1,  20> =     2.23965310E-04
< 1,  29|                                <X|mu|X>     | 1,  21> =     1.23041451E-03
< 1,  29|                                <X|mu|X>     | 1,  22> =    -1.94695845E-03
< 1,  29|                                <X|mu|X>     | 1,  23> =     1.13493539E-03
< 1,  29|                                <X|mu|X>     | 1,  24> =    -1.33109577E-03
< 1,  29|                                <X|mu|X>     | 1,  25> =    -7.34335082E-04
< 1,  29|                                <X|mu|X>     | 1,  26> =    -5.42061668E-02
< 1,  29|                                <X|mu|X>     | 1,  27> =    -1.91499780E-01
< 1,  29|                                <X|mu|X>     | 1,  28> =     1.00535693E-01
< 1,  29|                                <X|mu|X>     | 1,  29> =     1.03302179E+00
< 1,  29|                                <X|mu|X>     | 1,  30> =     9.58582046E-02
< 1,  29|                                <X|mu|X>     | 1,  31> =    -1.97487515E-01
< 1,  29|                                <X|mu|X>     | 1,  32> =    -4.20641690E-02
< 1,  29|                                <X|mu|X>     | 1,  33> =     5.05064601E-03
< 1,  29|                                <X|mu|X>     | 1,  34> =    -1.83981121E-03
< 1,  29|                                <X|mu|X>     | 1,  35> =     6.56737754E-04
< 1,  29|                                <X|mu|X>     | 1,  36> =    -1.47569164E-03
< 1,  29|                                <X|mu|X>     | 1,  37> =     1.87665154E-03
< 1,  29|                                <X|mu|X>     | 1,  38> =    -1.01332816E-03
< 1,  29|                                <X|mu|X>     | 1,  39> =     5.34848245E-04
< 1,  29|                                <X|mu|X>     | 1,  40> =     7.36602762E-04
< 1,  29|                                <X|mu|X>     | 1,  41> =    -6.77041512E-04
< 1,  29|                                <X|mu|X>     | 1,  42> =     5.97129617E-04
< 1,  29|                                <X|mu|X>     | 1,  43> =    -2.86397089E-04
< 1,  29|                                <X|mu|X>     | 1,  44> =     4.38068229E-04
< 1,  29|                                <X|mu|X>     | 1,  45> =    -3.25839804E-04
< 1,  29|                                <X|mu|X>     | 1,  46> =    -3.66003785E-04
< 1,  29|                                <X|mu|X>     | 1,  47> =     1.89809714E-04
< 1,  29|                                <X|mu|X>     | 1,  48> =    -2.77870516E-04
< 1,  29|                                <X|mu|X>     | 1,  49> =     1.94831638E-04
< 1,  30|                                <X|mu|X>     | 1,   0> =    -1.77393505E-08
< 1,  30|                                <X|mu|X>     | 1,   1> =     4.47241033E-07
< 1,  30|                                <X|mu|X>     | 1,   2> =     6.33044470E-07
< 1,  30|                                <X|mu|X>     | 1,   3> =     1.70842612E-06
< 1,  30|                                <X|mu|X>     | 1,   4> =     1.55665352E-06
< 1,  30|                                <X|mu|X>     | 1,   5> =     2.59171848E-06
< 1,  30|                                <X|mu|X>     | 1,   6> =     6.72237800E-06
< 1,  30|                                <X|mu|X>     | 1,   7> =    -9.53713268E-06
< 1,  30|                                <X|mu|X>     | 1,   8> =    -7.05397902E-06
< 1,  30|                                <X|mu|X>     | 1,   9> =     1.61883969E-05
< 1,  30|                                <X|mu|X>     | 1,  10> =     2.38339992E-05
< 1,  30|                                <X|mu|X>     | 1,  11> =    -2.41702398E-05
< 1,  30|                                <X|mu|X>     | 1,  12> =     3.14243443E-05
< 1,  30|                                <X|mu|X>     | 1,  13> =     7.50336999E-06
< 1,  30|                                <X|mu|X>     | 1,  14> =    -8.56584871E-05
< 1,  30|                                <X|mu|X>     | 1,  15> =    -1.02410376E-04
< 1,  30|                                <X|mu|X>     | 1,  16> =    -1.32347406E-04
< 1,  30|                                <X|mu|X>     | 1,  17> =     2.19540810E-04
< 1,  30|                                <X|mu|X>     | 1,  18> =    -2.53254071E-04
< 1,  30|                                <X|mu|X>     | 1,  19> =     4.98029385E-04
< 1,  30|                                <X|mu|X>     | 1,  20> =    -8.76090580E-04
< 1,  30|                                <X|mu|X>     | 1,  21> =    -2.54581459E-04
< 1,  30|                                <X|mu|X>     | 1,  22> =     1.43948783E-03
< 1,  30|                                <X|mu|X>     | 1,  23> =    -1.88137065E-03
< 1,  30|                                <X|mu|X>     | 1,  24> =     1.04432239E-03
< 1,  30|                                <X|mu|X>     | 1,  25> =    -1.26013728E-03
< 1,  30|                                <X|mu|X>     | 1,  26> =     1.18878835E-03
< 1,  30|                                <X|mu|X>     | 1,  27> =    -4.98336902E-02
< 1,  30|                                <X|mu|X>     | 1,  28> =    -1.94744214E-01
< 1,  30|                                <X|mu|X>     | 1,  29> =     9.58582046E-02
< 1,  30|                                <X|mu|X>     | 1,  30> =     1.03437064E+00
< 1,  30|                                <X|mu|X>     | 1,  31> =     9.16121946E-02
< 1,  30|                                <X|mu|X>     | 1,  32> =    -1.99809322E-01
< 1,  30|                                <X|mu|X>     | 1,  33> =    -3.86724624E-02
< 1,  30|                                <X|mu|X>     | 1,  34> =     5.83513589E-03
< 1,  30|                                <X|mu|X>     | 1,  35> =    -2.10350564E-03
< 1,  30|                                <X|mu|X>     | 1,  36> =     5.80962042E-04
< 1,  30|                                <X|mu|X>     | 1,  37> =    -1.45932209E-03
< 1,  30|                                <X|mu|X>     | 1,  38> =     1.83837801E-03
< 1,  30|                                <X|mu|X>     | 1,  39> =    -1.10933574E-03
< 1,  30|                                <X|mu|X>     | 1,  40> =    -5.20151745E-04
< 1,  30|                                <X|mu|X>     | 1,  41> =     7.46843960E-04
< 1,  30|                                <X|mu|X>     | 1,  42> =    -6.57319439E-04
< 1,  30|                                <X|mu|X>     | 1,  43> =     6.37755578E-04
< 1,  30|                                <X|mu|X>     | 1,  44> =    -2.82526764E-04
< 1,  30|                                <X|mu|X>     | 1,  45> =     4.45050877E-04
< 1,  30|                                <X|mu|X>     | 1,  46> =     3.16289787E-04
< 1,  30|                                <X|mu|X>     | 1,  47> =    -3.87442815E-04
< 1,  30|                                <X|mu|X>     | 1,  48> =     1.86161324E-04
< 1,  30|                                <X|mu|X>     | 1,  49> =    -2.83467511E-04
< 1,  31|                                <X|mu|X>     | 1,   0> =     8.40164399E-08
< 1,  31|                                <X|mu|X>     | 1,   1> =     6.65713442E-07
< 1,  31|                                <X|mu|X>     | 1,   2> =     6.64250083E-07
< 1,  31|                                <X|mu|X>     | 1,   3> =     1.57621974E-06
< 1,  31|                                <X|mu|X>     | 1,   4> =    -8.14109347E-07
< 1,  31|                                <X|mu|X>     | 1,   5> =     4.32973414E-06
< 1,  31|                                <X|mu|X>     | 1,   6> =     5.74727126E-06
< 1,  31|                                <X|mu|X>     | 1,   7> =    -1.45955233E-06
< 1,  31|                                <X|mu|X>     | 1,   8> =    -8.50078879E-06
< 1,  31|                                <X|mu|X>     | 1,   9> =     1.68522273E-06
< 1,  31|                                <X|mu|X>     | 1,  10> =    -9.75752935E-06
< 1,  31|                                <X|mu|X>     | 1,  11> =    -2.93635085E-05
< 1,  31|                                <X|mu|X>     | 1,  12> =    -1.59851943E-05
< 1,  31|                                <X|mu|X>     | 1,  13> =     3.46242347E-05
< 1,  31|                                <X|mu|X>     | 1,  14> =     1.85398839E-05
< 1,  31|                                <X|mu|X>     | 1,  15> =    -6.78194602E-05
< 1,  31|                                <X|mu|X>     | 1,  16> =    -4.05086376E-05
< 1,  31|                                <X|mu|X>     | 1,  17> =    -2.73454586E-04
< 1,  31|                                <X|mu|X>     | 1,  18> =     2.43569498E-04
< 1,  31|                                <X|mu|X>     | 1,  19> =    -3.29639777E-04
< 1,  31|                                <X|mu|X>     | 1,  20> =     6.11275780E-04
< 1,  31|                                <X|mu|X>     | 1,  21> =     8.15473368E-04
< 1,  31|                                <X|mu|X>     | 1,  22> =    -3.14249514E-04
< 1,  31|                                <X|mu|X>     | 1,  23> =     1.60743217E-03
< 1,  31|                                <X|mu|X>     | 1,  24> =    -1.80025469E-03
< 1,  31|                                <X|mu|X>     | 1,  25> =     9.54557497E-04
< 1,  31|                                <X|mu|X>     | 1,  26> =    -1.30419931E-03
< 1,  31|                                <X|mu|X>     | 1,  27> =     2.76346648E-03
< 1,  31|                                <X|mu|X>     | 1,  28> =    -4.57836508E-02
< 1,  31|                                <X|mu|X>     | 1,  29> =    -1.97487515E-01
< 1,  31|                                <X|mu|X>     | 1,  30> =     9.16121946E-02
< 1,  31|                                <X|mu|X>     | 1,  31> =     1.03550860E+00
< 1,  31|                                <X|mu|X>     | 1,  32> =     8.77944689E-02
< 1,  31|                                <X|mu|X>     | 1,  33> =    -2.01755917E-01
< 1,  31|                                <X|mu|X>     | 1,  34> =    -3.56017122E-02
< 1,  31|                                <X|mu|X>     | 1,  35> =     6.41586673E-03
< 1,  31|                                <X|mu|X>     | 1,  36> =    -2.39966162E-03
< 1,  31|                                <X|mu|X>     | 1,  37> =     4.97370833E-04
< 1,  31|                                <X|mu|X>     | 1,  38> =    -1.45766798E-03
< 1,  31|                                <X|mu|X>     | 1,  39> =     1.79019879E-03
< 1,  31|                                <X|mu|X>     | 1,  40> =     1.20332455E-03
< 1,  31|                                <X|mu|X>     | 1,  41> =    -4.99111422E-04
< 1,  31|                                <X|mu|X>     | 1,  42> =     7.63427517E-04
< 1,  31|                                <X|mu|X>     | 1,  43> =    -6.37226761E-04
< 1,  31|                                <X|mu|X>     | 1,  44> =     6.73114754E-04
< 1,  31|                                <X|mu|X>     | 1,  45> =    -2.75222733E-04
< 1,  31|                                <X|mu|X>     | 1,  46> =    -4.58937815E-04
< 1,  31|                                <X|mu|X>     | 1,  47> =     3.04220292E-04
< 1,  31|                                <X|mu|X>     | 1,  48> =    -4.04140776E-04
< 1,  31|                                <X|mu|X>     | 1,  49> =     1.83660925E-04
< 1,  32|                                <X|mu|X>     | 1,   0> =     8.01404871E-08
< 1,  32|                                <X|mu|X>     | 1,   1> =     4.40608408E-07
< 1,  32|                                <X|mu|X>     | 1,   2> =    -9.80508847E-08
< 1,  32|                                <X|mu|X>     | 1,   3> =     4.31308991E-07
< 1,  32|                                <X|mu|X>     | 1,   4> =    -1.81336605E-06
< 1,  32|                                <X|mu|X>     | 1,   5> =     6.20929403E-07
< 1,  32|                                <X|mu|X>     | 1,   6> =    -2.57284541E-06
< 1,  32|                                <X|mu|X>     | 1,   7> =     6.58976574E-06
< 1,  32|                                <X|mu|X>     | 1,   8> =    -3.05845539E-07
< 1,  32|                                <X|mu|X>     | 1,   9> =    -1.57934257E-05
< 1,  32|                                <X|mu|X>     | 1,  10> =    -1.30969190E-05
< 1,  32|                                <X|mu|X>     | 1,  11> =     7.26275960E-06
< 1,  32|                                <X|mu|X>     | 1,  12> =    -3.13119871E-05
< 1,  32|                                <X|mu|X>     | 1,  13> =    -1.63751167E-05
< 1,  32|                                <X|mu|X>     | 1,  14> =     2.98496532E-05
< 1,  32|                                <X|mu|X>     | 1,  15> =     4.14508231E-05
< 1,  32|                                <X|mu|X>     | 1,  16> =    -6.68365413E-05
< 1,  32|                                <X|mu|X>     | 1,  17> =     8.47471340E-05
< 1,  32|                                <X|mu|X>     | 1,  18> =    -3.60502778E-04
< 1,  32|                                <X|mu|X>     | 1,  19> =     2.43928261E-04
< 1,  32|                                <X|mu|X>     | 1,  20> =    -4.11522460E-04
< 1,  32|                                <X|mu|X>     | 1,  21> =    -6.77074034E-04
< 1,  32|                                <X|mu|X>     | 1,  22> =     7.57212198E-04
< 1,  32|                                <X|mu|X>     | 1,  23> =    -3.96825319E-04
< 1,  32|                                <X|mu|X>     | 1,  24> =     1.72845300E-03
< 1,  32|                                <X|mu|X>     | 1,  25> =    -1.71927520E-03
< 1,  32|                                <X|mu|X>     | 1,  26> =     8.73850376E-04
< 1,  32|                                <X|mu|X>     | 1,  27> =    -1.42385311E-03
< 1,  32|                                <X|mu|X>     | 1,  28> =     4.04076835E-03
< 1,  32|                                <X|mu|X>     | 1,  29> =    -4.20641690E-02
< 1,  32|                                <X|mu|X>     | 1,  30> =    -1.99809322E-01
< 1,  32|                                <X|mu|X>     | 1,  31> =     8.77944689E-02
< 1,  32|                                <X|mu|X>     | 1,  32> =     1.03651256E+00
< 1,  32|                                <X|mu|X>     | 1,  33> =     8.44069277E-02
< 1,  32|                                <X|mu|X>     | 1,  34> =    -2.03379568E-01
< 1,  32|                                <X|mu|X>     | 1,  35> =    -3.28560432E-02
< 1,  32|                                <X|mu|X>     | 1,  36> =     6.81776563E-03
< 1,  32|                                <X|mu|X>     | 1,  37> =    -2.71213361E-03
< 1,  32|                                <X|mu|X>     | 1,  38> =     4.10910918E-04
< 1,  32|                                <X|mu|X>     | 1,  39> =    -1.47442128E-03
< 1,  32|                                <X|mu|X>     | 1,  40> =    -1.72577053E-03
< 1,  32|                                <X|mu|X>     | 1,  41> =     1.29624382E-03
< 1,  32|                                <X|mu|X>     | 1,  42> =    -4.79797814E-04
< 1,  32|                                <X|mu|X>     | 1,  43> =     7.80450306E-04
< 1,  32|                                <X|mu|X>     | 1,  44> =    -6.11795357E-04
< 1,  32|                                <X|mu|X>     | 1,  45> =     7.12119570E-04
< 1,  32|                                <X|mu|X>     | 1,  46> =     2.65577519E-04
< 1,  32|                                <X|mu|X>     | 1,  47> =    -4.70598102E-04
< 1,  32|                                <X|mu|X>     | 1,  48> =     2.93025617E-04
< 1,  32|                                <X|mu|X>     | 1,  49> =    -4.23225963E-04
< 1,  33|                                <X|mu|X>     | 1,   0> =    -1.14812655E-08
< 1,  33|                                <X|mu|X>     | 1,   1> =    -6.79861960E-09
< 1,  33|                                <X|mu|X>     | 1,   2> =    -9.87191247E-07
< 1,  33|                                <X|mu|X>     | 1,   3> =    -5.58920020E-07
< 1,  33|                                <X|mu|X>     | 1,   4> =    -1.37369562E-06
< 1,  33|                                <X|mu|X>     | 1,   5> =    -3.38322309E-06
< 1,  33|                                <X|mu|X>     | 1,   6> =    -6.42497136E-06
< 1,  33|                                <X|mu|X>     | 1,   7> =     6.37864019E-06
< 1,  33|                                <X|mu|X>     | 1,   8> =     4.00372622E-06
< 1,  33|                                <X|mu|X>     | 1,   9> =    -7.06213421E-06
< 1,  33|                                <X|mu|X>     | 1,  10> =     8.08471254E-06
< 1,  33|                                <X|mu|X>     | 1,  11> =     1.84760165E-05
< 1,  33|                                <X|mu|X>     | 1,  12> =     3.50988102E-06
< 1,  33|                                <X|mu|X>     | 1,  13> =    -3.18458138E-05
< 1,  33|                                <X|mu|X>     | 1,  14> =    -1.99004766E-05
< 1,  33|                                <X|mu|X>     | 1,  15> =     1.31428023E-05
< 1,  33|                                <X|mu|X>     | 1,  16> =     8.77298468E-05
< 1,  33|                                <X|mu|X>     | 1,  17> =    -1.03376464E-04
< 1,  33|                                <X|mu|X>     | 1,  18> =     1.96105603E-04
< 1,  33|                                <X|mu|X>     | 1,  19> =    -3.89138289E-04
< 1,  33|                                <X|mu|X>     | 1,  20> =     2.47038754E-04
< 1,  33|                                <X|mu|X>     | 1,  21> =     4.90836745E-04
< 1,  33|                                <X|mu|X>     | 1,  22> =    -7.14495135E-04
< 1,  33|                                <X|mu|X>     | 1,  23> =     7.00383166E-04
< 1,  33|                                <X|mu|X>     | 1,  24> =    -4.95731370E-04
< 1,  33|                                <X|mu|X>     | 1,  25> =     1.81480617E-03
< 1,  33|                                <X|mu|X>     | 1,  26> =    -1.63695060E-03
< 1,  33|                                <X|mu|X>     | 1,  27> =     8.01721807E-04
< 1,  33|                                <X|mu|X>     | 1,  28> =    -1.60817518E-03
< 1,  33|                                <X|mu|X>     | 1,  29> =     5.05064601E-03
< 1,  33|                                <X|mu|X>     | 1,  30> =    -3.86724624E-02
< 1,  33|                                <X|mu|X>     | 1,  31> =    -2.01755917E-01
< 1,  33|                                <X|mu|X>     | 1,  32> =     8.44069277E-02
< 1,  33|                                <X|mu|X>     | 1,  33> =     1.03742994E+00
< 1,  33|                                <X|mu|X>     | 1,  34> =     8.14334358E-02
< 1,  33|                                <X|mu|X>     | 1,  35> =    -2.04722248E-01
< 1,  33|                                <X|mu|X>     | 1,  36> =    -3.04161293E-02
< 1,  33|                                <X|mu|X>     | 1,  37> =     7.07281110E-03
< 1,  33|                                <X|mu|X>     | 1,  38> =    -3.03820591E-03
< 1,  33|                                <X|mu|X>     | 1,  39> =     3.11873595E-04
< 1,  33|                                <X|mu|X>     | 1,  40> =     1.50957656E-03
< 1,  33|                                <X|mu|X>     | 1,  41> =    -1.65626783E-03
< 1,  33|                                <X|mu|X>     | 1,  42> =     1.38191190E-03
< 1,  33|                                <X|mu|X>     | 1,  43> =    -4.56557114E-04
< 1,  33|                                <X|mu|X>     | 1,  44> =     8.06509047E-04
< 1,  33|                                <X|mu|X>     | 1,  45> =    -5.82363230E-04
< 1,  33|                                <X|mu|X>     | 1,  46> =    -7.46002409E-04
< 1,  33|                                <X|mu|X>     | 1,  47> =     2.57368230E-04
< 1,  33|                                <X|mu|X>     | 1,  48> =    -4.86326760E-04
< 1,  33|                                <X|mu|X>     | 1,  49> =     2.76459545E-04
< 1,  34|                                <X|mu|X>     | 1,   0> =    -1.04102788E-07
< 1,  34|                                <X|mu|X>     | 1,   1> =    -2.90697781E-07
< 1,  34|                                <X|mu|X>     | 1,   2> =    -1.19717024E-06
< 1,  34|                                <X|mu|X>     | 1,   3> =    -5.89277855E-07
< 1,  34|                                <X|mu|X>     | 1,   4> =    -6.74809192E-07
< 1,  34|                                <X|mu|X>     | 1,   5> =    -2.94984856E-06
< 1,  34|                                <X|mu|X>     | 1,   6> =    -6.98514091E-07
< 1,  34|                                <X|mu|X>     | 1,   7> =    -1.37518619E-06
< 1,  34|                                <X|mu|X>     | 1,   8> =     2.61636788E-06
< 1,  34|                                <X|mu|X>     | 1,   9> =     9.33012799E-06
< 1,  34|                                <X|mu|X>     | 1,  10> =     1.12597400E-05
< 1,  34|                                <X|mu|X>     | 1,  11> =    -5.02779870E-06
< 1,  34|                                <X|mu|X>     | 1,  12> =     1.91865445E-05
< 1,  34|                                <X|mu|X>     | 1,  13> =     6.03021950E-06
< 1,  34|                                <X|mu|X>     | 1,  14> =    -2.58537603E-05
< 1,  34|                                <X|mu|X>     | 1,  15> =    -1.70736998E-05
< 1,  34|                                <X|mu|X>     | 1,  16> =    -3.95991610E-05
< 1,  34|                                <X|mu|X>     | 1,  17> =     1.44488869E-04
< 1,  34|                                <X|mu|X>     | 1,  18> =    -1.43228627E-04
< 1,  34|                                <X|mu|X>     | 1,  19> =     2.73871183E-04
< 1,  34|                                <X|mu|X>     | 1,  20> =    -3.87865272E-04
< 1,  34|                                <X|mu|X>     | 1,  21> =    -2.66786585E-04
< 1,  34|                                <X|mu|X>     | 1,  22> =     5.54351037E-04
< 1,  34|                                <X|mu|X>     | 1,  23> =    -7.33527643E-04
< 1,  34|                                <X|mu|X>     | 1,  24> =     6.56384646E-04
< 1,  34|                                <X|mu|X>     | 1,  25> =    -5.95839486E-04
< 1,  34|                                <X|mu|X>     | 1,  26> =     1.87056813E-03
< 1,  34|                                <X|mu|X>     | 1,  27> =    -1.56900238E-03
< 1,  34|                                <X|mu|X>     | 1,  28> =     7.27047308E-04
< 1,  34|                                <X|mu|X>     | 1,  29> =    -1.83981121E-03
< 1,  34|                                <X|mu|X>     | 1,  30> =     5.83513589E-03
< 1,  34|                                <X|mu|X>     | 1,  31> =    -3.56017122E-02
< 1,  34|                                <X|mu|X>     | 1,  32> =    -2.03379568E-01
< 1,  34|                                <X|mu|X>     | 1,  33> =     8.14334358E-02
< 1,  34|                                <X|mu|X>     | 1,  34> =     1.03830284E+00
< 1,  34|                                <X|mu|X>     | 1,  35> =     7.88685625E-02
< 1,  34|                                <X|mu|X>     | 1,  36> =    -2.05814170E-01
< 1,  34|                                <X|mu|X>     | 1,  37> =    -2.82691918E-02
< 1,  34|                                <X|mu|X>     | 1,  38> =     7.19592327E-03
< 1,  34|                                <X|mu|X>     | 1,  39> =    -3.37403315E-03
< 1,  34|                                <X|mu|X>     | 1,  40> =    -2.08980616E-04
< 1,  34|                                <X|mu|X>     | 1,  41> =     1.55419898E-03
< 1,  34|                                <X|mu|X>     | 1,  42> =    -1.57927373E-03
< 1,  34|                                <X|mu|X>     | 1,  43> =     1.46979828E-03
< 1,  34|                                <X|mu|X>     | 1,  44> =    -4.29075261E-04
< 1,  34|                                <X|mu|X>     | 1,  45> =     8.32125648E-04
< 1,  34|                                <X|mu|X>     | 1,  46> =     5.54262287E-04
< 1,  34|                                <X|mu|X>     | 1,  47> =    -7.80959107E-04
< 1,  34|                                <X|mu|X>     | 1,  48> =     2.43559438E-04
< 1,  34|                                <X|mu|X>     | 1,  49> =    -5.03741373E-04
< 1,  35|                                <X|mu|X>     | 1,   0> =    -1.21026114E-07
< 1,  35|                                <X|mu|X>     | 1,   1> =    -2.03509411E-07
< 1,  35|                                <X|mu|X>     | 1,   2> =    -5.21471724E-07
< 1,  35|                                <X|mu|X>     | 1,   3> =     2.64796556E-07
< 1,  35|                                <X|mu|X>     | 1,   4> =    -2.00498272E-07
< 1,  35|                                <X|mu|X>     | 1,   5> =     4.17269119E-08
< 1,  35|                                <X|mu|X>     | 1,   6> =     6.28960922E-06
< 1,  35|                                <X|mu|X>     | 1,   7> =    -6.53818441E-06
< 1,  35|                                <X|mu|X>     | 1,   8> =     1.49138909E-06
< 1,  35|                                <X|mu|X>     | 1,   9> =     8.90941044E-06
< 1,  35|                                <X|mu|X>     | 1,  10> =    -4.83181810E-06
< 1,  35|                                <X|mu|X>     | 1,  11> =    -1.46296732E-05
< 1,  35|                                <X|mu|X>     | 1,  12> =    -1.91860877E-06
< 1,  35|                                <X|mu|X>     | 1,  13> =     2.23084153E-05
< 1,  35|                                <X|mu|X>     | 1,  14> =     1.48803546E-05
< 1,  35|                                <X|mu|X>     | 1,  15> =    -2.19231159E-05
< 1,  35|                                <X|mu|X>     | 1,  16> =     1.00988507E-05
< 1,  35|                                <X|mu|X>     | 1,  17> =    -1.21643175E-04
< 1,  35|                                <X|mu|X>     | 1,  18> =     1.73814830E-04
< 1,  35|                                <X|mu|X>     | 1,  19> =    -1.77799625E-04
< 1,  35|                                <X|mu|X>     | 1,  20> =     3.32125583E-04
< 1,  35|                                <X|mu|X>     | 1,  21> =     3.69802210E-04
< 1,  35|                                <X|mu|X>     | 1,  22> =    -2.98444333E-04
< 1,  35|                                <X|mu|X>     | 1,  23> =     6.08759484E-04
< 1,  35|                                <X|mu|X>     | 1,  24> =    -7.35141812E-04
< 1,  35|                                <X|mu|X>     | 1,  25> =     6.22621056E-04
< 1,  35|                                <X|mu|X>     | 1,  26> =    -7.02987883E-04
< 1,  35|                                <X|mu|X>     | 1,  27> =     1.89303606E-03
< 1,  35|                                <X|mu|X>     | 1,  28> =    -1.51556074E-03
< 1,  35|                                <X|mu|X>     | 1,  29> =     6.56737754E-04
< 1,  35|                                <X|mu|X>     | 1,  30> =    -2.10350564E-03
< 1,  35|                                <X|mu|X>     | 1,  31> =     6.41586673E-03
< 1,  35|                                <X|mu|X>     | 1,  32> =    -3.28560432E-02
< 1,  35|                                <X|mu|X>     | 1,  33> =    -2.04722248E-01
< 1,  35|                                <X|mu|X>     | 1,  34> =     7.88685625E-02
< 1,  35|                                <X|mu|X>     | 1,  35> =     1.03916727E+00
< 1,  35|                                <X|mu|X>     | 1,  36> =     7.66871563E-02
< 1,  35|                                <X|mu|X>     | 1,  37> =    -2.06699204E-01
< 1,  35|                                <X|mu|X>     | 1,  38> =    -2.63959162E-02
< 1,  35|                                <X|mu|X>     | 1,  39> =     7.21811862E-03
< 1,  35|                                <X|mu|X>     | 1,  40> =     3.70724902E-03
< 1,  35|                                <X|mu|X>     | 1,  41> =    -9.90054683E-05
< 1,  35|                                <X|mu|X>     | 1,  42> =     1.61535723E-03
< 1,  35|                                <X|mu|X>     | 1,  43> =    -1.49603615E-03
< 1,  35|                                <X|mu|X>     | 1,  44> =     1.55119133E-03
< 1,  35|                                <X|mu|X>     | 1,  45> =    -4.02781566E-04
< 1,  35|                                <X|mu|X>     | 1,  46> =    -8.62211787E-04
< 1,  35|                                <X|mu|X>     | 1,  47> =     5.20727650E-04
< 1,  35|                                <X|mu|X>     | 1,  48> =    -8.15516620E-04
< 1,  35|                                <X|mu|X>     | 1,  49> =     2.31858312E-04
< 1,  36|                                <X|mu|X>     | 1,   0> =    -5.88269895E-08
< 1,  36|                                <X|mu|X>     | 1,   1> =     1.08781814E-07
< 1,  36|                                <X|mu|X>     | 1,   2> =     4.47534580E-07
< 1,  36|                                <X|mu|X>     | 1,   3> =     1.13234617E-06
< 1,  36|                                <X|mu|X>     | 1,   4> =     2.47170081E-07
< 1,  36|                                <X|mu|X>     | 1,   5> =     8.79694760E-07
< 1,  36|                                <X|mu|X>     | 1,   6> =     4.81103875E-06
< 1,  36|                                <X|mu|X>     | 1,   7> =    -1.35486985E-06
< 1,  36|                                <X|mu|X>     | 1,   8> =     4.33375792E-07
< 1,  36|                                <X|mu|X>     | 1,   9> =    -8.46659641E-07
< 1,  36|                                <X|mu|X>     | 1,  10> =    -1.03475491E-05
< 1,  36|                                <X|mu|X>     | 1,  11> =     3.15640194E-06
< 1,  36|                                <X|mu|X>     | 1,  12> =    -1.19571797E-05
< 1,  36|                                <X|mu|X>     | 1,  13> =    -3.64039313E-07
< 1,  36|                                <X|mu|X>     | 1,  14> =     1.89732188E-05
< 1,  36|                                <X|mu|X>     | 1,  15> =     2.49645948E-05
< 1,  36|                                <X|mu|X>     | 1,  16> =    -3.39697938E-05
< 1,  36|                                <X|mu|X>     | 1,  17> =     7.30673123E-05
< 1,  36|                                <X|mu|X>     | 1,  18> =    -1.75336530E-04
< 1,  36|                                <X|mu|X>     | 1,  19> =     1.87493210E-04
< 1,  36|                                <X|mu|X>     | 1,  20> =    -2.10793382E-04
< 1,  36|                                <X|mu|X>     | 1,  21> =    -3.69852344E-04
< 1,  36|                                <X|mu|X>     | 1,  22> =     3.53449948E-04
< 1,  36|                                <X|mu|X>     | 1,  23> =    -3.33860400E-04
< 1,  36|                                <X|mu|X>     | 1,  24> =     6.48834352E-04
< 1,  36|                                <X|mu|X>     | 1,  25> =    -7.35714621E-04
< 1,  36|                                <X|mu|X>     | 1,  26> =     5.92110035E-04
< 1,  36|                                <X|mu|X>     | 1,  27> =    -8.09034201E-04
< 1,  36|                                <X|mu|X>     | 1,  28> =     1.89629916E-03
< 1,  36|                                <X|mu|X>     | 1,  29> =    -1.47569164E-03
< 1,  36|                                <X|mu|X>     | 1,  30> =     5.80962042E-04
< 1,  36|                                <X|mu|X>     | 1,  31> =    -2.39966162E-03
< 1,  36|                                <X|mu|X>     | 1,  32> =     6.81776563E-03
< 1,  36|                                <X|mu|X>     | 1,  33> =    -3.04161293E-02
< 1,  36|                                <X|mu|X>     | 1,  34> =    -2.05814170E-01
< 1,  36|                                <X|mu|X>     | 1,  35> =     7.66871563E-02
< 1,  36|                                <X|mu|X>     | 1,  36> =     1.04003293E+00
< 1,  36|                                <X|mu|X>     | 1,  37> =     7.48578167E-02
< 1,  36|                                <X|mu|X>     | 1,  38> =    -2.07399916E-01
< 1,  36|                                <X|mu|X>     | 1,  39> =    -2.47644197E-02
< 1,  36|                                <X|mu|X>     | 1,  40> =    -7.15651552E-03
< 1,  36|                                <X|mu|X>     | 1,  41> =     4.04285516E-03
< 1,  36|                                <X|mu|X>     | 1,  42> =     1.76957948E-05
< 1,  36|                                <X|mu|X>     | 1,  43> =     1.68182996E-03
< 1,  36|                                <X|mu|X>     | 1,  44> =    -1.41403144E-03
< 1,  36|                                <X|mu|X>     | 1,  45> =     1.63129262E-03
< 1,  36|                                <X|mu|X>     | 1,  46> =     3.70427228E-04
< 1,  36|                                <X|mu|X>     | 1,  47> =    -8.94988793E-04
< 1,  36|                                <X|mu|X>     | 1,  48> =     4.89873041E-04
< 1,  36|                                <X|mu|X>     | 1,  49> =    -8.46832552E-04
< 1,  37|                                <X|mu|X>     | 1,   0> =     2.09530478E-08
< 1,  37|                                <X|mu|X>     | 1,   1> =     3.05146138E-07
< 1,  37|                                <X|mu|X>     | 1,   2> =     8.66515635E-07
< 1,  37|                                <X|mu|X>     | 1,   3> =     1.05660694E-06
< 1,  37|                                <X|mu|X>     | 1,   4> =     3.69170748E-07
< 1,  37|                                <X|mu|X>     | 1,   5> =    -6.72626532E-07
< 1,  37|                                <X|mu|X>     | 1,   6> =    -2.12714682E-06
< 1,  37|                                <X|mu|X>     | 1,   7> =     7.40084553E-06
< 1,  37|                                <X|mu|X>     | 1,   8> =    -1.46252058E-06
< 1,  37|                                <X|mu|X>     | 1,   9> =    -3.66634860E-06
< 1,  37|                                <X|mu|X>     | 1,  10> =    -1.51274514E-06
< 1,  37|                                <X|mu|X>     | 1,  11> =     1.46555946E-05
< 1,  37|                                <X|mu|X>     | 1,  12> =     4.48305730E-06
< 1,  37|                                <X|mu|X>     | 1,  13> =    -1.27457789E-05
< 1,  37|                                <X|mu|X>     | 1,  14> =    -5.55266318E-06
< 1,  37|                                <X|mu|X>     | 1,  15> =     7.46353074E-06
< 1,  37|                                <X|mu|X>     | 1,  16> =     5.26200387E-05
< 1,  37|                                <X|mu|X>     | 1,  17> =    -6.38064501E-05
< 1,  37|                                <X|mu|X>     | 1,  18> =     1.33467729E-04
< 1,  37|                                <X|mu|X>     | 1,  19> =    -1.97487888E-04
< 1,  37|                                <X|mu|X>     | 1,  20> =     1.95934305E-04
< 1,  37|                                <X|mu|X>     | 1,  21> =     2.47182898E-04
< 1,  37|                                <X|mu|X>     | 1,  22> =    -3.90324506E-04
< 1,  37|                                <X|mu|X>     | 1,  23> =     3.36594792E-04
< 1,  37|                                <X|mu|X>     | 1,  24> =    -3.79409377E-04
< 1,  37|                                <X|mu|X>     | 1,  25> =     6.72068846E-04
< 1,  37|                                <X|mu|X>     | 1,  26> =    -7.32833129E-04
< 1,  37|                                <X|mu|X>     | 1,  27> =     5.72410462E-04
< 1,  37|                                <X|mu|X>     | 1,  28> =    -9.10089469E-04
< 1,  37|                                <X|mu|X>     | 1,  29> =     1.87665154E-03
< 1,  37|                                <X|mu|X>     | 1,  30> =    -1.45932209E-03
< 1,  37|                                <X|mu|X>     | 1,  31> =     4.97370833E-04
< 1,  37|                                <X|mu|X>     | 1,  32> =    -2.71213361E-03
< 1,  37|                                <X|mu|X>     | 1,  33> =     7.07281110E-03
< 1,  37|                                <X|mu|X>     | 1,  34> =    -2.82691918E-02
< 1,  37|                                <X|mu|X>     | 1,  35> =    -2.06699204E-01
< 1,  37|                                <X|mu|X>     | 1,  36> =     7.48578167E-02
< 1,  37|                                <X|mu|X>     | 1,  37> =     1.04091843E+00
< 1,  37|                                <X|mu|X>     | 1,  38> =     7.33563865E-02
< 1,  37|                                <X|mu|X>     | 1,  39> =    -2.07947254E-01
< 1,  37|                                <X|mu|X>     | 1,  40> =     2.33564719E-02
< 1,  37|                                <X|mu|X>     | 1,  41> =    -7.02935416E-03
< 1,  37|                                <X|mu|X>     | 1,  42> =     4.36817346E-03
< 1,  37|                                <X|mu|X>     | 1,  43> =     1.33192216E-04
< 1,  37|                                <X|mu|X>     | 1,  44> =     1.75598149E-03
< 1,  37|                                <X|mu|X>     | 1,  45> =    -1.32703393E-03
< 1,  37|                                <X|mu|X>     | 1,  46> =    -1.70929019E-03
< 1,  37|                                <X|mu|X>     | 1,  47> =     3.40094623E-04
< 1,  37|                                <X|mu|X>     | 1,  48> =    -9.26513340E-04
< 1,  37|                                <X|mu|X>     | 1,  49> =     4.57125571E-04
< 1,  38|                                <X|mu|X>     | 1,   0> =     5.72875484E-08
< 1,  38|                                <X|mu|X>     | 1,   1> =     1.85889560E-07
< 1,  38|                                <X|mu|X>     | 1,   2> =     4.43967273E-07
< 1,  38|                                <X|mu|X>     | 1,   3> =    -4.11735167E-08
< 1,  38|                                <X|mu|X>     | 1,   4> =    -2.74455178E-07
< 1,  38|                                <X|mu|X>     | 1,   5> =    -9.80646621E-07
< 1,  38|                                <X|mu|X>     | 1,   6> =    -3.83460722E-06
< 1,  38|                                <X|mu|X>     | 1,   7> =     6.62050075E-06
< 1,  38|                                <X|mu|X>     | 1,   8> =    -3.11869682E-08
< 1,  38|                                <X|mu|X>     | 1,   9> =    -2.64665823E-07
< 1,  38|                                <X|mu|X>     | 1,  10> =     2.57136775E-06
< 1,  38|                                <X|mu|X>     | 1,  11> =     5.01940072E-06
< 1,  38|                                <X|mu|X>     | 1,  12> =     1.34290942E-05
< 1,  38|                                <X|mu|X>     | 1,  13> =     3.31515557E-06
< 1,  38|                                <X|mu|X>     | 1,  14> =    -1.09674993E-05
< 1,  38|                                <X|mu|X>     | 1,  15> =    -2.58319768E-06
< 1,  38|                                <X|mu|X>     | 1,  16> =    -2.16359148E-05
< 1,  38|                                <X|mu|X>     | 1,  17> =     9.23516469E-05
< 1,  38|                                <X|mu|X>     | 1,  18> =    -9.18989021E-05
< 1,  38|                                <X|mu|X>     | 1,  19> =     1.73455775E-04
< 1,  38|                                <X|mu|X>     | 1,  20> =    -2.07668623E-04
< 1,  38|                                <X|mu|X>     | 1,  21> =    -2.06527549E-04
< 1,  38|                                <X|mu|X>     | 1,  22> =     2.75897770E-04
< 1,  38|                                <X|mu|X>     | 1,  23> =    -4.06427279E-04
< 1,  38|                                <X|mu|X>     | 1,  24> =     3.20395273E-04
< 1,  38|                                <X|mu|X>     | 1,  25> =    -4.24296195E-04
< 1,  38|                                <X|mu|X>     | 1,  26> =     6.88684455E-04
< 1,  38|                                <X|mu|X>     | 1,  27> =    -7.28854331E-04
< 1,  38|                                <X|mu|X>     | 1,  28> =     5.53287616E-04
< 1,  38|                                <X|mu|X>     | 1,  29> =    -1.01332816E-03
< 1,  38|                                <X|mu|X>     | 1,  30> =     1.83837801E-03
< 1,  38|                                <X|mu|X>     | 1,  31> =    -1.45766798E-03
< 1,  38|                                <X|mu|X>     | 1,  32> =     4.10910918E-04
< 1,  38|                                <X|mu|X>     | 1,  33> =    -3.03820591E-03
< 1,  38|                                <X|mu|X>     | 1,  34> =     7.19592327E-03
< 1,  38|                                <X|mu|X>     | 1,  35> =    -2.63959162E-02
< 1,  38|                                <X|mu|X>     | 1,  36> =    -2.07399916E-01
< 1,  38|                                <X|mu|X>     | 1,  37> =     7.33563865E-02
< 1,  38|                                <X|mu|X>     | 1,  38> =     1.04182419E+00
< 1,  38|                                <X|mu|X>     | 1,  39> =     7.21359078E-02
< 1,  38|                                <X|mu|X>     | 1,  40> =     2.08369253E-01
< 1,  38|                                <X|mu|X>     | 1,  41> =     2.21339169E-02
< 1,  38|                                <X|mu|X>     | 1,  42> =    -6.86040172E-03
< 1,  38|                                <X|mu|X>     | 1,  43> =     4.68463607E-03
< 1,  38|                                <X|mu|X>     | 1,  44> =     2.53460597E-04
< 1,  38|                                <X|mu|X>     | 1,  45> =     1.83505948E-03
< 1,  38|                                <X|mu|X>     | 1,  46> =     1.24390149E-03
< 1,  38|                                <X|mu|X>     | 1,  47> =    -1.78152234E-03
< 1,  38|                                <X|mu|X>     | 1,  48> =     3.07469751E-04
< 1,  38|                                <X|mu|X>     | 1,  49> =    -9.61777457E-04
< 1,  39|                                <X|mu|X>     | 1,   0> =     4.41760214E-08
< 1,  39|                                <X|mu|X>     | 1,   1> =    -1.25566159E-07
< 1,  39|                                <X|mu|X>     | 1,   2> =    -2.96451571E-07
< 1,  39|                                <X|mu|X>     | 1,   3> =    -1.12429102E-06
< 1,  39|                                <X|mu|X>     | 1,   4> =    -9.40816432E-07
< 1,  39|                                <X|mu|X>     | 1,   5> =     6.91455339E-07
< 1,  39|                                <X|mu|X>     | 1,   6> =     1.28646051E-06
< 1,  39|                                <X|mu|X>     | 1,   7> =    -2.87696339E-06
< 1,  39|                                <X|mu|X>     | 1,   8> =     4.09581939E-06
< 1,  39|                                <X|mu|X>     | 1,   9> =     2.83638286E-06
< 1,  39|                                <X|mu|X>     | 1,  10> =    -1.20277276E-06
< 1,  39|                                <X|mu|X>     | 1,  11> =    -5.26319034E-06
< 1,  39|                                <X|mu|X>     | 1,  12> =     2.48215338E-06
< 1,  39|                                <X|mu|X>     | 1,  13> =     1.42397586E-05
< 1,  39|                                <X|mu|X>     | 1,  14> =     1.04399258E-05
< 1,  39|                                <X|mu|X>     | 1,  15> =    -7.49599163E-06
< 1,  39|                                <X|mu|X>     | 1,  16> =     1.61357057E-05
< 1,  39|                                <X|mu|X>     | 1,  17> =    -7.22633401E-05
< 1,  39|                                <X|mu|X>     | 1,  18> =     1.13807837E-04
< 1,  39|                                <X|mu|X>     | 1,  19> =    -1.16713127E-04
< 1,  39|                                <X|mu|X>     | 1,  20> =     2.02334348E-04
< 1,  39|                                <X|mu|X>     | 1,  21> =     2.06031533E-04
< 1,  39|                                <X|mu|X>     | 1,  22> =    -2.25700550E-04
< 1,  39|                                <X|mu|X>     | 1,  23> =     2.97742824E-04
< 1,  39|                                <X|mu|X>     | 1,  24> =    -4.12911262E-04
< 1,  39|                                <X|mu|X>     | 1,  25> =     3.12471712E-04
< 1,  39|                                <X|mu|X>     | 1,  26> =    -4.67933504E-04
< 1,  39|                                <X|mu|X>     | 1,  27> =     6.91694568E-04
< 1,  39|                                <X|mu|X>     | 1,  28> =    -7.32785956E-04
< 1,  39|                                <X|mu|X>     | 1,  29> =     5.34848245E-04
< 1,  39|                                <X|mu|X>     | 1,  30> =    -1.10933574E-03
< 1,  39|                                <X|mu|X>     | 1,  31> =     1.79019879E-03
< 1,  39|                                <X|mu|X>     | 1,  32> =    -1.47442128E-03
< 1,  39|                                <X|mu|X>     | 1,  33> =     3.11873595E-04
< 1,  39|                                <X|mu|X>     | 1,  34> =    -3.37403315E-03
< 1,  39|                                <X|mu|X>     | 1,  35> =     7.21811862E-03
< 1,  39|                                <X|mu|X>     | 1,  36> =    -2.47644197E-02
< 1,  39|                                <X|mu|X>     | 1,  37> =    -2.07947254E-01
< 1,  39|                                <X|mu|X>     | 1,  38> =     7.21359078E-02
< 1,  39|                                <X|mu|X>     | 1,  39> =     1.04274512E+00
< 1,  39|                                <X|mu|X>     | 1,  40> =    -7.11636338E-02
< 1,  39|                                <X|mu|X>     | 1,  41> =     2.08682915E-01
< 1,  39|                                <X|mu|X>     | 1,  42> =     2.10726759E-02
< 1,  39|                                <X|mu|X>     | 1,  43> =    -6.65641343E-03
< 1,  39|                                <X|mu|X>     | 1,  44> =     4.98953450E-03
< 1,  39|                                <X|mu|X>     | 1,  45> =     3.69169134E-04
< 1,  39|                                <X|mu|X>     | 1,  46> =    -1.91320550E-03
< 1,  39|                                <X|mu|X>     | 1,  47> =     1.16097264E-03
< 1,  39|                                <X|mu|X>     | 1,  48> =    -1.85360714E-03
< 1,  39|                                <X|mu|X>     | 1,  49> =     2.74462289E-04
< 1,  40|                                <X|mu|X>     | 1,   0> =    -2.29070583E-08
< 1,  40|                                <X|mu|X>     | 1,   1> =     3.27991515E-07
< 1,  40|                                <X|mu|X>     | 1,   2> =     5.80185673E-07
< 1,  40|                                <X|mu|X>     | 1,   3> =     1.08846999E-06
< 1,  40|                                <X|mu|X>     | 1,   4> =     3.53145799E-07
< 1,  40|                                <X|mu|X>     | 1,   5> =    -1.05915733E-06
< 1,  40|                                <X|mu|X>     | 1,   6> =    -3.89992849E-06
< 1,  40|                                <X|mu|X>     | 1,   7> =     6.74187136E-06
< 1,  40|                                <X|mu|X>     | 1,   8> =    -3.55288152E-06
< 1,  40|                                <X|mu|X>     | 1,   9> =    -4.48876023E-06
< 1,  40|                                <X|mu|X>     | 1,  10> =     2.28120113E-06
< 1,  40|                                <X|mu|X>     | 1,  11> =     2.69069329E-06
< 1,  40|                                <X|mu|X>     | 1,  12> =     4.74569336E-06
< 1,  40|                                <X|mu|X>     | 1,  13> =    -5.18952019E-06
< 1,  40|                                <X|mu|X>     | 1,  14> =    -1.48133933E-05
< 1,  40|                                <X|mu|X>     | 1,  15> =    -1.65808379E-05
< 1,  40|                                <X|mu|X>     | 1,  16> =     2.01639554E-05
< 1,  40|                                <X|mu|X>     | 1,  17> =    -5.45109011E-05
< 1,  40|                                <X|mu|X>     | 1,  18> =     1.07809376E-04
< 1,  40|                                <X|mu|X>     | 1,  19> =    -1.25376312E-04
< 1,  40|                                <X|mu|X>     | 1,  20> =     1.35639732E-04
< 1,  40|                                <X|mu|X>     | 1,  21> =     2.25175636E-04
< 1,  40|                                <X|mu|X>     | 1,  22> =    -2.02397201E-04
< 1,  40|                                <X|mu|X>     | 1,  23> =     2.43316897E-04
< 1,  40|                                <X|mu|X>     | 1,  24> =    -3.17555188E-04
< 1,  40|                                <X|mu|X>     | 1,  25> =     4.16077909E-04
< 1,  40|                                <X|mu|X>     | 1,  26> =    -3.03305121E-04
< 1,  40|                                <X|mu|X>     | 1,  27> =     5.14948251E-04
< 1,  40|                                <X|mu|X>     | 1,  28> =    -6.86140568E-04
< 1,  40|                                <X|mu|X>     | 1,  29> =     7.36602762E-04
< 1,  40|                                <X|mu|X>     | 1,  30> =    -5.20151745E-04
< 1,  40|                                <X|mu|X>     | 1,  31> =     1.20332455E-03
< 1,  40|                                <X|mu|X>     | 1,  32> =    -1.72577053E-03
< 1,  40|                                <X|mu|X>     | 1,  33> =     1.50957656E-03
< 1,  40|                                <X|mu|X>     | 1,  34> =    -2.08980616E-04
< 1,  40|                                <X|mu|X>     | 1,  35> =     3.70724902E-03
< 1,  40|                                <X|mu|X>     | 1,  36> =    -7.15651552E-03
< 1,  40|                                <X|mu|X>     | 1,  37> =     2.33564719E-02
< 1,  40|                                <X|mu|X>     | 1,  38> =     2.08369253E-01
< 1,  40|                                <X|mu|X>     | 1,  39> =    -7.11636338E-02
< 1,  40|                                <X|mu|X>     | 1,  40> =     1.04368041E+00
< 1,  40|                                <X|mu|X>     | 1,  41> =     7.03952096E-02
< 1,  40|                                <X|mu|X>     | 1,  42> =    -2.08916681E-01
< 1,  40|                                <X|mu|X>     | 1,  43> =    -2.01461637E-02
< 1,  40|                                <X|mu|X>     | 1,  44> =     6.43682084E-03
< 1,  40|                                <X|mu|X>     | 1,  45> =    -5.27723197E-03
< 1,  40|                                <X|mu|X>     | 1,  46> =     4.83380299E-04
< 1,  40|                                <X|mu|X>     | 1,  47> =     1.99458670E-03
< 1,  40|                                <X|mu|X>     | 1,  48> =    -1.08023795E-03
< 1,  40|                                <X|mu|X>     | 1,  49> =     1.91941366E-03
< 1,  41|                                <X|mu|X>     | 1,   0> =    -2.82265282E-08
< 1,  41|                                <X|mu|X>     | 1,   1> =     2.50120657E-07
< 1,  41|                                <X|mu|X>     | 1,   2> =     1.79261695E-07
< 1,  41|                                <X|mu|X>     | 1,   3> =     5.33233000E-08
< 1,  41|                                <X|mu|X>     | 1,   4> =    -1.09094490E-06
< 1,  41|                                <X|mu|X>     | 1,   5> =     8.78153672E-07
< 1,  41|                                <X|mu|X>     | 1,   6> =     3.83299302E-07
< 1,  41|                                <X|mu|X>     | 1,   7> =    -2.11342777E-07
< 1,  41|                                <X|mu|X>     | 1,   8> =     1.82060620E-06
< 1,  41|                                <X|mu|X>     | 1,   9> =    -2.74727186E-06
< 1,  41|                                <X|mu|X>     | 1,  10> =     7.40935387E-07
< 1,  41|                                <X|mu|X>     | 1,  11> =    -3.80850080E-06
< 1,  41|                                <X|mu|X>     | 1,  12> =    -1.28872916E-06
< 1,  41|                                <X|mu|X>     | 1,  13> =     3.77013222E-06
< 1,  41|                                <X|mu|X>     | 1,  14> =    -7.69010068E-07
< 1,  41|                                <X|mu|X>     | 1,  15> =    -5.38888403E-06
< 1,  41|                                <X|mu|X>     | 1,  16> =    -3.31057206E-05
< 1,  41|                                <X|mu|X>     | 1,  17> =     4.47630554E-05
< 1,  41|                                <X|mu|X>     | 1,  18> =    -9.24794398E-05
< 1,  41|                                <X|mu|X>     | 1,  19> =     1.21163715E-04
< 1,  41|                                <X|mu|X>     | 1,  20> =    -1.36097722E-04
< 1,  41|                                <X|mu|X>     | 1,  21> =    -1.55137695E-04
< 1,  41|                                <X|mu|X>     | 1,  22> =     2.36323910E-04
< 1,  41|                                <X|mu|X>     | 1,  23> =    -2.01637018E-04
< 1,  41|                                <X|mu|X>     | 1,  24> =     2.63520522E-04
< 1,  41|                                <X|mu|X>     | 1,  25> =    -3.26859955E-04
< 1,  41|                                <X|mu|X>     | 1,  26> =     4.22085217E-04
< 1,  41|                                <X|mu|X>     | 1,  27> =    -2.96791950E-04
< 1,  41|                                <X|mu|X>     | 1,  28> =     5.55785395E-04
< 1,  41|                                <X|mu|X>     | 1,  29> =    -6.77041512E-04
< 1,  41|                                <X|mu|X>     | 1,  30> =     7.46843960E-04
< 1,  41|                                <X|mu|X>     | 1,  31> =    -4.99111422E-04
< 1,  41|                                <X|mu|X>     | 1,  32> =     1.29624382E-03
< 1,  41|                                <X|mu|X>     | 1,  33> =    -1.65626783E-03
< 1,  41|                                <X|mu|X>     | 1,  34> =     1.55419898E-03
< 1,  41|                                <X|mu|X>     | 1,  35> =    -9.90054683E-05
< 1,  41|                                <X|mu|X>     | 1,  36> =     4.04285516E-03
< 1,  41|                                <X|mu|X>     | 1,  37> =    -7.02935416E-03
< 1,  41|                                <X|mu|X>     | 1,  38> =     2.21339169E-02
< 1,  41|                                <X|mu|X>     | 1,  39> =     2.08682915E-01
< 1,  41|                                <X|mu|X>     | 1,  40> =     7.03952096E-02
< 1,  41|                                <X|mu|X>     | 1,  41> =     1.04461314E+00
< 1,  41|                                <X|mu|X>     | 1,  42> =     6.97929256E-02
< 1,  41|                                <X|mu|X>     | 1,  43> =    -2.09080578E-01
< 1,  41|                                <X|mu|X>     | 1,  44> =    -1.93269411E-02
< 1,  41|                                <X|mu|X>     | 1,  45> =     6.20653633E-03
< 1,  41|                                <X|mu|X>     | 1,  46> =     5.55261181E-03
< 1,  41|                                <X|mu|X>     | 1,  47> =     5.93801436E-04
< 1,  41|                                <X|mu|X>     | 1,  48> =     2.07178817E-03
< 1,  41|                                <X|mu|X>     | 1,  49> =    -1.00463174E-03
< 1,  42|                                <X|mu|X>     | 1,   0> =    -4.98524994E-08
< 1,  42|                                <X|mu|X>     | 1,   1> =     8.96901268E-10
< 1,  42|                                <X|mu|X>     | 1,   2> =    -4.15186461E-07
< 1,  42|                                <X|mu|X>     | 1,   3> =    -7.67524777E-07
< 1,  42|                                <X|mu|X>     | 1,   4> =    -1.40127485E-06
< 1,  42|                                <X|mu|X>     | 1,   5> =     1.53034642E-06
< 1,  42|                                <X|mu|X>     | 1,   6> =     3.97060899E-06
< 1,  42|                                <X|mu|X>     | 1,   7> =    -6.10852194E-06
< 1,  42|                                <X|mu|X>     | 1,   8> =     3.43769898E-06
< 1,  42|                                <X|mu|X>     | 1,   9> =     2.86347747E-06
< 1,  42|                                <X|mu|X>     | 1,  10> =     1.97713755E-06
< 1,  42|                                <X|mu|X>     | 1,  11> =    -5.29185501E-06
< 1,  42|                                <X|mu|X>     | 1,  12> =    -5.46471817E-06
< 1,  42|                                <X|mu|X>     | 1,  13> =     9.96656533E-07
< 1,  42|                                <X|mu|X>     | 1,  14> =     6.78795223E-06
< 1,  42|                                <X|mu|X>     | 1,  15> =    -8.30450303E-07
< 1,  42|                                <X|mu|X>     | 1,  16> =     1.34635703E-05
< 1,  42|                                <X|mu|X>     | 1,  17> =    -6.29016379E-05
< 1,  42|                                <X|mu|X>     | 1,  18> =     6.36715551E-05
< 1,  42|                                <X|mu|X>     | 1,  19> =    -1.18599207E-04
< 1,  42|                                <X|mu|X>     | 1,  20> =     1.28925098E-04
< 1,  42|                                <X|mu|X>     | 1,  21> =     1.43566267E-04
< 1,  42|                                <X|mu|X>     | 1,  22> =    -1.73379736E-04
< 1,  42|                                <X|mu|X>     | 1,  23> =     2.45049686E-04
< 1,  42|                                <X|mu|X>     | 1,  24> =    -1.96828835E-04
< 1,  42|                                <X|mu|X>     | 1,  25> =     2.87198560E-04
< 1,  42|                                <X|mu|X>     | 1,  26> =    -3.32463732E-04
< 1,  42|                                <X|mu|X>     | 1,  27> =     4.23842506E-04
< 1,  42|                                <X|mu|X>     | 1,  28> =    -2.93997916E-04
< 1,  42|                                <X|mu|X>     | 1,  29> =     5.97129617E-04
< 1,  42|                                <X|mu|X>     | 1,  30> =    -6.57319439E-04
< 1,  42|                                <X|mu|X>     | 1,  31> =     7.63427517E-04
< 1,  42|                                <X|mu|X>     | 1,  32> =    -4.79797814E-04
< 1,  42|                                <X|mu|X>     | 1,  33> =     1.38191190E-03
< 1,  42|                                <X|mu|X>     | 1,  34> =    -1.57927373E-03
< 1,  42|                                <X|mu|X>     | 1,  35> =     1.61535723E-03
< 1,  42|                                <X|mu|X>     | 1,  36> =     1.76957948E-05
< 1,  42|                                <X|mu|X>     | 1,  37> =     4.36817346E-03
< 1,  42|                                <X|mu|X>     | 1,  38> =    -6.86040172E-03
< 1,  42|                                <X|mu|X>     | 1,  39> =     2.10726759E-02
< 1,  42|                                <X|mu|X>     | 1,  40> =    -2.08916681E-01
< 1,  42|                                <X|mu|X>     | 1,  41> =     6.97929256E-02
< 1,  42|                                <X|mu|X>     | 1,  42> =     1.04554201E+00
< 1,  42|                                <X|mu|X>     | 1,  43> =     6.93274289E-02
< 1,  42|                                <X|mu|X>     | 1,  44> =    -2.09193657E-01
< 1,  42|                                <X|mu|X>     | 1,  45> =    -1.86010260E-02
< 1,  42|                                <X|mu|X>     | 1,  46> =    -5.97353222E-03
< 1,  42|                                <X|mu|X>     | 1,  47> =     5.80921093E-03
< 1,  42|                                <X|mu|X>     | 1,  48> =     6.97093995E-04
< 1,  42|                                <X|mu|X>     | 1,  49> =     2.14802014E-03
< 1,  43|                                <X|mu|X>     | 1,   0> =    -4.83652980E-08
< 1,  43|                                <X|mu|X>     | 1,   1> =    -1.70970257E-07
< 1,  43|                                <X|mu|X>     | 1,   2> =    -5.83044899E-07
< 1,  43|                                <X|mu|X>     | 1,   3> =    -5.56607196E-07
< 1,  43|                                <X|mu|X>     | 1,   4> =     5.00747383E-08
< 1,  43|                                <X|mu|X>     | 1,   5> =    -9.72416363E-07
< 1,  43|                                <X|mu|X>     | 1,   6> =     6.32060365E-07
< 1,  43|                                <X|mu|X>     | 1,   7> =    -1.92015407E-06
< 1,  43|                                <X|mu|X>     | 1,   8> =    -4.93915999E-07
< 1,  43|                                <X|mu|X>     | 1,   9> =     4.56574546E-06
< 1,  43|                                <X|mu|X>     | 1,  10> =     2.28315902E-06
< 1,  43|                                <X|mu|X>     | 1,  11> =    -2.56762879E-06
< 1,  43|                                <X|mu|X>     | 1,  12> =    -1.84820630E-06
< 1,  43|                                <X|mu|X>     | 1,  13> =    -3.42134607E-06
< 1,  43|                                <X|mu|X>     | 1,  14> =    -2.27172208E-06
< 1,  43|                                <X|mu|X>     | 1,  15> =     5.28678438E-06
< 1,  43|                                <X|mu|X>     | 1,  16> =    -1.49183316E-05
< 1,  43|                                <X|mu|X>     | 1,  17> =     4.59236549E-05
< 1,  43|                                <X|mu|X>     | 1,  18> =    -8.08333925E-05
< 1,  43|                                <X|mu|X>     | 1,  19> =     8.11699186E-05
< 1,  43|                                <X|mu|X>     | 1,  20> =    -1.34237104E-04
< 1,  43|                                <X|mu|X>     | 1,  21> =    -1.32353648E-04
< 1,  43|                                <X|mu|X>     | 1,  22> =     1.55892316E-04
< 1,  43|                                <X|mu|X>     | 1,  23> =    -1.83595738E-04
< 1,  43|                                <X|mu|X>     | 1,  24> =     2.52747986E-04
< 1,  43|                                <X|mu|X>     | 1,  25> =    -1.95459992E-04
< 1,  43|                                <X|mu|X>     | 1,  26> =     3.06064288E-04
< 1,  43|                                <X|mu|X>     | 1,  27> =    -3.35438514E-04
< 1,  43|                                <X|mu|X>     | 1,  28> =     4.29877371E-04
< 1,  43|                                <X|mu|X>     | 1,  29> =    -2.86397089E-04
< 1,  43|                                <X|mu|X>     | 1,  30> =     6.37755578E-04
< 1,  43|                                <X|mu|X>     | 1,  31> =    -6.37226761E-04
< 1,  43|                                <X|mu|X>     | 1,  32> =     7.80450306E-04
< 1,  43|                                <X|mu|X>     | 1,  33> =    -4.56557114E-04
< 1,  43|                                <X|mu|X>     | 1,  34> =     1.46979828E-03
< 1,  43|                                <X|mu|X>     | 1,  35> =    -1.49603615E-03
< 1,  43|                                <X|mu|X>     | 1,  36> =     1.68182996E-03
< 1,  43|                                <X|mu|X>     | 1,  37> =     1.33192216E-04
< 1,  43|                                <X|mu|X>     | 1,  38> =     4.68463607E-03
< 1,  43|                                <X|mu|X>     | 1,  39> =    -6.65641343E-03
< 1,  43|                                <X|mu|X>     | 1,  40> =    -2.01461637E-02
< 1,  43|                                <X|mu|X>     | 1,  41> =    -2.09080578E-01
< 1,  43|                                <X|mu|X>     | 1,  42> =     6.93274289E-02
< 1,  43|                                <X|mu|X>     | 1,  43> =     1.04645383E+00
< 1,  43|                                <X|mu|X>     | 1,  44> =     6.89637354E-02
< 1,  43|                                <X|mu|X>     | 1,  45> =    -2.09267269E-01
< 1,  43|                                <X|mu|X>     | 1,  46> =     1.79456936E-02
< 1,  43|                                <X|mu|X>     | 1,  47> =    -5.74548990E-03
< 1,  43|                                <X|mu|X>     | 1,  48> =     6.05116545E-03
< 1,  43|                                <X|mu|X>     | 1,  49> =     7.97093619E-04
< 1,  44|                                <X|mu|X>     | 1,   0> =    -3.60396380E-09
< 1,  44|                                <X|mu|X>     | 1,   1> =    -1.33327109E-07
< 1,  44|                                <X|mu|X>     | 1,   2> =    -2.12628295E-07
< 1,  44|                                <X|mu|X>     | 1,   3> =     2.04187617E-07
< 1,  44|                                <X|mu|X>     | 1,   4> =     1.27651062E-06
< 1,  44|                                <X|mu|X>     | 1,   5> =    -2.77281548E-06
< 1,  44|                                <X|mu|X>     | 1,   6> =    -3.79685297E-06
< 1,  44|                                <X|mu|X>     | 1,   7> =     4.69197914E-06
< 1,  44|                                <X|mu|X>     | 1,   8> =    -2.48669382E-06
< 1,  44|                                <X|mu|X>     | 1,   9> =    -1.71640071E-06
< 1,  44|                                <X|mu|X>     | 1,  10> =    -1.52017518E-06
< 1,  44|                                <X|mu|X>     | 1,  11> =     1.58484480E-06
< 1,  44|                                <X|mu|X>     | 1,  12> =     4.96189562E-07
< 1,  44|                                <X|mu|X>     | 1,  13> =    -3.79222346E-06
< 1,  44|                                <X|mu|X>     | 1,  14> =    -6.77550864E-06
< 1,  44|                                <X|mu|X>     | 1,  15> =    -8.57765803E-06
< 1,  44|                                <X|mu|X>     | 1,  16> =     1.54987296E-05
< 1,  44|                                <X|mu|X>     | 1,  17> =    -3.94313191E-05
< 1,  44|                                <X|mu|X>     | 1,  18> =     7.24465794E-05
< 1,  44|                                <X|mu|X>     | 1,  19> =    -8.85820411E-05
< 1,  44|                                <X|mu|X>     | 1,  20> =     9.51410699E-05
< 1,  44|                                <X|mu|X>     | 1,  21> =     1.48338568E-04
< 1,  44|                                <X|mu|X>     | 1,  22> =    -1.30410999E-04
< 1,  44|                                <X|mu|X>     | 1,  23> =     1.69628335E-04
< 1,  44|                                <X|mu|X>     | 1,  24> =    -1.93630602E-04
< 1,  44|                                <X|mu|X>     | 1,  25> =     2.54758857E-04
< 1,  44|                                <X|mu|X>     | 1,  26> =    -1.95696256E-04
< 1,  44|                                <X|mu|X>     | 1,  27> =     3.27938300E-04
< 1,  44|                                <X|mu|X>     | 1,  28> =    -3.29938273E-04
< 1,  44|                                <X|mu|X>     | 1,  29> =     4.38068229E-04
< 1,  44|                                <X|mu|X>     | 1,  30> =    -2.82526764E-04
< 1,  44|                                <X|mu|X>     | 1,  31> =     6.73114754E-04
< 1,  44|                                <X|mu|X>     | 1,  32> =    -6.11795357E-04
< 1,  44|                                <X|mu|X>     | 1,  33> =     8.06509047E-04
< 1,  44|                                <X|mu|X>     | 1,  34> =    -4.29075261E-04
< 1,  44|                                <X|mu|X>     | 1,  35> =     1.55119133E-03
< 1,  44|                                <X|mu|X>     | 1,  36> =    -1.41403144E-03
< 1,  44|                                <X|mu|X>     | 1,  37> =     1.75598149E-03
< 1,  44|                                <X|mu|X>     | 1,  38> =     2.53460597E-04
< 1,  44|                                <X|mu|X>     | 1,  39> =     4.98953450E-03
< 1,  44|                                <X|mu|X>     | 1,  40> =     6.43682084E-03
< 1,  44|                                <X|mu|X>     | 1,  41> =    -1.93269411E-02
< 1,  44|                                <X|mu|X>     | 1,  42> =    -2.09193657E-01
< 1,  44|                                <X|mu|X>     | 1,  43> =     6.89637354E-02
< 1,  44|                                <X|mu|X>     | 1,  44> =     1.04734259E+00
< 1,  44|                                <X|mu|X>     | 1,  45> =     6.86835815E-02
< 1,  44|                                <X|mu|X>     | 1,  46> =     2.09308534E-01
< 1,  44|                                <X|mu|X>     | 1,  47> =     1.73515078E-02
< 1,  44|                                <X|mu|X>     | 1,  48> =    -5.52145574E-03
< 1,  44|                                <X|mu|X>     | 1,  49> =     6.27724026E-03
< 1,  45|                                <X|mu|X>     | 1,   0> =     5.85949384E-08
< 1,  45|                                <X|mu|X>     | 1,   1> =     2.39949821E-08
< 1,  45|                                <X|mu|X>     | 1,   2> =     2.86030090E-07
< 1,  45|                                <X|mu|X>     | 1,   3> =     5.50198888E-07
< 1,  45|                                <X|mu|X>     | 1,   4> =     5.59293347E-07
< 1,  45|                                <X|mu|X>     | 1,   5> =    -3.50145788E-07
< 1,  45|                                <X|mu|X>     | 1,   6> =    -1.49718387E-06
< 1,  45|                                <X|mu|X>     | 1,   7> =     3.34877617E-06
< 1,  45|                                <X|mu|X>     | 1,   8> =    -1.49277029E-07
< 1,  45|                                <X|mu|X>     | 1,   9> =    -5.76218425E-06
< 1,  45|                                <X|mu|X>     | 1,  10> =    -2.95957526E-06
< 1,  45|                                <X|mu|X>     | 1,  11> =     3.66064309E-06
< 1,  45|                                <X|mu|X>     | 1,  12> =    -8.66461305E-07
< 1,  45|                                <X|mu|X>     | 1,  13> =    -2.55943452E-06
< 1,  45|                                <X|mu|X>     | 1,  14> =    -4.02029442E-06
< 1,  45|                                <X|mu|X>     | 1,  15> =    -1.95391814E-06
< 1,  45|                                <X|mu|X>     | 1,  16> =    -1.94493282E-05
< 1,  45|                                <X|mu|X>     | 1,  17> =     3.65838087E-05
< 1,  45|                                <X|mu|X>     | 1,  18> =    -6.20606187E-05
< 1,  45|                                <X|mu|X>     | 1,  19> =     8.44467642E-05
< 1,  45|                                <X|mu|X>     | 1,  20> =    -9.76931867E-05
< 1,  45|                                <X|mu|X>     | 1,  21> =    -1.05166574E-04
< 1,  45|                                <X|mu|X>     | 1,  22> =     1.57305392E-04
< 1,  45|                                <X|mu|X>     | 1,  23> =    -1.32117414E-04
< 1,  45|                                <X|mu|X>     | 1,  24> =     1.80127997E-04
< 1,  45|                                <X|mu|X>     | 1,  25> =    -2.00171826E-04
< 1,  45|                                <X|mu|X>     | 1,  26> =     2.60551274E-04
< 1,  45|                                <X|mu|X>     | 1,  27> =    -1.92010658E-04
< 1,  45|                                <X|mu|X>     | 1,  28> =     3.48634572E-04
< 1,  45|                                <X|mu|X>     | 1,  29> =    -3.25839804E-04
< 1,  45|                                <X|mu|X>     | 1,  30> =     4.45050877E-04
< 1,  45|                                <X|mu|X>     | 1,  31> =    -2.75222733E-04
< 1,  45|                                <X|mu|X>     | 1,  32> =     7.12119570E-04
< 1,  45|                                <X|mu|X>     | 1,  33> =    -5.82363230E-04
< 1,  45|                                <X|mu|X>     | 1,  34> =     8.32125648E-04
< 1,  45|                                <X|mu|X>     | 1,  35> =    -4.02781566E-04
< 1,  45|                                <X|mu|X>     | 1,  36> =     1.63129262E-03
< 1,  45|                                <X|mu|X>     | 1,  37> =    -1.32703393E-03
< 1,  45|                                <X|mu|X>     | 1,  38> =     1.83505948E-03
< 1,  45|                                <X|mu|X>     | 1,  39> =     3.69169134E-04
< 1,  45|                                <X|mu|X>     | 1,  40> =    -5.27723197E-03
< 1,  45|                                <X|mu|X>     | 1,  41> =     6.20653633E-03
< 1,  45|                                <X|mu|X>     | 1,  42> =    -1.86010260E-02
< 1,  45|                                <X|mu|X>     | 1,  43> =    -2.09267269E-01
< 1,  45|                                <X|mu|X>     | 1,  44> =     6.86835815E-02
< 1,  45|                                <X|mu|X>     | 1,  45> =     1.04820488E+00
< 1,  45|                                <X|mu|X>     | 1,  46> =    -6.84628217E-02
< 1,  45|                                <X|mu|X>     | 1,  47> =     2.09330130E-01
< 1,  45|                                <X|mu|X>     | 1,  48> =     1.68057462E-02
< 1,  45|                                <X|mu|X>     | 1,  49> =    -5.30878688E-03
< 1,  46|                                <X|mu|X>     | 1,   0> =    -8.88673467E-08
< 1,  46|                                <X|mu|X>     | 1,   1> =    -1.11614355E-07
< 1,  46|                                <X|mu|X>     | 1,   2> =    -4.70912958E-07
< 1,  46|                                <X|mu|X>     | 1,   3> =    -2.73964316E-07
< 1,  46|                                <X|mu|X>     | 1,   4> =     8.59875384E-07
< 1,  46|                                <X|mu|X>     | 1,   5> =    -3.04281859E-06
< 1,  46|                                <X|mu|X>     | 1,   6> =    -3.86195332E-06
< 1,  46|                                <X|mu|X>     | 1,   7> =     2.67984418E-06
< 1,  46|                                <X|mu|X>     | 1,   8> =    -1.11507841E-06
< 1,  46|                                <X|mu|X>     | 1,   9> =    -4.54510044E-08
< 1,  46|                                <X|mu|X>     | 1,  10> =    -1.10108354E-06
< 1,  46|                                <X|mu|X>     | 1,  11> =    -1.67472194E-07
< 1,  46|                                <X|mu|X>     | 1,  12> =     6.03770763E-07
< 1,  46|                                <X|mu|X>     | 1,  13> =     5.18392289E-07
< 1,  46|                                <X|mu|X>     | 1,  14> =    -8.81036891E-07
< 1,  46|                                <X|mu|X>     | 1,  15> =     2.98233979E-06
< 1,  46|                                <X|mu|X>     | 1,  16> =    -1.09351084E-05
< 1,  46|                                <X|mu|X>     | 1,  17> =     4.18324146E-05
< 1,  46|                                <X|mu|X>     | 1,  18> =    -5.04157714E-05
< 1,  46|                                <X|mu|X>     | 1,  19> =     8.04135337E-05
< 1,  46|                                <X|mu|X>     | 1,  20> =    -8.98590758E-05
< 1,  46|                                <X|mu|X>     | 1,  21> =    -1.04147219E-04
< 1,  46|                                <X|mu|X>     | 1,  22> =     1.17346580E-04
< 1,  46|                                <X|mu|X>     | 1,  23> =    -1.61007062E-04
< 1,  46|                                <X|mu|X>     | 1,  24> =     1.32583306E-04
< 1,  46|                                <X|mu|X>     | 1,  25> =    -1.95061935E-04
< 1,  46|                                <X|mu|X>     | 1,  26> =     2.00342699E-04
< 1,  46|                                <X|mu|X>     | 1,  27> =    -2.65308800E-04
< 1,  46|                                <X|mu|X>     | 1,  28> =     1.92869062E-04
< 1,  46|                                <X|mu|X>     | 1,  29> =    -3.66003785E-04
< 1,  46|                                <X|mu|X>     | 1,  30> =     3.16289787E-04
< 1,  46|                                <X|mu|X>     | 1,  31> =    -4.58937815E-04
< 1,  46|                                <X|mu|X>     | 1,  32> =     2.65577519E-04
< 1,  46|                                <X|mu|X>     | 1,  33> =    -7.46002409E-04
< 1,  46|                                <X|mu|X>     | 1,  34> =     5.54262287E-04
< 1,  46|                                <X|mu|X>     | 1,  35> =    -8.62211787E-04
< 1,  46|                                <X|mu|X>     | 1,  36> =     3.70427228E-04
< 1,  46|                                <X|mu|X>     | 1,  37> =    -1.70929019E-03
< 1,  46|                                <X|mu|X>     | 1,  38> =     1.24390149E-03
< 1,  46|                                <X|mu|X>     | 1,  39> =    -1.91320550E-03
< 1,  46|                                <X|mu|X>     | 1,  40> =     4.83380299E-04
< 1,  46|                                <X|mu|X>     | 1,  41> =     5.55261181E-03
< 1,  46|                                <X|mu|X>     | 1,  42> =    -5.97353222E-03
< 1,  46|                                <X|mu|X>     | 1,  43> =     1.79456936E-02
< 1,  46|                                <X|mu|X>     | 1,  44> =     2.09308534E-01
< 1,  46|                                <X|mu|X>     | 1,  45> =    -6.84628217E-02
< 1,  46|                                <X|mu|X>     | 1,  46> =     1.04903214E+00
< 1,  46|                                <X|mu|X>     | 1,  47> =     6.82865332E-02
< 1,  46|                                <X|mu|X>     | 1,  48> =    -2.09333224E-01
< 1,  46|                                <X|mu|X>     | 1,  49> =    -1.62988895E-02
< 1,  47|                                <X|mu|X>     | 1,   0> =    -6.15671872E-08
< 1,  47|                                <X|mu|X>     | 1,   1> =    -3.72364403E-08
< 1,  47|                                <X|mu|X>     | 1,   2> =    -2.55303761E-07
< 1,  47|                                <X|mu|X>     | 1,   3> =     1.14869574E-07
< 1,  47|                                <X|mu|X>     | 1,   4> =     7.17595729E-07
< 1,  47|                                <X|mu|X>     | 1,   5> =    -1.98788860E-06
< 1,  47|                                <X|mu|X>     | 1,   6> =    -3.10512776E-06
< 1,  47|                                <X|mu|X>     | 1,   7> =     3.63300466E-06
< 1,  47|                                <X|mu|X>     | 1,   8> =     1.43385862E-07
< 1,  47|                                <X|mu|X>     | 1,   9> =    -5.66365431E-06
< 1,  47|                                <X|mu|X>     | 1,  10> =    -3.38026331E-06
< 1,  47|                                <X|mu|X>     | 1,  11> =     4.70595479E-06
< 1,  47|                                <X|mu|X>     | 1,  12> =    -4.82359459E-07
< 1,  47|                                <X|mu|X>     | 1,  13> =    -2.30022264E-06
< 1,  47|                                <X|mu|X>     | 1,  14> =    -1.05294348E-06
< 1,  47|                                <X|mu|X>     | 1,  15> =    -2.45674864E-06
< 1,  47|                                <X|mu|X>     | 1,  16> =     1.40149390E-05
< 1,  47|                                <X|mu|X>     | 1,  17> =    -3.08473562E-05
< 1,  47|                                <X|mu|X>     | 1,  18> =     5.93028530E-05
< 1,  47|                                <X|mu|X>     | 1,  19> =    -6.02965238E-05
< 1,  47|                                <X|mu|X>     | 1,  20> =     9.11879346E-05
< 1,  47|                                <X|mu|X>     | 1,  21> =     9.57649163E-05
< 1,  47|                                <X|mu|X>     | 1,  22> =    -1.09820484E-04
< 1,  47|                                <X|mu|X>     | 1,  23> =     1.24760811E-04
< 1,  47|                                <X|mu|X>     | 1,  24> =    -1.67681168E-04
< 1,  47|                                <X|mu|X>     | 1,  25> =     1.30821275E-04
< 1,  47|                                <X|mu|X>     | 1,  26> =    -2.07354780E-04
< 1,  47|                                <X|mu|X>     | 1,  27> =     2.02749373E-04
< 1,  47|                                <X|mu|X>     | 1,  28> =    -2.68946575E-04
< 1,  47|                                <X|mu|X>     | 1,  29> =     1.89809714E-04
< 1,  47|                                <X|mu|X>     | 1,  30> =    -3.87442815E-04
< 1,  47|                                <X|mu|X>     | 1,  31> =     3.04220292E-04
< 1,  47|                                <X|mu|X>     | 1,  32> =    -4.70598102E-04
< 1,  47|                                <X|mu|X>     | 1,  33> =     2.57368230E-04
< 1,  47|                                <X|mu|X>     | 1,  34> =    -7.80959107E-04
< 1,  47|                                <X|mu|X>     | 1,  35> =     5.20727650E-04
< 1,  47|                                <X|mu|X>     | 1,  36> =    -8.94988793E-04
< 1,  47|                                <X|mu|X>     | 1,  37> =     3.40094623E-04
< 1,  47|                                <X|mu|X>     | 1,  38> =    -1.78152234E-03
< 1,  47|                                <X|mu|X>     | 1,  39> =     1.16097264E-03
< 1,  47|                                <X|mu|X>     | 1,  40> =     1.99458670E-03
< 1,  47|                                <X|mu|X>     | 1,  41> =     5.93801436E-04
< 1,  47|                                <X|mu|X>     | 1,  42> =     5.80921093E-03
< 1,  47|                                <X|mu|X>     | 1,  43> =    -5.74548990E-03
< 1,  47|                                <X|mu|X>     | 1,  44> =     1.73515078E-02
< 1,  47|                                <X|mu|X>     | 1,  45> =     2.09330130E-01
< 1,  47|                                <X|mu|X>     | 1,  46> =     6.82865332E-02
< 1,  47|                                <X|mu|X>     | 1,  47> =     1.04982618E+00
< 1,  47|                                <X|mu|X>     | 1,  48> =     6.81435665E-02
< 1,  47|                                <X|mu|X>     | 1,  49> =    -2.09326709E-01
< 1,  48|                                <X|mu|X>     | 1,   0> =     6.68772951E-10
< 1,  48|                                <X|mu|X>     | 1,   1> =     1.16475213E-07
< 1,  48|                                <X|mu|X>     | 1,   2> =     1.13033864E-07
< 1,  48|                                <X|mu|X>     | 1,   3> =     3.07102939E-07
< 1,  48|                                <X|mu|X>     | 1,   4> =    -6.51353011E-07
< 1,  48|                                <X|mu|X>     | 1,   5> =     2.20259159E-06
< 1,  48|                                <X|mu|X>     | 1,   6> =     3.08952220E-06
< 1,  48|                                <X|mu|X>     | 1,   7> =    -9.56209827E-07
< 1,  48|                                <X|mu|X>     | 1,   8> =     8.53134852E-08
< 1,  48|                                <X|mu|X>     | 1,   9> =    -1.06487478E-06
< 1,  48|                                <X|mu|X>     | 1,  10> =    -2.28213547E-07
< 1,  48|                                <X|mu|X>     | 1,  11> =     2.84590646E-06
< 1,  48|                                <X|mu|X>     | 1,  12> =     8.59921501E-07
< 1,  48|                                <X|mu|X>     | 1,  13> =    -1.15592691E-06
< 1,  48|                                <X|mu|X>     | 1,  14> =    -3.73668865E-07
< 1,  48|                                <X|mu|X>     | 1,  15> =     3.52320291E-06
< 1,  48|                                <X|mu|X>     | 1,  16> =    -1.02674966E-05
< 1,  48|                                <X|mu|X>     | 1,  17> =     3.27379322E-05
< 1,  48|                                <X|mu|X>     | 1,  18> =    -4.83383468E-05
< 1,  48|                                <X|mu|X>     | 1,  19> =     6.66122431E-05
< 1,  48|                                <X|mu|X>     | 1,  20> =    -7.05752086E-05
< 1,  48|                                <X|mu|X>     | 1,  21> =    -9.94601023E-05
< 1,  48|                                <X|mu|X>     | 1,  22> =     9.65686077E-05
< 1,  48|                                <X|mu|X>     | 1,  23> =    -1.19987238E-04
< 1,  48|                                <X|mu|X>     | 1,  24> =     1.28801950E-04
< 1,  48|                                <X|mu|X>     | 1,  25> =    -1.70418922E-04
< 1,  48|                                <X|mu|X>     | 1,  26> =     1.33631969E-04
< 1,  48|                                <X|mu|X>     | 1,  27> =    -2.18249795E-04
< 1,  48|                                <X|mu|X>     | 1,  28> =     1.99182755E-04
< 1,  48|                                <X|mu|X>     | 1,  29> =    -2.77870516E-04
< 1,  48|                                <X|mu|X>     | 1,  30> =     1.86161324E-04
< 1,  48|                                <X|mu|X>     | 1,  31> =    -4.04140776E-04
< 1,  48|                                <X|mu|X>     | 1,  32> =     2.93025617E-04
< 1,  48|                                <X|mu|X>     | 1,  33> =    -4.86326760E-04
< 1,  48|                                <X|mu|X>     | 1,  34> =     2.43559438E-04
< 1,  48|                                <X|mu|X>     | 1,  35> =    -8.15516620E-04
< 1,  48|                                <X|mu|X>     | 1,  36> =     4.89873041E-04
< 1,  48|                                <X|mu|X>     | 1,  37> =    -9.26513340E-04
< 1,  48|                                <X|mu|X>     | 1,  38> =     3.07469751E-04
< 1,  48|                                <X|mu|X>     | 1,  39> =    -1.85360714E-03
< 1,  48|                                <X|mu|X>     | 1,  40> =    -1.08023795E-03
< 1,  48|                                <X|mu|X>     | 1,  41> =     2.07178817E-03
< 1,  48|                                <X|mu|X>     | 1,  42> =     6.97093995E-04
< 1,  48|                                <X|mu|X>     | 1,  43> =     6.05116545E-03
< 1,  48|                                <X|mu|X>     | 1,  44> =    -5.52145574E-03
< 1,  48|                                <X|mu|X>     | 1,  45> =     1.68057462E-02
< 1,  48|                                <X|mu|X>     | 1,  46> =    -2.09333224E-01
< 1,  48|                                <X|mu|X>     | 1,  47> =     6.81435665E-02
< 1,  48|                                <X|mu|X>     | 1,  48> =     1.05058147E+00
< 1,  48|                                <X|mu|X>     | 1,  49> =     6.80210806E-02
< 1,  49|                                <X|mu|X>     | 1,   0> =     4.78509383E-08
< 1,  49|                                <X|mu|X>     | 1,   1> =     1.85393782E-07
< 1,  49|                                <X|mu|X>     | 1,   2> =     3.04706543E-07
< 1,  49|                                <X|mu|X>     | 1,   3> =     4.06537795E-07
< 1,  49|                                <X|mu|X>     | 1,   4> =    -9.02784634E-07
< 1,  49|                                <X|mu|X>     | 1,   5> =     3.01173742E-06
< 1,  49|                                <X|mu|X>     | 1,   6> =     4.93528240E-06
< 1,  49|                                <X|mu|X>     | 1,   7> =    -3.24048807E-06
< 1,  49|                                <X|mu|X>     | 1,   8> =    -9.66972202E-07
< 1,  49|                                <X|mu|X>     | 1,   9> =     5.34594492E-06
< 1,  49|                                <X|mu|X>     | 1,  10> =     2.04915825E-06
< 1,  49|                                <X|mu|X>     | 1,  11> =    -3.23330592E-06
< 1,  49|                                <X|mu|X>     | 1,  12> =     1.73821746E-06
< 1,  49|                                <X|mu|X>     | 1,  13> =     3.47682823E-06
< 1,  49|                                <X|mu|X>     | 1,  14> =     2.47488632E-06
< 1,  49|                                <X|mu|X>     | 1,  15> =    -9.51096123E-07
< 1,  49|                                <X|mu|X>     | 1,  16> =     1.15610459E-05
< 1,  49|                                <X|mu|X>     | 1,  17> =    -2.90905683E-05
< 1,  49|                                <X|mu|X>     | 1,  18> =     4.58843457E-05
< 1,  49|                                <X|mu|X>     | 1,  19> =    -5.95562621E-05
< 1,  49|                                <X|mu|X>     | 1,  20> =     7.33151735E-05
< 1,  49|                                <X|mu|X>     | 1,  21> =     7.56930052E-05
< 1,  49|                                <X|mu|X>     | 1,  22> =    -1.08764443E-04
< 1,  49|                                <X|mu|X>     | 1,  23> =     9.68606952E-05
< 1,  49|                                <X|mu|X>     | 1,  24> =    -1.26374631E-04
< 1,  49|                                <X|mu|X>     | 1,  25> =     1.34796458E-04
< 1,  49|                                <X|mu|X>     | 1,  26> =    -1.73140658E-04
< 1,  49|                                <X|mu|X>     | 1,  27> =     1.31979057E-04
< 1,  49|                                <X|mu|X>     | 1,  28> =    -2.32500821E-04
< 1,  49|                                <X|mu|X>     | 1,  29> =     1.94831638E-04
< 1,  49|                                <X|mu|X>     | 1,  30> =    -2.83467511E-04
< 1,  49|                                <X|mu|X>     | 1,  31> =     1.83660925E-04
< 1,  49|                                <X|mu|X>     | 1,  32> =    -4.23225963E-04
< 1,  49|                                <X|mu|X>     | 1,  33> =     2.76459545E-04
< 1,  49|                                <X|mu|X>     | 1,  34> =    -5.03741373E-04
< 1,  49|                                <X|mu|X>     | 1,  35> =     2.31858312E-04
< 1,  49|                                <X|mu|X>     | 1,  36> =    -8.46832552E-04
< 1,  49|                                <X|mu|X>     | 1,  37> =     4.57125571E-04
< 1,  49|                                <X|mu|X>     | 1,  38> =    -9.61777457E-04
< 1,  49|                                <X|mu|X>     | 1,  39> =     2.74462289E-04
< 1,  49|                                <X|mu|X>     | 1,  40> =     1.91941366E-03
< 1,  49|                                <X|mu|X>     | 1,  41> =    -1.00463174E-03
< 1,  49|                                <X|mu|X>     | 1,  42> =     2.14802014E-03
< 1,  49|                                <X|mu|X>     | 1,  43> =     7.97093619E-04
< 1,  49|                                <X|mu|X>     | 1,  44> =     6.27724026E-03
< 1,  49|                                <X|mu|X>     | 1,  45> =    -5.30878688E-03
< 1,  49|                                <X|mu|X>     | 1,  46> =    -1.62988895E-02
< 1,  49|                                <X|mu|X>     | 1,  47> =    -2.09326709E-01
< 1,  49|                                <X|mu|X>     | 1,  48> =     6.80210806E-02
< 1,  49|                                <X|mu|X>     | 1,  49> =     1.05129957E+00

j =       0.0

Define the quanta book-keeping
The total number sigma/lambda states (size of the sigma-lambda submatrix) = 1

Sigma-Lambda basis set:
     i     jrot  state   spin    sigma lambda   omega
     1      0.0    1      0.0      0.0    0      0.0   X1Sigma+
...done!

Contracted basis set:
     i     jrot ilevel ivib state v     spin    sigma lambda   omega   Name
     1      0.0    1    1    1    0      0.0      0.0    0      0.0   X1Sigma+
     2      0.0    1    2    1    1      0.0      0.0    0      0.0   X1Sigma+
     3      0.0    1    3    1    2      0.0      0.0    0      0.0   X1Sigma+
     4      0.0    1    4    1    3      0.0      0.0    0      0.0   X1Sigma+
     5      0.0    1    5    1    4      0.0      0.0    0      0.0   X1Sigma+
     6      0.0    1    6    1    5      0.0      0.0    0      0.0   X1Sigma+
     7      0.0    1    7    1    6      0.0      0.0    0      0.0   X1Sigma+
     8      0.0    1    8    1    7      0.0      0.0    0      0.0   X1Sigma+
     9      0.0    1    9    1    8      0.0      0.0    0      0.0   X1Sigma+
    10      0.0    1   10    1    9      0.0      0.0    0      0.0   X1Sigma+
    11      0.0    1   11    1   10      0.0      0.0    0      0.0   X1Sigma+
    12      0.0    1   12    1   11      0.0      0.0    0      0.0   X1Sigma+
    13      0.0    1   13    1   12      0.0      0.0    0      0.0   X1Sigma+
    14      0.0    1   14    1   13      0.0      0.0    0      0.0   X1Sigma+
    15      0.0    1   15    1   14      0.0      0.0    0      0.0   X1Sigma+
    16      0.0    1   16    1   15      0.0      0.0    0      0.0   X1Sigma+
    17      0.0    1   17    1   16      0.0      0.0    0      0.0   X1Sigma+
    18      0.0    1   18    1   17      0.0      0.0    0      0.0   X1Sigma+
    19      0.0    1   19    1   18      0.0      0.0    0      0.0   X1Sigma+
    20      0.0    1   20    1   19      0.0      0.0    0      0.0   X1Sigma+
    21      0.0    1   21    1   20      0.0      0.0    0      0.0   X1Sigma+
    22      0.0    1   22    1   21      0.0      0.0    0      0.0   X1Sigma+
    23      0.0    1   23    1   22      0.0      0.0    0      0.0   X1Sigma+
    24      0.0    1   24    1   23      0.0      0.0    0      0.0   X1Sigma+
    25      0.0    1   25    1   24      0.0      0.0    0      0.0   X1Sigma+
    26      0.0    1   26    1   25      0.0      0.0    0      0.0   X1Sigma+
    27      0.0    1   27    1   26      0.0      0.0    0      0.0   X1Sigma+
    28      0.0    1   28    1   27      0.0      0.0    0      0.0   X1Sigma+
    29      0.0    1   29    1   28      0.0      0.0    0      0.0   X1Sigma+
    30      0.0    1   30    1   29      0.0      0.0    0      0.0   X1Sigma+
    31      0.0    1   31    1   30      0.0      0.0    0      0.0   X1Sigma+
    32      0.0    1   32    1   31      0.0      0.0    0      0.0   X1Sigma+
    33      0.0    1   33    1   32      0.0      0.0    0      0.0   X1Sigma+
    34      0.0    1   34    1   33      0.0      0.0    0      0.0   X1Sigma+
    35      0.0    1   35    1   34      0.0      0.0    0      0.0   X1Sigma+
    36      0.0    1   36    1   35      0.0      0.0    0      0.0   X1Sigma+
    37      0.0    1   37    1   36      0.0      0.0    0      0.0   X1Sigma+
    38      0.0    1   38    1   37      0.0      0.0    0      0.0   X1Sigma+
    39      0.0    1   39    1   38      0.0      0.0    0      0.0   X1Sigma+
    40      0.0    1   40    1   39      0.0      0.0    0      0.0   X1Sigma+
    41      0.0    1   41    1   40      0.0      0.0    0      0.0   X1Sigma+
    42      0.0    1   42    1   41      0.0      0.0    0      0.0   X1Sigma+
    43      0.0    1   43    1   42      0.0      0.0    0      0.0   X1Sigma+
    44      0.0    1   44    1   43      0.0      0.0    0      0.0   X1Sigma+
    45      0.0    1   45    1   44      0.0      0.0    0      0.0   X1Sigma+
    46      0.0    1   46    1   45      0.0      0.0    0      0.0   X1Sigma+
    47      0.0    1   47    1   46      0.0      0.0    0      0.0   X1Sigma+
    48      0.0    1   48    1   47      0.0      0.0    0      0.0   X1Sigma+
    49      0.0    1   49    1   48      0.0      0.0    0      0.0   X1Sigma+
    50      0.0    1   50    1   49      0.0      0.0    0      0.0   X1Sigma+


 Memory Report:
 Active Arrays                                          size (MB)
 GRID                                                       0.007                
 grid%r                                                     0.002                
 r-field                                                    0.010                
 icontrvib                                                  0.031                
 contrenergy                                                0.002                
 brot                                                       0.020                
 X1Sigma+                                                   0.020                
 BROT                                                       0.022                
 <X|mu|X>                                                   0.020                
 hmat                                                       0.020                
 Total memory   =                                           0.156 MB
 Maximal memory =                                           2.503 MB (         8000.000)

 (       14 arrays contributing less than 1% are not shown)


Construct the hamiltonian matrix
...done!

Non-zero matrix elements of the coupled Sigma-Lambda matrix:
Threshold for printing is   2.22E-16 cm^-1
RV == Rotational-vibrational
SO == Spin-Orbit interaction
SS == Spin-Spin interaction
JS == J.S interaction (aka S-uncoupling)
LS == L.J interaction (aka L-uncoupling)
LS == L.S interaction (spin-electronic)
RV=     109524.858;
 


Eigenvalues for J =      0.0

       J      i        Energy/cm  State   v  lambda spin   sigma   omega  parity
       0.0    1          0.000000   1     0   0     0.0     0.0     0.0   +    ||X1Sigma+
       0.0    2       2885.738229   1     1   0     0.0     0.0     0.0   +    ||X1Sigma+
       0.0    3       5667.371831   1     2   0     0.0     0.0     0.0   +    ||X1Sigma+
       0.0    4       8345.134792   1     3   0     0.0     0.0     0.0   +    ||X1Sigma+
       0.0    5      10920.300695   1     4   0     0.0     0.0     0.0   +    ||X1Sigma+
       0.0    6      13394.045313   1     5   0     0.0     0.0     0.0   +    ||X1Sigma+
       0.0    7      15766.369264   1     6   0     0.0     0.0     0.0   +    ||X1Sigma+
       0.0    8      18036.213052   1     7   0     0.0     0.0     0.0   +    ||X1Sigma+
       0.0    9      20201.408391   1     8   0     0.0     0.0     0.0   +    ||X1Sigma+
       0.0   10      22258.134319   1     9   0     0.0     0.0     0.0   +    ||X1Sigma+
       0.0   11      24201.818609   1    10   0     0.0     0.0     0.0   +    ||X1Sigma+
       0.0   12      26029.220516   1    11   0     0.0     0.0     0.0   +    ||X1Sigma+
       0.0   13      27736.618078   1    12   0     0.0     0.0     0.0   +    ||X1Sigma+
       0.0   14      29316.758070   1    13   0     0.0     0.0     0.0   +    ||X1Sigma+
       0.0   15      30757.110680   1    14   0     0.0     0.0     0.0   +    ||X1Sigma+
       0.0   16      32034.010154   1    15   0     0.0     0.0     0.0   +    ||X1Sigma+
       0.0   17      33113.859297   1    16   0     0.0     0.0     0.0   +    ||X1Sigma+
       0.0   18      34049.747571   1    17   0     0.0     0.0     0.0   +    ||X1Sigma+
       0.0   19      35056.458908   1    18   0     0.0     0.0     0.0   +    ||X1Sigma+
       0.0   20      36217.040578   1    19   0     0.0     0.0     0.0   +    ||X1Sigma+
       0.0   21      37507.254985   1    20   0     0.0     0.0     0.0   +    ||X1Sigma+
       0.0   22      38907.007073   1    21   0     0.0     0.0     0.0   +    ||X1Sigma+
       0.0   23      40404.283045   1    22   0     0.0     0.0     0.0   +    ||X1Sigma+
       0.0   24      41990.908457   1    23   0     0.0     0.0     0.0   +    ||X1Sigma+
       0.0   25      43660.975074   1    24   0     0.0     0.0     0.0   +    ||X1Sigma+
       0.0   26      45410.029692   1    25   0     0.0     0.0     0.0   +    ||X1Sigma+
       0.0   27      47234.564004   1    26   0     0.0     0.0     0.0   +    ||X1Sigma+
       0.0   28      49131.811480   1    27   0     0.0     0.0     0.0   +    ||X1Sigma+
       0.0   29      51099.582011   1    28   0     0.0     0.0     0.0   +    ||X1Sigma+
       0.0   30      53136.154014   1    29   0     0.0     0.0     0.0   +    ||X1Sigma+
       0.0   31      55240.222419   1    30   0     0.0     0.0     0.0   +    ||X1Sigma+
       0.0   32      57410.877944   1    31   0     0.0     0.0     0.0   +    ||X1Sigma+
       0.0   33      59647.557664   1    32   0     0.0     0.0     0.0   +    ||X1Sigma+
       0.0   34      61950.017018   1    33   0     0.0     0.0     0.0   +    ||X1Sigma+
       0.0   35      64318.302523   1    34   0     0.0     0.0     0.0   +    ||X1Sigma+
       0.0   36      66752.676699   1    35   0     0.0     0.0     0.0   +    ||X1Sigma+
       0.0   37      69253.573355   1    36   0     0.0     0.0     0.0   +    ||X1Sigma+
       0.0   38      71821.513936   1    37   0     0.0     0.0     0.0   +    ||X1Sigma+
       0.0   39      74457.099309   1    38   0     0.0     0.0     0.0   +    ||X1Sigma+
       0.0   40      77160.932466   1    39   0     0.0     0.0     0.0   +    ||X1Sigma+
       0.0   41      79933.574240   1    40   0     0.0     0.0     0.0   +    ||X1Sigma+
       0.0   42      82775.525922   1    41   0     0.0     0.0     0.0   +    ||X1Sigma+
       0.0   43      85687.209289   1    42   0     0.0     0.0     0.0   +    ||X1Sigma+
       0.0   44      88668.968687   1    43   0     0.0     0.0     0.0   +    ||X1Sigma+
       0.0   45      91721.068956   1    44   0     0.0     0.0     0.0   +    ||X1Sigma+
       0.0   46      94843.702896   1    45   0     0.0     0.0     0.0   +    ||X1Sigma+
       0.0   47      98037.006256   1    46   0     0.0     0.0     0.0   +    ||X1Sigma+
       0.0   48     101301.051829   1    47   0     0.0     0.0     0.0   +    ||X1Sigma+
       0.0   49     104635.881372   1    48   0     0.0     0.0     0.0   +    ||X1Sigma+
       0.0   50     108041.488324   1    49   0     0.0     0.0     0.0   +    ||X1Sigma+

Zero point energy (ZPE) =    1483.369516983481

j =       1.0

Define the quanta book-keeping
The total number sigma/lambda states (size of the sigma-lambda submatrix) = 1

Sigma-Lambda basis set:
     i     jrot  state   spin    sigma lambda   omega
     1      1.0    1      0.0      0.0    0      0.0   X1Sigma+
...done!

Contracted basis set:
     i     jrot ilevel ivib state v     spin    sigma lambda   omega   Name
     1      1.0    1    1    1    0      0.0      0.0    0      0.0   X1Sigma+
     2      1.0    1    2    1    1      0.0      0.0    0      0.0   X1Sigma+
     3      1.0    1    3    1    2      0.0      0.0    0      0.0   X1Sigma+
     4      1.0    1    4    1    3      0.0      0.0    0      0.0   X1Sigma+
     5      1.0    1    5    1    4      0.0      0.0    0      0.0   X1Sigma+
     6      1.0    1    6    1    5      0.0      0.0    0      0.0   X1Sigma+
     7      1.0    1    7    1    6      0.0      0.0    0      0.0   X1Sigma+
     8      1.0    1    8    1    7      0.0      0.0    0      0.0   X1Sigma+
     9      1.0    1    9    1    8      0.0      0.0    0      0.0   X1Sigma+
    10      1.0    1   10    1    9      0.0      0.0    0      0.0   X1Sigma+
    11      1.0    1   11    1   10      0.0      0.0    0      0.0   X1Sigma+
    12      1.0    1   12    1   11      0.0      0.0    0      0.0   X1Sigma+
    13      1.0    1   13    1   12      0.0      0.0    0      0.0   X1Sigma+
    14      1.0    1   14    1   13      0.0      0.0    0      0.0   X1Sigma+
    15      1.0    1   15    1   14      0.0      0.0    0      0.0   X1Sigma+
    16      1.0    1   16    1   15      0.0      0.0    0      0.0   X1Sigma+
    17      1.0    1   17    1   16      0.0      0.0    0      0.0   X1Sigma+
    18      1.0    1   18    1   17      0.0      0.0    0      0.0   X1Sigma+
    19      1.0    1   19    1   18      0.0      0.0    0      0.0   X1Sigma+
    20      1.0    1   20    1   19      0.0      0.0    0      0.0   X1Sigma+
    21      1.0    1   21    1   20      0.0      0.0    0      0.0   X1Sigma+
    22      1.0    1   22    1   21      0.0      0.0    0      0.0   X1Sigma+
    23      1.0    1   23    1   22      0.0      0.0    0      0.0   X1Sigma+
    24      1.0    1   24    1   23      0.0      0.0    0      0.0   X1Sigma+
    25      1.0    1   25    1   24      0.0      0.0    0      0.0   X1Sigma+
    26      1.0    1   26    1   25      0.0      0.0    0      0.0   X1Sigma+
    27      1.0    1   27    1   26      0.0      0.0    0      0.0   X1Sigma+
    28      1.0    1   28    1   27      0.0      0.0    0      0.0   X1Sigma+
    29      1.0    1   29    1   28      0.0      0.0    0      0.0   X1Sigma+
    30      1.0    1   30    1   29      0.0      0.0    0      0.0   X1Sigma+
    31      1.0    1   31    1   30      0.0      0.0    0      0.0   X1Sigma+
    32      1.0    1   32    1   31      0.0      0.0    0      0.0   X1Sigma+
    33      1.0    1   33    1   32      0.0      0.0    0      0.0   X1Sigma+
    34      1.0    1   34    1   33      0.0      0.0    0      0.0   X1Sigma+
    35      1.0    1   35    1   34      0.0      0.0    0      0.0   X1Sigma+
    36      1.0    1   36    1   35      0.0      0.0    0      0.0   X1Sigma+
    37      1.0    1   37    1   36      0.0      0.0    0      0.0   X1Sigma+
    38      1.0    1   38    1   37      0.0      0.0    0      0.0   X1Sigma+
    39      1.0    1   39    1   38      0.0      0.0    0      0.0   X1Sigma+
    40      1.0    1   40    1   39      0.0      0.0    0      0.0   X1Sigma+
    41      1.0    1   41    1   40      0.0      0.0    0      0.0   X1Sigma+
    42      1.0    1   42    1   41      0.0      0.0    0      0.0   X1Sigma+
    43      1.0    1   43    1   42      0.0      0.0    0      0.0   X1Sigma+
    44      1.0    1   44    1   43      0.0      0.0    0      0.0   X1Sigma+
    45      1.0    1   45    1   44      0.0      0.0    0      0.0   X1Sigma+
    46      1.0    1   46    1   45      0.0      0.0    0      0.0   X1Sigma+
    47      1.0    1   47    1   46      0.0      0.0    0      0.0   X1Sigma+
    48      1.0    1   48    1   47      0.0      0.0    0      0.0   X1Sigma+
    49      1.0    1   49    1   48      0.0      0.0    0      0.0   X1Sigma+
    50      1.0    1   50    1   49      0.0      0.0    0      0.0   X1Sigma+


 Memory Report:
 Active Arrays                                          size (MB)
 GRID                                                       0.007                
 grid%r                                                     0.002                
 r-field                                                    0.010                
 icontrvib                                                  0.031                
 contrenergy                                                0.002                
 brot                                                       0.020                
 X1Sigma+                                                   0.020                
 BROT                                                       0.022                
 <X|mu|X>                                                   0.020                
 hmat                                                       0.020                
 eigens                                                     0.020                
 Total memory   =                                           0.176 MB
 Maximal memory =                                           2.503 MB (         8000.000)

 (       23 arrays contributing less than 1% are not shown)


Construct the hamiltonian matrix
...done!

Non-zero matrix elements of the coupled Sigma-Lambda matrix:
Threshold for printing is   2.22E-16 cm^-1
RV == Rotational-vibrational
SO == Spin-Orbit interaction
SS == Spin-Spin interaction
JS == J.S interaction (aka S-uncoupling)
LS == L.J interaction (aka L-uncoupling)
LS == L.S interaction (spin-electronic)
RV=          2.368;
 


Eigenvalues for J =      1.0

       J      i        Energy/cm  State   v  lambda spin   sigma   omega  parity
       1.0    1         20.778047   1     0   0     0.0     0.0     0.0   -    ||X1Sigma+
       1.0    2       2905.914606   1     1   0     0.0     0.0     0.0   -    ||X1Sigma+
       1.0    3       5686.955137   1     2   0     0.0     0.0     0.0   -    ||X1Sigma+
       1.0    4       8364.129169   1     3   0     0.0     0.0     0.0   -    ||X1Sigma+
       1.0    5      10938.702877   1     4   0     0.0     0.0     0.0   -    ||X1Sigma+
       1.0    6      13411.848756   1     5   0     0.0     0.0     0.0   -    ||X1Sigma+
       1.0    7      15783.568590   1     6   0     0.0     0.0     0.0   -    ||X1Sigma+
       1.0    8      18052.803747   1     7   0     0.0     0.0     0.0   -    ||X1Sigma+
       1.0    9      20217.381784   1     8   0     0.0     0.0     0.0   -    ||X1Sigma+
       1.0   10      22273.474290   1     9   0     0.0     0.0     0.0   -    ||X1Sigma+
       1.0   11      24216.507188   1    10   0     0.0     0.0     0.0   -    ||X1Sigma+
       1.0   12      26043.240832   1    11   0     0.0     0.0     0.0   -    ||X1Sigma+
       1.0   13      27749.939689   1    12   0     0.0     0.0     0.0   -    ||X1Sigma+
       1.0   14      29329.328499   1    13   0     0.0     0.0     0.0   -    ||X1Sigma+
       1.0   15      30768.835247   1    14   0     0.0     0.0     0.0   -    ||X1Sigma+
       1.0   16      32044.711345   1    15   0     0.0     0.0     0.0   -    ||X1Sigma+
       1.0   17      33123.379651   1    16   0     0.0     0.0     0.0   -    ||X1Sigma+
       1.0   18      34058.880837   1    17   0     0.0     0.0     0.0   -    ||X1Sigma+
       1.0   19      35066.231530   1    18   0     0.0     0.0     0.0   -    ||X1Sigma+
       1.0   20      36227.444223   1    19   0     0.0     0.0     0.0   -    ||X1Sigma+
       1.0   21      37518.151730   1    20   0     0.0     0.0     0.0   -    ||X1Sigma+
       1.0   22      38918.316997   1    21   0     0.0     0.0     0.0   -    ||X1Sigma+
       1.0   23      40415.954288   1    22   0     0.0     0.0     0.0   -    ||X1Sigma+
       1.0   24      42002.904570   1    23   0     0.0     0.0     0.0   -    ||X1Sigma+
       1.0   25      43673.268636   1    24   0     0.0     0.0     0.0   -    ||X1Sigma+
       1.0   26      45422.598534   1    25   0     0.0     0.0     0.0   -    ||X1Sigma+
       1.0   27      47247.389558   1    26   0     0.0     0.0     0.0   -    ||X1Sigma+
       1.0   28      49144.877213   1    27   0     0.0     0.0     0.0   -    ||X1Sigma+
       1.0   29      51112.872394   1    28   0     0.0     0.0     0.0   -    ||X1Sigma+
       1.0   30      53149.653709   1    29   0     0.0     0.0     0.0   -    ||X1Sigma+
       1.0   31      55253.915732   1    30   0     0.0     0.0     0.0   -    ||X1Sigma+
       1.0   32      57424.748275   1    31   0     0.0     0.0     0.0   -    ||X1Sigma+
       1.0   33      59661.587494   1    32   0     0.0     0.0     0.0   -    ||X1Sigma+
       1.0   34      61964.187789   1    33   0     0.0     0.0     0.0   -    ||X1Sigma+
       1.0   35      64332.595182   1    34   0     0.0     0.0     0.0   -    ||X1Sigma+
       1.0   36      66767.072114   1    35   0     0.0     0.0     0.0   -    ||X1Sigma+
       1.0   37      69268.053025   1    36   0     0.0     0.0     0.0   -    ||X1Sigma+
       1.0   38      71836.060398   1    37   0     0.0     0.0     0.0   -    ||X1Sigma+
       1.0   39      74471.696506   1    38   0     0.0     0.0     0.0   -    ||X1Sigma+
       1.0   40      77175.566306   1    39   0     0.0     0.0     0.0   -    ||X1Sigma+
       1.0   41      79948.232721   1    40   0     0.0     0.0     0.0   -    ||X1Sigma+
       1.0   42      82790.199154   1    41   0     0.0     0.0     0.0   -    ||X1Sigma+
       1.0   43      85701.889395   1    42   0     0.0     0.0     0.0   -    ||X1Sigma+
       1.0   44      88683.649550   1    43   0     0.0     0.0     0.0   -    ||X1Sigma+
       1.0   45      91735.746053   1    44   0     0.0     0.0     0.0   -    ||X1Sigma+
       1.0   46      94858.372975   1    45   0     0.0     0.0     0.0   -    ||X1Sigma+
       1.0   47      98051.667229   1    46   0     0.0     0.0     0.0   -    ||X1Sigma+
       1.0   48     101315.702710   1    47   0     0.0     0.0     0.0   -    ||X1Sigma+
       1.0   49     104650.522918   1    48   0     0.0     0.0     0.0   -    ||X1Sigma+
       1.0   50     108056.134531   1    49   0     0.0     0.0     0.0   -    ||X1Sigma+

Zero point energy (ZPE) =    1483.369516983481

j =       2.0

Define the quanta book-keeping
The total number sigma/lambda states (size of the sigma-lambda submatrix) = 1

Sigma-Lambda basis set:
     i     jrot  state   spin    sigma lambda   omega
     1      2.0    1      0.0      0.0    0      0.0   X1Sigma+
...done!

Contracted basis set:
     i     jrot ilevel ivib state v     spin    sigma lambda   omega   Name
     1      2.0    1    1    1    0      0.0      0.0    0      0.0   X1Sigma+
     2      2.0    1    2    1    1      0.0      0.0    0      0.0   X1Sigma+
     3      2.0    1    3    1    2      0.0      0.0    0      0.0   X1Sigma+
     4      2.0    1    4    1    3      0.0      0.0    0      0.0   X1Sigma+
     5      2.0    1    5    1    4      0.0      0.0    0      0.0   X1Sigma+
     6      2.0    1    6    1    5      0.0      0.0    0      0.0   X1Sigma+
     7      2.0    1    7    1    6      0.0      0.0    0      0.0   X1Sigma+
     8      2.0    1    8    1    7      0.0      0.0    0      0.0   X1Sigma+
     9      2.0    1    9    1    8      0.0      0.0    0      0.0   X1Sigma+
    10      2.0    1   10    1    9      0.0      0.0    0      0.0   X1Sigma+
    11      2.0    1   11    1   10      0.0      0.0    0      0.0   X1Sigma+
    12      2.0    1   12    1   11      0.0      0.0    0      0.0   X1Sigma+
    13      2.0    1   13    1   12      0.0      0.0    0      0.0   X1Sigma+
    14      2.0    1   14    1   13      0.0      0.0    0      0.0   X1Sigma+
    15      2.0    1   15    1   14      0.0      0.0    0      0.0   X1Sigma+
    16      2.0    1   16    1   15      0.0      0.0    0      0.0   X1Sigma+
    17      2.0    1   17    1   16      0.0      0.0    0      0.0   X1Sigma+
    18      2.0    1   18    1   17      0.0      0.0    0      0.0   X1Sigma+
    19      2.0    1   19    1   18      0.0      0.0    0      0.0   X1Sigma+
    20      2.0    1   20    1   19      0.0      0.0    0      0.0   X1Sigma+
    21      2.0    1   21    1   20      0.0      0.0    0      0.0   X1Sigma+
    22      2.0    1   22    1   21      0.0      0.0    0      0.0   X1Sigma+
    23      2.0    1   23    1   22      0.0      0.0    0      0.0   X1Sigma+
    24      2.0    1   24    1   23      0.0      0.0    0      0.0   X1Sigma+
    25      2.0    1   25    1   24      0.0      0.0    0      0.0   X1Sigma+
    26      2.0    1   26    1   25      0.0      0.0    0      0.0   X1Sigma+
    27      2.0    1   27    1   26      0.0      0.0    0      0.0   X1Sigma+
    28      2.0    1   28    1   27      0.0      0.0    0      0.0   X1Sigma+
    29      2.0    1   29    1   28      0.0      0.0    0      0.0   X1Sigma+
    30      2.0    1   30    1   29      0.0      0.0    0      0.0   X1Sigma+
    31      2.0    1   31    1   30      0.0      0.0    0      0.0   X1Sigma+
    32      2.0    1   32    1   31      0.0      0.0    0      0.0   X1Sigma+
    33      2.0    1   33    1   32      0.0      0.0    0      0.0   X1Sigma+
    34      2.0    1   34    1   33      0.0      0.0    0      0.0   X1Sigma+
    35      2.0    1   35    1   34      0.0      0.0    0      0.0   X1Sigma+
    36      2.0    1   36    1   35      0.0      0.0    0      0.0   X1Sigma+
    37      2.0    1   37    1   36      0.0      0.0    0      0.0   X1Sigma+
    38      2.0    1   38    1   37      0.0      0.0    0      0.0   X1Sigma+
    39      2.0    1   39    1   38      0.0      0.0    0      0.0   X1Sigma+
    40      2.0    1   40    1   39      0.0      0.0    0      0.0   X1Sigma+
    41      2.0    1   41    1   40      0.0      0.0    0      0.0   X1Sigma+
    42      2.0    1   42    1   41      0.0      0.0    0      0.0   X1Sigma+
    43      2.0    1   43    1   42      0.0      0.0    0      0.0   X1Sigma+
    44      2.0    1   44    1   43      0.0      0.0    0      0.0   X1Sigma+
    45      2.0    1   45    1   44      0.0      0.0    0      0.0   X1Sigma+
    46      2.0    1   46    1   45      0.0      0.0    0      0.0   X1Sigma+
    47      2.0    1   47    1   46      0.0      0.0    0      0.0   X1Sigma+
    48      2.0    1   48    1   47      0.0      0.0    0      0.0   X1Sigma+
    49      2.0    1   49    1   48      0.0      0.0    0      0.0   X1Sigma+
    50      2.0    1   50    1   49      0.0      0.0    0      0.0   X1Sigma+


 Memory Report:
 Active Arrays                                          size (MB)
 GRID                                                       0.007                
 grid%r                                                     0.002                
 r-field                                                    0.010                
 icontrvib                                                  0.031                
 contrenergy                                                0.002                
 brot                                                       0.020                
 X1Sigma+                                                   0.020                
 BROT                                                       0.022                
 <X|mu|X>                                                   0.020                
 hmat                                                       0.020                
 eigens                                                     0.041                
 Total memory   =                                           0.197 MB
 Maximal memory =                                           2.503 MB (         8000.000)

 (       23 arrays contributing less than 1% are not shown)


Construct the hamiltonian matrix
...done!

Non-zero matrix elements of the coupled Sigma-Lambda matrix:
Threshold for printing is   2.22E-16 cm^-1
RV == Rotational-vibrational
SO == Spin-Orbit interaction
SS == Spin-Spin interaction
JS == J.S interaction (aka S-uncoupling)
LS == L.J interaction (aka L-uncoupling)
LS == L.S interaction (spin-electronic)
RV=          7.103;
 


Eigenvalues for J =      2.0

       J      i        Energy/cm  State   v  lambda spin   sigma   omega  parity
       2.0    1         62.321649   1     0   0     0.0     0.0     0.0   +    ||X1Sigma+
       2.0    2       2946.255004   1     1   0     0.0     0.0     0.0   +    ||X1Sigma+
       2.0    3       5726.109490   1     2   0     0.0     0.0     0.0   +    ||X1Sigma+
       2.0    4       8402.105791   1     3   0     0.0     0.0     0.0   +    ||X1Sigma+
       2.0    5      10975.495294   1     4   0     0.0     0.0     0.0   +    ||X1Sigma+
       2.0    6      13447.443869   1     5   0     0.0     0.0     0.0   +    ||X1Sigma+
       2.0    7      15817.955568   1     6   0     0.0     0.0     0.0   +    ||X1Sigma+
       2.0    8      18085.973449   1     7   0     0.0     0.0     0.0   +    ||X1Sigma+
       2.0    9      20249.316724   1     8   0     0.0     0.0     0.0   +    ||X1Sigma+
       2.0   10      22304.142105   1     9   0     0.0     0.0     0.0   +    ||X1Sigma+
       2.0   11      24245.871935   1    10   0     0.0     0.0     0.0   +    ||X1Sigma+
       2.0   12      26071.268687   1    11   0     0.0     0.0     0.0   +    ||X1Sigma+
       2.0   13      27776.569497   1    12   0     0.0     0.0     0.0   +    ||X1Sigma+
       2.0   14      29354.454888   1    13   0     0.0     0.0     0.0   +    ||X1Sigma+
       2.0   15      30792.267881   1    14   0     0.0     0.0     0.0   +    ||X1Sigma+
       2.0   16      32066.093456   1    15   0     0.0     0.0     0.0   +    ||X1Sigma+
       2.0   17      33142.401068   1    16   0     0.0     0.0     0.0   +    ||X1Sigma+
       2.0   18      34077.149410   1    17   0     0.0     0.0     0.0   +    ||X1Sigma+
       2.0   19      35085.785078   1    18   0     0.0     0.0     0.0   +    ||X1Sigma+
       2.0   20      36248.257047   1    19   0     0.0     0.0     0.0   +    ||X1Sigma+
       2.0   21      37539.948912   1    20   0     0.0     0.0     0.0   +    ||X1Sigma+
       2.0   22      38940.939393   1    21   0     0.0     0.0     0.0   +    ||X1Sigma+
       2.0   23      40439.298525   1    22   0     0.0     0.0     0.0   +    ||X1Sigma+
       2.0   24      42026.897976   1    23   0     0.0     0.0     0.0   +    ||X1Sigma+
       2.0   25      43697.856531   1    24   0     0.0     0.0     0.0   +    ||X1Sigma+
       2.0   26      45447.736698   1    25   0     0.0     0.0     0.0   +    ||X1Sigma+
       2.0   27      47273.040962   1    26   0     0.0     0.0     0.0   +    ||X1Sigma+
       2.0   28      49171.008893   1    27   0     0.0     0.0     0.0   +    ||X1Sigma+
       2.0   29      51139.453388   1    28   0     0.0     0.0     0.0   +    ||X1Sigma+
       2.0   30      53176.653438   1    29   0     0.0     0.0     0.0   +    ||X1Sigma+
       2.0   31      55281.302908   1    30   0     0.0     0.0     0.0   +    ||X1Sigma+
       2.0   32      57452.489790   1    31   0     0.0     0.0     0.0   +    ||X1Sigma+
       2.0   33      59689.648390   1    32   0     0.0     0.0     0.0   +    ||X1Sigma+
       2.0   34      61992.531013   1    33   0     0.0     0.0     0.0   +    ||X1Sigma+
       2.0   35      64361.182655   1    34   0     0.0     0.0     0.0   +    ||X1Sigma+
       2.0   36      66795.865571   1    35   0     0.0     0.0     0.0   +    ||X1Sigma+
       2.0   37      69297.015435   1    36   0     0.0     0.0     0.0   +    ||X1Sigma+
       2.0   38      71865.156789   1    37   0     0.0     0.0     0.0   +    ||X1Sigma+
       2.0   39      74500.894697   1    38   0     0.0     0.0     0.0   +    ||X1Sigma+
       2.0   40      77204.838031   1    39   0     0.0     0.0     0.0   +    ||X1Sigma+
       2.0   41      79977.553903   1    40   0     0.0     0.0     0.0   +    ||X1Sigma+
       2.0   42      82819.549939   1    41   0     0.0     0.0     0.0   +    ||X1Sigma+
       2.0   43      85731.253977   1    42   0     0.0     0.0     0.0   +    ||X1Sigma+
       2.0   44      88713.015672   1    43   0     0.0     0.0     0.0   +    ||X1Sigma+
       2.0   45      91765.104688   1    44   0     0.0     0.0     0.0   +    ||X1Sigma+
       2.0   46      94887.717794   1    45   0     0.0     0.0     0.0   +    ||X1Sigma+
       2.0   47      98080.994569   1    46   0     0.0     0.0     0.0   +    ||X1Sigma+
       2.0   48     101345.012875   1    47   0     0.0     0.0     0.0   +    ||X1Sigma+
       2.0   49     104679.826127   1    48   0     0.0     0.0     0.0   +    ||X1Sigma+
       2.0   50     108085.545196   1    49   0     0.0     0.0     0.0   +    ||X1Sigma+

Zero point energy (ZPE) =    1483.369516983481

j =       3.0

Define the quanta book-keeping
The total number sigma/lambda states (size of the sigma-lambda submatrix) = 1

Sigma-Lambda basis set:
     i     jrot  state   spin    sigma lambda   omega
     1      3.0    1      0.0      0.0    0      0.0   X1Sigma+
...done!

Contracted basis set:
     i     jrot ilevel ivib state v     spin    sigma lambda   omega   Name
     1      3.0    1    1    1    0      0.0      0.0    0      0.0   X1Sigma+
     2      3.0    1    2    1    1      0.0      0.0    0      0.0   X1Sigma+
     3      3.0    1    3    1    2      0.0      0.0    0      0.0   X1Sigma+
     4      3.0    1    4    1    3      0.0      0.0    0      0.0   X1Sigma+
     5      3.0    1    5    1    4      0.0      0.0    0      0.0   X1Sigma+
     6      3.0    1    6    1    5      0.0      0.0    0      0.0   X1Sigma+
     7      3.0    1    7    1    6      0.0      0.0    0      0.0   X1Sigma+
     8      3.0    1    8    1    7      0.0      0.0    0      0.0   X1Sigma+
     9      3.0    1    9    1    8      0.0      0.0    0      0.0   X1Sigma+
    10      3.0    1   10    1    9      0.0      0.0    0      0.0   X1Sigma+
    11      3.0    1   11    1   10      0.0      0.0    0      0.0   X1Sigma+
    12      3.0    1   12    1   11      0.0      0.0    0      0.0   X1Sigma+
    13      3.0    1   13    1   12      0.0      0.0    0      0.0   X1Sigma+
    14      3.0    1   14    1   13      0.0      0.0    0      0.0   X1Sigma+
    15      3.0    1   15    1   14      0.0      0.0    0      0.0   X1Sigma+
    16      3.0    1   16    1   15      0.0      0.0    0      0.0   X1Sigma+
    17      3.0    1   17    1   16      0.0      0.0    0      0.0   X1Sigma+
    18      3.0    1   18    1   17      0.0      0.0    0      0.0   X1Sigma+
    19      3.0    1   19    1   18      0.0      0.0    0      0.0   X1Sigma+
    20      3.0    1   20    1   19      0.0      0.0    0      0.0   X1Sigma+
    21      3.0    1   21    1   20      0.0      0.0    0      0.0   X1Sigma+
    22      3.0    1   22    1   21      0.0      0.0    0      0.0   X1Sigma+
    23      3.0    1   23    1   22      0.0      0.0    0      0.0   X1Sigma+
    24      3.0    1   24    1   23      0.0      0.0    0      0.0   X1Sigma+
    25      3.0    1   25    1   24      0.0      0.0    0      0.0   X1Sigma+
    26      3.0    1   26    1   25      0.0      0.0    0      0.0   X1Sigma+
    27      3.0    1   27    1   26      0.0      0.0    0      0.0   X1Sigma+
    28      3.0    1   28    1   27      0.0      0.0    0      0.0   X1Sigma+
    29      3.0    1   29    1   28      0.0      0.0    0      0.0   X1Sigma+
    30      3.0    1   30    1   29      0.0      0.0    0      0.0   X1Sigma+
    31      3.0    1   31    1   30      0.0      0.0    0      0.0   X1Sigma+
    32      3.0    1   32    1   31      0.0      0.0    0      0.0   X1Sigma+
    33      3.0    1   33    1   32      0.0      0.0    0      0.0   X1Sigma+
    34      3.0    1   34    1   33      0.0      0.0    0      0.0   X1Sigma+
    35      3.0    1   35    1   34      0.0      0.0    0      0.0   X1Sigma+
    36      3.0    1   36    1   35      0.0      0.0    0      0.0   X1Sigma+
    37      3.0    1   37    1   36      0.0      0.0    0      0.0   X1Sigma+
    38      3.0    1   38    1   37      0.0      0.0    0      0.0   X1Sigma+
    39      3.0    1   39    1   38      0.0      0.0    0      0.0   X1Sigma+
    40      3.0    1   40    1   39      0.0      0.0    0      0.0   X1Sigma+
    41      3.0    1   41    1   40      0.0      0.0    0      0.0   X1Sigma+
    42      3.0    1   42    1   41      0.0      0.0    0      0.0   X1Sigma+
    43      3.0    1   43    1   42      0.0      0.0    0      0.0   X1Sigma+
    44      3.0    1   44    1   43      0.0      0.0    0      0.0   X1Sigma+
    45      3.0    1   45    1   44      0.0      0.0    0      0.0   X1Sigma+
    46      3.0    1   46    1   45      0.0      0.0    0      0.0   X1Sigma+
    47      3.0    1   47    1   46      0.0      0.0    0      0.0   X1Sigma+
    48      3.0    1   48    1   47      0.0      0.0    0      0.0   X1Sigma+
    49      3.0    1   49    1   48      0.0      0.0    0      0.0   X1Sigma+
    50      3.0    1   50    1   49      0.0      0.0    0      0.0   X1Sigma+


 Memory Report:
 Active Arrays                                          size (MB)
 GRID                                                       0.007                
 grid%r                                                     0.002                
 r-field                                                    0.010                
 icontrvib                                                  0.031                
 contrenergy                                                0.002                
 brot                                                       0.020                
 X1Sigma+                                                   0.020                
 BROT                                                       0.022                
 <X|mu|X>                                                   0.020                
 hmat                                                       0.020                
 eigens                                                     0.061                
 Total memory   =                                           0.217 MB
 Maximal memory =                                           2.503 MB (         8000.000)

 (       23 arrays contributing less than 1% are not shown)


Construct the hamiltonian matrix
...done!

Non-zero matrix elements of the coupled Sigma-Lambda matrix:
Threshold for printing is   2.22E-16 cm^-1
RV == Rotational-vibrational
SO == Spin-Orbit interaction
SS == Spin-Spin interaction
JS == J.S interaction (aka S-uncoupling)
LS == L.J interaction (aka L-uncoupling)
LS == L.S interaction (spin-electronic)
RV=         14.205;
 


Eigenvalues for J =      3.0

       J      i        Energy/cm  State   v  lambda spin   sigma   omega  parity
       3.0    1        124.605832   1     0   0     0.0     0.0     0.0   -    ||X1Sigma+
       3.0    2       3006.734724   1     1   0     0.0     0.0     0.0   -    ||X1Sigma+
       3.0    3       5784.810378   1     2   0     0.0     0.0     0.0   -    ||X1Sigma+
       3.0    4       8459.040404   1     3   0     0.0     0.0     0.0   -    ||X1Sigma+
       3.0    5      11030.654062   1     4   0     0.0     0.0     0.0   -    ||X1Sigma+
       3.0    6      13500.807112   1     5   0     0.0     0.0     0.0   -    ||X1Sigma+
       3.0    7      15869.506851   1     6   0     0.0     0.0     0.0   -    ||X1Sigma+
       3.0    8      18135.698787   1     7   0     0.0     0.0     0.0   -    ||X1Sigma+
       3.0    9      20297.189525   1     8   0     0.0     0.0     0.0   -    ||X1Sigma+
       3.0   10      22350.113521   1     9   0     0.0     0.0     0.0   -    ||X1Sigma+
       3.0   11      24289.888032   1    10   0     0.0     0.0     0.0   -    ||X1Sigma+
       3.0   12      26113.278528   1    11   0     0.0     0.0     0.0   -    ||X1Sigma+
       3.0   13      27816.480669   1    12   0     0.0     0.0     0.0   -    ||X1Sigma+
       3.0   14      29392.108280   1    13   0     0.0     0.0     0.0   -    ||X1Sigma+
       3.0   15      30827.375514   1    14   0     0.0     0.0     0.0   -    ||X1Sigma+
       3.0   16      32098.115833   1    15   0     0.0     0.0     0.0   -    ||X1Sigma+
       3.0   17      33170.885276   1    16   0     0.0     0.0     0.0   -    ||X1Sigma+
       3.0   18      34104.557878   1    17   0     0.0     0.0     0.0   -    ||X1Sigma+
       3.0   19      35115.136100   1    18   0     0.0     0.0     0.0   -    ||X1Sigma+
       3.0   20      36279.490047   1    19   0     0.0     0.0     0.0   -    ||X1Sigma+
       3.0   21      37572.653874   1    20   0     0.0     0.0     0.0   -    ||X1Sigma+
       3.0   22      38974.879323   1    21   0     0.0     0.0     0.0   -    ||X1Sigma+
       3.0   23      40474.319236   1    22   0     0.0     0.0     0.0   -    ||X1Sigma+
       3.0   24      42062.891012   1    23   0     0.0     0.0     0.0   -    ||X1Sigma+
       3.0   25      43734.740278   1    24   0     0.0     0.0     0.0   -    ||X1Sigma+
       3.0   26      45485.445125   1    25   0     0.0     0.0     0.0   -    ||X1Sigma+
       3.0   27      47311.518788   1    26   0     0.0     0.0     0.0   -    ||X1Sigma+
       3.0   28      49210.206921   1    27   0     0.0     0.0     0.0   -    ||X1Sigma+
       3.0   29      51179.325414   1    28   0     0.0     0.0     0.0   -    ||X1Sigma+
       3.0   30      53217.153842   1    29   0     0.0     0.0     0.0   -    ||X1Sigma+
       3.0   31      55322.385006   1    30   0     0.0     0.0     0.0   -    ||X1Sigma+
       3.0   32      57494.104151   1    31   0     0.0     0.0     0.0   -    ||X1Sigma+
       3.0   33      59731.742781   1    32   0     0.0     0.0     0.0   -    ||X1Sigma+
       3.0   34      62035.050004   1    33   0     0.0     0.0     0.0   -    ||X1Sigma+
       3.0   35      64404.069202   1    34   0     0.0     0.0     0.0   -    ||X1Sigma+
       3.0   36      66839.062280   1    35   0     0.0     0.0     0.0   -    ||X1Sigma+
       3.0   37      69340.466685   1    36   0     0.0     0.0     0.0   -    ||X1Sigma+
       3.0   38      71908.810005   1    37   0     0.0     0.0     0.0   -    ||X1Sigma+
       3.0   39      74544.701440   1    38   0     0.0     0.0     0.0   -    ||X1Sigma+
       3.0   40      77248.755710   1    39   0     0.0     0.0     0.0   -    ||X1Sigma+
       3.0   41      80021.546203   1    40   0     0.0     0.0     0.0   -    ||X1Sigma+
       3.0   42      82863.586908   1    41   0     0.0     0.0     0.0   -    ||X1Sigma+
       3.0   43      85775.311763   1    42   0     0.0     0.0     0.0   -    ||X1Sigma+
       3.0   44      88757.075826   1    43   0     0.0     0.0     0.0   -    ||X1Sigma+
       3.0   45      91809.153708   1    44   0     0.0     0.0     0.0   -    ||X1Sigma+
       3.0   46      94931.746607   1    45   0     0.0     0.0     0.0   -    ||X1Sigma+
       3.0   47      98124.998877   1    46   0     0.0     0.0     0.0   -    ||X1Sigma+
       3.0   48     101388.998604   1    47   0     0.0     0.0     0.0   -    ||X1Sigma+
       3.0   49     104723.829719   1    48   0     0.0     0.0     0.0   -    ||X1Sigma+
       3.0   50     108129.959320   1    49   0     0.0     0.0     0.0   -    ||X1Sigma+

Zero point energy (ZPE) =    1483.369516983481

j =       4.0

Define the quanta book-keeping
The total number sigma/lambda states (size of the sigma-lambda submatrix) = 1

Sigma-Lambda basis set:
     i     jrot  state   spin    sigma lambda   omega
     1      4.0    1      0.0      0.0    0      0.0   X1Sigma+
...done!

Contracted basis set:
     i     jrot ilevel ivib state v     spin    sigma lambda   omega   Name
     1      4.0    1    1    1    0      0.0      0.0    0      0.0   X1Sigma+
     2      4.0    1    2    1    1      0.0      0.0    0      0.0   X1Sigma+
     3      4.0    1    3    1    2      0.0      0.0    0      0.0   X1Sigma+
     4      4.0    1    4    1    3      0.0      0.0    0      0.0   X1Sigma+
     5      4.0    1    5    1    4      0.0      0.0    0      0.0   X1Sigma+
     6      4.0    1    6    1    5      0.0      0.0    0      0.0   X1Sigma+
     7      4.0    1    7    1    6      0.0      0.0    0      0.0   X1Sigma+
     8      4.0    1    8    1    7      0.0      0.0    0      0.0   X1Sigma+
     9      4.0    1    9    1    8      0.0      0.0    0      0.0   X1Sigma+
    10      4.0    1   10    1    9      0.0      0.0    0      0.0   X1Sigma+
    11      4.0    1   11    1   10      0.0      0.0    0      0.0   X1Sigma+
    12      4.0    1   12    1   11      0.0      0.0    0      0.0   X1Sigma+
    13      4.0    1   13    1   12      0.0      0.0    0      0.0   X1Sigma+
    14      4.0    1   14    1   13      0.0      0.0    0      0.0   X1Sigma+
    15      4.0    1   15    1   14      0.0      0.0    0      0.0   X1Sigma+
    16      4.0    1   16    1   15      0.0      0.0    0      0.0   X1Sigma+
    17      4.0    1   17    1   16      0.0      0.0    0      0.0   X1Sigma+
    18      4.0    1   18    1   17      0.0      0.0    0      0.0   X1Sigma+
    19      4.0    1   19    1   18      0.0      0.0    0      0.0   X1Sigma+
    20      4.0    1   20    1   19      0.0      0.0    0      0.0   X1Sigma+
    21      4.0    1   21    1   20      0.0      0.0    0      0.0   X1Sigma+
    22      4.0    1   22    1   21      0.0      0.0    0      0.0   X1Sigma+
    23      4.0    1   23    1   22      0.0      0.0    0      0.0   X1Sigma+
    24      4.0    1   24    1   23      0.0      0.0    0      0.0   X1Sigma+
    25      4.0    1   25    1   24      0.0      0.0    0      0.0   X1Sigma+
    26      4.0    1   26    1   25      0.0      0.0    0      0.0   X1Sigma+
    27      4.0    1   27    1   26      0.0      0.0    0      0.0   X1Sigma+
    28      4.0    1   28    1   27      0.0      0.0    0      0.0   X1Sigma+
    29      4.0    1   29    1   28      0.0      0.0    0      0.0   X1Sigma+
    30      4.0    1   30    1   29      0.0      0.0    0      0.0   X1Sigma+
    31      4.0    1   31    1   30      0.0      0.0    0      0.0   X1Sigma+
    32      4.0    1   32    1   31      0.0      0.0    0      0.0   X1Sigma+
    33      4.0    1   33    1   32      0.0      0.0    0      0.0   X1Sigma+
    34      4.0    1   34    1   33      0.0      0.0    0      0.0   X1Sigma+
    35      4.0    1   35    1   34      0.0      0.0    0      0.0   X1Sigma+
    36      4.0    1   36    1   35      0.0      0.0    0      0.0   X1Sigma+
    37      4.0    1   37    1   36      0.0      0.0    0      0.0   X1Sigma+
    38      4.0    1   38    1   37      0.0      0.0    0      0.0   X1Sigma+
    39      4.0    1   39    1   38      0.0      0.0    0      0.0   X1Sigma+
    40      4.0    1   40    1   39      0.0      0.0    0      0.0   X1Sigma+
    41      4.0    1   41    1   40      0.0      0.0    0      0.0   X1Sigma+
    42      4.0    1   42    1   41      0.0      0.0    0      0.0   X1Sigma+
    43      4.0    1   43    1   42      0.0      0.0    0      0.0   X1Sigma+
    44      4.0    1   44    1   43      0.0      0.0    0      0.0   X1Sigma+
    45      4.0    1   45    1   44      0.0      0.0    0      0.0   X1Sigma+
    46      4.0    1   46    1   45      0.0      0.0    0      0.0   X1Sigma+
    47      4.0    1   47    1   46      0.0      0.0    0      0.0   X1Sigma+
    48      4.0    1   48    1   47      0.0      0.0    0      0.0   X1Sigma+
    49      4.0    1   49    1   48      0.0      0.0    0      0.0   X1Sigma+
    50      4.0    1   50    1   49      0.0      0.0    0      0.0   X1Sigma+


 Memory Report:
 Active Arrays                                          size (MB)
 GRID                                                       0.007                
 grid%r                                                     0.002                
 r-field                                                    0.010                
 icontrvib                                                  0.031                
 contrenergy                                                0.002                
 brot                                                       0.020                
 X1Sigma+                                                   0.020                
 BROT                                                       0.022                
 <X|mu|X>                                                   0.020                
 hmat                                                       0.020                
 eigens                                                     0.082                
 Total memory   =                                           0.237 MB
 Maximal memory =                                           2.503 MB (         8000.000)

 (       23 arrays contributing less than 1% are not shown)


Construct the hamiltonian matrix
...done!

Non-zero matrix elements of the coupled Sigma-Lambda matrix:
Threshold for printing is   2.22E-16 cm^-1
RV == Rotational-vibrational
SO == Spin-Orbit interaction
SS == Spin-Spin interaction
JS == J.S interaction (aka S-uncoupling)
LS == L.J interaction (aka L-uncoupling)
LS == L.S interaction (spin-electronic)
RV=         23.676;
 


Eigenvalues for J =      4.0

       J      i        Energy/cm  State   v  lambda spin   sigma   omega  parity
       4.0    1        207.593166   1     0   0     0.0     0.0     0.0   +    ||X1Sigma+
       4.0    2       3087.316744   1     1   0     0.0     0.0     0.0   +    ||X1Sigma+
       4.0    3       5863.021067   1     2   0     0.0     0.0     0.0   +    ||X1Sigma+
       4.0    4       8534.896651   1     3   0     0.0     0.0     0.0   +    ||X1Sigma+
       4.0    5      11104.143367   1     4   0     0.0     0.0     0.0   +    ||X1Sigma+
       4.0    6      13571.903189   1     5   0     0.0     0.0     0.0   +    ||X1Sigma+
       4.0    7      15938.187438   1     6   0     0.0     0.0     0.0   +    ||X1Sigma+
       4.0    8      18201.944722   1     7   0     0.0     0.0     0.0   +    ||X1Sigma+
       4.0    9      20360.964671   1     8   0     0.0     0.0     0.0   +    ||X1Sigma+
       4.0   10      22411.352183   1     9   0     0.0     0.0     0.0   +    ||X1Sigma+
       4.0   11      24348.518265   1    10   0     0.0     0.0     0.0   +    ||X1Sigma+
       4.0   12      26169.232027   1    11   0     0.0     0.0     0.0   +    ||X1Sigma+
       4.0   13      27869.632932   1    12   0     0.0     0.0     0.0   +    ||X1Sigma+
       4.0   14      29442.245173   1    13   0     0.0     0.0     0.0   +    ||X1Sigma+
       4.0   15      30874.108391   1    14   0     0.0     0.0     0.0   +    ||X1Sigma+
       4.0   16      32140.717217   1    15   0     0.0     0.0     0.0   +    ||X1Sigma+
       4.0   17      33208.775671   1    16   0     0.0     0.0     0.0   +    ||X1Sigma+
       4.0   18      34141.114388   1    17   0     0.0     0.0     0.0   +    ||X1Sigma+
       4.0   19      35154.309276   1    18   0     0.0     0.0     0.0   +    ||X1Sigma+
       4.0   20      36321.159556   1    19   0     0.0     0.0     0.0   +    ||X1Sigma+
       4.0   21      37616.277531   1    20   0     0.0     0.0     0.0   +    ||X1Sigma+
       4.0   22      39020.144309   1    21   0     0.0     0.0     0.0   +    ||X1Sigma+
       4.0   23      40521.021579   1    22   0     0.0     0.0     0.0   +    ||X1Sigma+
       4.0   24      42110.887132   1    23   0     0.0     0.0     0.0   +    ||X1Sigma+
       4.0   25      43783.922108   1    24   0     0.0     0.0     0.0   +    ||X1Sigma+
       4.0   26      45535.725171   1    25   0     0.0     0.0     0.0   +    ||X1Sigma+
       4.0   27      47362.823835   1    26   0     0.0     0.0     0.0   +    ||X1Sigma+
       4.0   28      49262.471832   1    27   0     0.0     0.0     0.0   +    ||X1Sigma+
       4.0   29      51232.489033   1    28   0     0.0     0.0     0.0   +    ||X1Sigma+
       4.0   30      53271.155796   1    29   0     0.0     0.0     0.0   +    ||X1Sigma+
       4.0   31      55377.163518   1    30   0     0.0     0.0     0.0   +    ||X1Sigma+
       4.0   32      57549.593744   1    31   0     0.0     0.0     0.0   +    ||X1Sigma+
       4.0   33      59787.874188   1    32   0     0.0     0.0     0.0   +    ||X1Sigma+
       4.0   34      62091.749610   1    33   0     0.0     0.0     0.0   +    ||X1Sigma+
       4.0   35      64461.261095   1    34   0     0.0     0.0     0.0   +    ||X1Sigma+
       4.0   36      66896.669942   1    35   0     0.0     0.0     0.0   +    ||X1Sigma+
       4.0   37      69398.415821   1    36   0     0.0     0.0     0.0   +    ||X1Sigma+
       4.0   38      71967.030301   1    37   0     0.0     0.0     0.0   +    ||X1Sigma+
       4.0   39      74603.128001   1    38   0     0.0     0.0     0.0   +    ||X1Sigma+
       4.0   40      77307.331383   1    39   0     0.0     0.0     0.0   +    ||X1Sigma+
       4.0   41      80080.222204   1    40   0     0.0     0.0     0.0   +    ||X1Sigma+
       4.0   42      82922.322969   1    41   0     0.0     0.0     0.0   +    ||X1Sigma+
       4.0   43      85834.075813   1    42   0     0.0     0.0     0.0   +    ||X1Sigma+
       4.0   44      88815.843133   1    43   0     0.0     0.0     0.0   +    ||X1Sigma+
       4.0   45      91867.906312   1    44   0     0.0     0.0     0.0   +    ||X1Sigma+
       4.0   46      94990.473117   1    45   0     0.0     0.0     0.0   +    ||X1Sigma+
       4.0   47      98183.695596   1    46   0     0.0     0.0     0.0   +    ||X1Sigma+
       4.0   48     101447.683013   1    47   0     0.0     0.0     0.0   +    ||X1Sigma+
       4.0   49     104782.587948   1    48   0     0.0     0.0     0.0   +    ||X1Sigma+
       4.0   50     108189.741629   1    49   0     0.0     0.0     0.0   +    ||X1Sigma+

Zero point energy (ZPE) =    1483.369516983481

j =       5.0

Define the quanta book-keeping
The total number sigma/lambda states (size of the sigma-lambda submatrix) = 1

Sigma-Lambda basis set:
     i     jrot  state   spin    sigma lambda   omega
     1      5.0    1      0.0      0.0    0      0.0   X1Sigma+
...done!

Contracted basis set:
     i     jrot ilevel ivib state v     spin    sigma lambda   omega   Name
     1      5.0    1    1    1    0      0.0      0.0    0      0.0   X1Sigma+
     2      5.0    1    2    1    1      0.0      0.0    0      0.0   X1Sigma+
     3      5.0    1    3    1    2      0.0      0.0    0      0.0   X1Sigma+
     4      5.0    1    4    1    3      0.0      0.0    0      0.0   X1Sigma+
     5      5.0    1    5    1    4      0.0      0.0    0      0.0   X1Sigma+
     6      5.0    1    6    1    5      0.0      0.0    0      0.0   X1Sigma+
     7      5.0    1    7    1    6      0.0      0.0    0      0.0   X1Sigma+
     8      5.0    1    8    1    7      0.0      0.0    0      0.0   X1Sigma+
     9      5.0    1    9    1    8      0.0      0.0    0      0.0   X1Sigma+
    10      5.0    1   10    1    9      0.0      0.0    0      0.0   X1Sigma+
    11      5.0    1   11    1   10      0.0      0.0    0      0.0   X1Sigma+
    12      5.0    1   12    1   11      0.0      0.0    0      0.0   X1Sigma+
    13      5.0    1   13    1   12      0.0      0.0    0      0.0   X1Sigma+
    14      5.0    1   14    1   13      0.0      0.0    0      0.0   X1Sigma+
    15      5.0    1   15    1   14      0.0      0.0    0      0.0   X1Sigma+
    16      5.0    1   16    1   15      0.0      0.0    0      0.0   X1Sigma+
    17      5.0    1   17    1   16      0.0      0.0    0      0.0   X1Sigma+
    18      5.0    1   18    1   17      0.0      0.0    0      0.0   X1Sigma+
    19      5.0    1   19    1   18      0.0      0.0    0      0.0   X1Sigma+
    20      5.0    1   20    1   19      0.0      0.0    0      0.0   X1Sigma+
    21      5.0    1   21    1   20      0.0      0.0    0      0.0   X1Sigma+
    22      5.0    1   22    1   21      0.0      0.0    0      0.0   X1Sigma+
    23      5.0    1   23    1   22      0.0      0.0    0      0.0   X1Sigma+
    24      5.0    1   24    1   23      0.0      0.0    0      0.0   X1Sigma+
    25      5.0    1   25    1   24      0.0      0.0    0      0.0   X1Sigma+
    26      5.0    1   26    1   25      0.0      0.0    0      0.0   X1Sigma+
    27      5.0    1   27    1   26      0.0      0.0    0      0.0   X1Sigma+
    28      5.0    1   28    1   27      0.0      0.0    0      0.0   X1Sigma+
    29      5.0    1   29    1   28      0.0      0.0    0      0.0   X1Sigma+
    30      5.0    1   30    1   29      0.0      0.0    0      0.0   X1Sigma+
    31      5.0    1   31    1   30      0.0      0.0    0      0.0   X1Sigma+
    32      5.0    1   32    1   31      0.0      0.0    0      0.0   X1Sigma+
    33      5.0    1   33    1   32      0.0      0.0    0      0.0   X1Sigma+
    34      5.0    1   34    1   33      0.0      0.0    0      0.0   X1Sigma+
    35      5.0    1   35    1   34      0.0      0.0    0      0.0   X1Sigma+
    36      5.0    1   36    1   35      0.0      0.0    0      0.0   X1Sigma+
    37      5.0    1   37    1   36      0.0      0.0    0      0.0   X1Sigma+
    38      5.0    1   38    1   37      0.0      0.0    0      0.0   X1Sigma+
    39      5.0    1   39    1   38      0.0      0.0    0      0.0   X1Sigma+
    40      5.0    1   40    1   39      0.0      0.0    0      0.0   X1Sigma+
    41      5.0    1   41    1   40      0.0      0.0    0      0.0   X1Sigma+
    42      5.0    1   42    1   41      0.0      0.0    0      0.0   X1Sigma+
    43      5.0    1   43    1   42      0.0      0.0    0      0.0   X1Sigma+
    44      5.0    1   44    1   43      0.0      0.0    0      0.0   X1Sigma+
    45      5.0    1   45    1   44      0.0      0.0    0      0.0   X1Sigma+
    46      5.0    1   46    1   45      0.0      0.0    0      0.0   X1Sigma+
    47      5.0    1   47    1   46      0.0      0.0    0      0.0   X1Sigma+
    48      5.0    1   48    1   47      0.0      0.0    0      0.0   X1Sigma+
    49      5.0    1   49    1   48      0.0      0.0    0      0.0   X1Sigma+
    50      5.0    1   50    1   49      0.0      0.0    0      0.0   X1Sigma+


 Memory Report:
 Active Arrays                                          size (MB)
 GRID                                                       0.007                
 r-field                                                    0.010                
 icontrvib                                                  0.031                
 brot                                                       0.020                
 X1Sigma+                                                   0.020                
 BROT                                                       0.022                
 <X|mu|X>                                                   0.020                
 hmat                                                       0.020                
 eigens                                                     0.102                
 Total memory   =                                           0.258 MB
 Maximal memory =                                           2.503 MB (         8000.000)

 (       25 arrays contributing less than 1% are not shown)


Construct the hamiltonian matrix
...done!

Non-zero matrix elements of the coupled Sigma-Lambda matrix:
Threshold for printing is   2.22E-16 cm^-1
RV == Rotational-vibrational
SO == Spin-Orbit interaction
SS == Spin-Spin interaction
JS == J.S interaction (aka S-uncoupling)
LS == L.J interaction (aka L-uncoupling)
LS == L.S interaction (spin-electronic)
RV=         35.513;
 


Eigenvalues for J =      5.0

       J      i        Energy/cm  State   v  lambda spin   sigma   omega  parity
       5.0    1        311.233798   1     0   0     0.0     0.0     0.0   -    ||X1Sigma+
       5.0    2       3187.951760   1     1   0     0.0     0.0     0.0   -    ||X1Sigma+
       5.0    3       5960.692628   1     2   0     0.0     0.0     0.0   -    ||X1Sigma+
       5.0    4       8629.626095   1     3   0     0.0     0.0     0.0   -    ||X1Sigma+
       5.0    5      11195.915494   1     4   0     0.0     0.0     0.0   -    ||X1Sigma+
       5.0    6      13660.685065   1     5   0     0.0     0.0     0.0   -    ||X1Sigma+
       5.0    7      16023.950686   1     6   0     0.0     0.0     0.0   -    ||X1Sigma+
       5.0    8      18284.664562   1     7   0     0.0     0.0     0.0   -    ||X1Sigma+
       5.0    9      20440.594832   1     8   0     0.0     0.0     0.0   -    ||X1Sigma+
       5.0   10      22487.809638   1     9   0     0.0     0.0     0.0   -    ||X1Sigma+
       5.0   11      24421.713036   1    10   0     0.0     0.0     0.0   -    ||X1Sigma+
       5.0   12      26239.078075   1    11   0     0.0     0.0     0.0   -    ||X1Sigma+
       5.0   13      27935.972547   1    12   0     0.0     0.0     0.0   -    ||X1Sigma+
       5.0   14      29504.807446   1    13   0     0.0     0.0     0.0   -    ||X1Sigma+
       5.0   15      30932.399871   1    14   0     0.0     0.0     0.0   -    ||X1Sigma+
       5.0   16      32193.815407   1    15   0     0.0     0.0     0.0   -    ||X1Sigma+
       5.0   17      33255.998377   1    16   0     0.0     0.0     0.0   -    ||X1Sigma+
       5.0   18      34186.832073   1    17   0     0.0     0.0     0.0   -    ||X1Sigma+
       5.0   19      35203.337221   1    18   0     0.0     0.0     0.0   -    ||X1Sigma+
       5.0   20      36373.287045   1    19   0     0.0     0.0     0.0   -    ||X1Sigma+
       5.0   21      37670.834245   1    20   0     0.0     0.0     0.0   -    ||X1Sigma+
       5.0   22      39076.744245   1    21   0     0.0     0.0     0.0   -    ||X1Sigma+
       5.0   23      40579.412327   1    22   0     0.0     0.0     0.0   -    ||X1Sigma+
       5.0   24      42170.890846   1    23   0     0.0     0.0     0.0   -    ||X1Sigma+
       5.0   25      43845.404897   1    24   0     0.0     0.0     0.0   -    ||X1Sigma+
       5.0   26      45598.578548   1    25   0     0.0     0.0     0.0   -    ||X1Sigma+
       5.0   27      47426.957060   1    26   0     0.0     0.0     0.0   -    ||X1Sigma+
       5.0   28      49327.804220   1    27   0     0.0     0.0     0.0   -    ||X1Sigma+
       5.0   29      51298.944854   1    28   0     0.0     0.0     0.0   -    ||X1Sigma+
       5.0   30      53338.660308   1    29   0     0.0     0.0     0.0   -    ||X1Sigma+
       5.0   31      55445.640248   1    30   0     0.0     0.0     0.0   -    ||X1Sigma+
       5.0   32      57618.961546   1    31   0     0.0     0.0     0.0   -    ||X1Sigma+
       5.0   33      59858.047091   1    32   0     0.0     0.0     0.0   -    ||X1Sigma+
       5.0   34      62162.636070   1    33   0     0.0     0.0     0.0   -    ||X1Sigma+
       5.0   35      64532.766470   1    34   0     0.0     0.0     0.0   -    ||X1Sigma+
       5.0   36      66968.698610   1    35   0     0.0     0.0     0.0   -    ||X1Sigma+
       5.0   37      69470.874709   1    36   0     0.0     0.0     0.0   -    ||X1Sigma+
       5.0   38      72039.831181   1    37   0     0.0     0.0     0.0   -    ||X1Sigma+
       5.0   39      74676.189262   1    38   0     0.0     0.0     0.0   -    ||X1Sigma+
       5.0   40      77380.580997   1    39   0     0.0     0.0     0.0   -    ||X1Sigma+
       5.0   41      80153.598600   1    40   0     0.0     0.0     0.0   -    ||X1Sigma+
       5.0   42      82995.775270   1    41   0     0.0     0.0     0.0   -    ||X1Sigma+
       5.0   43      85907.563485   1    42   0     0.0     0.0     0.0   -    ||X1Sigma+
       5.0   44      88889.335017   1    43   0     0.0     0.0     0.0   -    ||X1Sigma+
       5.0   45      91941.379968   1    44   0     0.0     0.0     0.0   -    ||X1Sigma+
       5.0   46      95063.915281   1    45   0     0.0     0.0     0.0   -    ||X1Sigma+
       5.0   47      98257.104509   1    46   0     0.0     0.0     0.0   -    ||X1Sigma+
       5.0   48     101521.094572   1    47   0     0.0     0.0     0.0   -    ||X1Sigma+
       5.0   49     104856.165960   1    48   0     0.0     0.0     0.0   -    ||X1Sigma+
       5.0   50     108265.389941   1    49   0     0.0     0.0     0.0   -    ||X1Sigma+

Zero point energy (ZPE) =    1483.369516983481

j =       6.0

Define the quanta book-keeping
The total number sigma/lambda states (size of the sigma-lambda submatrix) = 1

Sigma-Lambda basis set:
     i     jrot  state   spin    sigma lambda   omega
     1      6.0    1      0.0      0.0    0      0.0   X1Sigma+
...done!

Contracted basis set:
     i     jrot ilevel ivib state v     spin    sigma lambda   omega   Name
     1      6.0    1    1    1    0      0.0      0.0    0      0.0   X1Sigma+
     2      6.0    1    2    1    1      0.0      0.0    0      0.0   X1Sigma+
     3      6.0    1    3    1    2      0.0      0.0    0      0.0   X1Sigma+
     4      6.0    1    4    1    3      0.0      0.0    0      0.0   X1Sigma+
     5      6.0    1    5    1    4      0.0      0.0    0      0.0   X1Sigma+
     6      6.0    1    6    1    5      0.0      0.0    0      0.0   X1Sigma+
     7      6.0    1    7    1    6      0.0      0.0    0      0.0   X1Sigma+
     8      6.0    1    8    1    7      0.0      0.0    0      0.0   X1Sigma+
     9      6.0    1    9    1    8      0.0      0.0    0      0.0   X1Sigma+
    10      6.0    1   10    1    9      0.0      0.0    0      0.0   X1Sigma+
    11      6.0    1   11    1   10      0.0      0.0    0      0.0   X1Sigma+
    12      6.0    1   12    1   11      0.0      0.0    0      0.0   X1Sigma+
    13      6.0    1   13    1   12      0.0      0.0    0      0.0   X1Sigma+
    14      6.0    1   14    1   13      0.0      0.0    0      0.0   X1Sigma+
    15      6.0    1   15    1   14      0.0      0.0    0      0.0   X1Sigma+
    16      6.0    1   16    1   15      0.0      0.0    0      0.0   X1Sigma+
    17      6.0    1   17    1   16      0.0      0.0    0      0.0   X1Sigma+
    18      6.0    1   18    1   17      0.0      0.0    0      0.0   X1Sigma+
    19      6.0    1   19    1   18      0.0      0.0    0      0.0   X1Sigma+
    20      6.0    1   20    1   19      0.0      0.0    0      0.0   X1Sigma+
    21      6.0    1   21    1   20      0.0      0.0    0      0.0   X1Sigma+
    22      6.0    1   22    1   21      0.0      0.0    0      0.0   X1Sigma+
    23      6.0    1   23    1   22      0.0      0.0    0      0.0   X1Sigma+
    24      6.0    1   24    1   23      0.0      0.0    0      0.0   X1Sigma+
    25      6.0    1   25    1   24      0.0      0.0    0      0.0   X1Sigma+
    26      6.0    1   26    1   25      0.0      0.0    0      0.0   X1Sigma+
    27      6.0    1   27    1   26      0.0      0.0    0      0.0   X1Sigma+
    28      6.0    1   28    1   27      0.0      0.0    0      0.0   X1Sigma+
    29      6.0    1   29    1   28      0.0      0.0    0      0.0   X1Sigma+
    30      6.0    1   30    1   29      0.0      0.0    0      0.0   X1Sigma+
    31      6.0    1   31    1   30      0.0      0.0    0      0.0   X1Sigma+
    32      6.0    1   32    1   31      0.0      0.0    0      0.0   X1Sigma+
    33      6.0    1   33    1   32      0.0      0.0    0      0.0   X1Sigma+
    34      6.0    1   34    1   33      0.0      0.0    0      0.0   X1Sigma+
    35      6.0    1   35    1   34      0.0      0.0    0      0.0   X1Sigma+
    36      6.0    1   36    1   35      0.0      0.0    0      0.0   X1Sigma+
    37      6.0    1   37    1   36      0.0      0.0    0      0.0   X1Sigma+
    38      6.0    1   38    1   37      0.0      0.0    0      0.0   X1Sigma+
    39      6.0    1   39    1   38      0.0      0.0    0      0.0   X1Sigma+
    40      6.0    1   40    1   39      0.0      0.0    0      0.0   X1Sigma+
    41      6.0    1   41    1   40      0.0      0.0    0      0.0   X1Sigma+
    42      6.0    1   42    1   41      0.0      0.0    0      0.0   X1Sigma+
    43      6.0    1   43    1   42      0.0      0.0    0      0.0   X1Sigma+
    44      6.0    1   44    1   43      0.0      0.0    0      0.0   X1Sigma+
    45      6.0    1   45    1   44      0.0      0.0    0      0.0   X1Sigma+
    46      6.0    1   46    1   45      0.0      0.0    0      0.0   X1Sigma+
    47      6.0    1   47    1   46      0.0      0.0    0      0.0   X1Sigma+
    48      6.0    1   48    1   47      0.0      0.0    0      0.0   X1Sigma+
    49      6.0    1   49    1   48      0.0      0.0    0      0.0   X1Sigma+
    50      6.0    1   50    1   49      0.0      0.0    0      0.0   X1Sigma+


 Memory Report:
 Active Arrays                                          size (MB)
 GRID                                                       0.007                
 r-field                                                    0.010                
 icontrvib                                                  0.031                
 brot                                                       0.020                
 X1Sigma+                                                   0.020                
 BROT                                                       0.022                
 <X|mu|X>                                                   0.020                
 hmat                                                       0.020                
 eigens                                                     0.122                
 Total memory   =                                           0.278 MB
 Maximal memory =                                           2.503 MB (         8000.000)

 (       25 arrays contributing less than 1% are not shown)


Construct the hamiltonian matrix
...done!

Non-zero matrix elements of the coupled Sigma-Lambda matrix:
Threshold for printing is   2.22E-16 cm^-1
RV == Rotational-vibrational
SO == Spin-Orbit interaction
SS == Spin-Spin interaction
JS == J.S interaction (aka S-uncoupling)
LS == L.J interaction (aka L-uncoupling)
LS == L.S interaction (spin-electronic)
RV=         49.719;
 


Eigenvalues for J =      6.0

       J      i        Energy/cm  State   v  lambda spin   sigma   omega  parity
       6.0    1        435.465501   1     0   0     0.0     0.0     0.0   +    ||X1Sigma+
       6.0    2       3308.578231   1     1   0     0.0     0.0     0.0   +    ||X1Sigma+
       6.0    3       6077.763989   1     2   0     0.0     0.0     0.0   +    ||X1Sigma+
       6.0    4       8743.168266   1     3   0     0.0     0.0     0.0   +    ||X1Sigma+
       6.0    5      11305.910844   1     4   0     0.0     0.0     0.0   +    ||X1Sigma+
       6.0    6      13767.093989   1     5   0     0.0     0.0     0.0   +    ||X1Sigma+
       6.0    7      16126.738338   1     6   0     0.0     0.0     0.0   +    ||X1Sigma+
       6.0    8      18383.799986   1     7   0     0.0     0.0     0.0   +    ||X1Sigma+
       6.0    9      20536.020883   1     8   0     0.0     0.0     0.0   +    ||X1Sigma+
       6.0   10      22579.425360   1     9   0     0.0     0.0     0.0   +    ||X1Sigma+
       6.0   11      24509.410383   1    10   0     0.0     0.0     0.0   +    ||X1Sigma+
       6.0   12      26322.752785   1    11   0     0.0     0.0     0.0   +    ||X1Sigma+
       6.0   13      28015.432276   1    12   0     0.0     0.0     0.0   +    ||X1Sigma+
       6.0   14      29579.722247   1    13   0     0.0     0.0     0.0   +    ||X1Sigma+
       6.0   15      31002.166161   1    14   0     0.0     0.0     0.0   +    ||X1Sigma+
       6.0   16      32257.306820   1    15   0     0.0     0.0     0.0   +    ||X1Sigma+
       6.0   17      33312.463793   1    16   0     0.0     0.0     0.0   +    ||X1Sigma+
       6.0   18      34241.730851   1    17   0     0.0     0.0     0.0   +    ||X1Sigma+
       6.0   19      35262.260207   1    18   0     0.0     0.0     0.0   +    ||X1Sigma+
       6.0   20      36435.898869   1    19   0     0.0     0.0     0.0   +    ||X1Sigma+
       6.0   21      37736.341678   1    20   0     0.0     0.0     0.0   +    ||X1Sigma+
       6.0   22      39144.691280   1    21   0     0.0     0.0     0.0   +    ||X1Sigma+
       6.0   23      40649.499771   1    22   0     0.0     0.0     0.0   +    ||X1Sigma+
       6.0   24      42242.907639   1    23   0     0.0     0.0     0.0   +    ||X1Sigma+
       6.0   25      43919.192093   1    24   0     0.0     0.0     0.0   +    ||X1Sigma+
       6.0   26      45674.007244   1    25   0     0.0     0.0     0.0   +    ||X1Sigma+
       6.0   27      47503.919497   1    26   0     0.0     0.0     0.0   +    ||X1Sigma+
       6.0   28      49406.204641   1    27   0     0.0     0.0     0.0   +    ||X1Sigma+
       6.0   29      51378.693419   1    28   0     0.0     0.0     0.0   +    ||X1Sigma+
       6.0   30      53419.668388   1    29   0     0.0     0.0     0.0   +    ||X1Sigma+
       6.0   31      55527.817165   1    30   0     0.0     0.0     0.0   +    ||X1Sigma+
       6.0   32      57702.210954   1    31   0     0.0     0.0     0.0   +    ||X1Sigma+
       6.0   33      59942.266737   1    32   0     0.0     0.0     0.0   +    ||X1Sigma+
       6.0   34      62247.716822   1    33   0     0.0     0.0     0.0   +    ||X1Sigma+
       6.0   35      64618.595136   1    34   0     0.0     0.0     0.0   +    ||X1Sigma+
       6.0   36      67055.160507   1    35   0     0.0     0.0     0.0   +    ||X1Sigma+
       6.0   37      69557.857870   1    36   0     0.0     0.0     0.0   +    ||X1Sigma+
       6.0   38      72127.229251   1    37   0     0.0     0.0     0.0   +    ||X1Sigma+
       6.0   39      74763.903595   1    38   0     0.0     0.0     0.0   +    ||X1Sigma+
       6.0   40      77468.524301   1    39   0     0.0     0.0     0.0   +    ||X1Sigma+
       6.0   41      80241.696117   1    40   0     0.0     0.0     0.0   +    ||X1Sigma+
       6.0   42      83083.965140   1    41   0     0.0     0.0     0.0   +    ||X1Sigma+
       6.0   43      85995.796384   1    42   0     0.0     0.0     0.0   +    ||X1Sigma+
       6.0   44      88977.573149   1    43   0     0.0     0.0     0.0   +    ||X1Sigma+
       6.0   45      92029.596317   1    44   0     0.0     0.0     0.0   +    ||X1Sigma+
       6.0   46      95152.095095   1    45   0     0.0     0.0     0.0   +    ||X1Sigma+
       6.0   47      98345.249143   1    46   0     0.0     0.0     0.0   +    ||X1Sigma+
       6.0   48     101609.265275   1    47   0     0.0     0.0     0.0   +    ||X1Sigma+
       6.0   49     104944.633548   1    48   0     0.0     0.0     0.0   +    ||X1Sigma+
       6.0   50     108357.544743   1    49   0     0.0     0.0     0.0   +    ||X1Sigma+

Zero point energy (ZPE) =    1483.369516983481

j =       7.0

Define the quanta book-keeping
The total number sigma/lambda states (size of the sigma-lambda submatrix) = 1

Sigma-Lambda basis set:
     i     jrot  state   spin    sigma lambda   omega
     1      7.0    1      0.0      0.0    0      0.0   X1Sigma+
...done!

Contracted basis set:
     i     jrot ilevel ivib state v     spin    sigma lambda   omega   Name
     1      7.0    1    1    1    0      0.0      0.0    0      0.0   X1Sigma+
     2      7.0    1    2    1    1      0.0      0.0    0      0.0   X1Sigma+
     3      7.0    1    3    1    2      0.0      0.0    0      0.0   X1Sigma+
     4      7.0    1    4    1    3      0.0      0.0    0      0.0   X1Sigma+
     5      7.0    1    5    1    4      0.0      0.0    0      0.0   X1Sigma+
     6      7.0    1    6    1    5      0.0      0.0    0      0.0   X1Sigma+
     7      7.0    1    7    1    6      0.0      0.0    0      0.0   X1Sigma+
     8      7.0    1    8    1    7      0.0      0.0    0      0.0   X1Sigma+
     9      7.0    1    9    1    8      0.0      0.0    0      0.0   X1Sigma+
    10      7.0    1   10    1    9      0.0      0.0    0      0.0   X1Sigma+
    11      7.0    1   11    1   10      0.0      0.0    0      0.0   X1Sigma+
    12      7.0    1   12    1   11      0.0      0.0    0      0.0   X1Sigma+
    13      7.0    1   13    1   12      0.0      0.0    0      0.0   X1Sigma+
    14      7.0    1   14    1   13      0.0      0.0    0      0.0   X1Sigma+
    15      7.0    1   15    1   14      0.0      0.0    0      0.0   X1Sigma+
    16      7.0    1   16    1   15      0.0      0.0    0      0.0   X1Sigma+
    17      7.0    1   17    1   16      0.0      0.0    0      0.0   X1Sigma+
    18      7.0    1   18    1   17      0.0      0.0    0      0.0   X1Sigma+
    19      7.0    1   19    1   18      0.0      0.0    0      0.0   X1Sigma+
    20      7.0    1   20    1   19      0.0      0.0    0      0.0   X1Sigma+
    21      7.0    1   21    1   20      0.0      0.0    0      0.0   X1Sigma+
    22      7.0    1   22    1   21      0.0      0.0    0      0.0   X1Sigma+
    23      7.0    1   23    1   22      0.0      0.0    0      0.0   X1Sigma+
    24      7.0    1   24    1   23      0.0      0.0    0      0.0   X1Sigma+
    25      7.0    1   25    1   24      0.0      0.0    0      0.0   X1Sigma+
    26      7.0    1   26    1   25      0.0      0.0    0      0.0   X1Sigma+
    27      7.0    1   27    1   26      0.0      0.0    0      0.0   X1Sigma+
    28      7.0    1   28    1   27      0.0      0.0    0      0.0   X1Sigma+
    29      7.0    1   29    1   28      0.0      0.0    0      0.0   X1Sigma+
    30      7.0    1   30    1   29      0.0      0.0    0      0.0   X1Sigma+
    31      7.0    1   31    1   30      0.0      0.0    0      0.0   X1Sigma+
    32      7.0    1   32    1   31      0.0      0.0    0      0.0   X1Sigma+
    33      7.0    1   33    1   32      0.0      0.0    0      0.0   X1Sigma+
    34      7.0    1   34    1   33      0.0      0.0    0      0.0   X1Sigma+
    35      7.0    1   35    1   34      0.0      0.0    0      0.0   X1Sigma+
    36      7.0    1   36    1   35      0.0      0.0    0      0.0   X1Sigma+
    37      7.0    1   37    1   36      0.0      0.0    0      0.0   X1Sigma+
    38      7.0    1   38    1   37      0.0      0.0    0      0.0   X1Sigma+
    39      7.0    1   39    1   38      0.0      0.0    0      0.0   X1Sigma+
    40      7.0    1   40    1   39      0.0      0.0    0      0.0   X1Sigma+
    41      7.0    1   41    1   40      0.0      0.0    0      0.0   X1Sigma+
    42      7.0    1   42    1   41      0.0      0.0    0      0.0   X1Sigma+
    43      7.0    1   43    1   42      0.0      0.0    0      0.0   X1Sigma+
    44      7.0    1   44    1   43      0.0      0.0    0      0.0   X1Sigma+
    45      7.0    1   45    1   44      0.0      0.0    0      0.0   X1Sigma+
    46      7.0    1   46    1   45      0.0      0.0    0      0.0   X1Sigma+
    47      7.0    1   47    1   46      0.0      0.0    0      0.0   X1Sigma+
    48      7.0    1   48    1   47      0.0      0.0    0      0.0   X1Sigma+
    49      7.0    1   49    1   48      0.0      0.0    0      0.0   X1Sigma+
    50      7.0    1   50    1   49      0.0      0.0    0      0.0   X1Sigma+


 Memory Report:
 Active Arrays                                          size (MB)
 GRID                                                       0.007                
 r-field                                                    0.010                
 icontrvib                                                  0.031                
 brot                                                       0.020                
 X1Sigma+                                                   0.020                
 BROT                                                       0.022                
 <X|mu|X>                                                   0.020                
 hmat                                                       0.020                
 eigens                                                     0.143                
 Total memory   =                                           0.299 MB
 Maximal memory =                                           2.503 MB (         8000.000)

 (       25 arrays contributing less than 1% are not shown)


Construct the hamiltonian matrix
...done!

Non-zero matrix elements of the coupled Sigma-Lambda matrix:
Threshold for printing is   2.22E-16 cm^-1
RV == Rotational-vibrational
SO == Spin-Orbit interaction
SS == Spin-Spin interaction
JS == J.S interaction (aka S-uncoupling)
LS == L.J interaction (aka L-uncoupling)
LS == L.S interaction (spin-electronic)
RV=         66.291;
 


Eigenvalues for J =      7.0

       J      i        Energy/cm  State   v  lambda spin   sigma   omega  parity
       7.0    1        580.213731   1     0   0     0.0     0.0     0.0   -    ||X1Sigma+
       7.0    2       3449.122436   1     1   0     0.0     0.0     0.0   -    ||X1Sigma+
       7.0    3       6214.161984   1     2   0     0.0     0.0     0.0   -    ||X1Sigma+
       7.0    4       8875.450696   1     3   0     0.0     0.0     0.0   -    ||X1Sigma+
       7.0    5      11434.057977   1     4   0     0.0     0.0     0.0   -    ||X1Sigma+
       7.0    6      13891.059520   1     5   0     0.0     0.0     0.0   -    ||X1Sigma+
       7.0    7      16246.480545   1     6   0     0.0     0.0     0.0   -    ||X1Sigma+
       7.0    8      18499.281073   1     7   0     0.0     0.0     0.0   -    ||X1Sigma+
       7.0    9      20647.171925   1     8   0     0.0     0.0     0.0   -    ||X1Sigma+
       7.0   10      22686.126764   1     9   0     0.0     0.0     0.0   -    ||X1Sigma+
       7.0   11      24611.535999   1    10   0     0.0     0.0     0.0   -    ||X1Sigma+
       7.0   12      26420.179479   1    11   0     0.0     0.0     0.0   -    ||X1Sigma+
       7.0   13      28107.931328   1    12   0     0.0     0.0     0.0   -    ||X1Sigma+
       7.0   14      29666.901851   1    13   0     0.0     0.0     0.0   -    ||X1Sigma+
       7.0   15      31083.305963   1    14   0     0.0     0.0     0.0   -    ||X1Sigma+
       7.0   16      32331.065943   1    15   0     0.0     0.0     0.0   -    ||X1Sigma+
       7.0   17      33378.068776   1    16   0     0.0     0.0     0.0   -    ||X1Sigma+
       7.0   18      34305.839440   1    17   0     0.0     0.0     0.0   -    ||X1Sigma+
       7.0   19      35331.125781   1    18   0     0.0     0.0     0.0   -    ||X1Sigma+
       7.0   20      36509.025965   1    19   0     0.0     0.0     0.0   -    ||X1Sigma+
       7.0   21      37812.820602   1    20   0     0.0     0.0     0.0   -    ||X1Sigma+
       7.0   22      39223.999685   1    21   0     0.0     0.0     0.0   -    ||X1Sigma+
       7.0   23      40731.293618   1    22   0     0.0     0.0     0.0   -    ||X1Sigma+
       7.0   24      42326.943876   1    23   0     0.0     0.0     0.0   -    ||X1Sigma+
       7.0   25      44005.287624   1    24   0     0.0     0.0     0.0   -    ||X1Sigma+
       7.0   26      45762.013425   1    25   0     0.0     0.0     0.0   -    ||X1Sigma+
       7.0   27      47593.712147   1    26   0     0.0     0.0     0.0   -    ||X1Sigma+
       7.0   28      49497.673491   1    27   0     0.0     0.0     0.0   -    ||X1Sigma+
       7.0   29      51471.735070   1    28   0     0.0     0.0     0.0   -    ||X1Sigma+
       7.0   30      53514.180885   1    29   0     0.0     0.0     0.0   -    ||X1Sigma+
       7.0   31      55623.696219   1    30   0     0.0     0.0     0.0   -    ||X1Sigma+
       7.0   32      57799.345585   1    31   0     0.0     0.0     0.0   -    ||X1Sigma+
       7.0   33      60040.538919   1    32   0     0.0     0.0     0.0   -    ||X1Sigma+
       7.0   34      62347.000258   1    33   0     0.0     0.0     0.0   -    ||X1Sigma+
       7.0   35      64718.758336   1    34   0     0.0     0.0     0.0   -    ||X1Sigma+
       7.0   36      67156.069796   1    35   0     0.0     0.0     0.0   -    ||X1Sigma+
       7.0   37      69659.382261   1    36   0     0.0     0.0     0.0   -    ||X1Sigma+
       7.0   38      72229.244028   1    37   0     0.0     0.0     0.0   -    ||X1Sigma+
       7.0   39      74866.292705   1    38   0     0.0     0.0     0.0   -    ||X1Sigma+
       7.0   40      77571.184724   1    39   0     0.0     0.0     0.0   -    ||X1Sigma+
       7.0   41      80344.539419   1    40   0     0.0     0.0     0.0   -    ||X1Sigma+
       7.0   42      83186.918014   1    41   0     0.0     0.0     0.0   -    ||X1Sigma+
       7.0   43      86098.800309   1    42   0     0.0     0.0     0.0   -    ||X1Sigma+
       7.0   44      89080.583391   1    43   0     0.0     0.0     0.0   -    ||X1Sigma+
       7.0   45      92132.581086   1    44   0     0.0     0.0     0.0   -    ||X1Sigma+
       7.0   46      95255.038361   1    45   0     0.0     0.0     0.0   -    ||X1Sigma+
       7.0   47      98448.156142   1    46   0     0.0     0.0     0.0   -    ||X1Sigma+
       7.0   48     101712.228590   1    47   0     0.0     0.0     0.0   -    ||X1Sigma+
       7.0   49     105048.057388   1    48   0     0.0     0.0     0.0   -    ||X1Sigma+
       7.0   50     108467.000678   1    49   0     0.0     0.0     0.0   -    ||X1Sigma+

Zero point energy (ZPE) =    1483.369516983481

j =       8.0

Define the quanta book-keeping
The total number sigma/lambda states (size of the sigma-lambda submatrix) = 1

Sigma-Lambda basis set:
     i     jrot  state   spin    sigma lambda   omega
     1      8.0    1      0.0      0.0    0      0.0   X1Sigma+
...done!

Contracted basis set:
     i     jrot ilevel ivib state v     spin    sigma lambda   omega   Name
     1      8.0    1    1    1    0      0.0      0.0    0      0.0   X1Sigma+
     2      8.0    1    2    1    1      0.0      0.0    0      0.0   X1Sigma+
     3      8.0    1    3    1    2      0.0      0.0    0      0.0   X1Sigma+
     4      8.0    1    4    1    3      0.0      0.0    0      0.0   X1Sigma+
     5      8.0    1    5    1    4      0.0      0.0    0      0.0   X1Sigma+
     6      8.0    1    6    1    5      0.0      0.0    0      0.0   X1Sigma+
     7      8.0    1    7    1    6      0.0      0.0    0      0.0   X1Sigma+
     8      8.0    1    8    1    7      0.0      0.0    0      0.0   X1Sigma+
     9      8.0    1    9    1    8      0.0      0.0    0      0.0   X1Sigma+
    10      8.0    1   10    1    9      0.0      0.0    0      0.0   X1Sigma+
    11      8.0    1   11    1   10      0.0      0.0    0      0.0   X1Sigma+
    12      8.0    1   12    1   11      0.0      0.0    0      0.0   X1Sigma+
    13      8.0    1   13    1   12      0.0      0.0    0      0.0   X1Sigma+
    14      8.0    1   14    1   13      0.0      0.0    0      0.0   X1Sigma+
    15      8.0    1   15    1   14      0.0      0.0    0      0.0   X1Sigma+
    16      8.0    1   16    1   15      0.0      0.0    0      0.0   X1Sigma+
    17      8.0    1   17    1   16      0.0      0.0    0      0.0   X1Sigma+
    18      8.0    1   18    1   17      0.0      0.0    0      0.0   X1Sigma+
    19      8.0    1   19    1   18      0.0      0.0    0      0.0   X1Sigma+
    20      8.0    1   20    1   19      0.0      0.0    0      0.0   X1Sigma+
    21      8.0    1   21    1   20      0.0      0.0    0      0.0   X1Sigma+
    22      8.0    1   22    1   21      0.0      0.0    0      0.0   X1Sigma+
    23      8.0    1   23    1   22      0.0      0.0    0      0.0   X1Sigma+
    24      8.0    1   24    1   23      0.0      0.0    0      0.0   X1Sigma+
    25      8.0    1   25    1   24      0.0      0.0    0      0.0   X1Sigma+
    26      8.0    1   26    1   25      0.0      0.0    0      0.0   X1Sigma+
    27      8.0    1   27    1   26      0.0      0.0    0      0.0   X1Sigma+
    28      8.0    1   28    1   27      0.0      0.0    0      0.0   X1Sigma+
    29      8.0    1   29    1   28      0.0      0.0    0      0.0   X1Sigma+
    30      8.0    1   30    1   29      0.0      0.0    0      0.0   X1Sigma+
    31      8.0    1   31    1   30      0.0      0.0    0      0.0   X1Sigma+
    32      8.0    1   32    1   31      0.0      0.0    0      0.0   X1Sigma+
    33      8.0    1   33    1   32      0.0      0.0    0      0.0   X1Sigma+
    34      8.0    1   34    1   33      0.0      0.0    0      0.0   X1Sigma+
    35      8.0    1   35    1   34      0.0      0.0    0      0.0   X1Sigma+
    36      8.0    1   36    1   35      0.0      0.0    0      0.0   X1Sigma+
    37      8.0    1   37    1   36      0.0      0.0    0      0.0   X1Sigma+
    38      8.0    1   38    1   37      0.0      0.0    0      0.0   X1Sigma+
    39      8.0    1   39    1   38      0.0      0.0    0      0.0   X1Sigma+
    40      8.0    1   40    1   39      0.0      0.0    0      0.0   X1Sigma+
    41      8.0    1   41    1   40      0.0      0.0    0      0.0   X1Sigma+
    42      8.0    1   42    1   41      0.0      0.0    0      0.0   X1Sigma+
    43      8.0    1   43    1   42      0.0      0.0    0      0.0   X1Sigma+
    44      8.0    1   44    1   43      0.0      0.0    0      0.0   X1Sigma+
    45      8.0    1   45    1   44      0.0      0.0    0      0.0   X1Sigma+
    46      8.0    1   46    1   45      0.0      0.0    0      0.0   X1Sigma+
    47      8.0    1   47    1   46      0.0      0.0    0      0.0   X1Sigma+
    48      8.0    1   48    1   47      0.0      0.0    0      0.0   X1Sigma+
    49      8.0    1   49    1   48      0.0      0.0    0      0.0   X1Sigma+
    50      8.0    1   50    1   49      0.0      0.0    0      0.0   X1Sigma+


 Memory Report:
 Active Arrays                                          size (MB)
 GRID                                                       0.007                
 r-field                                                    0.010                
 icontrvib                                                  0.031                
 brot                                                       0.020                
 X1Sigma+                                                   0.020                
 BROT                                                       0.022                
 <X|mu|X>                                                   0.020                
 hmat                                                       0.020                
 eigens                                                     0.163                
 Total memory   =                                           0.319 MB
 Maximal memory =                                           2.503 MB (         8000.000)

 (       25 arrays contributing less than 1% are not shown)


Construct the hamiltonian matrix
...done!

Non-zero matrix elements of the coupled Sigma-Lambda matrix:
Threshold for printing is   2.22E-16 cm^-1
RV == Rotational-vibrational
SO == Spin-Orbit interaction
SS == Spin-Spin interaction
JS == J.S interaction (aka S-uncoupling)
LS == L.J interaction (aka L-uncoupling)
LS == L.S interaction (spin-electronic)
RV=         85.232;
 


Eigenvalues for J =      8.0

       J      i        Energy/cm  State   v  lambda spin   sigma   omega  parity
       8.0    1        745.391696   1     0   0     0.0     0.0     0.0   +    ||X1Sigma+
       8.0    2       3609.498546   1     1   0     0.0     0.0     0.0   +    ||X1Sigma+
       8.0    3       6369.801432   1     2   0     0.0     0.0     0.0   +    ||X1Sigma+
       8.0    4       9026.388986   1     3   0     0.0     0.0     0.0   +    ||X1Sigma+
       8.0    5      11580.273647   1     4   0     0.0     0.0     0.0   +    ||X1Sigma+
       8.0    6      14032.499563   1     5   0     0.0     0.0     0.0   +    ||X1Sigma+
       8.0    7      16383.095906   1     6   0     0.0     0.0     0.0   +    ||X1Sigma+
       8.0    8      18631.026331   1     7   0     0.0     0.0     0.0   +    ||X1Sigma+
       8.0    9      20773.965315   1     8   0     0.0     0.0     0.0   +    ||X1Sigma+
       8.0   10      22807.829236   1     9   0     0.0     0.0     0.0   +    ||X1Sigma+
       8.0   11      24728.003257   1    10   0     0.0     0.0     0.0   +    ||X1Sigma+
       8.0   12      26531.268686   1    11   0     0.0     0.0     0.0   +    ||X1Sigma+
       8.0   13      28213.375296   1    12   0     0.0     0.0     0.0   +    ||X1Sigma+
       8.0   14      29766.243473   1    13   0     0.0     0.0     0.0   +    ||X1Sigma+
       8.0   15      31175.700022   1    14   0     0.0     0.0     0.0   +    ||X1Sigma+
       8.0   16      32414.944706   1    15   0     0.0     0.0     0.0   +    ||X1Sigma+
       8.0   17      33452.699587   1    16   0     0.0     0.0     0.0   +    ||X1Sigma+
       8.0   18      34379.197459   1    17   0     0.0     0.0     0.0   +    ||X1Sigma+
       8.0   19      35409.988277   1    18   0     0.0     0.0     0.0   +    ||X1Sigma+
       8.0   20      36592.703495   1    19   0     0.0     0.0     0.0   +    ||X1Sigma+
       8.0   21      37900.294683   1    20   0     0.0     0.0     0.0   +    ||X1Sigma+
       8.0   22      39314.685698   1    21   0     0.0     0.0     0.0   +    ||X1Sigma+
       8.0   23      40824.804861   1    22   0     0.0     0.0     0.0   +    ||X1Sigma+
       8.0   24      42423.006691   1    23   0     0.0     0.0     0.0   +    ||X1Sigma+
       8.0   25      44103.695784   1    24   0     0.0     0.0     0.0   +    ||X1Sigma+
       8.0   26      45862.599331   1    25   0     0.0     0.0     0.0   +    ||X1Sigma+
       8.0   27      47696.335861   1    26   0     0.0     0.0     0.0   +    ||X1Sigma+
       8.0   28      49602.210872   1    27   0     0.0     0.0     0.0   +    ||X1Sigma+
       8.0   29      51578.069789   1    28   0     0.0     0.0     0.0   +    ||X1Sigma+
       8.0   30      53622.198307   1    29   0     0.0     0.0     0.0   +    ||X1Sigma+
       8.0   31      55733.279121   1    30   0     0.0     0.0     0.0   +    ||X1Sigma+
       8.0   32      57910.369026   1    31   0     0.0     0.0     0.0   +    ||X1Sigma+
       8.0   33      60152.869707   1    32   0     0.0     0.0     0.0   +    ||X1Sigma+
       8.0   34      62460.495447   1    33   0     0.0     0.0     0.0   +    ||X1Sigma+
       8.0   35      64833.268455   1    34   0     0.0     0.0     0.0   +    ||X1Sigma+
       8.0   36      67271.442294   1    35   0     0.0     0.0     0.0   +    ||X1Sigma+
       8.0   37      69775.467023   1    36   0     0.0     0.0     0.0   +    ||X1Sigma+
       8.0   38      72345.897711   1    37   0     0.0     0.0     0.0   +    ||X1Sigma+
       8.0   39      74983.381435   1    38   0     0.0     0.0     0.0   +    ||X1Sigma+
       8.0   40      77688.589213   1    39   0     0.0     0.0     0.0   +    ||X1Sigma+
       8.0   41      80462.156988   1    40   0     0.0     0.0     0.0   +    ||X1Sigma+
       8.0   42      83304.663349   1    41   0     0.0     0.0     0.0   +    ||X1Sigma+
       8.0   43      86216.605185   1    42   0     0.0     0.0     0.0   +    ||X1Sigma+
       8.0   44      89198.395732   1    43   0     0.0     0.0     0.0   +    ||X1Sigma+
       8.0   45      92250.363992   1    44   0     0.0     0.0     0.0   +    ||X1Sigma+
       8.0   46      95372.774481   1    45   0     0.0     0.0     0.0   +    ||X1Sigma+
       8.0   47      98565.854686   1    46   0     0.0     0.0     0.0   +    ||X1Sigma+
       8.0   48     101830.017374   1    47   0     0.0     0.0     0.0   +    ||X1Sigma+
       8.0   49     105166.491990   1    48   0     0.0     0.0     0.0   +    ||X1Sigma+
       8.0   50     108594.719389   1    49   0     0.0     0.0     0.0   +    ||X1Sigma+

Zero point energy (ZPE) =    1483.369516983481

j =       9.0

Define the quanta book-keeping
The total number sigma/lambda states (size of the sigma-lambda submatrix) = 1

Sigma-Lambda basis set:
     i     jrot  state   spin    sigma lambda   omega
     1      9.0    1      0.0      0.0    0      0.0   X1Sigma+
...done!

Contracted basis set:
     i     jrot ilevel ivib state v     spin    sigma lambda   omega   Name
     1      9.0    1    1    1    0      0.0      0.0    0      0.0   X1Sigma+
     2      9.0    1    2    1    1      0.0      0.0    0      0.0   X1Sigma+
     3      9.0    1    3    1    2      0.0      0.0    0      0.0   X1Sigma+
     4      9.0    1    4    1    3      0.0      0.0    0      0.0   X1Sigma+
     5      9.0    1    5    1    4      0.0      0.0    0      0.0   X1Sigma+
     6      9.0    1    6    1    5      0.0      0.0    0      0.0   X1Sigma+
     7      9.0    1    7    1    6      0.0      0.0    0      0.0   X1Sigma+
     8      9.0    1    8    1    7      0.0      0.0    0      0.0   X1Sigma+
     9      9.0    1    9    1    8      0.0      0.0    0      0.0   X1Sigma+
    10      9.0    1   10    1    9      0.0      0.0    0      0.0   X1Sigma+
    11      9.0    1   11    1   10      0.0      0.0    0      0.0   X1Sigma+
    12      9.0    1   12    1   11      0.0      0.0    0      0.0   X1Sigma+
    13      9.0    1   13    1   12      0.0      0.0    0      0.0   X1Sigma+
    14      9.0    1   14    1   13      0.0      0.0    0      0.0   X1Sigma+
    15      9.0    1   15    1   14      0.0      0.0    0      0.0   X1Sigma+
    16      9.0    1   16    1   15      0.0      0.0    0      0.0   X1Sigma+
    17      9.0    1   17    1   16      0.0      0.0    0      0.0   X1Sigma+
    18      9.0    1   18    1   17      0.0      0.0    0      0.0   X1Sigma+
    19      9.0    1   19    1   18      0.0      0.0    0      0.0   X1Sigma+
    20      9.0    1   20    1   19      0.0      0.0    0      0.0   X1Sigma+
    21      9.0    1   21    1   20      0.0      0.0    0      0.0   X1Sigma+
    22      9.0    1   22    1   21      0.0      0.0    0      0.0   X1Sigma+
    23      9.0    1   23    1   22      0.0      0.0    0      0.0   X1Sigma+
    24      9.0    1   24    1   23      0.0      0.0    0      0.0   X1Sigma+
    25      9.0    1   25    1   24      0.0      0.0    0      0.0   X1Sigma+
    26      9.0    1   26    1   25      0.0      0.0    0      0.0   X1Sigma+
    27      9.0    1   27    1   26      0.0      0.0    0      0.0   X1Sigma+
    28      9.0    1   28    1   27      0.0      0.0    0      0.0   X1Sigma+
    29      9.0    1   29    1   28      0.0      0.0    0      0.0   X1Sigma+
    30      9.0    1   30    1   29      0.0      0.0    0      0.0   X1Sigma+
    31      9.0    1   31    1   30      0.0      0.0    0      0.0   X1Sigma+
    32      9.0    1   32    1   31      0.0      0.0    0      0.0   X1Sigma+
    33      9.0    1   33    1   32      0.0      0.0    0      0.0   X1Sigma+
    34      9.0    1   34    1   33      0.0      0.0    0      0.0   X1Sigma+
    35      9.0    1   35    1   34      0.0      0.0    0      0.0   X1Sigma+
    36      9.0    1   36    1   35      0.0      0.0    0      0.0   X1Sigma+
    37      9.0    1   37    1   36      0.0      0.0    0      0.0   X1Sigma+
    38      9.0    1   38    1   37      0.0      0.0    0      0.0   X1Sigma+
    39      9.0    1   39    1   38      0.0      0.0    0      0.0   X1Sigma+
    40      9.0    1   40    1   39      0.0      0.0    0      0.0   X1Sigma+
    41      9.0    1   41    1   40      0.0      0.0    0      0.0   X1Sigma+
    42      9.0    1   42    1   41      0.0      0.0    0      0.0   X1Sigma+
    43      9.0    1   43    1   42      0.0      0.0    0      0.0   X1Sigma+
    44      9.0    1   44    1   43      0.0      0.0    0      0.0   X1Sigma+
    45      9.0    1   45    1   44      0.0      0.0    0      0.0   X1Sigma+
    46      9.0    1   46    1   45      0.0      0.0    0      0.0   X1Sigma+
    47      9.0    1   47    1   46      0.0      0.0    0      0.0   X1Sigma+
    48      9.0    1   48    1   47      0.0      0.0    0      0.0   X1Sigma+
    49      9.0    1   49    1   48      0.0      0.0    0      0.0   X1Sigma+
    50      9.0    1   50    1   49      0.0      0.0    0      0.0   X1Sigma+


 Memory Report:
 Active Arrays                                          size (MB)
 GRID                                                       0.007                
 r-field                                                    0.010                
 icontrvib                                                  0.031                
 brot                                                       0.020                
 X1Sigma+                                                   0.020                
 BROT                                                       0.022                
 <X|mu|X>                                                   0.020                
 hmat                                                       0.020                
 eigens                                                     0.184                
 Total memory   =                                           0.339 MB
 Maximal memory =                                           2.503 MB (         8000.000)

 (       25 arrays contributing less than 1% are not shown)


Construct the hamiltonian matrix
...done!

Non-zero matrix elements of the coupled Sigma-Lambda matrix:
Threshold for printing is   2.22E-16 cm^-1
RV == Rotational-vibrational
SO == Spin-Orbit interaction
SS == Spin-Spin interaction
JS == J.S interaction (aka S-uncoupling)
LS == L.J interaction (aka L-uncoupling)
LS == L.S interaction (spin-electronic)
RV=        106.540;
 


Eigenvalues for J =      9.0

       J      i        Energy/cm  State   v  lambda spin   sigma   omega  parity
       9.0    1        930.900440   1     0   0     0.0     0.0     0.0   -    ||X1Sigma+
       9.0    2       3789.608706   1     1   0     0.0     0.0     0.0   -    ||X1Sigma+
       9.0    3       6544.585204   1     2   0     0.0     0.0     0.0   -    ||X1Sigma+
       9.0    4       9195.886865   1     3   0     0.0     0.0     0.0   -    ||X1Sigma+
       9.0    5      11744.462852   1     4   0     0.0     0.0     0.0   -    ||X1Sigma+
       9.0    6      14191.320401   1     5   0     0.0     0.0     0.0   -    ||X1Sigma+
       9.0    7      16536.491496   1     6   0     0.0     0.0     0.0   -    ||X1Sigma+
       9.0    8      18778.942728   1     7   0     0.0     0.0     0.0   -    ||X1Sigma+
       9.0    9      20916.306687   1     8   0     0.0     0.0     0.0   -    ||X1Sigma+
       9.0   10      22944.436157   1     9   0     0.0     0.0     0.0   -    ||X1Sigma+
       9.0   11      24858.713230   1    10   0     0.0     0.0     0.0   -    ||X1Sigma+
       9.0   12      26655.918114   1    11   0     0.0     0.0     0.0   -    ||X1Sigma+
       9.0   13      28331.656073   1    12   0     0.0     0.0     0.0   -    ||X1Sigma+
       9.0   14      29877.629040   1    13   0     0.0     0.0     0.0   -    ||X1Sigma+
       9.0   15      31279.210569   1    14   0     0.0     0.0     0.0   -    ||X1Sigma+
       9.0   16      32508.771791   1    15   0     0.0     0.0     0.0   -    ||X1Sigma+
       9.0   17      33536.235798   1    16   0     0.0     0.0     0.0   -    ||X1Sigma+
       9.0   18      34461.857420   1    17   0     0.0     0.0     0.0   -    ||X1Sigma+
       9.0   19      35498.908204   1    18   0     0.0     0.0     0.0   -    ||X1Sigma+
       9.0   20      36686.970463   1    19   0     0.0     0.0     0.0   -    ||X1Sigma+
       9.0   21      37998.790240   1    20   0     0.0     0.0     0.0   -    ||X1Sigma+
       9.0   22      39416.767339   1    21   0     0.0     0.0     0.0   -    ||X1Sigma+
       9.0   23      40930.045643   1    22   0     0.0     0.0     0.0   -    ||X1Sigma+
       9.0   24      42531.103871   1    23   0     0.0     0.0     0.0   -    ||X1Sigma+
       9.0   25      44214.421123   1    24   0     0.0     0.0     0.0   -    ||X1Sigma+
       9.0   26      45975.767148   1    25   0     0.0     0.0     0.0   -    ||X1Sigma+
       9.0   27      47811.791208   1    26   0     0.0     0.0     0.0   -    ||X1Sigma+
       9.0   28      49719.816447   1    27   0     0.0     0.0     0.0   -    ||X1Sigma+
       9.0   29      51697.697026   1    28   0     0.0     0.0     0.0   -    ||X1Sigma+
       9.0   30      53743.720620   1    29   0     0.0     0.0     0.0   -    ||X1Sigma+
       9.0   31      55856.567116   1    30   0     0.0     0.0     0.0   -    ||X1Sigma+
       9.0   32      58035.284564   1    31   0     0.0     0.0     0.0   -    ||X1Sigma+
       9.0   33      60279.265141   1    32   0     0.0     0.0     0.0   -    ||X1Sigma+
       9.0   34      62588.211805   1    33   0     0.0     0.0     0.0   -    ||X1Sigma+
       9.0   35      64962.138686   1    34   0     0.0     0.0     0.0   -    ||X1Sigma+
       9.0   36      67401.295152   1    35   0     0.0     0.0     0.0   -    ||X1Sigma+
       9.0   37      69906.133162   1    36   0     0.0     0.0     0.0   -    ||X1Sigma+
       9.0   38      72477.214899   1    37   0     0.0     0.0     0.0   -    ||X1Sigma+
       9.0   39      75115.197526   1    38   0     0.0     0.0     0.0   -    ||X1Sigma+
       9.0   40      77820.768046   1    39   0     0.0     0.0     0.0   -    ||X1Sigma+
       9.0   41      80594.580975   1    40   0     0.0     0.0     0.0   -    ||X1Sigma+
       9.0   42      83437.234513   1    41   0     0.0     0.0     0.0   -    ||X1Sigma+
       9.0   43      86349.244984   1    42   0     0.0     0.0     0.0   -    ||X1Sigma+
       9.0   44      89331.044230   1    43   0     0.0     0.0     0.0   -    ||X1Sigma+
       9.0   45      92382.978677   1    44   0     0.0     0.0     0.0   -    ||X1Sigma+
       9.0   46      95505.336308   1    45   0     0.0     0.0     0.0   -    ||X1Sigma+
       9.0   47      98698.376025   1    46   0     0.0     0.0     0.0   -    ||X1Sigma+
       9.0   48     101962.661987   1    47   0     0.0     0.0     0.0   -    ||X1Sigma+
       9.0   49     105299.969889   1    48   0     0.0     0.0     0.0   -    ||X1Sigma+
       9.0   50     108741.842827   1    49   0     0.0     0.0     0.0   -    ||X1Sigma+

Zero point energy (ZPE) =    1483.369516983481

j =      10.0

Define the quanta book-keeping
The total number sigma/lambda states (size of the sigma-lambda submatrix) = 1

Sigma-Lambda basis set:
     i     jrot  state   spin    sigma lambda   omega
     1     10.0    1      0.0      0.0    0      0.0   X1Sigma+
...done!

Contracted basis set:
     i     jrot ilevel ivib state v     spin    sigma lambda   omega   Name
     1     10.0    1    1    1    0      0.0      0.0    0      0.0   X1Sigma+
     2     10.0    1    2    1    1      0.0      0.0    0      0.0   X1Sigma+
     3     10.0    1    3    1    2      0.0      0.0    0      0.0   X1Sigma+
     4     10.0    1    4    1    3      0.0      0.0    0      0.0   X1Sigma+
     5     10.0    1    5    1    4      0.0      0.0    0      0.0   X1Sigma+
     6     10.0    1    6    1    5      0.0      0.0    0      0.0   X1Sigma+
     7     10.0    1    7    1    6      0.0      0.0    0      0.0   X1Sigma+
     8     10.0    1    8    1    7      0.0      0.0    0      0.0   X1Sigma+
     9     10.0    1    9    1    8      0.0      0.0    0      0.0   X1Sigma+
    10     10.0    1   10    1    9      0.0      0.0    0      0.0   X1Sigma+
    11     10.0    1   11    1   10      0.0      0.0    0      0.0   X1Sigma+
    12     10.0    1   12    1   11      0.0      0.0    0      0.0   X1Sigma+
    13     10.0    1   13    1   12      0.0      0.0    0      0.0   X1Sigma+
    14     10.0    1   14    1   13      0.0      0.0    0      0.0   X1Sigma+
    15     10.0    1   15    1   14      0.0      0.0    0      0.0   X1Sigma+
    16     10.0    1   16    1   15      0.0      0.0    0      0.0   X1Sigma+
    17     10.0    1   17    1   16      0.0      0.0    0      0.0   X1Sigma+
    18     10.0    1   18    1   17      0.0      0.0    0      0.0   X1Sigma+
    19     10.0    1   19    1   18      0.0      0.0    0      0.0   X1Sigma+
    20     10.0    1   20    1   19      0.0      0.0    0      0.0   X1Sigma+
    21     10.0    1   21    1   20      0.0      0.0    0      0.0   X1Sigma+
    22     10.0    1   22    1   21      0.0      0.0    0      0.0   X1Sigma+
    23     10.0    1   23    1   22      0.0      0.0    0      0.0   X1Sigma+
    24     10.0    1   24    1   23      0.0      0.0    0      0.0   X1Sigma+
    25     10.0    1   25    1   24      0.0      0.0    0      0.0   X1Sigma+
    26     10.0    1   26    1   25      0.0      0.0    0      0.0   X1Sigma+
    27     10.0    1   27    1   26      0.0      0.0    0      0.0   X1Sigma+
    28     10.0    1   28    1   27      0.0      0.0    0      0.0   X1Sigma+
    29     10.0    1   29    1   28      0.0      0.0    0      0.0   X1Sigma+
    30     10.0    1   30    1   29      0.0      0.0    0      0.0   X1Sigma+
    31     10.0    1   31    1   30      0.0      0.0    0      0.0   X1Sigma+
    32     10.0    1   32    1   31      0.0      0.0    0      0.0   X1Sigma+
    33     10.0    1   33    1   32      0.0      0.0    0      0.0   X1Sigma+
    34     10.0    1   34    1   33      0.0      0.0    0      0.0   X1Sigma+
    35     10.0    1   35    1   34      0.0      0.0    0      0.0   X1Sigma+
    36     10.0    1   36    1   35      0.0      0.0    0      0.0   X1Sigma+
    37     10.0    1   37    1   36      0.0      0.0    0      0.0   X1Sigma+
    38     10.0    1   38    1   37      0.0      0.0    0      0.0   X1Sigma+
    39     10.0    1   39    1   38      0.0      0.0    0      0.0   X1Sigma+
    40     10.0    1   40    1   39      0.0      0.0    0      0.0   X1Sigma+
    41     10.0    1   41    1   40      0.0      0.0    0      0.0   X1Sigma+
    42     10.0    1   42    1   41      0.0      0.0    0      0.0   X1Sigma+
    43     10.0    1   43    1   42      0.0      0.0    0      0.0   X1Sigma+
    44     10.0    1   44    1   43      0.0      0.0    0      0.0   X1Sigma+
    45     10.0    1   45    1   44      0.0      0.0    0      0.0   X1Sigma+
    46     10.0    1   46    1   45      0.0      0.0    0      0.0   X1Sigma+
    47     10.0    1   47    1   46      0.0      0.0    0      0.0   X1Sigma+
    48     10.0    1   48    1   47      0.0      0.0    0      0.0   X1Sigma+
    49     10.0    1   49    1   48      0.0      0.0    0      0.0   X1Sigma+
    50     10.0    1   50    1   49      0.0      0.0    0      0.0   X1Sigma+


 Memory Report:
 Active Arrays                                          size (MB)
 GRID                                                       0.007                
 r-field                                                    0.010                
 icontrvib                                                  0.031                
 brot                                                       0.020                
 X1Sigma+                                                   0.020                
 BROT                                                       0.022                
 <X|mu|X>                                                   0.020                
 hmat                                                       0.020                
 eigens                                                     0.204                
 Total memory   =                                           0.360 MB
 Maximal memory =                                           2.503 MB (         8000.000)

 (       25 arrays contributing less than 1% are not shown)


Construct the hamiltonian matrix
...done!

Non-zero matrix elements of the coupled Sigma-Lambda matrix:
Threshold for printing is   2.22E-16 cm^-1
RV == Rotational-vibrational
SO == Spin-Orbit interaction
SS == Spin-Spin interaction
JS == J.S interaction (aka S-uncoupling)
LS == L.J interaction (aka L-uncoupling)
LS == L.S interaction (spin-electronic)
RV=        130.215;
 


Eigenvalues for J =     10.0

       J      i        Energy/cm  State   v  lambda spin   sigma   omega  parity
      10.0    1       1136.628929   1     0   0     0.0     0.0     0.0   +    ||X1Sigma+
      10.0    2       3989.343124   1     1   0     0.0     0.0     0.0   +    ||X1Sigma+
      10.0    3       6738.404324   1     2   0     0.0     0.0     0.0   +    ||X1Sigma+
      10.0    4       9383.836269   1     3   0     0.0     0.0     0.0   +    ||X1Sigma+
      10.0    5      11926.518888   1     4   0     0.0     0.0     0.0   +    ||X1Sigma+
      10.0    6      14367.416743   1     5   0     0.0     0.0     0.0   +    ||X1Sigma+
      10.0    7      16706.562911   1     6   0     0.0     0.0     0.0   +    ||X1Sigma+
      10.0    8      18942.925732   1     7   0     0.0     0.0     0.0   +    ||X1Sigma+
      10.0    9      21074.089982   1     8   0     0.0     0.0     0.0   +    ||X1Sigma+
      10.0   10      23095.838933   1     9   0     0.0     0.0     0.0   +    ||X1Sigma+
      10.0   11      25003.554721   1    10   0     0.0     0.0     0.0   +    ||X1Sigma+
      10.0   12      26794.012631   1    11   0     0.0     0.0     0.0   +    ||X1Sigma+
      10.0   13      28462.651752   1    12   0     0.0     0.0     0.0   +    ||X1Sigma+
      10.0   14      30000.924896   1    13   0     0.0     0.0     0.0   +    ||X1Sigma+
      10.0   15      31393.680628   1    14   0     0.0     0.0     0.0   +    ||X1Sigma+
      10.0   16      32612.351944   1    15   0     0.0     0.0     0.0   +    ||X1Sigma+
      10.0   17      33628.555302   1    16   0     0.0     0.0     0.0   +    ||X1Sigma+
      10.0   18      34553.886373   1    17   0     0.0     0.0     0.0   +    ||X1Sigma+
      10.0   19      35597.951529   1    18   0     0.0     0.0     0.0   +    ||X1Sigma+
      10.0   20      36791.869293   1    19   0     0.0     0.0     0.0   +    ||X1Sigma+
      10.0   21      38108.335994   1    20   0     0.0     0.0     0.0   +    ||X1Sigma+
      10.0   22      39530.264232   1    21   0     0.0     0.0     0.0   +    ||X1Sigma+
      10.0   23      41047.029105   1    22   0     0.0     0.0     0.0   +    ||X1Sigma+
      10.0   24      42651.243721   1    23   0     0.0     0.0     0.0   +    ||X1Sigma+
      10.0   25      44337.468316   1    24   0     0.0     0.0     0.0   +    ||X1Sigma+
      10.0   26      46101.518888   1    25   0     0.0     0.0     0.0   +    ||X1Sigma+
      10.0   27      47940.078342   1    26   0     0.0     0.0     0.0   +    ||X1Sigma+
      10.0   28      49850.489278   1    27   0     0.0     0.0     0.0   +    ||X1Sigma+
      10.0   29      51830.615518   1    28   0     0.0     0.0     0.0   +    ||X1Sigma+
      10.0   30      53878.747027   1    29   0     0.0     0.0     0.0   +    ||X1Sigma+
      10.0   31      55993.560718   1    30   0     0.0     0.0     0.0   +    ||X1Sigma+
      10.0   32      58174.094892   1    31   0     0.0     0.0     0.0   +    ||X1Sigma+
      10.0   33      60419.730899   1    32   0     0.0     0.0     0.0   +    ||X1Sigma+
      10.0   34      62730.158732   1    33   0     0.0     0.0     0.0   +    ||X1Sigma+
      10.0   35      65105.382651   1    34   0     0.0     0.0     0.0   +    ||X1Sigma+
      10.0   36      67545.646470   1    35   0     0.0     0.0     0.0   +    ||X1Sigma+
      10.0   37      70051.403201   1    36   0     0.0     0.0     0.0   +    ||X1Sigma+
      10.0   38      72623.222270   1    37   0     0.0     0.0     0.0   +    ||X1Sigma+
      10.0   39      75261.771337   1    38   0     0.0     0.0     0.0   +    ||X1Sigma+
      10.0   40      77967.754593   1    39   0     0.0     0.0     0.0   +    ||X1Sigma+
      10.0   41      80741.847018   1    40   0     0.0     0.0     0.0   +    ||X1Sigma+
      10.0   42      83584.668652   1    41   0     0.0     0.0     0.0   +    ||X1Sigma+
      10.0   43      86496.757642   1    42   0     0.0     0.0     0.0   +    ||X1Sigma+
      10.0   44      89478.566953   1    43   0     0.0     0.0     0.0   +    ||X1Sigma+
      10.0   45      92530.462664   1    44   0     0.0     0.0     0.0   +    ||X1Sigma+
      10.0   46      95652.760061   1    45   0     0.0     0.0     0.0   +    ||X1Sigma+
      10.0   47      98845.753222   1    46   0     0.0     0.0     0.0   +    ||X1Sigma+
      10.0   48     102110.188865   1    47   0     0.0     0.0     0.0   +    ||X1Sigma+
      10.0   49     105448.492008   1    48   0     0.0     0.0     0.0   +    ||X1Sigma+
      10.0   50     108909.705722   1    49   0     0.0     0.0     0.0   +    ||X1Sigma+

Zero point energy (ZPE) =    1483.369516983481

j =      11.0

Define the quanta book-keeping
The total number sigma/lambda states (size of the sigma-lambda submatrix) = 1

Sigma-Lambda basis set:
     i     jrot  state   spin    sigma lambda   omega
     1     11.0    1      0.0      0.0    0      0.0   X1Sigma+
...done!

Contracted basis set:
     i     jrot ilevel ivib state v     spin    sigma lambda   omega   Name
     1     11.0    1    1    1    0      0.0      0.0    0      0.0   X1Sigma+
     2     11.0    1    2    1    1      0.0      0.0    0      0.0   X1Sigma+
     3     11.0    1    3    1    2      0.0      0.0    0      0.0   X1Sigma+
     4     11.0    1    4    1    3      0.0      0.0    0      0.0   X1Sigma+
     5     11.0    1    5    1    4      0.0      0.0    0      0.0   X1Sigma+
     6     11.0    1    6    1    5      0.0      0.0    0      0.0   X1Sigma+
     7     11.0    1    7    1    6      0.0      0.0    0      0.0   X1Sigma+
     8     11.0    1    8    1    7      0.0      0.0    0      0.0   X1Sigma+
     9     11.0    1    9    1    8      0.0      0.0    0      0.0   X1Sigma+
    10     11.0    1   10    1    9      0.0      0.0    0      0.0   X1Sigma+
    11     11.0    1   11    1   10      0.0      0.0    0      0.0   X1Sigma+
    12     11.0    1   12    1   11      0.0      0.0    0      0.0   X1Sigma+
    13     11.0    1   13    1   12      0.0      0.0    0      0.0   X1Sigma+
    14     11.0    1   14    1   13      0.0      0.0    0      0.0   X1Sigma+
    15     11.0    1   15    1   14      0.0      0.0    0      0.0   X1Sigma+
    16     11.0    1   16    1   15      0.0      0.0    0      0.0   X1Sigma+
    17     11.0    1   17    1   16      0.0      0.0    0      0.0   X1Sigma+
    18     11.0    1   18    1   17      0.0      0.0    0      0.0   X1Sigma+
    19     11.0    1   19    1   18      0.0      0.0    0      0.0   X1Sigma+
    20     11.0    1   20    1   19      0.0      0.0    0      0.0   X1Sigma+
    21     11.0    1   21    1   20      0.0      0.0    0      0.0   X1Sigma+
    22     11.0    1   22    1   21      0.0      0.0    0      0.0   X1Sigma+
    23     11.0    1   23    1   22      0.0      0.0    0      0.0   X1Sigma+
    24     11.0    1   24    1   23      0.0      0.0    0      0.0   X1Sigma+
    25     11.0    1   25    1   24      0.0      0.0    0      0.0   X1Sigma+
    26     11.0    1   26    1   25      0.0      0.0    0      0.0   X1Sigma+
    27     11.0    1   27    1   26      0.0      0.0    0      0.0   X1Sigma+
    28     11.0    1   28    1   27      0.0      0.0    0      0.0   X1Sigma+
    29     11.0    1   29    1   28      0.0      0.0    0      0.0   X1Sigma+
    30     11.0    1   30    1   29      0.0      0.0    0      0.0   X1Sigma+
    31     11.0    1   31    1   30      0.0      0.0    0      0.0   X1Sigma+
    32     11.0    1   32    1   31      0.0      0.0    0      0.0   X1Sigma+
    33     11.0    1   33    1   32      0.0      0.0    0      0.0   X1Sigma+
    34     11.0    1   34    1   33      0.0      0.0    0      0.0   X1Sigma+
    35     11.0    1   35    1   34      0.0      0.0    0      0.0   X1Sigma+
    36     11.0    1   36    1   35      0.0      0.0    0      0.0   X1Sigma+
    37     11.0    1   37    1   36      0.0      0.0    0      0.0   X1Sigma+
    38     11.0    1   38    1   37      0.0      0.0    0      0.0   X1Sigma+
    39     11.0    1   39    1   38      0.0      0.0    0      0.0   X1Sigma+
    40     11.0    1   40    1   39      0.0      0.0    0      0.0   X1Sigma+
    41     11.0    1   41    1   40      0.0      0.0    0      0.0   X1Sigma+
    42     11.0    1   42    1   41      0.0      0.0    0      0.0   X1Sigma+
    43     11.0    1   43    1   42      0.0      0.0    0      0.0   X1Sigma+
    44     11.0    1   44    1   43      0.0      0.0    0      0.0   X1Sigma+
    45     11.0    1   45    1   44      0.0      0.0    0      0.0   X1Sigma+
    46     11.0    1   46    1   45      0.0      0.0    0      0.0   X1Sigma+
    47     11.0    1   47    1   46      0.0      0.0    0      0.0   X1Sigma+
    48     11.0    1   48    1   47      0.0      0.0    0      0.0   X1Sigma+
    49     11.0    1   49    1   48      0.0      0.0    0      0.0   X1Sigma+
    50     11.0    1   50    1   49      0.0      0.0    0      0.0   X1Sigma+


 Memory Report:
 Active Arrays                                          size (MB)
 GRID                                                       0.007                
 r-field                                                    0.010                
 icontrvib                                                  0.031                
 brot                                                       0.020                
 X1Sigma+                                                   0.020                
 BROT                                                       0.022                
 <X|mu|X>                                                   0.020                
 hmat                                                       0.020                
 eigens                                                     0.224                
 Total memory   =                                           0.380 MB
 Maximal memory =                                           2.503 MB (         8000.000)

 (       25 arrays contributing less than 1% are not shown)


Construct the hamiltonian matrix
...done!

Non-zero matrix elements of the coupled Sigma-Lambda matrix:
Threshold for printing is   2.22E-16 cm^-1
RV == Rotational-vibrational
SO == Spin-Orbit interaction
SS == Spin-Spin interaction
JS == J.S interaction (aka S-uncoupling)
LS == L.J interaction (aka L-uncoupling)
LS == L.S interaction (spin-electronic)
RV=        156.259;
 


Eigenvalues for J =     11.0

       J      i        Energy/cm  State   v  lambda spin   sigma   omega  parity
      11.0    1       1362.454157   1     0   0     0.0     0.0     0.0   -    ||X1Sigma+
      11.0    2       4208.580174   1     1   0     0.0     0.0     0.0   -    ||X1Sigma+
      11.0    3       6951.138061   1     2   0     0.0     0.0     0.0   -    ||X1Sigma+
      11.0    4       9590.117426   1     3   0     0.0     0.0     0.0   -    ||X1Sigma+
      11.0    5      12126.323412   1     4   0     0.0     0.0     0.0   -    ||X1Sigma+
      11.0    6      14560.671762   1     5   0     0.0     0.0     0.0   -    ||X1Sigma+
      11.0    7      16893.194302   1     6   0     0.0     0.0     0.0   -    ||X1Sigma+
      11.0    8      19122.859339   1     7   0     0.0     0.0     0.0   -    ||X1Sigma+
      11.0    9      21247.197468   1     8   0     0.0     0.0     0.0   -    ||X1Sigma+
      11.0   10      23261.917019   1     9   0     0.0     0.0     0.0   -    ||X1Sigma+
      11.0   11      25162.404274   1    10   0     0.0     0.0     0.0   -    ||X1Sigma+
      11.0   12      26945.424224   1    11   0     0.0     0.0     0.0   -    ||X1Sigma+
      11.0   13      28606.226490   1    12   0     0.0     0.0     0.0   -    ||X1Sigma+
      11.0   14      30135.981450   1    13   0     0.0     0.0     0.0   -    ||X1Sigma+
      11.0   15      31518.933168   1    14   0     0.0     0.0     0.0   -    ||X1Sigma+
      11.0   16      32725.465373   1    15   0     0.0     0.0     0.0   -    ||X1Sigma+
      11.0   17      33729.540586   1    16   0     0.0     0.0     0.0   -    ||X1Sigma+
      11.0   18      34655.366996   1    17   0     0.0     0.0     0.0   -    ||X1Sigma+
      11.0   19      35707.188875   1    18   0     0.0     0.0     0.0   -    ||X1Sigma+
      11.0   20      36907.445390   1    19   0     0.0     0.0     0.0   -    ||X1Sigma+
      11.0   21      38228.962784   1    20   0     0.0     0.0     0.0   -    ||X1Sigma+
      11.0   22      39655.197395   1    21   0     0.0     0.0     0.0   -    ||X1Sigma+
      11.0   23      41175.769231   1    22   0     0.0     0.0     0.0   -    ||X1Sigma+
      11.0   24      42783.434933   1    23   0     0.0     0.0     0.0   -    ||X1Sigma+
      11.0   25      44472.842038   1    24   0     0.0     0.0     0.0   -    ||X1Sigma+
      11.0   26      46239.856251   1    25   0     0.0     0.0     0.0   -    ||X1Sigma+
      11.0   27      48081.196851   1    26   0     0.0     0.0     0.0   -    ||X1Sigma+
      11.0   28      49994.227668   1    27   0     0.0     0.0     0.0   -    ||X1Sigma+
      11.0   29      51976.823094   1    28   0     0.0     0.0     0.0   -    ||X1Sigma+
      11.0   30      54027.275743   1    29   0     0.0     0.0     0.0   -    ||X1Sigma+
      11.0   31      56144.259441   1    30   0     0.0     0.0     0.0   -    ||X1Sigma+
      11.0   32      58326.801788   1    31   0     0.0     0.0     0.0   -    ||X1Sigma+
      11.0   33      60574.271932   1    32   0     0.0     0.0     0.0   -    ||X1Sigma+
      11.0   34      62886.345209   1    33   0     0.0     0.0     0.0   -    ||X1Sigma+
      11.0   35      65263.013979   1    34   0     0.0     0.0     0.0   -    ||X1Sigma+
      11.0   36      67704.514874   1    35   0     0.0     0.0     0.0   -    ||X1Sigma+
      11.0   37      70211.300764   1    36   0     0.0     0.0     0.0   -    ||X1Sigma+
      11.0   38      72783.948202   1    37   0     0.0     0.0     0.0   -    ||X1Sigma+
      11.0   39      75423.135513   1    38   0     0.0     0.0     0.0   -    ||X1Sigma+
      11.0   40      78129.585049   1    39   0     0.0     0.0     0.0   -    ||X1Sigma+
      11.0   41      80903.994033   1    40   0     0.0     0.0     0.0   -    ||X1Sigma+
      11.0   42      83747.006541   1    41   0     0.0     0.0     0.0   -    ||X1Sigma+
      11.0   43      86659.184947   1    42   0     0.0     0.0     0.0   -    ||X1Sigma+
      11.0   44      89641.005921   1    43   0     0.0     0.0     0.0   -    ||X1Sigma+
      11.0   45      92692.857342   1    44   0     0.0     0.0     0.0   -    ||X1Sigma+
      11.0   46      95815.085338   1    45   0     0.0     0.0     0.0   -    ||X1Sigma+
      11.0   47      99008.021151   1    46   0     0.0     0.0     0.0   -    ||X1Sigma+
      11.0   48     102272.619846   1    47   0     0.0     0.0     0.0   -    ||X1Sigma+
      11.0   49     105612.019647   1    48   0     0.0     0.0     0.0   -    ||X1Sigma+
      11.0   50     109099.845363   1    49   0     0.0     0.0     0.0   -    ||X1Sigma+

Zero point energy (ZPE) =    1483.369516983481

j =      12.0

Define the quanta book-keeping
The total number sigma/lambda states (size of the sigma-lambda submatrix) = 1

Sigma-Lambda basis set:
     i     jrot  state   spin    sigma lambda   omega
     1     12.0    1      0.0      0.0    0      0.0   X1Sigma+
...done!

Contracted basis set:
     i     jrot ilevel ivib state v     spin    sigma lambda   omega   Name
     1     12.0    1    1    1    0      0.0      0.0    0      0.0   X1Sigma+
     2     12.0    1    2    1    1      0.0      0.0    0      0.0   X1Sigma+
     3     12.0    1    3    1    2      0.0      0.0    0      0.0   X1Sigma+
     4     12.0    1    4    1    3      0.0      0.0    0      0.0   X1Sigma+
     5     12.0    1    5    1    4      0.0      0.0    0      0.0   X1Sigma+
     6     12.0    1    6    1    5      0.0      0.0    0      0.0   X1Sigma+
     7     12.0    1    7    1    6      0.0      0.0    0      0.0   X1Sigma+
     8     12.0    1    8    1    7      0.0      0.0    0      0.0   X1Sigma+
     9     12.0    1    9    1    8      0.0      0.0    0      0.0   X1Sigma+
    10     12.0    1   10    1    9      0.0      0.0    0      0.0   X1Sigma+
    11     12.0    1   11    1   10      0.0      0.0    0      0.0   X1Sigma+
    12     12.0    1   12    1   11      0.0      0.0    0      0.0   X1Sigma+
    13     12.0    1   13    1   12      0.0      0.0    0      0.0   X1Sigma+
    14     12.0    1   14    1   13      0.0      0.0    0      0.0   X1Sigma+
    15     12.0    1   15    1   14      0.0      0.0    0      0.0   X1Sigma+
    16     12.0    1   16    1   15      0.0      0.0    0      0.0   X1Sigma+
    17     12.0    1   17    1   16      0.0      0.0    0      0.0   X1Sigma+
    18     12.0    1   18    1   17      0.0      0.0    0      0.0   X1Sigma+
    19     12.0    1   19    1   18      0.0      0.0    0      0.0   X1Sigma+
    20     12.0    1   20    1   19      0.0      0.0    0      0.0   X1Sigma+
    21     12.0    1   21    1   20      0.0      0.0    0      0.0   X1Sigma+
    22     12.0    1   22    1   21      0.0      0.0    0      0.0   X1Sigma+
    23     12.0    1   23    1   22      0.0      0.0    0      0.0   X1Sigma+
    24     12.0    1   24    1   23      0.0      0.0    0      0.0   X1Sigma+
    25     12.0    1   25    1   24      0.0      0.0    0      0.0   X1Sigma+
    26     12.0    1   26    1   25      0.0      0.0    0      0.0   X1Sigma+
    27     12.0    1   27    1   26      0.0      0.0    0      0.0   X1Sigma+
    28     12.0    1   28    1   27      0.0      0.0    0      0.0   X1Sigma+
    29     12.0    1   29    1   28      0.0      0.0    0      0.0   X1Sigma+
    30     12.0    1   30    1   29      0.0      0.0    0      0.0   X1Sigma+
    31     12.0    1   31    1   30      0.0      0.0    0      0.0   X1Sigma+
    32     12.0    1   32    1   31      0.0      0.0    0      0.0   X1Sigma+
    33     12.0    1   33    1   32      0.0      0.0    0      0.0   X1Sigma+
    34     12.0    1   34    1   33      0.0      0.0    0      0.0   X1Sigma+
    35     12.0    1   35    1   34      0.0      0.0    0      0.0   X1Sigma+
    36     12.0    1   36    1   35      0.0      0.0    0      0.0   X1Sigma+
    37     12.0    1   37    1   36      0.0      0.0    0      0.0   X1Sigma+
    38     12.0    1   38    1   37      0.0      0.0    0      0.0   X1Sigma+
    39     12.0    1   39    1   38      0.0      0.0    0      0.0   X1Sigma+
    40     12.0    1   40    1   39      0.0      0.0    0      0.0   X1Sigma+
    41     12.0    1   41    1   40      0.0      0.0    0      0.0   X1Sigma+
    42     12.0    1   42    1   41      0.0      0.0    0      0.0   X1Sigma+
    43     12.0    1   43    1   42      0.0      0.0    0      0.0   X1Sigma+
    44     12.0    1   44    1   43      0.0      0.0    0      0.0   X1Sigma+
    45     12.0    1   45    1   44      0.0      0.0    0      0.0   X1Sigma+
    46     12.0    1   46    1   45      0.0      0.0    0      0.0   X1Sigma+
    47     12.0    1   47    1   46      0.0      0.0    0      0.0   X1Sigma+
    48     12.0    1   48    1   47      0.0      0.0    0      0.0   X1Sigma+
    49     12.0    1   49    1   48      0.0      0.0    0      0.0   X1Sigma+
    50     12.0    1   50    1   49      0.0      0.0    0      0.0   X1Sigma+


 Memory Report:
 Active Arrays                                          size (MB)
 GRID                                                       0.007                
 r-field                                                    0.010                
 icontrvib                                                  0.031                
 brot                                                       0.020                
 X1Sigma+                                                   0.020                
 BROT                                                       0.022                
 <X|mu|X>                                                   0.020                
 hmat                                                       0.020                
 eigens                                                     0.245                
 Total memory   =                                           0.401 MB
 Maximal memory =                                           2.503 MB (         8000.000)

 (       25 arrays contributing less than 1% are not shown)


Construct the hamiltonian matrix
...done!

Non-zero matrix elements of the coupled Sigma-Lambda matrix:
Threshold for printing is   2.22E-16 cm^-1
RV == Rotational-vibrational
SO == Spin-Orbit interaction
SS == Spin-Spin interaction
JS == J.S interaction (aka S-uncoupling)
LS == L.J interaction (aka L-uncoupling)
LS == L.S interaction (spin-electronic)
RV=        184.669;
 


Eigenvalues for J =     12.0

       J      i        Energy/cm  State   v  lambda spin   sigma   omega  parity
      12.0    1       1608.241259   1     0   0     0.0     0.0     0.0   +    ||X1Sigma+
      12.0    2       4447.186511   1     1   0     0.0     0.0     0.0   +    ||X1Sigma+
      12.0    3       7182.654046   1     2   0     0.0     0.0     0.0   +    ||X1Sigma+
      12.0    4       9814.598951   1     3   0     0.0     0.0     0.0   +    ||X1Sigma+
      12.0    5      12343.746510   1     4   0     0.0     0.0     0.0   +    ||X1Sigma+
      12.0    6      14770.957152   1     5   0     0.0     0.0     0.0   +    ||X1Sigma+
      12.0    7      17096.258422   1     6   0     0.0     0.0     0.0   +    ||X1Sigma+
      12.0    8      19318.616108   1     7   0     0.0     0.0     0.0   +    ||X1Sigma+
      12.0    9      21435.499764   1     8   0     0.0     0.0     0.0   +    ||X1Sigma+
      12.0   10      23442.537950   1     9   0     0.0     0.0     0.0   +    ||X1Sigma+
      12.0   11      25335.126199   1    10   0     0.0     0.0     0.0   +    ||X1Sigma+
      12.0   12      27110.011943   1    11   0     0.0     0.0     0.0   +    ||X1Sigma+
      12.0   13      28762.230347   1    12   0     0.0     0.0     0.0   +    ||X1Sigma+
      12.0   14      30282.632731   1    13   0     0.0     0.0     0.0   +    ||X1Sigma+
      12.0   15      31654.770074   1    14   0     0.0     0.0     0.0   +    ||X1Sigma+
      12.0   16      32847.867384   1    15   0     0.0     0.0     0.0   +    ||X1Sigma+
      12.0   17      33839.086332   1    16   0     0.0     0.0     0.0   +    ||X1Sigma+
      12.0   18      34766.397888   1    17   0     0.0     0.0     0.0   +    ||X1Sigma+
      12.0   19      35826.694638   1    18   0     0.0     0.0     0.0   +    ||X1Sigma+
      12.0   20      37033.746690   1    19   0     0.0     0.0     0.0   +    ||X1Sigma+
      12.0   21      38360.703289   1    20   0     0.0     0.0     0.0   +    ||X1Sigma+
      12.0   22      39791.589039   1    21   0     0.0     0.0     0.0   +    ||X1Sigma+
      12.0   23      41316.280682   1    22   0     0.0     0.0     0.0   +    ||X1Sigma+
      12.0   24      42927.686447   1    23   0     0.0     0.0     0.0   +    ||X1Sigma+
      12.0   25      44620.546825   1    24   0     0.0     0.0     0.0   +    ||X1Sigma+
      12.0   26      46390.780495   1    25   0     0.0     0.0     0.0   +    ||X1Sigma+
      12.0   27      48235.145621   1    26   0     0.0     0.0     0.0   +    ||X1Sigma+
      12.0   28      50151.028992   1    27   0     0.0     0.0     0.0   +    ||X1Sigma+
      12.0   29      52136.316487   1    28   0     0.0     0.0     0.0   +    ||X1Sigma+
      12.0   30      54189.303769   1    29   0     0.0     0.0     0.0   +    ||X1Sigma+
      12.0   31      56308.661528   1    30   0     0.0     0.0     0.0   +    ||X1Sigma+
      12.0   32      58493.405786   1    31   0     0.0     0.0     0.0   +    ||X1Sigma+
      12.0   33      60742.892083   1    32   0     0.0     0.0     0.0   +    ||X1Sigma+
      12.0   34      63056.779371   1    33   0     0.0     0.0     0.0   +    ||X1Sigma+
      12.0   35      65435.045842   1    34   0     0.0     0.0     0.0   +    ||X1Sigma+
      12.0   36      67877.919043   1    35   0     0.0     0.0     0.0   +    ||X1Sigma+
      12.0   37      70385.850121   1    36   0     0.0     0.0     0.0   +    ||X1Sigma+
      12.0   38      72959.422341   1    37   0     0.0     0.0     0.0   +    ||X1Sigma+
      12.0   39      75599.324605   1    38   0     0.0     0.0     0.0   +    ||X1Sigma+
      12.0   40      78306.298111   1    39   0     0.0     0.0     0.0   +    ||X1Sigma+
      12.0   41      81081.063955   1    40   0     0.0     0.0     0.0   +    ||X1Sigma+
      12.0   42      83924.292387   1    41   0     0.0     0.0     0.0   +    ||X1Sigma+
      12.0   43      86836.572427   1    42   0     0.0     0.0     0.0   +    ||X1Sigma+
      12.0   44      89818.407046   1    43   0     0.0     0.0     0.0   +    ||X1Sigma+
      12.0   45      92870.207976   1    44   0     0.0     0.0     0.0   +    ||X1Sigma+
      12.0   46      95992.355229   1    45   0     0.0     0.0     0.0   +    ||X1Sigma+
      12.0   47      99185.216818   1    46   0     0.0     0.0     0.0   +    ||X1Sigma+
      12.0   48     102449.972524   1    47   0     0.0     0.0     0.0   +    ||X1Sigma+
      12.0   49     105790.470152   1    48   0     0.0     0.0     0.0   +    ||X1Sigma+
      12.0   50     109314.006295   1    49   0     0.0     0.0     0.0   +    ||X1Sigma+

Zero point energy (ZPE) =    1483.369516983481

j =      13.0

Define the quanta book-keeping
The total number sigma/lambda states (size of the sigma-lambda submatrix) = 1

Sigma-Lambda basis set:
     i     jrot  state   spin    sigma lambda   omega
     1     13.0    1      0.0      0.0    0      0.0   X1Sigma+
...done!

Contracted basis set:
     i     jrot ilevel ivib state v     spin    sigma lambda   omega   Name
     1     13.0    1    1    1    0      0.0      0.0    0      0.0   X1Sigma+
     2     13.0    1    2    1    1      0.0      0.0    0      0.0   X1Sigma+
     3     13.0    1    3    1    2      0.0      0.0    0      0.0   X1Sigma+
     4     13.0    1    4    1    3      0.0      0.0    0      0.0   X1Sigma+
     5     13.0    1    5    1    4      0.0      0.0    0      0.0   X1Sigma+
     6     13.0    1    6    1    5      0.0      0.0    0      0.0   X1Sigma+
     7     13.0    1    7    1    6      0.0      0.0    0      0.0   X1Sigma+
     8     13.0    1    8    1    7      0.0      0.0    0      0.0   X1Sigma+
     9     13.0    1    9    1    8      0.0      0.0    0      0.0   X1Sigma+
    10     13.0    1   10    1    9      0.0      0.0    0      0.0   X1Sigma+
    11     13.0    1   11    1   10      0.0      0.0    0      0.0   X1Sigma+
    12     13.0    1   12    1   11      0.0      0.0    0      0.0   X1Sigma+
    13     13.0    1   13    1   12      0.0      0.0    0      0.0   X1Sigma+
    14     13.0    1   14    1   13      0.0      0.0    0      0.0   X1Sigma+
    15     13.0    1   15    1   14      0.0      0.0    0      0.0   X1Sigma+
    16     13.0    1   16    1   15      0.0      0.0    0      0.0   X1Sigma+
    17     13.0    1   17    1   16      0.0      0.0    0      0.0   X1Sigma+
    18     13.0    1   18    1   17      0.0      0.0    0      0.0   X1Sigma+
    19     13.0    1   19    1   18      0.0      0.0    0      0.0   X1Sigma+
    20     13.0    1   20    1   19      0.0      0.0    0      0.0   X1Sigma+
    21     13.0    1   21    1   20      0.0      0.0    0      0.0   X1Sigma+
    22     13.0    1   22    1   21      0.0      0.0    0      0.0   X1Sigma+
    23     13.0    1   23    1   22      0.0      0.0    0      0.0   X1Sigma+
    24     13.0    1   24    1   23      0.0      0.0    0      0.0   X1Sigma+
    25     13.0    1   25    1   24      0.0      0.0    0      0.0   X1Sigma+
    26     13.0    1   26    1   25      0.0      0.0    0      0.0   X1Sigma+
    27     13.0    1   27    1   26      0.0      0.0    0      0.0   X1Sigma+
    28     13.0    1   28    1   27      0.0      0.0    0      0.0   X1Sigma+
    29     13.0    1   29    1   28      0.0      0.0    0      0.0   X1Sigma+
    30     13.0    1   30    1   29      0.0      0.0    0      0.0   X1Sigma+
    31     13.0    1   31    1   30      0.0      0.0    0      0.0   X1Sigma+
    32     13.0    1   32    1   31      0.0      0.0    0      0.0   X1Sigma+
    33     13.0    1   33    1   32      0.0      0.0    0      0.0   X1Sigma+
    34     13.0    1   34    1   33      0.0      0.0    0      0.0   X1Sigma+
    35     13.0    1   35    1   34      0.0      0.0    0      0.0   X1Sigma+
    36     13.0    1   36    1   35      0.0      0.0    0      0.0   X1Sigma+
    37     13.0    1   37    1   36      0.0      0.0    0      0.0   X1Sigma+
    38     13.0    1   38    1   37      0.0      0.0    0      0.0   X1Sigma+
    39     13.0    1   39    1   38      0.0      0.0    0      0.0   X1Sigma+
    40     13.0    1   40    1   39      0.0      0.0    0      0.0   X1Sigma+
    41     13.0    1   41    1   40      0.0      0.0    0      0.0   X1Sigma+
    42     13.0    1   42    1   41      0.0      0.0    0      0.0   X1Sigma+
    43     13.0    1   43    1   42      0.0      0.0    0      0.0   X1Sigma+
    44     13.0    1   44    1   43      0.0      0.0    0      0.0   X1Sigma+
    45     13.0    1   45    1   44      0.0      0.0    0      0.0   X1Sigma+
    46     13.0    1   46    1   45      0.0      0.0    0      0.0   X1Sigma+
    47     13.0    1   47    1   46      0.0      0.0    0      0.0   X1Sigma+
    48     13.0    1   48    1   47      0.0      0.0    0      0.0   X1Sigma+
    49     13.0    1   49    1   48      0.0      0.0    0      0.0   X1Sigma+
    50     13.0    1   50    1   49      0.0      0.0    0      0.0   X1Sigma+


 Memory Report:
 Active Arrays                                          size (MB)
 GRID                                                       0.007                
 r-field                                                    0.010                
 icontrvib                                                  0.031                
 brot                                                       0.020                
 X1Sigma+                                                   0.020                
 BROT                                                       0.022                
 <X|mu|X>                                                   0.020                
 hmat                                                       0.020                
 eigens                                                     0.265                
 Total memory   =                                           0.421 MB
 Maximal memory =                                           2.503 MB (         8000.000)

 (       25 arrays contributing less than 1% are not shown)


Construct the hamiltonian matrix
...done!

Non-zero matrix elements of the coupled Sigma-Lambda matrix:
Threshold for printing is   2.22E-16 cm^-1
RV == Rotational-vibrational
SO == Spin-Orbit interaction
SS == Spin-Spin interaction
JS == J.S interaction (aka S-uncoupling)
LS == L.J interaction (aka L-uncoupling)
LS == L.S interaction (spin-electronic)
RV=        215.447;
 


Eigenvalues for J =     13.0

       J      i        Energy/cm  State   v  lambda spin   sigma   omega  parity
      13.0    1       1873.843630   1     0   0     0.0     0.0     0.0   -    ||X1Sigma+
      13.0    2       4705.017188   1     1   0     0.0     0.0     0.0   -    ||X1Sigma+
      13.0    3       7432.808389   1     2   0     0.0     0.0     0.0   -    ||X1Sigma+
      13.0    4      10057.137955   1     3   0     0.0     0.0     0.0   -    ||X1Sigma+
      13.0    5      12578.646775   1     4   0     0.0     0.0     0.0   -    ||X1Sigma+
      13.0    6      14998.133179   1     5   0     0.0     0.0     0.0   -    ||X1Sigma+
      13.0    7      17315.616663   1     6   0     0.0     0.0     0.0   -    ||X1Sigma+
      13.0    8      19530.057187   1     7   0     0.0     0.0     0.0   -    ||X1Sigma+
      13.0    9      21638.855856   1     8   0     0.0     0.0     0.0   -    ||X1Sigma+
      13.0   10      23637.557357   1     9   0     0.0     0.0     0.0   -    ||X1Sigma+
      13.0   11      25521.572571   1    10   0     0.0     0.0     0.0   -    ||X1Sigma+
      13.0   12      27287.621830   1    11   0     0.0     0.0     0.0   -    ||X1Sigma+
      13.0   13      28930.499084   1    12   0     0.0     0.0     0.0   -    ||X1Sigma+
      13.0   14      30440.695858   1    13   0     0.0     0.0     0.0   -    ||X1Sigma+
      13.0   15      31800.970896   1    14   0     0.0     0.0     0.0   -    ||X1Sigma+
      13.0   16      32979.288499   1    15   0     0.0     0.0     0.0   -    ||X1Sigma+
      13.0   17      33957.108278   1    16   0     0.0     0.0     0.0   -    ||X1Sigma+
      13.0   18      34887.092909   1    17   0     0.0     0.0     0.0   -    ||X1Sigma+
      13.0   19      35956.546075   1    18   0     0.0     0.0     0.0   -    ||X1Sigma+
      13.0   20      37170.823207   1    19   0     0.0     0.0     0.0   -    ||X1Sigma+
      13.0   21      38503.591730   1    20   0     0.0     0.0     0.0   -    ||X1Sigma+
      13.0   22      39939.462352   1    21   0     0.0     0.0     0.0   -    ||X1Sigma+
      13.0   23      41468.578629   1    22   0     0.0     0.0     0.0   -    ||X1Sigma+
      13.0   24      43084.007311   1    23   0     0.0     0.0     0.0   -    ||X1Sigma+
      13.0   25      44780.586952   1    24   0     0.0     0.0     0.0   -    ||X1Sigma+
      13.0   26      46554.292304   1    25   0     0.0     0.0     0.0   -    ||X1Sigma+
      13.0   27      48401.922690   1    26   0     0.0     0.0     0.0   -    ||X1Sigma+
      13.0   28      50320.889546   1    27   0     0.0     0.0     0.0   -    ||X1Sigma+
      13.0   29      52309.091146   1    28   0     0.0     0.0     0.0   -    ||X1Sigma+
      13.0   30      54364.826660   1    29   0     0.0     0.0     0.0   -    ||X1Sigma+
      13.0   31      56486.763666   1    30   0     0.0     0.0     0.0   -    ||X1Sigma+
      13.0   32      58673.905842   1    31   0     0.0     0.0     0.0   -    ||X1Sigma+
      13.0   33      60925.593689   1    32   0     0.0     0.0     0.0   -    ||X1Sigma+
      13.0   34      63241.468051   1    33   0     0.0     0.0     0.0   -    ||X1Sigma+
      13.0   35      65621.490460   1    34   0     0.0     0.0     0.0   -    ||X1Sigma+
      13.0   36      68065.877193   1    35   0     0.0     0.0     0.0   -    ||X1Sigma+
      13.0   37      70575.075667   1    36   0     0.0     0.0     0.0   -    ||X1Sigma+
      13.0   38      73149.675113   1    37   0     0.0     0.0     0.0   -    ||X1Sigma+
      13.0   39      75790.374625   1    38   0     0.0     0.0     0.0   -    ||X1Sigma+
      13.0   40      78497.934597   1    39   0     0.0     0.0     0.0   -    ||X1Sigma+
      13.0   41      81273.101439   1    40   0     0.0     0.0     0.0   -    ||X1Sigma+
      13.0   42      84116.573614   1    41   0     0.0     0.0     0.0   -    ||X1Sigma+
      13.0   43      87028.969190   1    42   0     0.0     0.0     0.0   -    ||X1Sigma+
      13.0   44      90010.820061   1    43   0     0.0     0.0     0.0   -    ||X1Sigma+
      13.0   45      93062.563739   1    44   0     0.0     0.0     0.0   -    ||X1Sigma+
      13.0   46      96184.616510   1    45   0     0.0     0.0     0.0   -    ||X1Sigma+
      13.0   47      99377.380000   1    46   0     0.0     0.0     0.0   -    ||X1Sigma+
      13.0   48     102642.261841   1    47   0     0.0     0.0     0.0   -    ||X1Sigma+
      13.0   49     105983.718858   1    48   0     0.0     0.0     0.0   -    ||X1Sigma+
      13.0   50     109554.137140   1    49   0     0.0     0.0     0.0   -    ||X1Sigma+

Zero point energy (ZPE) =    1483.369516983481

j =      14.0

Define the quanta book-keeping
The total number sigma/lambda states (size of the sigma-lambda submatrix) = 1

Sigma-Lambda basis set:
     i     jrot  state   spin    sigma lambda   omega
     1     14.0    1      0.0      0.0    0      0.0   X1Sigma+
...done!

Contracted basis set:
     i     jrot ilevel ivib state v     spin    sigma lambda   omega   Name
     1     14.0    1    1    1    0      0.0      0.0    0      0.0   X1Sigma+
     2     14.0    1    2    1    1      0.0      0.0    0      0.0   X1Sigma+
     3     14.0    1    3    1    2      0.0      0.0    0      0.0   X1Sigma+
     4     14.0    1    4    1    3      0.0      0.0    0      0.0   X1Sigma+
     5     14.0    1    5    1    4      0.0      0.0    0      0.0   X1Sigma+
     6     14.0    1    6    1    5      0.0      0.0    0      0.0   X1Sigma+
     7     14.0    1    7    1    6      0.0      0.0    0      0.0   X1Sigma+
     8     14.0    1    8    1    7      0.0      0.0    0      0.0   X1Sigma+
     9     14.0    1    9    1    8      0.0      0.0    0      0.0   X1Sigma+
    10     14.0    1   10    1    9      0.0      0.0    0      0.0   X1Sigma+
    11     14.0    1   11    1   10      0.0      0.0    0      0.0   X1Sigma+
    12     14.0    1   12    1   11      0.0      0.0    0      0.0   X1Sigma+
    13     14.0    1   13    1   12      0.0      0.0    0      0.0   X1Sigma+
    14     14.0    1   14    1   13      0.0      0.0    0      0.0   X1Sigma+
    15     14.0    1   15    1   14      0.0      0.0    0      0.0   X1Sigma+
    16     14.0    1   16    1   15      0.0      0.0    0      0.0   X1Sigma+
    17     14.0    1   17    1   16      0.0      0.0    0      0.0   X1Sigma+
    18     14.0    1   18    1   17      0.0      0.0    0      0.0   X1Sigma+
    19     14.0    1   19    1   18      0.0      0.0    0      0.0   X1Sigma+
    20     14.0    1   20    1   19      0.0      0.0    0      0.0   X1Sigma+
    21     14.0    1   21    1   20      0.0      0.0    0      0.0   X1Sigma+
    22     14.0    1   22    1   21      0.0      0.0    0      0.0   X1Sigma+
    23     14.0    1   23    1   22      0.0      0.0    0      0.0   X1Sigma+
    24     14.0    1   24    1   23      0.0      0.0    0      0.0   X1Sigma+
    25     14.0    1   25    1   24      0.0      0.0    0      0.0   X1Sigma+
    26     14.0    1   26    1   25      0.0      0.0    0      0.0   X1Sigma+
    27     14.0    1   27    1   26      0.0      0.0    0      0.0   X1Sigma+
    28     14.0    1   28    1   27      0.0      0.0    0      0.0   X1Sigma+
    29     14.0    1   29    1   28      0.0      0.0    0      0.0   X1Sigma+
    30     14.0    1   30    1   29      0.0      0.0    0      0.0   X1Sigma+
    31     14.0    1   31    1   30      0.0      0.0    0      0.0   X1Sigma+
    32     14.0    1   32    1   31      0.0      0.0    0      0.0   X1Sigma+
    33     14.0    1   33    1   32      0.0      0.0    0      0.0   X1Sigma+
    34     14.0    1   34    1   33      0.0      0.0    0      0.0   X1Sigma+
    35     14.0    1   35    1   34      0.0      0.0    0      0.0   X1Sigma+
    36     14.0    1   36    1   35      0.0      0.0    0      0.0   X1Sigma+
    37     14.0    1   37    1   36      0.0      0.0    0      0.0   X1Sigma+
    38     14.0    1   38    1   37      0.0      0.0    0      0.0   X1Sigma+
    39     14.0    1   39    1   38      0.0      0.0    0      0.0   X1Sigma+
    40     14.0    1   40    1   39      0.0      0.0    0      0.0   X1Sigma+
    41     14.0    1   41    1   40      0.0      0.0    0      0.0   X1Sigma+
    42     14.0    1   42    1   41      0.0      0.0    0      0.0   X1Sigma+
    43     14.0    1   43    1   42      0.0      0.0    0      0.0   X1Sigma+
    44     14.0    1   44    1   43      0.0      0.0    0      0.0   X1Sigma+
    45     14.0    1   45    1   44      0.0      0.0    0      0.0   X1Sigma+
    46     14.0    1   46    1   45      0.0      0.0    0      0.0   X1Sigma+
    47     14.0    1   47    1   46      0.0      0.0    0      0.0   X1Sigma+
    48     14.0    1   48    1   47      0.0      0.0    0      0.0   X1Sigma+
    49     14.0    1   49    1   48      0.0      0.0    0      0.0   X1Sigma+
    50     14.0    1   50    1   49      0.0      0.0    0      0.0   X1Sigma+


 Memory Report:
 Active Arrays                                          size (MB)
 GRID                                                       0.007                
 r-field                                                    0.010                
 icontrvib                                                  0.031                
 brot                                                       0.020                
 X1Sigma+                                                   0.020                
 BROT                                                       0.022                
 <X|mu|X>                                                   0.020                
 hmat                                                       0.020                
 eigens                                                     0.286                
 Total memory   =                                           0.441 MB
 Maximal memory =                                           2.503 MB (         8000.000)

 (       25 arrays contributing less than 1% are not shown)


Construct the hamiltonian matrix
...done!

Non-zero matrix elements of the coupled Sigma-Lambda matrix:
Threshold for printing is   2.22E-16 cm^-1
RV == Rotational-vibrational
SO == Spin-Orbit interaction
SS == Spin-Spin interaction
JS == J.S interaction (aka S-uncoupling)
LS == L.J interaction (aka L-uncoupling)
LS == L.S interaction (spin-electronic)
RV=        248.593;
 


Eigenvalues for J =     14.0

       J      i        Energy/cm  State   v  lambda spin   sigma   omega  parity
      14.0    1       2159.103057   1     0   0     0.0     0.0     0.0   +    ||X1Sigma+
      14.0    2       4981.915789   1     1   0     0.0     0.0     0.0   +    ||X1Sigma+
      14.0    3       7701.445811   1     2   0     0.0     0.0     0.0   +    ||X1Sigma+
      14.0    4      10317.580159   1     3   0     0.0     0.0     0.0   +    ||X1Sigma+
      14.0    5      12830.871396   1     4   0     0.0     0.0     0.0   +    ||X1Sigma+
      14.0    6      15242.048735   1     5   0     0.0     0.0     0.0   +    ||X1Sigma+
      14.0    7      17551.119100   1     6   0     0.0     0.0     0.0   +    ||X1Sigma+
      14.0    8      19757.032337   1     7   0     0.0     0.0     0.0   +    ||X1Sigma+
      14.0    9      21857.113098   1     8   0     0.0     0.0     0.0   +    ||X1Sigma+
      14.0   10      23846.818989   1     9   0     0.0     0.0     0.0   +    ||X1Sigma+
      14.0   11      25721.583231   1    10   0     0.0     0.0     0.0   +    ||X1Sigma+
      14.0   12      27478.086818   1    11   0     0.0     0.0     0.0   +    ||X1Sigma+
      14.0   13      29110.853913   1    12   0     0.0     0.0     0.0   +    ||X1Sigma+
      14.0   14      30609.970374   1    13   0     0.0     0.0     0.0   +    ||X1Sigma+
      14.0   15      31957.291345   1    14   0     0.0     0.0     0.0   +    ||X1Sigma+
      14.0   16      33119.435395   1    15   0     0.0     0.0     0.0   +    ||X1Sigma+
      14.0   17      34083.553072   1    16   0     0.0     0.0     0.0   +    ||X1Sigma+
      14.0   18      35017.579474   1    17   0     0.0     0.0     0.0   +    ||X1Sigma+
      14.0   19      36096.822399   1    18   0     0.0     0.0     0.0   +    ||X1Sigma+
      14.0   20      37318.726580   1    19   0     0.0     0.0     0.0   +    ||X1Sigma+
      14.0   21      38657.663577   1    20   0     0.0     0.0     0.0   +    ||X1Sigma+
      14.0   22      40098.841292   1    21   0     0.0     0.0     0.0   +    ||X1Sigma+
      14.0   23      41632.678593   1    22   0     0.0     0.0     0.0   +    ||X1Sigma+
      14.0   24      43252.406550   1    23   0     0.0     0.0     0.0   +    ||X1Sigma+
      14.0   25      44952.966302   1    24   0     0.0     0.0     0.0   +    ||X1Sigma+
      14.0   26      46730.391659   1    25   0     0.0     0.0     0.0   +    ||X1Sigma+
      14.0   27      48581.525120   1    26   0     0.0     0.0     0.0   +    ||X1Sigma+
      14.0   28      50503.804386   1    27   0     0.0     0.0     0.0   +    ||X1Sigma+
      14.0   29      52495.141051   1    28   0     0.0     0.0     0.0   +    ||X1Sigma+
      14.0   30      54553.838313   1    29   0     0.0     0.0     0.0   +    ||X1Sigma+
      14.0   31      56678.560720   1    30   0     0.0     0.0     0.0   +    ||X1Sigma+
      14.0   32      58868.299002   1    31   0     0.0     0.0     0.0   +    ||X1Sigma+
      14.0   33      61122.377183   1    32   0     0.0     0.0     0.0   +    ||X1Sigma+
      14.0   34      63440.416312   1    33   0     0.0     0.0     0.0   +    ||X1Sigma+
      14.0   35      65822.358577   1    34   0     0.0     0.0     0.0   +    ||X1Sigma+
      14.0   36      68268.406515   1    35   0     0.0     0.0     0.0   +    ||X1Sigma+
      14.0   37      70779.001369   1    36   0     0.0     0.0     0.0   +    ||X1Sigma+
      14.0   38      73354.737186   1    37   0     0.0     0.0     0.0   +    ||X1Sigma+
      14.0   39      75996.322549   1    38   0     0.0     0.0     0.0   +    ||X1Sigma+
      14.0   40      78704.537018   1    39   0     0.0     0.0     0.0   +    ||X1Sigma+
      14.0   41      81480.153500   1    40   0     0.0     0.0     0.0   +    ||X1Sigma+
      14.0   42      84323.900583   1    41   0     0.0     0.0     0.0   +    ||X1Sigma+
      14.0   43      87236.427751   1    42   0     0.0     0.0     0.0   +    ||X1Sigma+
      14.0   44      90218.298435   1    43   0     0.0     0.0     0.0   +    ||X1Sigma+
      14.0   45      93269.977749   1    44   0     0.0     0.0     0.0   +    ||X1Sigma+
      14.0   46      96391.919921   1    45   0     0.0     0.0     0.0   +    ||X1Sigma+
      14.0   47      99584.554165   1    46   0     0.0     0.0     0.0   +    ||X1Sigma+
      14.0   48     102849.502991   1    47   0     0.0     0.0     0.0   +    ||X1Sigma+
      14.0   49     106191.610179   1    48   0     0.0     0.0     0.0   +    ||X1Sigma+
      14.0   50     109822.376649   1    49   0     0.0     0.0     0.0   +    ||X1Sigma+

Zero point energy (ZPE) =    1483.369516983481

j =      15.0

Define the quanta book-keeping
The total number sigma/lambda states (size of the sigma-lambda submatrix) = 1

Sigma-Lambda basis set:
     i     jrot  state   spin    sigma lambda   omega
     1     15.0    1      0.0      0.0    0      0.0   X1Sigma+
...done!

Contracted basis set:
     i     jrot ilevel ivib state v     spin    sigma lambda   omega   Name
     1     15.0    1    1    1    0      0.0      0.0    0      0.0   X1Sigma+
     2     15.0    1    2    1    1      0.0      0.0    0      0.0   X1Sigma+
     3     15.0    1    3    1    2      0.0      0.0    0      0.0   X1Sigma+
     4     15.0    1    4    1    3      0.0      0.0    0      0.0   X1Sigma+
     5     15.0    1    5    1    4      0.0      0.0    0      0.0   X1Sigma+
     6     15.0    1    6    1    5      0.0      0.0    0      0.0   X1Sigma+
     7     15.0    1    7    1    6      0.0      0.0    0      0.0   X1Sigma+
     8     15.0    1    8    1    7      0.0      0.0    0      0.0   X1Sigma+
     9     15.0    1    9    1    8      0.0      0.0    0      0.0   X1Sigma+
    10     15.0    1   10    1    9      0.0      0.0    0      0.0   X1Sigma+
    11     15.0    1   11    1   10      0.0      0.0    0      0.0   X1Sigma+
    12     15.0    1   12    1   11      0.0      0.0    0      0.0   X1Sigma+
    13     15.0    1   13    1   12      0.0      0.0    0      0.0   X1Sigma+
    14     15.0    1   14    1   13      0.0      0.0    0      0.0   X1Sigma+
    15     15.0    1   15    1   14      0.0      0.0    0      0.0   X1Sigma+
    16     15.0    1   16    1   15      0.0      0.0    0      0.0   X1Sigma+
    17     15.0    1   17    1   16      0.0      0.0    0      0.0   X1Sigma+
    18     15.0    1   18    1   17      0.0      0.0    0      0.0   X1Sigma+
    19     15.0    1   19    1   18      0.0      0.0    0      0.0   X1Sigma+
    20     15.0    1   20    1   19      0.0      0.0    0      0.0   X1Sigma+
    21     15.0    1   21    1   20      0.0      0.0    0      0.0   X1Sigma+
    22     15.0    1   22    1   21      0.0      0.0    0      0.0   X1Sigma+
    23     15.0    1   23    1   22      0.0      0.0    0      0.0   X1Sigma+
    24     15.0    1   24    1   23      0.0      0.0    0      0.0   X1Sigma+
    25     15.0    1   25    1   24      0.0      0.0    0      0.0   X1Sigma+
    26     15.0    1   26    1   25      0.0      0.0    0      0.0   X1Sigma+
    27     15.0    1   27    1   26      0.0      0.0    0      0.0   X1Sigma+
    28     15.0    1   28    1   27      0.0      0.0    0      0.0   X1Sigma+
    29     15.0    1   29    1   28      0.0      0.0    0      0.0   X1Sigma+
    30     15.0    1   30    1   29      0.0      0.0    0      0.0   X1Sigma+
    31     15.0    1   31    1   30      0.0      0.0    0      0.0   X1Sigma+
    32     15.0    1   32    1   31      0.0      0.0    0      0.0   X1Sigma+
    33     15.0    1   33    1   32      0.0      0.0    0      0.0   X1Sigma+
    34     15.0    1   34    1   33      0.0      0.0    0      0.0   X1Sigma+
    35     15.0    1   35    1   34      0.0      0.0    0      0.0   X1Sigma+
    36     15.0    1   36    1   35      0.0      0.0    0      0.0   X1Sigma+
    37     15.0    1   37    1   36      0.0      0.0    0      0.0   X1Sigma+
    38     15.0    1   38    1   37      0.0      0.0    0      0.0   X1Sigma+
    39     15.0    1   39    1   38      0.0      0.0    0      0.0   X1Sigma+
    40     15.0    1   40    1   39      0.0      0.0    0      0.0   X1Sigma+
    41     15.0    1   41    1   40      0.0      0.0    0      0.0   X1Sigma+
    42     15.0    1   42    1   41      0.0      0.0    0      0.0   X1Sigma+
    43     15.0    1   43    1   42      0.0      0.0    0      0.0   X1Sigma+
    44     15.0    1   44    1   43      0.0      0.0    0      0.0   X1Sigma+
    45     15.0    1   45    1   44      0.0      0.0    0      0.0   X1Sigma+
    46     15.0    1   46    1   45      0.0      0.0    0      0.0   X1Sigma+
    47     15.0    1   47    1   46      0.0      0.0    0      0.0   X1Sigma+
    48     15.0    1   48    1   47      0.0      0.0    0      0.0   X1Sigma+
    49     15.0    1   49    1   48      0.0      0.0    0      0.0   X1Sigma+
    50     15.0    1   50    1   49      0.0      0.0    0      0.0   X1Sigma+


 Memory Report:
 Active Arrays                                          size (MB)
 GRID                                                       0.007                
 r-field                                                    0.010                
 icontrvib                                                  0.031                
 brot                                                       0.020                
 X1Sigma+                                                   0.020                
 BROT                                                       0.022                
 <X|mu|X>                                                   0.020                
 hmat                                                       0.020                
 eigens                                                     0.306                
 Total memory   =                                           0.462 MB
 Maximal memory =                                           2.503 MB (         8000.000)

 (       25 arrays contributing less than 1% are not shown)


Construct the hamiltonian matrix
...done!

Non-zero matrix elements of the coupled Sigma-Lambda matrix:
Threshold for printing is   2.22E-16 cm^-1
RV == Rotational-vibrational
SO == Spin-Orbit interaction
SS == Spin-Spin interaction
JS == J.S interaction (aka S-uncoupling)
LS == L.J interaction (aka L-uncoupling)
LS == L.S interaction (spin-electronic)
RV=        284.106;
 


Eigenvalues for J =     15.0

       J      i        Energy/cm  State   v  lambda spin   sigma   omega  parity
      15.0    1       2463.849862   1     0   0     0.0     0.0     0.0   -    ||X1Sigma+
      15.0    2       5277.714567   1     1   0     0.0     0.0     0.0   -    ||X1Sigma+
      15.0    3       7988.399781   1     2   0     0.0     0.0     0.0   -    ||X1Sigma+
      15.0    4      10595.760017   1     3   0     0.0     0.0     0.0   -    ||X1Sigma+
      15.0    5      13100.256246   1     4   0     0.0     0.0     0.0   -    ||X1Sigma+
      15.0    6      15502.541407   1     5   0     0.0     0.0     0.0   -    ||X1Sigma+
      15.0    7      17802.604525   1     6   0     0.0     0.0     0.0   -    ||X1Sigma+
      15.0    8      19999.379947   1     7   0     0.0     0.0     0.0   -    ||X1Sigma+
      15.0    9      22090.107216   1     8   0     0.0     0.0     0.0   -    ||X1Sigma+
      15.0   10      24070.154720   1     9   0     0.0     0.0     0.0   -    ||X1Sigma+
      15.0   11      25934.985757   1    10   0     0.0     0.0     0.0   -    ||X1Sigma+
      15.0   12      27681.226607   1    11   0     0.0     0.0     0.0   -    ||X1Sigma+
      15.0   13      29303.101177   1    12   0     0.0     0.0     0.0   -    ||X1Sigma+
      15.0   14      30790.237444   1    13   0     0.0     0.0     0.0   -    ||X1Sigma+
      15.0   15      32123.461487   1    14   0     0.0     0.0     0.0   -    ||X1Sigma+
      15.0   16      33267.993223   1    15   0     0.0     0.0     0.0   -    ||X1Sigma+
      15.0   17      34218.408582   1    16   0     0.0     0.0     0.0   -    ||X1Sigma+
      15.0   18      35157.995843   1    17   0     0.0     0.0     0.0   -    ||X1Sigma+
      15.0   19      36247.603898   1    18   0     0.0     0.0     0.0   -    ||X1Sigma+
      15.0   20      37477.509632   1    19   0     0.0     0.0     0.0   -    ||X1Sigma+
      15.0   21      38822.955248   1    20   0     0.0     0.0     0.0   -    ||X1Sigma+
      15.0   22      40269.750374   1    21   0     0.0     0.0     0.0   -    ||X1Sigma+
      15.0   23      41808.596274   1    22   0     0.0     0.0     0.0   -    ||X1Sigma+
      15.0   24      43432.893031   1    23   0     0.0     0.0     0.0   -    ||X1Sigma+
      15.0   25      45137.688250   1    24   0     0.0     0.0     0.0   -    ||X1Sigma+
      15.0   26      46919.077726   1    25   0     0.0     0.0     0.0   -    ||X1Sigma+
      15.0   27      48773.948866   1    26   0     0.0     0.0     0.0   -    ||X1Sigma+
      15.0   28      50699.767194   1    27   0     0.0     0.0     0.0   -    ||X1Sigma+
      15.0   29      52694.458553   1    28   0     0.0     0.0     0.0   -    ||X1Sigma+
      15.0   30      54756.330755   1    29   0     0.0     0.0     0.0   -    ||X1Sigma+
      15.0   31      56884.045475   1    30   0     0.0     0.0     0.0   -    ||X1Sigma+
      15.0   32      59076.580076   1    31   0     0.0     0.0     0.0   -    ||X1Sigma+
      15.0   33      61333.240694   1    32   0     0.0     0.0     0.0   -    ||X1Sigma+
      15.0   34      63653.626975   1    33   0     0.0     0.0     0.0   -    ||X1Sigma+
      15.0   35      66037.658918   1    34   0     0.0     0.0     0.0   -    ||X1Sigma+
      15.0   36      68485.522588   1    35   0     0.0     0.0     0.0   -    ||X1Sigma+
      15.0   37      70997.650148   1    36   0     0.0     0.0     0.0   -    ||X1Sigma+
      15.0   38      73574.638862   1    37   0     0.0     0.0     0.0   -    ||X1Sigma+
      15.0   39      76217.205755   1    38   0     0.0     0.0     0.0   -    ||X1Sigma+
      15.0   40      78926.149077   1    39   0     0.0     0.0     0.0   -    ||X1Sigma+
      15.0   41      81702.269100   1    40   0     0.0     0.0     0.0   -    ||X1Sigma+
      15.0   42      84546.326275   1    41   0     0.0     0.0     0.0   -    ||X1Sigma+
      15.0   43      87459.003801   1    42   0     0.0     0.0     0.0   -    ||X1Sigma+
      15.0   44      90440.899252   1    43   0     0.0     0.0     0.0   -    ||X1Sigma+
      15.0   45      93492.507096   1    44   0     0.0     0.0     0.0   -    ||X1Sigma+
      15.0   46      96614.320459   1    45   0     0.0     0.0     0.0   -    ||X1Sigma+
      15.0   47      99806.787609   1    46   0     0.0     0.0     0.0   -    ||X1Sigma+
      15.0   48     103071.715541   1    47   0     0.0     0.0     0.0   -    ||X1Sigma+
      15.0   49     106413.980455   1    48   0     0.0     0.0     0.0   -    ||X1Sigma+
      15.0   50     110121.026609   1    49   0     0.0     0.0     0.0   -    ||X1Sigma+

Zero point energy (ZPE) =    1483.369516983481

j =      16.0

Define the quanta book-keeping
The total number sigma/lambda states (size of the sigma-lambda submatrix) = 1

Sigma-Lambda basis set:
     i     jrot  state   spin    sigma lambda   omega
     1     16.0    1      0.0      0.0    0      0.0   X1Sigma+
...done!

Contracted basis set:
     i     jrot ilevel ivib state v     spin    sigma lambda   omega   Name
     1     16.0    1    1    1    0      0.0      0.0    0      0.0   X1Sigma+
     2     16.0    1    2    1    1      0.0      0.0    0      0.0   X1Sigma+
     3     16.0    1    3    1    2      0.0      0.0    0      0.0   X1Sigma+
     4     16.0    1    4    1    3      0.0      0.0    0      0.0   X1Sigma+
     5     16.0    1    5    1    4      0.0      0.0    0      0.0   X1Sigma+
     6     16.0    1    6    1    5      0.0      0.0    0      0.0   X1Sigma+
     7     16.0    1    7    1    6      0.0      0.0    0      0.0   X1Sigma+
     8     16.0    1    8    1    7      0.0      0.0    0      0.0   X1Sigma+
     9     16.0    1    9    1    8      0.0      0.0    0      0.0   X1Sigma+
    10     16.0    1   10    1    9      0.0      0.0    0      0.0   X1Sigma+
    11     16.0    1   11    1   10      0.0      0.0    0      0.0   X1Sigma+
    12     16.0    1   12    1   11      0.0      0.0    0      0.0   X1Sigma+
    13     16.0    1   13    1   12      0.0      0.0    0      0.0   X1Sigma+
    14     16.0    1   14    1   13      0.0      0.0    0      0.0   X1Sigma+
    15     16.0    1   15    1   14      0.0      0.0    0      0.0   X1Sigma+
    16     16.0    1   16    1   15      0.0      0.0    0      0.0   X1Sigma+
    17     16.0    1   17    1   16      0.0      0.0    0      0.0   X1Sigma+
    18     16.0    1   18    1   17      0.0      0.0    0      0.0   X1Sigma+
    19     16.0    1   19    1   18      0.0      0.0    0      0.0   X1Sigma+
    20     16.0    1   20    1   19      0.0      0.0    0      0.0   X1Sigma+
    21     16.0    1   21    1   20      0.0      0.0    0      0.0   X1Sigma+
    22     16.0    1   22    1   21      0.0      0.0    0      0.0   X1Sigma+
    23     16.0    1   23    1   22      0.0      0.0    0      0.0   X1Sigma+
    24     16.0    1   24    1   23      0.0      0.0    0      0.0   X1Sigma+
    25     16.0    1   25    1   24      0.0      0.0    0      0.0   X1Sigma+
    26     16.0    1   26    1   25      0.0      0.0    0      0.0   X1Sigma+
    27     16.0    1   27    1   26      0.0      0.0    0      0.0   X1Sigma+
    28     16.0    1   28    1   27      0.0      0.0    0      0.0   X1Sigma+
    29     16.0    1   29    1   28      0.0      0.0    0      0.0   X1Sigma+
    30     16.0    1   30    1   29      0.0      0.0    0      0.0   X1Sigma+
    31     16.0    1   31    1   30      0.0      0.0    0      0.0   X1Sigma+
    32     16.0    1   32    1   31      0.0      0.0    0      0.0   X1Sigma+
    33     16.0    1   33    1   32      0.0      0.0    0      0.0   X1Sigma+
    34     16.0    1   34    1   33      0.0      0.0    0      0.0   X1Sigma+
    35     16.0    1   35    1   34      0.0      0.0    0      0.0   X1Sigma+
    36     16.0    1   36    1   35      0.0      0.0    0      0.0   X1Sigma+
    37     16.0    1   37    1   36      0.0      0.0    0      0.0   X1Sigma+
    38     16.0    1   38    1   37      0.0      0.0    0      0.0   X1Sigma+
    39     16.0    1   39    1   38      0.0      0.0    0      0.0   X1Sigma+
    40     16.0    1   40    1   39      0.0      0.0    0      0.0   X1Sigma+
    41     16.0    1   41    1   40      0.0      0.0    0      0.0   X1Sigma+
    42     16.0    1   42    1   41      0.0      0.0    0      0.0   X1Sigma+
    43     16.0    1   43    1   42      0.0      0.0    0      0.0   X1Sigma+
    44     16.0    1   44    1   43      0.0      0.0    0      0.0   X1Sigma+
    45     16.0    1   45    1   44      0.0      0.0    0      0.0   X1Sigma+
    46     16.0    1   46    1   45      0.0      0.0    0      0.0   X1Sigma+
    47     16.0    1   47    1   46      0.0      0.0    0      0.0   X1Sigma+
    48     16.0    1   48    1   47      0.0      0.0    0      0.0   X1Sigma+
    49     16.0    1   49    1   48      0.0      0.0    0      0.0   X1Sigma+
    50     16.0    1   50    1   49      0.0      0.0    0      0.0   X1Sigma+


 Memory Report:
 Active Arrays                                          size (MB)
 GRID                                                       0.007                
 r-field                                                    0.010                
 icontrvib                                                  0.031                
 brot                                                       0.020                
 X1Sigma+                                                   0.020                
 BROT                                                       0.022                
 <X|mu|X>                                                   0.020                
 hmat                                                       0.020                
 eigens                                                     0.326                
 Total memory   =                                           0.482 MB
 Maximal memory =                                           2.503 MB (         8000.000)

 (       25 arrays contributing less than 1% are not shown)


Construct the hamiltonian matrix
...done!

Non-zero matrix elements of the coupled Sigma-Lambda matrix:
Threshold for printing is   2.22E-16 cm^-1
RV == Rotational-vibrational
SO == Spin-Orbit interaction
SS == Spin-Spin interaction
JS == J.S interaction (aka S-uncoupling)
LS == L.J interaction (aka L-uncoupling)
LS == L.S interaction (spin-electronic)
RV=        321.987;
 


Eigenvalues for J =     16.0

       J      i        Energy/cm  State   v  lambda spin   sigma   omega  parity
      16.0    1       2787.903050   1     0   0     0.0     0.0     0.0   +    ||X1Sigma+
      16.0    2       5592.234590   1     1   0     0.0     0.0     0.0   +    ||X1Sigma+
      16.0    3       8293.492667   1     2   0     0.0     0.0     0.0   +    ||X1Sigma+
      16.0    4      10891.500858   1     3   0     0.0     0.0     0.0   +    ||X1Sigma+
      16.0    5      13386.625990   1     4   0     0.0     0.0     0.0   +    ||X1Sigma+
      16.0    6      15779.437536   1     5   0     0.0     0.0     0.0   +    ||X1Sigma+
      16.0    7      18069.900491   1     6   0     0.0     0.0     0.0   +    ||X1Sigma+
      16.0    8      20256.927040   1     7   0     0.0     0.0     0.0   +    ||X1Sigma+
      16.0    9      22337.662293   1     8   0     0.0     0.0     0.0   +    ||X1Sigma+
      16.0   10      24307.384551   1     9   0     0.0     0.0     0.0   +    ||X1Sigma+
      16.0   11      26161.595428   1    10   0     0.0     0.0     0.0   +    ||X1Sigma+
      16.0   12      27896.847494   1    11   0     0.0     0.0     0.0   +    ||X1Sigma+
      16.0   13      29507.031974   1    12   0     0.0     0.0     0.0   +    ||X1Sigma+
      16.0   14      30981.258868   1    13   0     0.0     0.0     0.0   +    ||X1Sigma+
      16.0   15      32299.183603   1    14   0     0.0     0.0     0.0   +    ||X1Sigma+
      16.0   16      33424.630001   1    15   0     0.0     0.0     0.0   +    ||X1Sigma+
      16.0   17      34361.713790   1    16   0     0.0     0.0     0.0   +    ||X1Sigma+
      16.0   18      35308.487596   1    17   0     0.0     0.0     0.0   +    ||X1Sigma+
      16.0   19      36408.971133   1    18   0     0.0     0.0     0.0   +    ||X1Sigma+
      16.0   20      37647.225951   1    19   0     0.0     0.0     0.0   +    ||X1Sigma+
      16.0   21      38999.503811   1    20   0     0.0     0.0     0.0   +    ||X1Sigma+
      16.0   22      40452.214470   1    21   0     0.0     0.0     0.0   +    ||X1Sigma+
      16.0   23      41996.347400   1    22   0     0.0     0.0     0.0   +    ||X1Sigma+
      16.0   24      43625.475339   1    23   0     0.0     0.0     0.0   +    ||X1Sigma+
      16.0   25      45334.755555   1    24   0     0.0     0.0     0.0   +    ||X1Sigma+
      16.0   26      47120.348741   1    25   0     0.0     0.0     0.0   +    ||X1Sigma+
      16.0   27      48979.188669   1    26   0     0.0     0.0     0.0   +    ||X1Sigma+
      16.0   28      50908.770150   1    27   0     0.0     0.0     0.0   +    ||X1Sigma+
      16.0   29      52907.034221   1    28   0     0.0     0.0     0.0   +    ||X1Sigma+
      16.0   30      54972.293968   1    29   0     0.0     0.0     0.0   +    ||X1Sigma+
      16.0   31      57103.208403   1    30   0     0.0     0.0     0.0   +    ||X1Sigma+
      16.0   32      59298.741339   1    31   0     0.0     0.0     0.0   +    ||X1Sigma+
      16.0   33      61558.179670   1    32   0     0.0     0.0     0.0   +    ||X1Sigma+
      16.0   34      63881.100143   1    33   0     0.0     0.0     0.0   +    ||X1Sigma+
      16.0   35      66267.397633   1    34   0     0.0     0.0     0.0   +    ||X1Sigma+
      16.0   36      68717.238754   1    35   0     0.0     0.0     0.0   +    ||X1Sigma+
      16.0   37      71231.043230   1    36   0     0.0     0.0     0.0   +    ||X1Sigma+
      16.0   38      73809.409427   1    37   0     0.0     0.0     0.0   +    ||X1Sigma+
      16.0   39      76453.061390   1    38   0     0.0     0.0     0.0   +    ||X1Sigma+
      16.0   40      79162.815097   1    39   0     0.0     0.0     0.0   +    ||X1Sigma+
      16.0   41      81939.498665   1    40   0     0.0     0.0     0.0   +    ||X1Sigma+
      16.0   42      84783.905906   1    41   0     0.0     0.0     0.0   +    ||X1Sigma+
      16.0   43      87696.755929   1    42   0     0.0     0.0     0.0   +    ||X1Sigma+
      16.0   44      90678.683051   1    43   0     0.0     0.0     0.0   +    ||X1Sigma+
      16.0   45      93730.212827   1    44   0     0.0     0.0     0.0   +    ||X1Sigma+
      16.0   46      96851.877668   1    45   0     0.0     0.0     0.0   +    ||X1Sigma+
      16.0   47     100044.134638   1    46   0     0.0     0.0     0.0   +    ||X1Sigma+
      16.0   48     103308.928394   1    47   0     0.0     0.0     0.0   +    ||X1Sigma+
      16.0   49     106650.694196   1    48   0     0.0     0.0     0.0   +    ||X1Sigma+
      16.0   50     110452.510551   1    49   0     0.0     0.0     0.0   +    ||X1Sigma+

Zero point energy (ZPE) =    1483.369516983481

j =      17.0

Define the quanta book-keeping
The total number sigma/lambda states (size of the sigma-lambda submatrix) = 1

Sigma-Lambda basis set:
     i     jrot  state   spin    sigma lambda   omega
     1     17.0    1      0.0      0.0    0      0.0   X1Sigma+
...done!

Contracted basis set:
     i     jrot ilevel ivib state v     spin    sigma lambda   omega   Name
     1     17.0    1    1    1    0      0.0      0.0    0      0.0   X1Sigma+
     2     17.0    1    2    1    1      0.0      0.0    0      0.0   X1Sigma+
     3     17.0    1    3    1    2      0.0      0.0    0      0.0   X1Sigma+
     4     17.0    1    4    1    3      0.0      0.0    0      0.0   X1Sigma+
     5     17.0    1    5    1    4      0.0      0.0    0      0.0   X1Sigma+
     6     17.0    1    6    1    5      0.0      0.0    0      0.0   X1Sigma+
     7     17.0    1    7    1    6      0.0      0.0    0      0.0   X1Sigma+
     8     17.0    1    8    1    7      0.0      0.0    0      0.0   X1Sigma+
     9     17.0    1    9    1    8      0.0      0.0    0      0.0   X1Sigma+
    10     17.0    1   10    1    9      0.0      0.0    0      0.0   X1Sigma+
    11     17.0    1   11    1   10      0.0      0.0    0      0.0   X1Sigma+
    12     17.0    1   12    1   11      0.0      0.0    0      0.0   X1Sigma+
    13     17.0    1   13    1   12      0.0      0.0    0      0.0   X1Sigma+
    14     17.0    1   14    1   13      0.0      0.0    0      0.0   X1Sigma+
    15     17.0    1   15    1   14      0.0      0.0    0      0.0   X1Sigma+
    16     17.0    1   16    1   15      0.0      0.0    0      0.0   X1Sigma+
    17     17.0    1   17    1   16      0.0      0.0    0      0.0   X1Sigma+
    18     17.0    1   18    1   17      0.0      0.0    0      0.0   X1Sigma+
    19     17.0    1   19    1   18      0.0      0.0    0      0.0   X1Sigma+
    20     17.0    1   20    1   19      0.0      0.0    0      0.0   X1Sigma+
    21     17.0    1   21    1   20      0.0      0.0    0      0.0   X1Sigma+
    22     17.0    1   22    1   21      0.0      0.0    0      0.0   X1Sigma+
    23     17.0    1   23    1   22      0.0      0.0    0      0.0   X1Sigma+
    24     17.0    1   24    1   23      0.0      0.0    0      0.0   X1Sigma+
    25     17.0    1   25    1   24      0.0      0.0    0      0.0   X1Sigma+
    26     17.0    1   26    1   25      0.0      0.0    0      0.0   X1Sigma+
    27     17.0    1   27    1   26      0.0      0.0    0      0.0   X1Sigma+
    28     17.0    1   28    1   27      0.0      0.0    0      0.0   X1Sigma+
    29     17.0    1   29    1   28      0.0      0.0    0      0.0   X1Sigma+
    30     17.0    1   30    1   29      0.0      0.0    0      0.0   X1Sigma+
    31     17.0    1   31    1   30      0.0      0.0    0      0.0   X1Sigma+
    32     17.0    1   32    1   31      0.0      0.0    0      0.0   X1Sigma+
    33     17.0    1   33    1   32      0.0      0.0    0      0.0   X1Sigma+
    34     17.0    1   34    1   33      0.0      0.0    0      0.0   X1Sigma+
    35     17.0    1   35    1   34      0.0      0.0    0      0.0   X1Sigma+
    36     17.0    1   36    1   35      0.0      0.0    0      0.0   X1Sigma+
    37     17.0    1   37    1   36      0.0      0.0    0      0.0   X1Sigma+
    38     17.0    1   38    1   37      0.0      0.0    0      0.0   X1Sigma+
    39     17.0    1   39    1   38      0.0      0.0    0      0.0   X1Sigma+
    40     17.0    1   40    1   39      0.0      0.0    0      0.0   X1Sigma+
    41     17.0    1   41    1   40      0.0      0.0    0      0.0   X1Sigma+
    42     17.0    1   42    1   41      0.0      0.0    0      0.0   X1Sigma+
    43     17.0    1   43    1   42      0.0      0.0    0      0.0   X1Sigma+
    44     17.0    1   44    1   43      0.0      0.0    0      0.0   X1Sigma+
    45     17.0    1   45    1   44      0.0      0.0    0      0.0   X1Sigma+
    46     17.0    1   46    1   45      0.0      0.0    0      0.0   X1Sigma+
    47     17.0    1   47    1   46      0.0      0.0    0      0.0   X1Sigma+
    48     17.0    1   48    1   47      0.0      0.0    0      0.0   X1Sigma+
    49     17.0    1   49    1   48      0.0      0.0    0      0.0   X1Sigma+
    50     17.0    1   50    1   49      0.0      0.0    0      0.0   X1Sigma+


 Memory Report:
 Active Arrays                                          size (MB)
 GRID                                                       0.007                
 r-field                                                    0.010                
 icontrvib                                                  0.031                
 brot                                                       0.020                
 X1Sigma+                                                   0.020                
 BROT                                                       0.022                
 <X|mu|X>                                                   0.020                
 hmat                                                       0.020                
 eigens                                                     0.347                
 Total memory   =                                           0.503 MB
 Maximal memory =                                           2.503 MB (         8000.000)

 (       25 arrays contributing less than 1% are not shown)


Construct the hamiltonian matrix
...done!

Non-zero matrix elements of the coupled Sigma-Lambda matrix:
Threshold for printing is   2.22E-16 cm^-1
RV == Rotational-vibrational
SO == Spin-Orbit interaction
SS == Spin-Spin interaction
JS == J.S interaction (aka S-uncoupling)
LS == L.J interaction (aka L-uncoupling)
LS == L.S interaction (spin-electronic)
RV=        362.236;
 


Eigenvalues for J =     17.0

       J      i        Energy/cm  State   v  lambda spin   sigma   omega  parity
      17.0    1       3131.070466   1     0   0     0.0     0.0     0.0   -    ||X1Sigma+
      17.0    2       5925.285898   1     1   0     0.0     0.0     0.0   -    ||X1Sigma+
      17.0    3       8616.535889   1     2   0     0.0     0.0     0.0   -    ||X1Sigma+
      17.0    4      11204.615027   1     3   0     0.0     0.0     0.0   -    ||X1Sigma+
      17.0    5      13689.794194   1     4   0     0.0     0.0     0.0   -    ||X1Sigma+
      17.0    6      16072.552292   1     5   0     0.0     0.0     0.0   -    ||X1Sigma+
      17.0    7      18352.823338   1     6   0     0.0     0.0     0.0   -    ||X1Sigma+
      17.0    8      20529.489268   1     7   0     0.0     0.0     0.0   -    ||X1Sigma+
      17.0    9      22599.590741   1     8   0     0.0     0.0     0.0   -    ||X1Sigma+
      17.0   10      24558.316593   1     9   0     0.0     0.0     0.0   -    ||X1Sigma+
      17.0   11      26401.215146   1    10   0     0.0     0.0     0.0   -    ||X1Sigma+
      17.0   12      28124.742170   1    11   0     0.0     0.0     0.0   -    ||X1Sigma+
      17.0   13      29722.421663   1    12   0     0.0     0.0     0.0   -    ||X1Sigma+
      17.0   14      31182.775871   1    13   0     0.0     0.0     0.0   -    ||X1Sigma+
      17.0   15      32484.129687   1    14   0     0.0     0.0     0.0   -    ||X1Sigma+
      17.0   16      33589.004050   1    15   0     0.0     0.0     0.0   -    ||X1Sigma+
      17.0   17      34513.567035   1    16   0     0.0     0.0     0.0   -    ||X1Sigma+
      17.0   18      35469.203594   1    17   0     0.0     0.0     0.0   -    ||X1Sigma+
      17.0   19      36581.004208   1    18   0     0.0     0.0     0.0   -    ||X1Sigma+
      17.0   20      37827.929478   1    19   0     0.0     0.0     0.0   -    ||X1Sigma+
      17.0   21      39187.346690   1    20   0     0.0     0.0     0.0   -    ||X1Sigma+
      17.0   22      40646.258604   1    21   0     0.0     0.0     0.0   -    ||X1Sigma+
      17.0   23      42195.947571   1    22   0     0.0     0.0     0.0   -    ||X1Sigma+
      17.0   24      43830.161657   1    23   0     0.0     0.0     0.0   -    ||X1Sigma+
      17.0   25      45544.170262   1    24   0     0.0     0.0     0.0   -    ||X1Sigma+
      17.0   26      47334.201921   1    25   0     0.0     0.0     0.0   -    ||X1Sigma+
      17.0   27      49197.237956   1    26   0     0.0     0.0     0.0   -    ||X1Sigma+
      17.0   28      51130.803824   1    27   0     0.0     0.0     0.0   -    ||X1Sigma+
      17.0   29      53132.856712   1    28   0     0.0     0.0     0.0   -    ||X1Sigma+
      17.0   30      55201.715720   1    29   0     0.0     0.0     0.0   -    ||X1Sigma+
      17.0   31      57336.037458   1    30   0     0.0     0.0     0.0   -    ||X1Sigma+
      17.0   32      59534.772257   1    31   0     0.0     0.0     0.0   -    ||X1Sigma+
      17.0   33      61797.186520   1    32   0     0.0     0.0     0.0   -    ||X1Sigma+
      17.0   34      64122.832752   1    33   0     0.0     0.0     0.0   -    ||X1Sigma+
      17.0   35      66511.577751   1    34   0     0.0     0.0     0.0   -    ||X1Sigma+
      17.0   36      68963.565483   1    35   0     0.0     0.0     0.0   -    ||X1Sigma+
      17.0   37      71479.199454   1    36   0     0.0     0.0     0.0   -    ||X1Sigma+
      17.0   38      74059.076439   1    37   0     0.0     0.0     0.0   -    ||X1Sigma+
      17.0   39      76703.925680   1    38   0     0.0     0.0     0.0   -    ||X1Sigma+
      17.0   40      79414.579384   1    39   0     0.0     0.0     0.0   -    ||X1Sigma+
      17.0   41      82191.893519   1    40   0     0.0     0.0     0.0   -    ||X1Sigma+
      17.0   42      85036.696467   1    41   0     0.0     0.0     0.0   -    ||X1Sigma+
      17.0   43      87949.745280   1    42   0     0.0     0.0     0.0   -    ||X1Sigma+
      17.0   44      90931.713603   1    43   0     0.0     0.0     0.0   -    ||X1Sigma+
      17.0   45      93983.159881   1    44   0     0.0     0.0     0.0   -    ||X1Sigma+
      17.0   46      97104.655837   1    45   0     0.0     0.0     0.0   -    ||X1Sigma+
      17.0   47     100296.656636   1    46   0     0.0     0.0     0.0   -    ||X1Sigma+
      17.0   48     103561.184955   1    47   0     0.0     0.0     0.0   -    ||X1Sigma+
      17.0   49     106901.693577   1    48   0     0.0     0.0     0.0   -    ||X1Sigma+
      17.0   50     110819.319285   1    49   0     0.0     0.0     0.0   -    ||X1Sigma+

Zero point energy (ZPE) =    1483.369516983481

j =      18.0

Define the quanta book-keeping
The total number sigma/lambda states (size of the sigma-lambda submatrix) = 1

Sigma-Lambda basis set:
     i     jrot  state   spin    sigma lambda   omega
     1     18.0    1      0.0      0.0    0      0.0   X1Sigma+
...done!

Contracted basis set:
     i     jrot ilevel ivib state v     spin    sigma lambda   omega   Name
     1     18.0    1    1    1    0      0.0      0.0    0      0.0   X1Sigma+
     2     18.0    1    2    1    1      0.0      0.0    0      0.0   X1Sigma+
     3     18.0    1    3    1    2      0.0      0.0    0      0.0   X1Sigma+
     4     18.0    1    4    1    3      0.0      0.0    0      0.0   X1Sigma+
     5     18.0    1    5    1    4      0.0      0.0    0      0.0   X1Sigma+
     6     18.0    1    6    1    5      0.0      0.0    0      0.0   X1Sigma+
     7     18.0    1    7    1    6      0.0      0.0    0      0.0   X1Sigma+
     8     18.0    1    8    1    7      0.0      0.0    0      0.0   X1Sigma+
     9     18.0    1    9    1    8      0.0      0.0    0      0.0   X1Sigma+
    10     18.0    1   10    1    9      0.0      0.0    0      0.0   X1Sigma+
    11     18.0    1   11    1   10      0.0      0.0    0      0.0   X1Sigma+
    12     18.0    1   12    1   11      0.0      0.0    0      0.0   X1Sigma+
    13     18.0    1   13    1   12      0.0      0.0    0      0.0   X1Sigma+
    14     18.0    1   14    1   13      0.0      0.0    0      0.0   X1Sigma+
    15     18.0    1   15    1   14      0.0      0.0    0      0.0   X1Sigma+
    16     18.0    1   16    1   15      0.0      0.0    0      0.0   X1Sigma+
    17     18.0    1   17    1   16      0.0      0.0    0      0.0   X1Sigma+
    18     18.0    1   18    1   17      0.0      0.0    0      0.0   X1Sigma+
    19     18.0    1   19    1   18      0.0      0.0    0      0.0   X1Sigma+
    20     18.0    1   20    1   19      0.0      0.0    0      0.0   X1Sigma+
    21     18.0    1   21    1   20      0.0      0.0    0      0.0   X1Sigma+
    22     18.0    1   22    1   21      0.0      0.0    0      0.0   X1Sigma+
    23     18.0    1   23    1   22      0.0      0.0    0      0.0   X1Sigma+
    24     18.0    1   24    1   23      0.0      0.0    0      0.0   X1Sigma+
    25     18.0    1   25    1   24      0.0      0.0    0      0.0   X1Sigma+
    26     18.0    1   26    1   25      0.0      0.0    0      0.0   X1Sigma+
    27     18.0    1   27    1   26      0.0      0.0    0      0.0   X1Sigma+
    28     18.0    1   28    1   27      0.0      0.0    0      0.0   X1Sigma+
    29     18.0    1   29    1   28      0.0      0.0    0      0.0   X1Sigma+
    30     18.0    1   30    1   29      0.0      0.0    0      0.0   X1Sigma+
    31     18.0    1   31    1   30      0.0      0.0    0      0.0   X1Sigma+
    32     18.0    1   32    1   31      0.0      0.0    0      0.0   X1Sigma+
    33     18.0    1   33    1   32      0.0      0.0    0      0.0   X1Sigma+
    34     18.0    1   34    1   33      0.0      0.0    0      0.0   X1Sigma+
    35     18.0    1   35    1   34      0.0      0.0    0      0.0   X1Sigma+
    36     18.0    1   36    1   35      0.0      0.0    0      0.0   X1Sigma+
    37     18.0    1   37    1   36      0.0      0.0    0      0.0   X1Sigma+
    38     18.0    1   38    1   37      0.0      0.0    0      0.0   X1Sigma+
    39     18.0    1   39    1   38      0.0      0.0    0      0.0   X1Sigma+
    40     18.0    1   40    1   39      0.0      0.0    0      0.0   X1Sigma+
    41     18.0    1   41    1   40      0.0      0.0    0      0.0   X1Sigma+
    42     18.0    1   42    1   41      0.0      0.0    0      0.0   X1Sigma+
    43     18.0    1   43    1   42      0.0      0.0    0      0.0   X1Sigma+
    44     18.0    1   44    1   43      0.0      0.0    0      0.0   X1Sigma+
    45     18.0    1   45    1   44      0.0      0.0    0      0.0   X1Sigma+
    46     18.0    1   46    1   45      0.0      0.0    0      0.0   X1Sigma+
    47     18.0    1   47    1   46      0.0      0.0    0      0.0   X1Sigma+
    48     18.0    1   48    1   47      0.0      0.0    0      0.0   X1Sigma+
    49     18.0    1   49    1   48      0.0      0.0    0      0.0   X1Sigma+
    50     18.0    1   50    1   49      0.0      0.0    0      0.0   X1Sigma+


 Memory Report:
 Active Arrays                                          size (MB)
 GRID                                                       0.007                
 r-field                                                    0.010                
 icontrvib                                                  0.031                
 brot                                                       0.020                
 X1Sigma+                                                   0.020                
 BROT                                                       0.022                
 <X|mu|X>                                                   0.020                
 hmat                                                       0.020                
 eigens                                                     0.367                
 Total memory   =                                           0.523 MB
 Maximal memory =                                           2.503 MB (         8000.000)

 (       25 arrays contributing less than 1% are not shown)


Construct the hamiltonian matrix
...done!

Non-zero matrix elements of the coupled Sigma-Lambda matrix:
Threshold for printing is   2.22E-16 cm^-1
RV == Rotational-vibrational
SO == Spin-Orbit interaction
SS == Spin-Spin interaction
JS == J.S interaction (aka S-uncoupling)
LS == L.J interaction (aka L-uncoupling)
LS == L.S interaction (spin-electronic)
RV=        404.852;
 


Eigenvalues for J =     18.0

       J      i        Energy/cm  State   v  lambda spin   sigma   omega  parity
      18.0    1       3493.148963   1     0   0     0.0     0.0     0.0   +    ||X1Sigma+
      18.0    2       6276.667660   1     1   0     0.0     0.0     0.0   +    ||X1Sigma+
      18.0    3       8957.330080   1     2   0     0.0     0.0     0.0   +    ||X1Sigma+
      18.0    4      11534.904038   1     3   0     0.0     0.0     0.0   +    ||X1Sigma+
      18.0    5      14009.563446   1     4   0     0.0     0.0     0.0   +    ||X1Sigma+
      18.0    6      16381.689749   1     5   0     0.0     0.0     0.0   +    ||X1Sigma+
      18.0    7      18651.178228   1     6   0     0.0     0.0     0.0   +    ||X1Sigma+
      18.0    8      20816.870895   1     7   0     0.0     0.0     0.0   +    ||X1Sigma+
      18.0    9      22875.693260   1     8   0     0.0     0.0     0.0   +    ||X1Sigma+
      18.0   10      24822.747047   1     9   0     0.0     0.0     0.0   +    ||X1Sigma+
      18.0   11      26653.635332   1    10   0     0.0     0.0     0.0   +    ||X1Sigma+
      18.0   12      28364.689454   1    11   0     0.0     0.0     0.0   +    ||X1Sigma+
      18.0   13      29949.029277   1    12   0     0.0     0.0     0.0   +    ||X1Sigma+
      18.0   14      31394.507619   1    13   0     0.0     0.0     0.0   +    ||X1Sigma+
      18.0   15      32677.938599   1    14   0     0.0     0.0     0.0   +    ||X1Sigma+
      18.0   16      33760.775603   1    15   0     0.0     0.0     0.0   +    ||X1Sigma+
      18.0   17      34674.131137   1    16   0     0.0     0.0     0.0   +    ||X1Sigma+
      18.0   18      35640.291857   1    17   0     0.0     0.0     0.0   +    ||X1Sigma+
      18.0   19      36763.782157   1    18   0     0.0     0.0     0.0   +    ||X1Sigma+
      18.0   20      38019.674132   1    19   0     0.0     0.0     0.0   +    ||X1Sigma+
      18.0   21      39386.521369   1    20   0     0.0     0.0     0.0   +    ||X1Sigma+
      18.0   22      40851.907763   1    21   0     0.0     0.0     0.0   +    ||X1Sigma+
      18.0   23      42407.412117   1    22   0     0.0     0.0     0.0   +    ||X1Sigma+
      18.0   24      44046.959655   1    23   0     0.0     0.0     0.0   +    ||X1Sigma+
      18.0   25      45765.933623   1    24   0     0.0     0.0     0.0   +    ||X1Sigma+
      18.0   26      47560.633382   1    25   0     0.0     0.0     0.0   +    ||X1Sigma+
      18.0   27      49428.088763   1    26   0     0.0     0.0     0.0   +    ||X1Sigma+
      18.0   28      51365.857091   1    27   0     0.0     0.0     0.0   +    ||X1Sigma+
      18.0   29      53371.912673   1    28   0     0.0     0.0     0.0   +    ||X1Sigma+
      18.0   30      55444.581440   1    29   0     0.0     0.0     0.0   +    ||X1Sigma+
      18.0   31      57582.517896   1    30   0     0.0     0.0     0.0   +    ||X1Sigma+
      18.0   32      59784.659245   1    31   0     0.0     0.0     0.0   +    ||X1Sigma+
      18.0   33      62050.250293   1    32   0     0.0     0.0     0.0   +    ||X1Sigma+
      18.0   34      64378.818145   1    33   0     0.0     0.0     0.0   +    ||X1Sigma+
      18.0   35      66770.198636   1    34   0     0.0     0.0     0.0   +    ||X1Sigma+
      18.0   36      69224.509734   1    35   0     0.0     0.0     0.0   +    ||X1Sigma+
      18.0   37      71742.134557   1    36   0     0.0     0.0     0.0   +    ||X1Sigma+
      18.0   38      74323.664976   1    37   0     0.0     0.0     0.0   +    ||X1Sigma+
      18.0   39      76969.833169   1    38   0     0.0     0.0     0.0   +    ||X1Sigma+
      18.0   40      79681.485507   1    39   0     0.0     0.0     0.0   +    ||X1Sigma+
      18.0   41      82459.505251   1    40   0     0.0     0.0     0.0   +    ||X1Sigma+
      18.0   42      85304.756187   1    41   0     0.0     0.0     0.0   +    ||X1Sigma+
      18.0   43      88218.035134   1    42   0     0.0     0.0     0.0   +    ||X1Sigma+
      18.0   44      91200.057621   1    43   0     0.0     0.0     0.0   +    ||X1Sigma+
      18.0   45      94251.416930   1    44   0     0.0     0.0     0.0   +    ||X1Sigma+
      18.0   46      97372.724084   1    45   0     0.0     0.0     0.0   +    ||X1Sigma+
      18.0   47     100564.422807   1    46   0     0.0     0.0     0.0   +    ||X1Sigma+
      18.0   48     103828.547621   1    47   0     0.0     0.0     0.0   +    ||X1Sigma+
      18.0   49     107167.058691   1    48   0     0.0     0.0     0.0   +    ||X1Sigma+
      18.0   50     111223.946907   1    49   0     0.0     0.0     0.0   +    ||X1Sigma+

Zero point energy (ZPE) =    1483.369516983481

j =      19.0

Define the quanta book-keeping
The total number sigma/lambda states (size of the sigma-lambda submatrix) = 1

Sigma-Lambda basis set:
     i     jrot  state   spin    sigma lambda   omega
     1     19.0    1      0.0      0.0    0      0.0   X1Sigma+
...done!

Contracted basis set:
     i     jrot ilevel ivib state v     spin    sigma lambda   omega   Name
     1     19.0    1    1    1    0      0.0      0.0    0      0.0   X1Sigma+
     2     19.0    1    2    1    1      0.0      0.0    0      0.0   X1Sigma+
     3     19.0    1    3    1    2      0.0      0.0    0      0.0   X1Sigma+
     4     19.0    1    4    1    3      0.0      0.0    0      0.0   X1Sigma+
     5     19.0    1    5    1    4      0.0      0.0    0      0.0   X1Sigma+
     6     19.0    1    6    1    5      0.0      0.0    0      0.0   X1Sigma+
     7     19.0    1    7    1    6      0.0      0.0    0      0.0   X1Sigma+
     8     19.0    1    8    1    7      0.0      0.0    0      0.0   X1Sigma+
     9     19.0    1    9    1    8      0.0      0.0    0      0.0   X1Sigma+
    10     19.0    1   10    1    9      0.0      0.0    0      0.0   X1Sigma+
    11     19.0    1   11    1   10      0.0      0.0    0      0.0   X1Sigma+
    12     19.0    1   12    1   11      0.0      0.0    0      0.0   X1Sigma+
    13     19.0    1   13    1   12      0.0      0.0    0      0.0   X1Sigma+
    14     19.0    1   14    1   13      0.0      0.0    0      0.0   X1Sigma+
    15     19.0    1   15    1   14      0.0      0.0    0      0.0   X1Sigma+
    16     19.0    1   16    1   15      0.0      0.0    0      0.0   X1Sigma+
    17     19.0    1   17    1   16      0.0      0.0    0      0.0   X1Sigma+
    18     19.0    1   18    1   17      0.0      0.0    0      0.0   X1Sigma+
    19     19.0    1   19    1   18      0.0      0.0    0      0.0   X1Sigma+
    20     19.0    1   20    1   19      0.0      0.0    0      0.0   X1Sigma+
    21     19.0    1   21    1   20      0.0      0.0    0      0.0   X1Sigma+
    22     19.0    1   22    1   21      0.0      0.0    0      0.0   X1Sigma+
    23     19.0    1   23    1   22      0.0      0.0    0      0.0   X1Sigma+
    24     19.0    1   24    1   23      0.0      0.0    0      0.0   X1Sigma+
    25     19.0    1   25    1   24      0.0      0.0    0      0.0   X1Sigma+
    26     19.0    1   26    1   25      0.0      0.0    0      0.0   X1Sigma+
    27     19.0    1   27    1   26      0.0      0.0    0      0.0   X1Sigma+
    28     19.0    1   28    1   27      0.0      0.0    0      0.0   X1Sigma+
    29     19.0    1   29    1   28      0.0      0.0    0      0.0   X1Sigma+
    30     19.0    1   30    1   29      0.0      0.0    0      0.0   X1Sigma+
    31     19.0    1   31    1   30      0.0      0.0    0      0.0   X1Sigma+
    32     19.0    1   32    1   31      0.0      0.0    0      0.0   X1Sigma+
    33     19.0    1   33    1   32      0.0      0.0    0      0.0   X1Sigma+
    34     19.0    1   34    1   33      0.0      0.0    0      0.0   X1Sigma+
    35     19.0    1   35    1   34      0.0      0.0    0      0.0   X1Sigma+
    36     19.0    1   36    1   35      0.0      0.0    0      0.0   X1Sigma+
    37     19.0    1   37    1   36      0.0      0.0    0      0.0   X1Sigma+
    38     19.0    1   38    1   37      0.0      0.0    0      0.0   X1Sigma+
    39     19.0    1   39    1   38      0.0      0.0    0      0.0   X1Sigma+
    40     19.0    1   40    1   39      0.0      0.0    0      0.0   X1Sigma+
    41     19.0    1   41    1   40      0.0      0.0    0      0.0   X1Sigma+
    42     19.0    1   42    1   41      0.0      0.0    0      0.0   X1Sigma+
    43     19.0    1   43    1   42      0.0      0.0    0      0.0   X1Sigma+
    44     19.0    1   44    1   43      0.0      0.0    0      0.0   X1Sigma+
    45     19.0    1   45    1   44      0.0      0.0    0      0.0   X1Sigma+
    46     19.0    1   46    1   45      0.0      0.0    0      0.0   X1Sigma+
    47     19.0    1   47    1   46      0.0      0.0    0      0.0   X1Sigma+
    48     19.0    1   48    1   47      0.0      0.0    0      0.0   X1Sigma+
    49     19.0    1   49    1   48      0.0      0.0    0      0.0   X1Sigma+
    50     19.0    1   50    1   49      0.0      0.0    0      0.0   X1Sigma+


 Memory Report:
 Active Arrays                                          size (MB)
 GRID                                                       0.007                
 r-field                                                    0.010                
 icontrvib                                                  0.031                
 brot                                                       0.020                
 X1Sigma+                                                   0.020                
 BROT                                                       0.022                
 <X|mu|X>                                                   0.020                
 hmat                                                       0.020                
 eigens                                                     0.388                
 Total memory   =                                           0.543 MB
 Maximal memory =                                           2.503 MB (         8000.000)

 (       25 arrays contributing less than 1% are not shown)


Construct the hamiltonian matrix
...done!

Non-zero matrix elements of the coupled Sigma-Lambda matrix:
Threshold for printing is   2.22E-16 cm^-1
RV == Rotational-vibrational
SO == Spin-Orbit interaction
SS == Spin-Spin interaction
JS == J.S interaction (aka S-uncoupling)
LS == L.J interaction (aka L-uncoupling)
LS == L.S interaction (spin-electronic)
RV=        449.835;
 


Eigenvalues for J =     19.0

       J      i        Energy/cm  State   v  lambda spin   sigma   omega  parity
      19.0    1       3873.924573   1     0   0     0.0     0.0     0.0   -    ||X1Sigma+
      19.0    2       6646.168344   1     1   0     0.0     0.0     0.0   -    ||X1Sigma+
      19.0    3       9315.665255   1     2   0     0.0     0.0     0.0   -    ||X1Sigma+
      19.0    4      11882.158740   1     3   0     0.0     0.0     0.0   -    ||X1Sigma+
      19.0    5      14345.725492   1     4   0     0.0     0.0     0.0   -    ||X1Sigma+
      19.0    6      16706.642966   1     5   0     0.0     0.0     0.0   -    ||X1Sigma+
      19.0    7      18964.759168   1     6   0     0.0     0.0     0.0   -    ||X1Sigma+
      19.0    8      21118.864768   1     7   0     0.0     0.0     0.0   -    ||X1Sigma+
      19.0    9      23165.758782   1     8   0     0.0     0.0     0.0   -    ||X1Sigma+
      19.0   10      25100.460148   1     9   0     0.0     0.0     0.0   -    ||X1Sigma+
      19.0   11      26918.633773   1    10   0     0.0     0.0     0.0   -    ||X1Sigma+
      19.0   12      28616.453969   1    11   0     0.0     0.0     0.0   -    ||X1Sigma+
      19.0   13      30186.596767   1    12   0     0.0     0.0     0.0   -    ||X1Sigma+
      19.0   14      31616.149387   1    13   0     0.0     0.0     0.0   -    ||X1Sigma+
      19.0   15      32880.212965   1    14   0     0.0     0.0     0.0   -    ||X1Sigma+
      19.0   16      33939.623719   1    15   0     0.0     0.0     0.0   -    ||X1Sigma+
      19.0   17      34843.633782   1    16   0     0.0     0.0     0.0   -    ||X1Sigma+
      19.0   18      35821.895778   1    17   0     0.0     0.0     0.0   -    ||X1Sigma+
      19.0   19      36957.382415   1    18   0     0.0     0.0     0.0   -    ||X1Sigma+
      19.0   20      38222.513444   1    19   0     0.0     0.0     0.0   -    ||X1Sigma+
      19.0   21      39597.065109   1    20   0     0.0     0.0     0.0   -    ||X1Sigma+
      19.0   22      41069.186705   1    21   0     0.0     0.0     0.0   -    ||X1Sigma+
      19.0   23      42630.755960   1    22   0     0.0     0.0     0.0   -    ||X1Sigma+
      19.0   24      44275.876388   1    23   0     0.0     0.0     0.0   -    ||X1Sigma+
      19.0   25      46000.046021   1    24   0     0.0     0.0     0.0   -    ||X1Sigma+
      19.0   26      47799.638078   1    25   0     0.0     0.0     0.0   -    ||X1Sigma+
      19.0   27      49671.731669   1    26   0     0.0     0.0     0.0   -    ||X1Sigma+
      19.0   28      51613.917060   1    27   0     0.0     0.0     0.0   -    ||X1Sigma+
      19.0   29      53624.186656   1    28   0     0.0     0.0     0.0   -    ||X1Sigma+
      19.0   30      55700.874112   1    29   0     0.0     0.0     0.0   -    ||X1Sigma+
      19.0   31      57842.632147   1    30   0     0.0     0.0     0.0   -    ||X1Sigma+
      19.0   32      60048.385474   1    31   0     0.0     0.0     0.0   -    ||X1Sigma+
      19.0   33      62317.356400   1    32   0     0.0     0.0     0.0   -    ||X1Sigma+
      19.0   34      64649.045683   1    33   0     0.0     0.0     0.0   -    ||X1Sigma+
      19.0   35      67043.255485   1    34   0     0.0     0.0     0.0   -    ||X1Sigma+
      19.0   36      69500.074320   1    35   0     0.0     0.0     0.0   -    ||X1Sigma+
      19.0   37      72019.860443   1    36   0     0.0     0.0     0.0   -    ||X1Sigma+
      19.0   38      74603.196842   1    37   0     0.0     0.0     0.0   -    ||X1Sigma+
      19.0   39      77250.815906   1    38   0     0.0     0.0     0.0   -    ||X1Sigma+
      19.0   40      79963.575504   1    39   0     0.0     0.0     0.0   -    ||X1Sigma+
      19.0   41      82742.384981   1    40   0     0.0     0.0     0.0   -    ||X1Sigma+
      19.0   42      85588.143912   1    41   0     0.0     0.0     0.0   -    ||X1Sigma+
      19.0   43      88501.690403   1    42   0     0.0     0.0     0.0   -    ||X1Sigma+
      19.0   44      91483.784379   1    43   0     0.0     0.0     0.0   -    ||X1Sigma+
      19.0   45      94535.056128   1    44   0     0.0     0.0     0.0   -    ||X1Sigma+
      19.0   46      97656.156246   1    45   0     0.0     0.0     0.0   -    ||X1Sigma+
      19.0   47     100847.510398   1    46   0     0.0     0.0     0.0   -    ||X1Sigma+
      19.0   48     104111.100556   1    47   0     0.0     0.0     0.0   -    ||X1Sigma+
      19.0   49     107447.073843   1    48   0     0.0     0.0     0.0   -    ||X1Sigma+
      19.0   50     111668.823260   1    49   0     0.0     0.0     0.0   -    ||X1Sigma+

Zero point energy (ZPE) =    1483.369516983481

j =      20.0

Define the quanta book-keeping
The total number sigma/lambda states (size of the sigma-lambda submatrix) = 1

Sigma-Lambda basis set:
     i     jrot  state   spin    sigma lambda   omega
     1     20.0    1      0.0      0.0    0      0.0   X1Sigma+
...done!

Contracted basis set:
     i     jrot ilevel ivib state v     spin    sigma lambda   omega   Name
     1     20.0    1    1    1    0      0.0      0.0    0      0.0   X1Sigma+
     2     20.0    1    2    1    1      0.0      0.0    0      0.0   X1Sigma+
     3     20.0    1    3    1    2      0.0      0.0    0      0.0   X1Sigma+
     4     20.0    1    4    1    3      0.0      0.0    0      0.0   X1Sigma+
     5     20.0    1    5    1    4      0.0      0.0    0      0.0   X1Sigma+
     6     20.0    1    6    1    5      0.0      0.0    0      0.0   X1Sigma+
     7     20.0    1    7    1    6      0.0      0.0    0      0.0   X1Sigma+
     8     20.0    1    8    1    7      0.0      0.0    0      0.0   X1Sigma+
     9     20.0    1    9    1    8      0.0      0.0    0      0.0   X1Sigma+
    10     20.0    1   10    1    9      0.0      0.0    0      0.0   X1Sigma+
    11     20.0    1   11    1   10      0.0      0.0    0      0.0   X1Sigma+
    12     20.0    1   12    1   11      0.0      0.0    0      0.0   X1Sigma+
    13     20.0    1   13    1   12      0.0      0.0    0      0.0   X1Sigma+
    14     20.0    1   14    1   13      0.0      0.0    0      0.0   X1Sigma+
    15     20.0    1   15    1   14      0.0      0.0    0      0.0   X1Sigma+
    16     20.0    1   16    1   15      0.0      0.0    0      0.0   X1Sigma+
    17     20.0    1   17    1   16      0.0      0.0    0      0.0   X1Sigma+
    18     20.0    1   18    1   17      0.0      0.0    0      0.0   X1Sigma+
    19     20.0    1   19    1   18      0.0      0.0    0      0.0   X1Sigma+
    20     20.0    1   20    1   19      0.0      0.0    0      0.0   X1Sigma+
    21     20.0    1   21    1   20      0.0      0.0    0      0.0   X1Sigma+
    22     20.0    1   22    1   21      0.0      0.0    0      0.0   X1Sigma+
    23     20.0    1   23    1   22      0.0      0.0    0      0.0   X1Sigma+
    24     20.0    1   24    1   23      0.0      0.0    0      0.0   X1Sigma+
    25     20.0    1   25    1   24      0.0      0.0    0      0.0   X1Sigma+
    26     20.0    1   26    1   25      0.0      0.0    0      0.0   X1Sigma+
    27     20.0    1   27    1   26      0.0      0.0    0      0.0   X1Sigma+
    28     20.0    1   28    1   27      0.0      0.0    0      0.0   X1Sigma+
    29     20.0    1   29    1   28      0.0      0.0    0      0.0   X1Sigma+
    30     20.0    1   30    1   29      0.0      0.0    0      0.0   X1Sigma+
    31     20.0    1   31    1   30      0.0      0.0    0      0.0   X1Sigma+
    32     20.0    1   32    1   31      0.0      0.0    0      0.0   X1Sigma+
    33     20.0    1   33    1   32      0.0      0.0    0      0.0   X1Sigma+
    34     20.0    1   34    1   33      0.0      0.0    0      0.0   X1Sigma+
    35     20.0    1   35    1   34      0.0      0.0    0      0.0   X1Sigma+
    36     20.0    1   36    1   35      0.0      0.0    0      0.0   X1Sigma+
    37     20.0    1   37    1   36      0.0      0.0    0      0.0   X1Sigma+
    38     20.0    1   38    1   37      0.0      0.0    0      0.0   X1Sigma+
    39     20.0    1   39    1   38      0.0      0.0    0      0.0   X1Sigma+
    40     20.0    1   40    1   39      0.0      0.0    0      0.0   X1Sigma+
    41     20.0    1   41    1   40      0.0      0.0    0      0.0   X1Sigma+
    42     20.0    1   42    1   41      0.0      0.0    0      0.0   X1Sigma+
    43     20.0    1   43    1   42      0.0      0.0    0      0.0   X1Sigma+
    44     20.0    1   44    1   43      0.0      0.0    0      0.0   X1Sigma+
    45     20.0    1   45    1   44      0.0      0.0    0      0.0   X1Sigma+
    46     20.0    1   46    1   45      0.0      0.0    0      0.0   X1Sigma+
    47     20.0    1   47    1   46      0.0      0.0    0      0.0   X1Sigma+
    48     20.0    1   48    1   47      0.0      0.0    0      0.0   X1Sigma+
    49     20.0    1   49    1   48      0.0      0.0    0      0.0   X1Sigma+
    50     20.0    1   50    1   49      0.0      0.0    0      0.0   X1Sigma+


 Memory Report:
 Active Arrays                                          size (MB)
 GRID                                                       0.007                
 r-field                                                    0.010                
 icontrvib                                                  0.031                
 brot                                                       0.020                
 X1Sigma+                                                   0.020                
 BROT                                                       0.022                
 <X|mu|X>                                                   0.020                
 hmat                                                       0.020                
 eigens                                                     0.408                
 Total memory   =                                           0.564 MB
 Maximal memory =                                           2.503 MB (         8000.000)

 (       25 arrays contributing less than 1% are not shown)


Construct the hamiltonian matrix
...done!

Non-zero matrix elements of the coupled Sigma-Lambda matrix:
Threshold for printing is   2.22E-16 cm^-1
RV == Rotational-vibrational
SO == Spin-Orbit interaction
SS == Spin-Spin interaction
JS == J.S interaction (aka S-uncoupling)
LS == L.J interaction (aka L-uncoupling)
LS == L.S interaction (spin-electronic)
RV=        497.186;
 


Eigenvalues for J =     20.0

       J      i        Energy/cm  State   v  lambda spin   sigma   omega  parity
      20.0    1       4273.172688   1     0   0     0.0     0.0     0.0   +    ||X1Sigma+
      20.0    2       7033.565888   1     1   0     0.0     0.0     0.0   +    ||X1Sigma+
      20.0    3       9691.320984   1     2   0     0.0     0.0     0.0   +    ||X1Sigma+
      20.0    4      12246.159484   1     3   0     0.0     0.0     0.0   +    ||X1Sigma+
      20.0    5      14698.061370   1     4   0     0.0     0.0     0.0   +    ||X1Sigma+
      20.0    6      17047.194073   1     5   0     0.0     0.0     0.0   +    ||X1Sigma+
      20.0    7      19293.349033   1     6   0     0.0     0.0     0.0   +    ||X1Sigma+
      20.0    8      21435.252265   1     7   0     0.0     0.0     0.0   +    ||X1Sigma+
      20.0    9      23469.564391   1     8   0     0.0     0.0     0.0   +    ||X1Sigma+
      20.0   10      25391.228097   1     9   0     0.0     0.0     0.0   +    ||X1Sigma+
      20.0   11      27195.975417   1    10   0     0.0     0.0     0.0   +    ||X1Sigma+
      20.0   12      28879.785736   1    11   0     0.0     0.0     0.0   +    ||X1Sigma+
      20.0   13      30434.848081   1    12   0     0.0     0.0     0.0   +    ||X1Sigma+
      20.0   14      31847.370293   1    13   0     0.0     0.0     0.0   +    ||X1Sigma+
      20.0   15      33090.516072   1    14   0     0.0     0.0     0.0   +    ||X1Sigma+
      20.0   16      34125.269378   1    15   0     0.0     0.0     0.0   +    ||X1Sigma+
      20.0   17      35022.361850   1    16   0     0.0     0.0     0.0   +    ||X1Sigma+
      20.0   18      36014.151053   1    17   0     0.0     0.0     0.0   +    ||X1Sigma+
      20.0   19      37161.880387   1    18   0     0.0     0.0     0.0   +    ||X1Sigma+
      20.0   20      38436.500228   1    19   0     0.0     0.0     0.0   +    ||X1Sigma+
      20.0   21      39819.014667   1    20   0     0.0     0.0     0.0   +    ||X1Sigma+
      20.0   22      41298.119778   1    21   0     0.0     0.0     0.0   +    ||X1Sigma+
      20.0   23      42865.993489   1    22   0     0.0     0.0     0.0   +    ||X1Sigma+
      20.0   24      44516.918197   1    23   0     0.0     0.0     0.0   +    ||X1Sigma+
      20.0   25      46246.506917   1    24   0     0.0     0.0     0.0   +    ||X1Sigma+
      20.0   26      48051.209753   1    25   0     0.0     0.0     0.0   +    ||X1Sigma+
      20.0   27      49928.155757   1    26   0     0.0     0.0     0.0   +    ||X1Sigma+
      20.0   28      51874.969034   1    27   0     0.0     0.0     0.0   +    ||X1Sigma+
      20.0   29      53889.661070   1    28   0     0.0     0.0     0.0   +    ||X1Sigma+
      20.0   30      55970.574209   1    29   0     0.0     0.0     0.0   +    ||X1Sigma+
      20.0   31      58116.359716   1    30   0     0.0     0.0     0.0   +    ||X1Sigma+
      20.0   32      60325.930720   1    31   0     0.0     0.0     0.0   +    ||X1Sigma+
      20.0   33      62598.486396   1    32   0     0.0     0.0     0.0   +    ||X1Sigma+
      20.0   34      64933.500425   1    33   0     0.0     0.0     0.0   +    ||X1Sigma+
      20.0   35      67330.738867   1    34   0     0.0     0.0     0.0   +    ||X1Sigma+
      20.0   36      69790.257308   1    35   0     0.0     0.0     0.0   +    ||X1Sigma+
      20.0   37      72312.384457   1    36   0     0.0     0.0     0.0   +    ||X1Sigma+
      20.0   38      74897.689755   1    37   0     0.0     0.0     0.0   +    ||X1Sigma+
      20.0   39      77546.902575   1    38   0     0.0     0.0     0.0   +    ||X1Sigma+
      20.0   40      80260.889016   1    39   0     0.0     0.0     0.0   +    ||X1Sigma+
      20.0   41      83040.582551   1    40   0     0.0     0.0     0.0   +    ||X1Sigma+
      20.0   42      85886.918379   1    41   0     0.0     0.0     0.0   +    ||X1Sigma+
      20.0   43      88800.777024   1    42   0     0.0     0.0     0.0   +    ||X1Sigma+
      20.0   44      91782.965237   1    43   0     0.0     0.0     0.0   +    ||X1Sigma+
      20.0   45      94834.152733   1    44   0     0.0     0.0     0.0   +    ||X1Sigma+
      20.0   46      97955.030571   1    45   0     0.0     0.0     0.0   +    ||X1Sigma+
      20.0   47     101146.004263   1    46   0     0.0     0.0     0.0   +    ||X1Sigma+
      20.0   48     104408.949764   1    47   0     0.0     0.0     0.0   +    ||X1Sigma+
      20.0   49     107742.293665   1    48   0     0.0     0.0     0.0   +    ||X1Sigma+
      20.0   50     112156.250189   1    49   0     0.0     0.0     0.0   +    ||X1Sigma+

Zero point energy (ZPE) =    1483.369516983481

j =      21.0

Define the quanta book-keeping
The total number sigma/lambda states (size of the sigma-lambda submatrix) = 1

Sigma-Lambda basis set:
     i     jrot  state   spin    sigma lambda   omega
     1     21.0    1      0.0      0.0    0      0.0   X1Sigma+
...done!

Contracted basis set:
     i     jrot ilevel ivib state v     spin    sigma lambda   omega   Name
     1     21.0    1    1    1    0      0.0      0.0    0      0.0   X1Sigma+
     2     21.0    1    2    1    1      0.0      0.0    0      0.0   X1Sigma+
     3     21.0    1    3    1    2      0.0      0.0    0      0.0   X1Sigma+
     4     21.0    1    4    1    3      0.0      0.0    0      0.0   X1Sigma+
     5     21.0    1    5    1    4      0.0      0.0    0      0.0   X1Sigma+
     6     21.0    1    6    1    5      0.0      0.0    0      0.0   X1Sigma+
     7     21.0    1    7    1    6      0.0      0.0    0      0.0   X1Sigma+
     8     21.0    1    8    1    7      0.0      0.0    0      0.0   X1Sigma+
     9     21.0    1    9    1    8      0.0      0.0    0      0.0   X1Sigma+
    10     21.0    1   10    1    9      0.0      0.0    0      0.0   X1Sigma+
    11     21.0    1   11    1   10      0.0      0.0    0      0.0   X1Sigma+
    12     21.0    1   12    1   11      0.0      0.0    0      0.0   X1Sigma+
    13     21.0    1   13    1   12      0.0      0.0    0      0.0   X1Sigma+
    14     21.0    1   14    1   13      0.0      0.0    0      0.0   X1Sigma+
    15     21.0    1   15    1   14      0.0      0.0    0      0.0   X1Sigma+
    16     21.0    1   16    1   15      0.0      0.0    0      0.0   X1Sigma+
    17     21.0    1   17    1   16      0.0      0.0    0      0.0   X1Sigma+
    18     21.0    1   18    1   17      0.0      0.0    0      0.0   X1Sigma+
    19     21.0    1   19    1   18      0.0      0.0    0      0.0   X1Sigma+
    20     21.0    1   20    1   19      0.0      0.0    0      0.0   X1Sigma+
    21     21.0    1   21    1   20      0.0      0.0    0      0.0   X1Sigma+
    22     21.0    1   22    1   21      0.0      0.0    0      0.0   X1Sigma+
    23     21.0    1   23    1   22      0.0      0.0    0      0.0   X1Sigma+
    24     21.0    1   24    1   23      0.0      0.0    0      0.0   X1Sigma+
    25     21.0    1   25    1   24      0.0      0.0    0      0.0   X1Sigma+
    26     21.0    1   26    1   25      0.0      0.0    0      0.0   X1Sigma+
    27     21.0    1   27    1   26      0.0      0.0    0      0.0   X1Sigma+
    28     21.0    1   28    1   27      0.0      0.0    0      0.0   X1Sigma+
    29     21.0    1   29    1   28      0.0      0.0    0      0.0   X1Sigma+
    30     21.0    1   30    1   29      0.0      0.0    0      0.0   X1Sigma+
    31     21.0    1   31    1   30      0.0      0.0    0      0.0   X1Sigma+
    32     21.0    1   32    1   31      0.0      0.0    0      0.0   X1Sigma+
    33     21.0    1   33    1   32      0.0      0.0    0      0.0   X1Sigma+
    34     21.0    1   34    1   33      0.0      0.0    0      0.0   X1Sigma+
    35     21.0    1   35    1   34      0.0      0.0    0      0.0   X1Sigma+
    36     21.0    1   36    1   35      0.0      0.0    0      0.0   X1Sigma+
    37     21.0    1   37    1   36      0.0      0.0    0      0.0   X1Sigma+
    38     21.0    1   38    1   37      0.0      0.0    0      0.0   X1Sigma+
    39     21.0    1   39    1   38      0.0      0.0    0      0.0   X1Sigma+
    40     21.0    1   40    1   39      0.0      0.0    0      0.0   X1Sigma+
    41     21.0    1   41    1   40      0.0      0.0    0      0.0   X1Sigma+
    42     21.0    1   42    1   41      0.0      0.0    0      0.0   X1Sigma+
    43     21.0    1   43    1   42      0.0      0.0    0      0.0   X1Sigma+
    44     21.0    1   44    1   43      0.0      0.0    0      0.0   X1Sigma+
    45     21.0    1   45    1   44      0.0      0.0    0      0.0   X1Sigma+
    46     21.0    1   46    1   45      0.0      0.0    0      0.0   X1Sigma+
    47     21.0    1   47    1   46      0.0      0.0    0      0.0   X1Sigma+
    48     21.0    1   48    1   47      0.0      0.0    0      0.0   X1Sigma+
    49     21.0    1   49    1   48      0.0      0.0    0      0.0   X1Sigma+
    50     21.0    1   50    1   49      0.0      0.0    0      0.0   X1Sigma+


 Memory Report:
 Active Arrays                                          size (MB)
 GRID                                                       0.007                
 r-field                                                    0.010                
 icontrvib                                                  0.031                
 brot                                                       0.020                
 X1Sigma+                                                   0.020                
 BROT                                                       0.022                
 <X|mu|X>                                                   0.020                
 hmat                                                       0.020                
 eigens                                                     0.428                
 Total memory   =                                           0.584 MB
 Maximal memory =                                           2.503 MB (         8000.000)

 (       25 arrays contributing less than 1% are not shown)


Construct the hamiltonian matrix
...done!

Non-zero matrix elements of the coupled Sigma-Lambda matrix:
Threshold for printing is   2.22E-16 cm^-1
RV == Rotational-vibrational
SO == Spin-Orbit interaction
SS == Spin-Spin interaction
JS == J.S interaction (aka S-uncoupling)
LS == L.J interaction (aka L-uncoupling)
LS == L.S interaction (spin-electronic)
RV=        546.905;
 


Eigenvalues for J =     21.0

       J      i        Energy/cm  State   v  lambda spin   sigma   omega  parity
      21.0    1       4690.658246   1     0   0     0.0     0.0     0.0   -    ||X1Sigma+
      21.0    2       7438.627874   1     1   0     0.0     0.0     0.0   -    ||X1Sigma+
      21.0    3      10084.066568   1     2   0     0.0     0.0     0.0   -    ||X1Sigma+
      21.0    4      12626.676299   1     3   0     0.0     0.0     0.0   -    ||X1Sigma+
      21.0    5      15066.341563   1     4   0     0.0     0.0     0.0   -    ||X1Sigma+
      21.0    6      17403.114372   1     5   0     0.0     0.0     0.0   -    ||X1Sigma+
      21.0    7      19636.719585   1     6   0     0.0     0.0     0.0   -    ||X1Sigma+
      21.0    8      21765.803235   1     7   0     0.0     0.0     0.0   -    ||X1Sigma+
      21.0    9      23786.875236   1     8   0     0.0     0.0     0.0   -    ||X1Sigma+
      21.0   10      25694.810960   1     9   0     0.0     0.0     0.0   -    ||X1Sigma+
      21.0   11      27485.412106   1    10   0     0.0     0.0     0.0   -    ||X1Sigma+
      21.0   12      29154.419674   1    11   0     0.0     0.0     0.0   -    ||X1Sigma+
      21.0   13      30693.487998   1    12   0     0.0     0.0     0.0   -    ||X1Sigma+
      21.0   14      32087.810488   1    13   0     0.0     0.0     0.0   -    ||X1Sigma+
      21.0   15      33308.369294   1    14   0     0.0     0.0     0.0   -    ||X1Sigma+
      21.0   16      34317.504793   1    15   0     0.0     0.0     0.0   -    ||X1Sigma+
      21.0   17      35210.649023   1    16   0     0.0     0.0     0.0   -    ||X1Sigma+
      21.0   18      36217.183574   1    17   0     0.0     0.0     0.0   -    ||X1Sigma+
      21.0   19      37377.349100   1    18   0     0.0     0.0     0.0   -    ||X1Sigma+
      21.0   20      38661.686267   1    19   0     0.0     0.0     0.0   -    ||X1Sigma+
      21.0   21      40052.406026   1    20   0     0.0     0.0     0.0   -    ||X1Sigma+
      21.0   22      41538.730734   1    21   0     0.0     0.0     0.0   -    ||X1Sigma+
      21.0   23      43113.138437   1    22   0     0.0     0.0     0.0   -    ||X1Sigma+
      21.0   24      44770.090620   1    23   0     0.0     0.0     0.0   -    ||X1Sigma+
      21.0   25      46505.314802   1    24   0     0.0     0.0     0.0   -    ||X1Sigma+
      21.0   26      48315.340914   1    25   0     0.0     0.0     0.0   -    ||X1Sigma+
      21.0   27      50197.348587   1    26   0     0.0     0.0     0.0   -    ||X1Sigma+
      21.0   28      52148.996490   1    27   0     0.0     0.0     0.0   -    ||X1Sigma+
      21.0   29      54168.316162   1    28   0     0.0     0.0     0.0   -    ||X1Sigma+
      21.0   30      56253.659660   1    29   0     0.0     0.0     0.0   -    ||X1Sigma+
      21.0   31      58403.677133   1    30   0     0.0     0.0     0.0   -    ||X1Sigma+
      21.0   32      60617.271272   1    31   0     0.0     0.0     0.0   -    ||X1Sigma+
      21.0   33      62893.617813   1    32   0     0.0     0.0     0.0   -    ||X1Sigma+
      21.0   34      65232.162852   1    33   0     0.0     0.0     0.0   -    ||X1Sigma+
      21.0   35      67632.634318   1    34   0     0.0     0.0     0.0   -    ||X1Sigma+
      21.0   36      70095.051455   1    35   0     0.0     0.0     0.0   -    ||X1Sigma+
      21.0   37      72619.708666   1    36   0     0.0     0.0     0.0   -    ||X1Sigma+
      21.0   38      75207.156517   1    37   0     0.0     0.0     0.0   -    ||X1Sigma+
      21.0   39      77858.117593   1    38   0     0.0     0.0     0.0   -    ||X1Sigma+
      21.0   40      80573.462352   1    39   0     0.0     0.0     0.0   -    ||X1Sigma+
      21.0   41      83354.145617   1    40   0     0.0     0.0     0.0   -    ||X1Sigma+
      21.0   42      86201.137393   1    41   0     0.0     0.0     0.0   -    ||X1Sigma+
      21.0   43      89115.361258   1    42   0     0.0     0.0     0.0   -    ||X1Sigma+
      21.0   44      92097.673057   1    43   0     0.0     0.0     0.0   -    ||X1Sigma+
      21.0   45      95148.784612   1    44   0     0.0     0.0     0.0   -    ||X1Sigma+
      21.0   46      98269.429204   1    45   0     0.0     0.0     0.0   -    ||X1Sigma+
      21.0   47     101459.995736   1    46   0     0.0     0.0     0.0   -    ||X1Sigma+
      21.0   48     104722.219792   1    47   0     0.0     0.0     0.0   -    ||X1Sigma+
      21.0   49     108053.602727   1    48   0     0.0     0.0     0.0   -    ||X1Sigma+
      21.0   50     112688.348592   1    49   0     0.0     0.0     0.0   -    ||X1Sigma+

Zero point energy (ZPE) =    1483.369516983481

j =      22.0

Define the quanta book-keeping
The total number sigma/lambda states (size of the sigma-lambda submatrix) = 1

Sigma-Lambda basis set:
     i     jrot  state   spin    sigma lambda   omega
     1     22.0    1      0.0      0.0    0      0.0   X1Sigma+
...done!

Contracted basis set:
     i     jrot ilevel ivib state v     spin    sigma lambda   omega   Name
     1     22.0    1    1    1    0      0.0      0.0    0      0.0   X1Sigma+
     2     22.0    1    2    1    1      0.0      0.0    0      0.0   X1Sigma+
     3     22.0    1    3    1    2      0.0      0.0    0      0.0   X1Sigma+
     4     22.0    1    4    1    3      0.0      0.0    0      0.0   X1Sigma+
     5     22.0    1    5    1    4      0.0      0.0    0      0.0   X1Sigma+
     6     22.0    1    6    1    5      0.0      0.0    0      0.0   X1Sigma+
     7     22.0    1    7    1    6      0.0      0.0    0      0.0   X1Sigma+
     8     22.0    1    8    1    7      0.0      0.0    0      0.0   X1Sigma+
     9     22.0    1    9    1    8      0.0      0.0    0      0.0   X1Sigma+
    10     22.0    1   10    1    9      0.0      0.0    0      0.0   X1Sigma+
    11     22.0    1   11    1   10      0.0      0.0    0      0.0   X1Sigma+
    12     22.0    1   12    1   11      0.0      0.0    0      0.0   X1Sigma+
    13     22.0    1   13    1   12      0.0      0.0    0      0.0   X1Sigma+
    14     22.0    1   14    1   13      0.0      0.0    0      0.0   X1Sigma+
    15     22.0    1   15    1   14      0.0      0.0    0      0.0   X1Sigma+
    16     22.0    1   16    1   15      0.0      0.0    0      0.0   X1Sigma+
    17     22.0    1   17    1   16      0.0      0.0    0      0.0   X1Sigma+
    18     22.0    1   18    1   17      0.0      0.0    0      0.0   X1Sigma+
    19     22.0    1   19    1   18      0.0      0.0    0      0.0   X1Sigma+
    20     22.0    1   20    1   19      0.0      0.0    0      0.0   X1Sigma+
    21     22.0    1   21    1   20      0.0      0.0    0      0.0   X1Sigma+
    22     22.0    1   22    1   21      0.0      0.0    0      0.0   X1Sigma+
    23     22.0    1   23    1   22      0.0      0.0    0      0.0   X1Sigma+
    24     22.0    1   24    1   23      0.0      0.0    0      0.0   X1Sigma+
    25     22.0    1   25    1   24      0.0      0.0    0      0.0   X1Sigma+
    26     22.0    1   26    1   25      0.0      0.0    0      0.0   X1Sigma+
    27     22.0    1   27    1   26      0.0      0.0    0      0.0   X1Sigma+
    28     22.0    1   28    1   27      0.0      0.0    0      0.0   X1Sigma+
    29     22.0    1   29    1   28      0.0      0.0    0      0.0   X1Sigma+
    30     22.0    1   30    1   29      0.0      0.0    0      0.0   X1Sigma+
    31     22.0    1   31    1   30      0.0      0.0    0      0.0   X1Sigma+
    32     22.0    1   32    1   31      0.0      0.0    0      0.0   X1Sigma+
    33     22.0    1   33    1   32      0.0      0.0    0      0.0   X1Sigma+
    34     22.0    1   34    1   33      0.0      0.0    0      0.0   X1Sigma+
    35     22.0    1   35    1   34      0.0      0.0    0      0.0   X1Sigma+
    36     22.0    1   36    1   35      0.0      0.0    0      0.0   X1Sigma+
    37     22.0    1   37    1   36      0.0      0.0    0      0.0   X1Sigma+
    38     22.0    1   38    1   37      0.0      0.0    0      0.0   X1Sigma+
    39     22.0    1   39    1   38      0.0      0.0    0      0.0   X1Sigma+
    40     22.0    1   40    1   39      0.0      0.0    0      0.0   X1Sigma+
    41     22.0    1   41    1   40      0.0      0.0    0      0.0   X1Sigma+
    42     22.0    1   42    1   41      0.0      0.0    0      0.0   X1Sigma+
    43     22.0    1   43    1   42      0.0      0.0    0      0.0   X1Sigma+
    44     22.0    1   44    1   43      0.0      0.0    0      0.0   X1Sigma+
    45     22.0    1   45    1   44      0.0      0.0    0      0.0   X1Sigma+
    46     22.0    1   46    1   45      0.0      0.0    0      0.0   X1Sigma+
    47     22.0    1   47    1   46      0.0      0.0    0      0.0   X1Sigma+
    48     22.0    1   48    1   47      0.0      0.0    0      0.0   X1Sigma+
    49     22.0    1   49    1   48      0.0      0.0    0      0.0   X1Sigma+
    50     22.0    1   50    1   49      0.0      0.0    0      0.0   X1Sigma+


 Memory Report:
 Active Arrays                                          size (MB)
 GRID                                                       0.007                
 r-field                                                    0.010                
 icontrvib                                                  0.031                
 brot                                                       0.020                
 X1Sigma+                                                   0.020                
 BROT                                                       0.022                
 <X|mu|X>                                                   0.020                
 hmat                                                       0.020                
 eigens                                                     0.449                
 Total memory   =                                           0.605 MB
 Maximal memory =                                           2.503 MB (         8000.000)

 (       25 arrays contributing less than 1% are not shown)


Construct the hamiltonian matrix
...done!

Non-zero matrix elements of the coupled Sigma-Lambda matrix:
Threshold for printing is   2.22E-16 cm^-1
RV == Rotational-vibrational
SO == Spin-Orbit interaction
SS == Spin-Spin interaction
JS == J.S interaction (aka S-uncoupling)
LS == L.J interaction (aka L-uncoupling)
LS == L.S interaction (spin-electronic)
RV=        598.991;
 


Eigenvalues for J =     22.0

       J      i        Energy/cm  State   v  lambda spin   sigma   omega  parity
      22.0    1       5126.135922   1     0   0     0.0     0.0     0.0   +    ||X1Sigma+
      22.0    2       7861.111718   1     1   0     0.0     0.0     0.0   +    ||X1Sigma+
      22.0    3      10493.661218   1     2   0     0.0     0.0     0.0   +    ||X1Sigma+
      22.0    4      13023.469074   1     3   0     0.0     0.0     0.0   +    ||X1Sigma+
      22.0    5      15450.326159   1     4   0     0.0     0.0     0.0   +    ||X1Sigma+
      22.0    6      17774.164433   1     5   0     0.0     0.0     0.0   +    ||X1Sigma+
      22.0    7      19994.631485   1     6   0     0.0     0.0     0.0   +    ||X1Sigma+
      22.0    8      22110.275918   1     7   0     0.0     0.0     0.0   +    ||X1Sigma+
      22.0    9      24117.444414   1     8   0     0.0     0.0     0.0   +    ||X1Sigma+
      22.0   10      26010.956532   1     9   0     0.0     0.0     0.0   +    ||X1Sigma+
      22.0   11      27786.682231   1    10   0     0.0     0.0     0.0   +    ||X1Sigma+
      22.0   12      29440.074984   1    11   0     0.0     0.0     0.0   +    ||X1Sigma+
      22.0   13      30962.200679   1    12   0     0.0     0.0     0.0   +    ||X1Sigma+
      22.0   14      32337.077659   1    13   0     0.0     0.0     0.0   +    ||X1Sigma+
      22.0   15      33533.251070   1    14   0     0.0     0.0     0.0   +    ||X1Sigma+
      22.0   16      34516.227530   1    15   0     0.0     0.0     0.0   +    ||X1Sigma+
      22.0   17      35408.857229   1    16   0     0.0     0.0     0.0   +    ||X1Sigma+
      22.0   18      36431.108337   1    17   0     0.0     0.0     0.0   +    ||X1Sigma+
      22.0   19      37603.858915   1    18   0     0.0     0.0     0.0   +    ||X1Sigma+
      22.0   20      38898.122020   1    19   0     0.0     0.0     0.0   +    ||X1Sigma+
      22.0   21      40297.274137   1    20   0     0.0     0.0     0.0   +    ||X1Sigma+
      22.0   22      41791.042546   1    21   0     0.0     0.0     0.0   +    ||X1Sigma+
      22.0   23      43372.203768   1    22   0     0.0     0.0     0.0   +    ||X1Sigma+
      22.0   24      45035.398306   1    23   0     0.0     0.0     0.0   +    ||X1Sigma+
      22.0   25      46776.467162   1    24   0     0.0     0.0     0.0   +    ||X1Sigma+
      22.0   26      48592.022816   1    25   0     0.0     0.0     0.0   +    ||X1Sigma+
      22.0   27      50479.296194   1    26   0     0.0     0.0     0.0   +    ||X1Sigma+
      22.0   28      52435.981080   1    27   0     0.0     0.0     0.0   +    ||X1Sigma+
      22.0   29      54460.130015   1    28   0     0.0     0.0     0.0   +    ||X1Sigma+
      22.0   30      56550.105843   1    29   0     0.0     0.0     0.0   +    ||X1Sigma+
      22.0   31      58704.557945   1    30   0     0.0     0.0     0.0   +    ||X1Sigma+
      22.0   32      60922.379891   1    31   0     0.0     0.0     0.0   +    ||X1Sigma+
      22.0   33      63202.724064   1    32   0     0.0     0.0     0.0   +    ||X1Sigma+
      22.0   34      65545.008686   1    33   0     0.0     0.0     0.0   +    ||X1Sigma+
      22.0   35      67948.922021   1    34   0     0.0     0.0     0.0   +    ||X1Sigma+
      22.0   36      70414.443720   1    35   0     0.0     0.0     0.0   +    ||X1Sigma+
      22.0   37      72941.829196   1    36   0     0.0     0.0     0.0   +    ||X1Sigma+
      22.0   38      75531.604196   1    37   0     0.0     0.0     0.0   +    ||X1Sigma+
      22.0   39      78184.480175   1    38   0     0.0     0.0     0.0   +    ||X1Sigma+
      22.0   40      80901.327494   1    39   0     0.0     0.0     0.0   +    ||X1Sigma+
      22.0   41      83683.118661   1    40   0     0.0     0.0     0.0   +    ||X1Sigma+
      22.0   42      86530.856906   1    41   0     0.0     0.0     0.0   +    ||X1Sigma+
      22.0   43      89445.508864   1    42   0     0.0     0.0     0.0   +    ||X1Sigma+
      22.0   44      92427.981505   1    43   0     0.0     0.0     0.0   +    ||X1Sigma+
      22.0   45      95479.031621   1    44   0     0.0     0.0     0.0   +    ||X1Sigma+
      22.0   46      98599.437487   1    45   0     0.0     0.0     0.0   +    ||X1Sigma+
      22.0   47     101789.580882   1    46   0     0.0     0.0     0.0   +    ||X1Sigma+
      22.0   48     105051.047099   1    47   0     0.0     0.0     0.0   +    ||X1Sigma+
      22.0   49     108382.263379   1    48   0     0.0     0.0     0.0   +    ||X1Sigma+
      22.0   50     113267.021304   1    49   0     0.0     0.0     0.0   +    ||X1Sigma+

Zero point energy (ZPE) =    1483.369516983481

j =      23.0

Define the quanta book-keeping
The total number sigma/lambda states (size of the sigma-lambda submatrix) = 1

Sigma-Lambda basis set:
     i     jrot  state   spin    sigma lambda   omega
     1     23.0    1      0.0      0.0    0      0.0   X1Sigma+
...done!

Contracted basis set:
     i     jrot ilevel ivib state v     spin    sigma lambda   omega   Name
     1     23.0    1    1    1    0      0.0      0.0    0      0.0   X1Sigma+
     2     23.0    1    2    1    1      0.0      0.0    0      0.0   X1Sigma+
     3     23.0    1    3    1    2      0.0      0.0    0      0.0   X1Sigma+
     4     23.0    1    4    1    3      0.0      0.0    0      0.0   X1Sigma+
     5     23.0    1    5    1    4      0.0      0.0    0      0.0   X1Sigma+
     6     23.0    1    6    1    5      0.0      0.0    0      0.0   X1Sigma+
     7     23.0    1    7    1    6      0.0      0.0    0      0.0   X1Sigma+
     8     23.0    1    8    1    7      0.0      0.0    0      0.0   X1Sigma+
     9     23.0    1    9    1    8      0.0      0.0    0      0.0   X1Sigma+
    10     23.0    1   10    1    9      0.0      0.0    0      0.0   X1Sigma+
    11     23.0    1   11    1   10      0.0      0.0    0      0.0   X1Sigma+
    12     23.0    1   12    1   11      0.0      0.0    0      0.0   X1Sigma+
    13     23.0    1   13    1   12      0.0      0.0    0      0.0   X1Sigma+
    14     23.0    1   14    1   13      0.0      0.0    0      0.0   X1Sigma+
    15     23.0    1   15    1   14      0.0      0.0    0      0.0   X1Sigma+
    16     23.0    1   16    1   15      0.0      0.0    0      0.0   X1Sigma+
    17     23.0    1   17    1   16      0.0      0.0    0      0.0   X1Sigma+
    18     23.0    1   18    1   17      0.0      0.0    0      0.0   X1Sigma+
    19     23.0    1   19    1   18      0.0      0.0    0      0.0   X1Sigma+
    20     23.0    1   20    1   19      0.0      0.0    0      0.0   X1Sigma+
    21     23.0    1   21    1   20      0.0      0.0    0      0.0   X1Sigma+
    22     23.0    1   22    1   21      0.0      0.0    0      0.0   X1Sigma+
    23     23.0    1   23    1   22      0.0      0.0    0      0.0   X1Sigma+
    24     23.0    1   24    1   23      0.0      0.0    0      0.0   X1Sigma+
    25     23.0    1   25    1   24      0.0      0.0    0      0.0   X1Sigma+
    26     23.0    1   26    1   25      0.0      0.0    0      0.0   X1Sigma+
    27     23.0    1   27    1   26      0.0      0.0    0      0.0   X1Sigma+
    28     23.0    1   28    1   27      0.0      0.0    0      0.0   X1Sigma+
    29     23.0    1   29    1   28      0.0      0.0    0      0.0   X1Sigma+
    30     23.0    1   30    1   29      0.0      0.0    0      0.0   X1Sigma+
    31     23.0    1   31    1   30      0.0      0.0    0      0.0   X1Sigma+
    32     23.0    1   32    1   31      0.0      0.0    0      0.0   X1Sigma+
    33     23.0    1   33    1   32      0.0      0.0    0      0.0   X1Sigma+
    34     23.0    1   34    1   33      0.0      0.0    0      0.0   X1Sigma+
    35     23.0    1   35    1   34      0.0      0.0    0      0.0   X1Sigma+
    36     23.0    1   36    1   35      0.0      0.0    0      0.0   X1Sigma+
    37     23.0    1   37    1   36      0.0      0.0    0      0.0   X1Sigma+
    38     23.0    1   38    1   37      0.0      0.0    0      0.0   X1Sigma+
    39     23.0    1   39    1   38      0.0      0.0    0      0.0   X1Sigma+
    40     23.0    1   40    1   39      0.0      0.0    0      0.0   X1Sigma+
    41     23.0    1   41    1   40      0.0      0.0    0      0.0   X1Sigma+
    42     23.0    1   42    1   41      0.0      0.0    0      0.0   X1Sigma+
    43     23.0    1   43    1   42      0.0      0.0    0      0.0   X1Sigma+
    44     23.0    1   44    1   43      0.0      0.0    0      0.0   X1Sigma+
    45     23.0    1   45    1   44      0.0      0.0    0      0.0   X1Sigma+
    46     23.0    1   46    1   45      0.0      0.0    0      0.0   X1Sigma+
    47     23.0    1   47    1   46      0.0      0.0    0      0.0   X1Sigma+
    48     23.0    1   48    1   47      0.0      0.0    0      0.0   X1Sigma+
    49     23.0    1   49    1   48      0.0      0.0    0      0.0   X1Sigma+
    50     23.0    1   50    1   49      0.0      0.0    0      0.0   X1Sigma+


 Memory Report:
 Active Arrays                                          size (MB)
 GRID                                                       0.007                
 r-field                                                    0.010                
 icontrvib                                                  0.031                
 brot                                                       0.020                
 X1Sigma+                                                   0.020                
 BROT                                                       0.022                
 <X|mu|X>                                                   0.020                
 hmat                                                       0.020                
 eigens                                                     0.469                
 Total memory   =                                           0.625 MB
 Maximal memory =                                           2.503 MB (         8000.000)

 (       25 arrays contributing less than 1% are not shown)


Construct the hamiltonian matrix
...done!

Non-zero matrix elements of the coupled Sigma-Lambda matrix:
Threshold for printing is   2.22E-16 cm^-1
RV == Rotational-vibrational
SO == Spin-Orbit interaction
SS == Spin-Spin interaction
JS == J.S interaction (aka S-uncoupling)
LS == L.J interaction (aka L-uncoupling)
LS == L.S interaction (spin-electronic)
RV=        653.445;
 


Eigenvalues for J =     23.0

       J      i        Energy/cm  State   v  lambda spin   sigma   omega  parity
      23.0    1       5579.350329   1     0   0     0.0     0.0     0.0   -    ||X1Sigma+
      23.0    2       8300.764844   1     1   0     0.0     0.0     0.0   -    ||X1Sigma+
      23.0    3      10919.854237   1     2   0     0.0     0.0     0.0   -    ||X1Sigma+
      23.0    4      13436.287740   1     3   0     0.0     0.0     0.0   -    ||X1Sigma+
      23.0    5      15849.765018   1     4   0     0.0     0.0     0.0   -    ||X1Sigma+
      23.0    6      18160.094207   1     5   0     0.0     0.0     0.0   -    ||X1Sigma+
      23.0    7      20366.834300   1     6   0     0.0     0.0     0.0   -    ||X1Sigma+
      23.0    8      22468.416846   1     7   0     0.0     0.0     0.0   -    ||X1Sigma+
      23.0    9      24461.012849   1     8   0     0.0     0.0     0.0   -    ||X1Sigma+
      23.0   10      26339.400158   1     9   0     0.0     0.0     0.0   -    ||X1Sigma+
      23.0   11      28099.510301   1    10   0     0.0     0.0     0.0   -    ||X1Sigma+
      23.0   12      29736.454389   1    11   0     0.0     0.0     0.0   -    ||X1Sigma+
      23.0   13      31240.647849   1    12   0     0.0     0.0     0.0   -    ||X1Sigma+
      23.0   14      32594.742675   1    13   0     0.0     0.0     0.0   -    ||X1Sigma+
      23.0   15      33764.599233   1    14   0     0.0     0.0     0.0   -    ||X1Sigma+
      23.0   16      34721.475961   1    15   0     0.0     0.0     0.0   -    ||X1Sigma+
      23.0   17      35617.353972   1    16   0     0.0     0.0     0.0   -    ||X1Sigma+
      23.0   18      36656.029301   1    17   0     0.0     0.0     0.0   -    ||X1Sigma+
      23.0   19      37841.477295   1    18   0     0.0     0.0     0.0   -    ||X1Sigma+
      23.0   20      39145.856355   1    19   0     0.0     0.0     0.0   -    ||X1Sigma+
      23.0   21      40553.652683   1    20   0     0.0     0.0     0.0   -    ||X1Sigma+
      23.0   22      42055.077221   1    21   0     0.0     0.0     0.0   -    ||X1Sigma+
      23.0   23      43643.201562   1    22   0     0.0     0.0     0.0   -    ||X1Sigma+
      23.0   24      45312.844934   1    23   0     0.0     0.0     0.0   -    ||X1Sigma+
      23.0   25      47059.960443   1    24   0     0.0     0.0     0.0   -    ||X1Sigma+
      23.0   26      48881.245467   1    25   0     0.0     0.0     0.0   -    ||X1Sigma+
      23.0   27      50773.983101   1    26   0     0.0     0.0     0.0   -    ||X1Sigma+
      23.0   28      52735.902651   1    27   0     0.0     0.0     0.0   -    ||X1Sigma+
      23.0   29      54765.078585   1    28   0     0.0     0.0     0.0   -    ||X1Sigma+
      23.0   30      56859.885618   1    29   0     0.0     0.0     0.0   -    ||X1Sigma+
      23.0   31      59018.972742   1    30   0     0.0     0.0     0.0   -    ||X1Sigma+
      23.0   32      61241.225823   1    31   0     0.0     0.0     0.0   -    ||X1Sigma+
      23.0   33      63525.774415   1    32   0     0.0     0.0     0.0   -    ||X1Sigma+
      23.0   34      65872.008780   1    33   0     0.0     0.0     0.0   -    ||X1Sigma+
      23.0   35      68279.576567   1    34   0     0.0     0.0     0.0   -    ||X1Sigma+
      23.0   36      70748.414851   1    35   0     0.0     0.0     0.0   -    ||X1Sigma+
      23.0   37      73278.735618   1    36   0     0.0     0.0     0.0   -    ||X1Sigma+
      23.0   38      75871.033347   1    37   0     0.0     0.0     0.0   -    ||X1Sigma+
      23.0   39      78526.003407   1    38   0     0.0     0.0     0.0   -    ||X1Sigma+
      23.0   40      81244.511065   1    39   0     0.0     0.0     0.0   -    ||X1Sigma+
      23.0   41      84027.541922   1    40   0     0.0     0.0     0.0   -    ||X1Sigma+
      23.0   42      86876.129980   1    41   0     0.0     0.0     0.0   -    ||X1Sigma+
      23.0   43      89791.284169   1    42   0     0.0     0.0     0.0   -    ||X1Sigma+
      23.0   44      92773.964236   1    43   0     0.0     0.0     0.0   -    ||X1Sigma+
      23.0   45      95824.974865   1    44   0     0.0     0.0     0.0   -    ||X1Sigma+
      23.0   46      98945.143129   1    45   0     0.0     0.0     0.0   -    ||X1Sigma+
      23.0   47     102134.858379   1    46   0     0.0     0.0     0.0   -    ||X1Sigma+
      23.0   48     105395.571244   1    47   0     0.0     0.0     0.0   -    ||X1Sigma+
      23.0   49     108729.948321   1    48   0     0.0     0.0     0.0   -    ||X1Sigma+
      23.0   50     113893.933799   1    49   0     0.0     0.0     0.0   -    ||X1Sigma+

Zero point energy (ZPE) =    1483.369516983481

j =      24.0

Define the quanta book-keeping
The total number sigma/lambda states (size of the sigma-lambda submatrix) = 1

Sigma-Lambda basis set:
     i     jrot  state   spin    sigma lambda   omega
     1     24.0    1      0.0      0.0    0      0.0   X1Sigma+
...done!

Contracted basis set:
     i     jrot ilevel ivib state v     spin    sigma lambda   omega   Name
     1     24.0    1    1    1    0      0.0      0.0    0      0.0   X1Sigma+
     2     24.0    1    2    1    1      0.0      0.0    0      0.0   X1Sigma+
     3     24.0    1    3    1    2      0.0      0.0    0      0.0   X1Sigma+
     4     24.0    1    4    1    3      0.0      0.0    0      0.0   X1Sigma+
     5     24.0    1    5    1    4      0.0      0.0    0      0.0   X1Sigma+
     6     24.0    1    6    1    5      0.0      0.0    0      0.0   X1Sigma+
     7     24.0    1    7    1    6      0.0      0.0    0      0.0   X1Sigma+
     8     24.0    1    8    1    7      0.0      0.0    0      0.0   X1Sigma+
     9     24.0    1    9    1    8      0.0      0.0    0      0.0   X1Sigma+
    10     24.0    1   10    1    9      0.0      0.0    0      0.0   X1Sigma+
    11     24.0    1   11    1   10      0.0      0.0    0      0.0   X1Sigma+
    12     24.0    1   12    1   11      0.0      0.0    0      0.0   X1Sigma+
    13     24.0    1   13    1   12      0.0      0.0    0      0.0   X1Sigma+
    14     24.0    1   14    1   13      0.0      0.0    0      0.0   X1Sigma+
    15     24.0    1   15    1   14      0.0      0.0    0      0.0   X1Sigma+
    16     24.0    1   16    1   15      0.0      0.0    0      0.0   X1Sigma+
    17     24.0    1   17    1   16      0.0      0.0    0      0.0   X1Sigma+
    18     24.0    1   18    1   17      0.0      0.0    0      0.0   X1Sigma+
    19     24.0    1   19    1   18      0.0      0.0    0      0.0   X1Sigma+
    20     24.0    1   20    1   19      0.0      0.0    0      0.0   X1Sigma+
    21     24.0    1   21    1   20      0.0      0.0    0      0.0   X1Sigma+
    22     24.0    1   22    1   21      0.0      0.0    0      0.0   X1Sigma+
    23     24.0    1   23    1   22      0.0      0.0    0      0.0   X1Sigma+
    24     24.0    1   24    1   23      0.0      0.0    0      0.0   X1Sigma+
    25     24.0    1   25    1   24      0.0      0.0    0      0.0   X1Sigma+
    26     24.0    1   26    1   25      0.0      0.0    0      0.0   X1Sigma+
    27     24.0    1   27    1   26      0.0      0.0    0      0.0   X1Sigma+
    28     24.0    1   28    1   27      0.0      0.0    0      0.0   X1Sigma+
    29     24.0    1   29    1   28      0.0      0.0    0      0.0   X1Sigma+
    30     24.0    1   30    1   29      0.0      0.0    0      0.0   X1Sigma+
    31     24.0    1   31    1   30      0.0      0.0    0      0.0   X1Sigma+
    32     24.0    1   32    1   31      0.0      0.0    0      0.0   X1Sigma+
    33     24.0    1   33    1   32      0.0      0.0    0      0.0   X1Sigma+
    34     24.0    1   34    1   33      0.0      0.0    0      0.0   X1Sigma+
    35     24.0    1   35    1   34      0.0      0.0    0      0.0   X1Sigma+
    36     24.0    1   36    1   35      0.0      0.0    0      0.0   X1Sigma+
    37     24.0    1   37    1   36      0.0      0.0    0      0.0   X1Sigma+
    38     24.0    1   38    1   37      0.0      0.0    0      0.0   X1Sigma+
    39     24.0    1   39    1   38      0.0      0.0    0      0.0   X1Sigma+
    40     24.0    1   40    1   39      0.0      0.0    0      0.0   X1Sigma+
    41     24.0    1   41    1   40      0.0      0.0    0      0.0   X1Sigma+
    42     24.0    1   42    1   41      0.0      0.0    0      0.0   X1Sigma+
    43     24.0    1   43    1   42      0.0      0.0    0      0.0   X1Sigma+
    44     24.0    1   44    1   43      0.0      0.0    0      0.0   X1Sigma+
    45     24.0    1   45    1   44      0.0      0.0    0      0.0   X1Sigma+
    46     24.0    1   46    1   45      0.0      0.0    0      0.0   X1Sigma+
    47     24.0    1   47    1   46      0.0      0.0    0      0.0   X1Sigma+
    48     24.0    1   48    1   47      0.0      0.0    0      0.0   X1Sigma+
    49     24.0    1   49    1   48      0.0      0.0    0      0.0   X1Sigma+
    50     24.0    1   50    1   49      0.0      0.0    0      0.0   X1Sigma+


 Memory Report:
 Active Arrays                                          size (MB)
 GRID                                                       0.007                
 r-field                                                    0.010                
 icontrvib                                                  0.031                
 brot                                                       0.020                
 X1Sigma+                                                   0.020                
 BROT                                                       0.022                
 <X|mu|X>                                                   0.020                
 hmat                                                       0.020                
 eigens                                                     0.490                
 Total memory   =                                           0.645 MB
 Maximal memory =                                           2.503 MB (         8000.000)

 (       25 arrays contributing less than 1% are not shown)


Construct the hamiltonian matrix
...done!

Non-zero matrix elements of the coupled Sigma-Lambda matrix:
Threshold for printing is   2.22E-16 cm^-1
RV == Rotational-vibrational
SO == Spin-Orbit interaction
SS == Spin-Spin interaction
JS == J.S interaction (aka S-uncoupling)
LS == L.J interaction (aka L-uncoupling)
LS == L.S interaction (spin-electronic)
RV=        710.266;
 


Eigenvalues for J =     24.0

       J      i        Energy/cm  State   v  lambda spin   sigma   omega  parity
      24.0    1       6050.036217   1     0   0     0.0     0.0     0.0   +    ||X1Sigma+
      24.0    2       8757.324879   1     1   0     0.0     0.0     0.0   +    ||X1Sigma+
      24.0    3      11362.385201   1     2   0     0.0     0.0     0.0   +    ||X1Sigma+
      24.0    4      13864.872459   1     3   0     0.0     0.0     0.0   +    ||X1Sigma+
      24.0    5      16264.397942   1     4   0     0.0     0.0     0.0   +    ||X1Sigma+
      24.0    6      18560.643144   1     5   0     0.0     0.0     0.0   +    ||X1Sigma+
      24.0    7      20753.066510   1     6   0     0.0     0.0     0.0   +    ||X1Sigma+
      24.0    8      22839.960733   1     7   0     0.0     0.0     0.0   +    ||X1Sigma+
      24.0    9      24817.309143   1     8   0     0.0     0.0     0.0   +    ||X1Sigma+
      24.0   10      26679.864505   1     9   0     0.0     0.0     0.0   +    ||X1Sigma+
      24.0   11      28423.606410   1    10   0     0.0     0.0     0.0   +    ||X1Sigma+
      24.0   12      30043.243196   1    11   0     0.0     0.0     0.0   +    ||X1Sigma+
      24.0   13      31528.466518   1    12   0     0.0     0.0     0.0   +    ||X1Sigma+
      24.0   14      32860.334185   1    13   0     0.0     0.0     0.0   +    ||X1Sigma+
      24.0   15      34001.819635   1    14   0     0.0     0.0     0.0   +    ||X1Sigma+
      24.0   16      34933.460265   1    15   0     0.0     0.0     0.0   +    ||X1Sigma+
      24.0   17      35836.488956   1    16   0     0.0     0.0     0.0   +    ||X1Sigma+
      24.0   18      36892.039943   1    17   0     0.0     0.0     0.0   +    ||X1Sigma+
      24.0   19      38090.268615   1    18   0     0.0     0.0     0.0   +    ||X1Sigma+
      24.0   20      39404.936285   1    19   0     0.0     0.0     0.0   +    ||X1Sigma+
      24.0   21      40821.573857   1    20   0     0.0     0.0     0.0   +    ||X1Sigma+
      24.0   22      42330.855609   1    21   0     0.0     0.0     0.0   +    ||X1Sigma+
      24.0   23      43926.142900   1    22   0     0.0     0.0     0.0   +    ||X1Sigma+
      24.0   24      45602.433136   1    23   0     0.0     0.0     0.0   +    ||X1Sigma+
      24.0   25      47355.790022   1    24   0     0.0     0.0     0.0   +    ||X1Sigma+
      24.0   26      49182.997639   1    25   0     0.0     0.0     0.0   +    ||X1Sigma+
      24.0   27      51081.392348   1    26   0     0.0     0.0     0.0   +    ||X1Sigma+
      24.0   28      53048.739296   1    27   0     0.0     0.0     0.0   +    ||X1Sigma+
      24.0   29      55083.135751   1    28   0     0.0     0.0     0.0   +    ||X1Sigma+
      24.0   30      57182.969387   1    29   0     0.0     0.0     0.0   +    ||X1Sigma+
      24.0   31      59346.889232   1    30   0     0.0     0.0     0.0   +    ||X1Sigma+
      24.0   32      61573.774865   1    31   0     0.0     0.0     0.0   +    ||X1Sigma+
      24.0   33      63862.734022   1    32   0     0.0     0.0     0.0   +    ||X1Sigma+
      24.0   34      66213.129093   1    33   0     0.0     0.0     0.0   +    ||X1Sigma+
      24.0   35      68624.566815   1    34   0     0.0     0.0     0.0   +    ||X1Sigma+
      24.0   36      71096.939082   1    35   0     0.0     0.0     0.0   +    ||X1Sigma+
      24.0   37      73630.410425   1    36   0     0.0     0.0     0.0   +    ||X1Sigma+
      24.0   38      76225.437272   1    37   0     0.0     0.0     0.0   +    ||X1Sigma+
      24.0   39      78882.693329   1    38   0     0.0     0.0     0.0   +    ||X1Sigma+
      24.0   40      81603.033271   1    39   0     0.0     0.0     0.0   +    ||X1Sigma+
      24.0   41      84387.450269   1    40   0     0.0     0.0     0.0   +    ||X1Sigma+
      24.0   42      87237.005665   1    41   0     0.0     0.0     0.0   +    ||X1Sigma+
      24.0   43      90152.749017   1    42   0     0.0     0.0     0.0   +    ||X1Sigma+
      24.0   44      93135.693954   1    43   0     0.0     0.0     0.0   +    ||X1Sigma+
      24.0   45      96186.695855   1    44   0     0.0     0.0     0.0   +    ||X1Sigma+
      24.0   46      99306.635308   1    45   0     0.0     0.0     0.0   +    ||X1Sigma+
      24.0   47     102495.927363   1    46   0     0.0     0.0     0.0   +    ||X1Sigma+
      24.0   48     105755.926629   1    47   0     0.0     0.0     0.0   +    ||X1Sigma+
      24.0   49     109098.755712   1    48   0     0.0     0.0     0.0   +    ||X1Sigma+
      24.0   50     114570.511658   1    49   0     0.0     0.0     0.0   +    ||X1Sigma+

Zero point energy (ZPE) =    1483.369516983481

j =      25.0

Define the quanta book-keeping
The total number sigma/lambda states (size of the sigma-lambda submatrix) = 1

Sigma-Lambda basis set:
     i     jrot  state   spin    sigma lambda   omega
     1     25.0    1      0.0      0.0    0      0.0   X1Sigma+
...done!

Contracted basis set:
     i     jrot ilevel ivib state v     spin    sigma lambda   omega   Name
     1     25.0    1    1    1    0      0.0      0.0    0      0.0   X1Sigma+
     2     25.0    1    2    1    1      0.0      0.0    0      0.0   X1Sigma+
     3     25.0    1    3    1    2      0.0      0.0    0      0.0   X1Sigma+
     4     25.0    1    4    1    3      0.0      0.0    0      0.0   X1Sigma+
     5     25.0    1    5    1    4      0.0      0.0    0      0.0   X1Sigma+
     6     25.0    1    6    1    5      0.0      0.0    0      0.0   X1Sigma+
     7     25.0    1    7    1    6      0.0      0.0    0      0.0   X1Sigma+
     8     25.0    1    8    1    7      0.0      0.0    0      0.0   X1Sigma+
     9     25.0    1    9    1    8      0.0      0.0    0      0.0   X1Sigma+
    10     25.0    1   10    1    9      0.0      0.0    0      0.0   X1Sigma+
    11     25.0    1   11    1   10      0.0      0.0    0      0.0   X1Sigma+
    12     25.0    1   12    1   11      0.0      0.0    0      0.0   X1Sigma+
    13     25.0    1   13    1   12      0.0      0.0    0      0.0   X1Sigma+
    14     25.0    1   14    1   13      0.0      0.0    0      0.0   X1Sigma+
    15     25.0    1   15    1   14      0.0      0.0    0      0.0   X1Sigma+
    16     25.0    1   16    1   15      0.0      0.0    0      0.0   X1Sigma+
    17     25.0    1   17    1   16      0.0      0.0    0      0.0   X1Sigma+
    18     25.0    1   18    1   17      0.0      0.0    0      0.0   X1Sigma+
    19     25.0    1   19    1   18      0.0      0.0    0      0.0   X1Sigma+
    20     25.0    1   20    1   19      0.0      0.0    0      0.0   X1Sigma+
    21     25.0    1   21    1   20      0.0      0.0    0      0.0   X1Sigma+
    22     25.0    1   22    1   21      0.0      0.0    0      0.0   X1Sigma+
    23     25.0    1   23    1   22      0.0      0.0    0      0.0   X1Sigma+
    24     25.0    1   24    1   23      0.0      0.0    0      0.0   X1Sigma+
    25     25.0    1   25    1   24      0.0      0.0    0      0.0   X1Sigma+
    26     25.0    1   26    1   25      0.0      0.0    0      0.0   X1Sigma+
    27     25.0    1   27    1   26      0.0      0.0    0      0.0   X1Sigma+
    28     25.0    1   28    1   27      0.0      0.0    0      0.0   X1Sigma+
    29     25.0    1   29    1   28      0.0      0.0    0      0.0   X1Sigma+
    30     25.0    1   30    1   29      0.0      0.0    0      0.0   X1Sigma+
    31     25.0    1   31    1   30      0.0      0.0    0      0.0   X1Sigma+
    32     25.0    1   32    1   31      0.0      0.0    0      0.0   X1Sigma+
    33     25.0    1   33    1   32      0.0      0.0    0      0.0   X1Sigma+
    34     25.0    1   34    1   33      0.0      0.0    0      0.0   X1Sigma+
    35     25.0    1   35    1   34      0.0      0.0    0      0.0   X1Sigma+
    36     25.0    1   36    1   35      0.0      0.0    0      0.0   X1Sigma+
    37     25.0    1   37    1   36      0.0      0.0    0      0.0   X1Sigma+
    38     25.0    1   38    1   37      0.0      0.0    0      0.0   X1Sigma+
    39     25.0    1   39    1   38      0.0      0.0    0      0.0   X1Sigma+
    40     25.0    1   40    1   39      0.0      0.0    0      0.0   X1Sigma+
    41     25.0    1   41    1   40      0.0      0.0    0      0.0   X1Sigma+
    42     25.0    1   42    1   41      0.0      0.0    0      0.0   X1Sigma+
    43     25.0    1   43    1   42      0.0      0.0    0      0.0   X1Sigma+
    44     25.0    1   44    1   43      0.0      0.0    0      0.0   X1Sigma+
    45     25.0    1   45    1   44      0.0      0.0    0      0.0   X1Sigma+
    46     25.0    1   46    1   45      0.0      0.0    0      0.0   X1Sigma+
    47     25.0    1   47    1   46      0.0      0.0    0      0.0   X1Sigma+
    48     25.0    1   48    1   47      0.0      0.0    0      0.0   X1Sigma+
    49     25.0    1   49    1   48      0.0      0.0    0      0.0   X1Sigma+
    50     25.0    1   50    1   49      0.0      0.0    0      0.0   X1Sigma+


 Memory Report:
 Active Arrays                                          size (MB)
 GRID                                                       0.007                
 r-field                                                    0.010                
 icontrvib                                                  0.031                
 brot                                                       0.020                
 X1Sigma+                                                   0.020                
 BROT                                                       0.022                
 <X|mu|X>                                                   0.020                
 hmat                                                       0.020                
 eigens                                                     0.510                
 Total memory   =                                           0.666 MB
 Maximal memory =                                           2.503 MB (         8000.000)

 (       25 arrays contributing less than 1% are not shown)


Construct the hamiltonian matrix
...done!

Non-zero matrix elements of the coupled Sigma-Lambda matrix:
Threshold for printing is   2.22E-16 cm^-1
RV == Rotational-vibrational
SO == Spin-Orbit interaction
SS == Spin-Spin interaction
JS == J.S interaction (aka S-uncoupling)
LS == L.J interaction (aka L-uncoupling)
LS == L.S interaction (spin-electronic)
RV=        769.455;
 


Eigenvalues for J =     25.0

       J      i        Energy/cm  State   v  lambda spin   sigma   omega  parity
      25.0    1       6537.918680   1     0   0     0.0     0.0     0.0   -    ||X1Sigma+
      25.0    2       9230.519842   1     1   0     0.0     0.0     0.0   -    ||X1Sigma+
      25.0    3      11820.984139   1     2   0     0.0     0.0     0.0   -    ||X1Sigma+
      25.0    4      14308.953804   1     3   0     0.0     0.0     0.0   -    ||X1Sigma+
      25.0    5      16693.954860   1     4   0     0.0     0.0     0.0   -    ||X1Sigma+
      25.0    6      18975.540317   1     5   0     0.0     0.0     0.0   -    ||X1Sigma+
      25.0    7      21153.055509   1     6   0     0.0     0.0     0.0   -    ||X1Sigma+
      25.0    8      23224.630339   1     7   0     0.0     0.0     0.0   -    ||X1Sigma+
      25.0    9      25186.049424   1     8   0     0.0     0.0     0.0   -    ||X1Sigma+
      25.0   10      27032.059269   1     9   0     0.0     0.0     0.0   -    ||X1Sigma+
      25.0   11      28758.665593   1    10   0     0.0     0.0     0.0   -    ||X1Sigma+
      25.0   12      30360.108131   1    11   0     0.0     0.0     0.0   -    ||X1Sigma+
      25.0   13      31825.266112   1    12   0     0.0     0.0     0.0   -    ||X1Sigma+
      25.0   14      33133.331996   1    13   0     0.0     0.0     0.0   -    ||X1Sigma+
      25.0   15      34244.305369   1    14   0     0.0     0.0     0.0   -    ||X1Sigma+
      25.0   16      35152.581297   1    15   0     0.0     0.0     0.0   -    ||X1Sigma+
      25.0   17      36066.573993   1    16   0     0.0     0.0     0.0   -    ||X1Sigma+
      25.0   18      37139.224256   1    17   0     0.0     0.0     0.0   -    ||X1Sigma+
      25.0   19      38350.293997   1    18   0     0.0     0.0     0.0   -    ||X1Sigma+
      25.0   20      39675.406723   1    19   0     0.0     0.0     0.0   -    ||X1Sigma+
      25.0   21      41101.068167   1    20   0     0.0     0.0     0.0   -    ||X1Sigma+
      25.0   22      42618.397215   1    21   0     0.0     0.0     0.0   -    ||X1Sigma+
      25.0   23      44221.037747   1    22   0     0.0     0.0     0.0   -    ||X1Sigma+
      25.0   24      45904.164418   1    23   0     0.0     0.0     0.0   -    ||X1Sigma+
      25.0   25      47663.950177   1    24   0     0.0     0.0     0.0   -    ||X1Sigma+
      25.0   26      49497.266891   1    25   0     0.0     0.0     0.0   -    ||X1Sigma+
      25.0   27      51401.505539   1    26   0     0.0     0.0     0.0   -    ||X1Sigma+
      25.0   28      53374.467406   1    27   0     0.0     0.0     0.0   -    ||X1Sigma+
      25.0   29      55414.273398   1    28   0     0.0     0.0     0.0   -    ||X1Sigma+
      25.0   30      57519.325178   1    29   0     0.0     0.0     0.0   -    ||X1Sigma+
      25.0   31      59688.272338   1    30   0     0.0     0.0     0.0   -    ||X1Sigma+
      25.0   32      61919.989484   1    31   0     0.0     0.0     0.0   -    ||X1Sigma+
      25.0   33      64213.564033   1    32   0     0.0     0.0     0.0   -    ||X1Sigma+
      25.0   34      66568.330764   1    33   0     0.0     0.0     0.0   -    ||X1Sigma+
      25.0   35      68983.855871   1    34   0     0.0     0.0     0.0   -    ||X1Sigma+
      25.0   36      71459.983942   1    35   0     0.0     0.0     0.0   -    ||X1Sigma+
      25.0   37      73996.828619   1    36   0     0.0     0.0     0.0   -    ||X1Sigma+
      25.0   38      76594.801382   1    37   0     0.0     0.0     0.0   -    ||X1Sigma+
      25.0   39      79254.548075   1    38   0     0.0     0.0     0.0   -    ||X1Sigma+
      25.0   40      81976.906849   1    39   0     0.0     0.0     0.0   -    ||X1Sigma+
      25.0   41      84762.872020   1    40   0     0.0     0.0     0.0   -    ||X1Sigma+
      25.0   42      87613.527779   1    41   0     0.0     0.0     0.0   -    ||X1Sigma+
      25.0   43      90529.961597   1    42   0     0.0     0.0     0.0   -    ||X1Sigma+
      25.0   44      93513.241353   1    43   0     0.0     0.0     0.0   -    ||X1Sigma+
      25.0   45      96564.275556   1    44   0     0.0     0.0     0.0   -    ||X1Sigma+
      25.0   46      99684.003756   1    45   0     0.0     0.0     0.0   -    ||X1Sigma+
      25.0   47     102872.885665   1    46   0     0.0     0.0     0.0   -    ||X1Sigma+
      25.0   48     106132.239406   1    47   0     0.0     0.0     0.0   -    ||X1Sigma+
      25.0   49     109491.204958   1    48   0     0.0     0.0     0.0   -    ||X1Sigma+
      25.0   50     115297.951475   1    49   0     0.0     0.0     0.0   -    ||X1Sigma+

Zero point energy (ZPE) =    1483.369516983481

j =      26.0

Define the quanta book-keeping
The total number sigma/lambda states (size of the sigma-lambda submatrix) = 1

Sigma-Lambda basis set:
     i     jrot  state   spin    sigma lambda   omega
     1     26.0    1      0.0      0.0    0      0.0   X1Sigma+
...done!

Contracted basis set:
     i     jrot ilevel ivib state v     spin    sigma lambda   omega   Name
     1     26.0    1    1    1    0      0.0      0.0    0      0.0   X1Sigma+
     2     26.0    1    2    1    1      0.0      0.0    0      0.0   X1Sigma+
     3     26.0    1    3    1    2      0.0      0.0    0      0.0   X1Sigma+
     4     26.0    1    4    1    3      0.0      0.0    0      0.0   X1Sigma+
     5     26.0    1    5    1    4      0.0      0.0    0      0.0   X1Sigma+
     6     26.0    1    6    1    5      0.0      0.0    0      0.0   X1Sigma+
     7     26.0    1    7    1    6      0.0      0.0    0      0.0   X1Sigma+
     8     26.0    1    8    1    7      0.0      0.0    0      0.0   X1Sigma+
     9     26.0    1    9    1    8      0.0      0.0    0      0.0   X1Sigma+
    10     26.0    1   10    1    9      0.0      0.0    0      0.0   X1Sigma+
    11     26.0    1   11    1   10      0.0      0.0    0      0.0   X1Sigma+
    12     26.0    1   12    1   11      0.0      0.0    0      0.0   X1Sigma+
    13     26.0    1   13    1   12      0.0      0.0    0      0.0   X1Sigma+
    14     26.0    1   14    1   13      0.0      0.0    0      0.0   X1Sigma+
    15     26.0    1   15    1   14      0.0      0.0    0      0.0   X1Sigma+
    16     26.0    1   16    1   15      0.0      0.0    0      0.0   X1Sigma+
    17     26.0    1   17    1   16      0.0      0.0    0      0.0   X1Sigma+
    18     26.0    1   18    1   17      0.0      0.0    0      0.0   X1Sigma+
    19     26.0    1   19    1   18      0.0      0.0    0      0.0   X1Sigma+
    20     26.0    1   20    1   19      0.0      0.0    0      0.0   X1Sigma+
    21     26.0    1   21    1   20      0.0      0.0    0      0.0   X1Sigma+
    22     26.0    1   22    1   21      0.0      0.0    0      0.0   X1Sigma+
    23     26.0    1   23    1   22      0.0      0.0    0      0.0   X1Sigma+
    24     26.0    1   24    1   23      0.0      0.0    0      0.0   X1Sigma+
    25     26.0    1   25    1   24      0.0      0.0    0      0.0   X1Sigma+
    26     26.0    1   26    1   25      0.0      0.0    0      0.0   X1Sigma+
    27     26.0    1   27    1   26      0.0      0.0    0      0.0   X1Sigma+
    28     26.0    1   28    1   27      0.0      0.0    0      0.0   X1Sigma+
    29     26.0    1   29    1   28      0.0      0.0    0      0.0   X1Sigma+
    30     26.0    1   30    1   29      0.0      0.0    0      0.0   X1Sigma+
    31     26.0    1   31    1   30      0.0      0.0    0      0.0   X1Sigma+
    32     26.0    1   32    1   31      0.0      0.0    0      0.0   X1Sigma+
    33     26.0    1   33    1   32      0.0      0.0    0      0.0   X1Sigma+
    34     26.0    1   34    1   33      0.0      0.0    0      0.0   X1Sigma+
    35     26.0    1   35    1   34      0.0      0.0    0      0.0   X1Sigma+
    36     26.0    1   36    1   35      0.0      0.0    0      0.0   X1Sigma+
    37     26.0    1   37    1   36      0.0      0.0    0      0.0   X1Sigma+
    38     26.0    1   38    1   37      0.0      0.0    0      0.0   X1Sigma+
    39     26.0    1   39    1   38      0.0      0.0    0      0.0   X1Sigma+
    40     26.0    1   40    1   39      0.0      0.0    0      0.0   X1Sigma+
    41     26.0    1   41    1   40      0.0      0.0    0      0.0   X1Sigma+
    42     26.0    1   42    1   41      0.0      0.0    0      0.0   X1Sigma+
    43     26.0    1   43    1   42      0.0      0.0    0      0.0   X1Sigma+
    44     26.0    1   44    1   43      0.0      0.0    0      0.0   X1Sigma+
    45     26.0    1   45    1   44      0.0      0.0    0      0.0   X1Sigma+
    46     26.0    1   46    1   45      0.0      0.0    0      0.0   X1Sigma+
    47     26.0    1   47    1   46      0.0      0.0    0      0.0   X1Sigma+
    48     26.0    1   48    1   47      0.0      0.0    0      0.0   X1Sigma+
    49     26.0    1   49    1   48      0.0      0.0    0      0.0   X1Sigma+
    50     26.0    1   50    1   49      0.0      0.0    0      0.0   X1Sigma+


 Memory Report:
 Active Arrays                                          size (MB)
 GRID                                                       0.007                
 r-field                                                    0.010                
 icontrvib                                                  0.031                
 brot                                                       0.020                
 X1Sigma+                                                   0.020                
 BROT                                                       0.022                
 <X|mu|X>                                                   0.020                
 hmat                                                       0.020                
 eigens                                                     0.530                
 Total memory   =                                           0.686 MB
 Maximal memory =                                           2.503 MB (         8000.000)

 (       25 arrays contributing less than 1% are not shown)


Construct the hamiltonian matrix
...done!

Non-zero matrix elements of the coupled Sigma-Lambda matrix:
Threshold for printing is   2.22E-16 cm^-1
RV == Rotational-vibrational
SO == Spin-Orbit interaction
SS == Spin-Spin interaction
JS == J.S interaction (aka S-uncoupling)
LS == L.J interaction (aka L-uncoupling)
LS == L.S interaction (spin-electronic)
RV=        831.011;
 


Eigenvalues for J =     26.0

       J      i        Energy/cm  State   v  lambda spin   sigma   omega  parity
      26.0    1       7042.713369   1     0   0     0.0     0.0     0.0   +    ||X1Sigma+
      26.0    2       9720.068333   1     1   0     0.0     0.0     0.0   +    ||X1Sigma+
      26.0    3      12295.371716   1     2   0     0.0     0.0     0.0   +    ||X1Sigma+
      26.0    4      14768.252945   1     3   0     0.0     0.0     0.0   +    ||X1Sigma+
      26.0    5      17138.156005   1     4   0     0.0     0.0     0.0   +    ||X1Sigma+
      26.0    6      19404.504552   1     5   0     0.0     0.0     0.0   +    ||X1Sigma+
      26.0    7      21566.517599   1     6   0     0.0     0.0     0.0   +    ||X1Sigma+
      26.0    8      23622.136337   1     7   0     0.0     0.0     0.0   +    ||X1Sigma+
      26.0    9      25566.937167   1     8   0     0.0     0.0     0.0   +    ||X1Sigma+
      26.0   10      27395.680815   1     9   0     0.0     0.0     0.0   +    ||X1Sigma+
      26.0   11      29104.367046   1    10   0     0.0     0.0     0.0   +    ||X1Sigma+
      26.0   12      30686.695897   1    11   0     0.0     0.0     0.0   +    ||X1Sigma+
      26.0   13      32130.624858   1    12   0     0.0     0.0     0.0   +    ||X1Sigma+
      26.0   14      33413.159138   1    13   0     0.0     0.0     0.0   +    ||X1Sigma+
      26.0   15      34491.472127   1    14   0     0.0     0.0     0.0   +    ||X1Sigma+
      26.0   16      35379.428987   1    15   0     0.0     0.0     0.0   +    ||X1Sigma+
      26.0   17      36307.869614   1    16   0     0.0     0.0     0.0   +    ||X1Sigma+
      26.0   18      37397.657922   1    17   0     0.0     0.0     0.0   +    ||X1Sigma+
      26.0   19      38621.611188   1    18   0     0.0     0.0     0.0   +    ||X1Sigma+
      26.0   20      39957.310251   1    19   0     0.0     0.0     0.0   +    ||X1Sigma+
      26.0   21      41392.164268   1    20   0     0.0     0.0     0.0   +    ||X1Sigma+
      26.0   22      42917.720005   1    21   0     0.0     0.0     0.0   +    ||X1Sigma+
      26.0   23      44527.894823   1    22   0     0.0     0.0     0.0   +    ||X1Sigma+
      26.0   24      46218.039086   1    23   0     0.0     0.0     0.0   +    ||X1Sigma+
      26.0   25      47984.434043   1    24   0     0.0     0.0     0.0   +    ||X1Sigma+
      26.0   26      49824.039588   1    25   0     0.0     0.0     0.0   +    ||X1Sigma+
      26.0   27      51734.302897   1    26   0     0.0     0.0     0.0   +    ||X1Sigma+
      26.0   28      53713.061755   1    27   0     0.0     0.0     0.0   +    ||X1Sigma+
      26.0   29      55758.461508   1    28   0     0.0     0.0     0.0   +    ||X1Sigma+
      26.0   30      57868.918760   1    29   0     0.0     0.0     0.0   +    ||X1Sigma+
      26.0   31      60043.084329   1    30   0     0.0     0.0     0.0   +    ||X1Sigma+
      26.0   32      62279.828969   1    31   0     0.0     0.0     0.0   +    ||X1Sigma+
      26.0   33      64578.221750   1    32   0     0.0     0.0     0.0   +    ||X1Sigma+
      26.0   34      66937.570250   1    33   0     0.0     0.0     0.0   +    ||X1Sigma+
      26.0   35      69357.401154   1    34   0     0.0     0.0     0.0   +    ||X1Sigma+
      26.0   36      71837.510200   1    35   0     0.0     0.0     0.0   +    ||X1Sigma+
      26.0   37      74377.957429   1    36   0     0.0     0.0     0.0   +    ||X1Sigma+
      26.0   38      76979.102654   1    37   0     0.0     0.0     0.0   +    ||X1Sigma+
      26.0   39      79641.557089   1    38   0     0.0     0.0     0.0   +    ||X1Sigma+
      26.0   40      82366.136046   1    39   0     0.0     0.0     0.0   +    ||X1Sigma+
      26.0   41      85153.827754   1    40   0     0.0     0.0     0.0   +    ||X1Sigma+
      26.0   42      88005.733627   1    41   0     0.0     0.0     0.0   +    ||X1Sigma+
      26.0   43      90922.975169   1    42   0     0.0     0.0     0.0   +    ||X1Sigma+
      26.0   44      93906.673922   1    43   0     0.0     0.0     0.0   +    ||X1Sigma+
      26.0   45      96957.793336   1    44   0     0.0     0.0     0.0   +    ||X1Sigma+
      26.0   46     100077.337868   1    45   0     0.0     0.0     0.0   +    ||X1Sigma+
      26.0   47     103265.828783   1    46   0     0.0     0.0     0.0   +    ||X1Sigma+
      26.0   48     106524.635964   1    47   0     0.0     0.0     0.0   +    ||X1Sigma+
      26.0   49     109910.210602   1    48   0     0.0     0.0     0.0   +    ||X1Sigma+
      26.0   50     116077.240850   1    49   0     0.0     0.0     0.0   +    ||X1Sigma+

Zero point energy (ZPE) =    1483.369516983481

j =      27.0

Define the quanta book-keeping
The total number sigma/lambda states (size of the sigma-lambda submatrix) = 1

Sigma-Lambda basis set:
     i     jrot  state   spin    sigma lambda   omega
     1     27.0    1      0.0      0.0    0      0.0   X1Sigma+
...done!

Contracted basis set:
     i     jrot ilevel ivib state v     spin    sigma lambda   omega   Name
     1     27.0    1    1    1    0      0.0      0.0    0      0.0   X1Sigma+
     2     27.0    1    2    1    1      0.0      0.0    0      0.0   X1Sigma+
     3     27.0    1    3    1    2      0.0      0.0    0      0.0   X1Sigma+
     4     27.0    1    4    1    3      0.0      0.0    0      0.0   X1Sigma+
     5     27.0    1    5    1    4      0.0      0.0    0      0.0   X1Sigma+
     6     27.0    1    6    1    5      0.0      0.0    0      0.0   X1Sigma+
     7     27.0    1    7    1    6      0.0      0.0    0      0.0   X1Sigma+
     8     27.0    1    8    1    7      0.0      0.0    0      0.0   X1Sigma+
     9     27.0    1    9    1    8      0.0      0.0    0      0.0   X1Sigma+
    10     27.0    1   10    1    9      0.0      0.0    0      0.0   X1Sigma+
    11     27.0    1   11    1   10      0.0      0.0    0      0.0   X1Sigma+
    12     27.0    1   12    1   11      0.0      0.0    0      0.0   X1Sigma+
    13     27.0    1   13    1   12      0.0      0.0    0      0.0   X1Sigma+
    14     27.0    1   14    1   13      0.0      0.0    0      0.0   X1Sigma+
    15     27.0    1   15    1   14      0.0      0.0    0      0.0   X1Sigma+
    16     27.0    1   16    1   15      0.0      0.0    0      0.0   X1Sigma+
    17     27.0    1   17    1   16      0.0      0.0    0      0.0   X1Sigma+
    18     27.0    1   18    1   17      0.0      0.0    0      0.0   X1Sigma+
    19     27.0    1   19    1   18      0.0      0.0    0      0.0   X1Sigma+
    20     27.0    1   20    1   19      0.0      0.0    0      0.0   X1Sigma+
    21     27.0    1   21    1   20      0.0      0.0    0      0.0   X1Sigma+
    22     27.0    1   22    1   21      0.0      0.0    0      0.0   X1Sigma+
    23     27.0    1   23    1   22      0.0      0.0    0      0.0   X1Sigma+
    24     27.0    1   24    1   23      0.0      0.0    0      0.0   X1Sigma+
    25     27.0    1   25    1   24      0.0      0.0    0      0.0   X1Sigma+
    26     27.0    1   26    1   25      0.0      0.0    0      0.0   X1Sigma+
    27     27.0    1   27    1   26      0.0      0.0    0      0.0   X1Sigma+
    28     27.0    1   28    1   27      0.0      0.0    0      0.0   X1Sigma+
    29     27.0    1   29    1   28      0.0      0.0    0      0.0   X1Sigma+
    30     27.0    1   30    1   29      0.0      0.0    0      0.0   X1Sigma+
    31     27.0    1   31    1   30      0.0      0.0    0      0.0   X1Sigma+
    32     27.0    1   32    1   31      0.0      0.0    0      0.0   X1Sigma+
    33     27.0    1   33    1   32      0.0      0.0    0      0.0   X1Sigma+
    34     27.0    1   34    1   33      0.0      0.0    0      0.0   X1Sigma+
    35     27.0    1   35    1   34      0.0      0.0    0      0.0   X1Sigma+
    36     27.0    1   36    1   35      0.0      0.0    0      0.0   X1Sigma+
    37     27.0    1   37    1   36      0.0      0.0    0      0.0   X1Sigma+
    38     27.0    1   38    1   37      0.0      0.0    0      0.0   X1Sigma+
    39     27.0    1   39    1   38      0.0      0.0    0      0.0   X1Sigma+
    40     27.0    1   40    1   39      0.0      0.0    0      0.0   X1Sigma+
    41     27.0    1   41    1   40      0.0      0.0    0      0.0   X1Sigma+
    42     27.0    1   42    1   41      0.0      0.0    0      0.0   X1Sigma+
    43     27.0    1   43    1   42      0.0      0.0    0      0.0   X1Sigma+
    44     27.0    1   44    1   43      0.0      0.0    0      0.0   X1Sigma+
    45     27.0    1   45    1   44      0.0      0.0    0      0.0   X1Sigma+
    46     27.0    1   46    1   45      0.0      0.0    0      0.0   X1Sigma+
    47     27.0    1   47    1   46      0.0      0.0    0      0.0   X1Sigma+
    48     27.0    1   48    1   47      0.0      0.0    0      0.0   X1Sigma+
    49     27.0    1   49    1   48      0.0      0.0    0      0.0   X1Sigma+
    50     27.0    1   50    1   49      0.0      0.0    0      0.0   X1Sigma+


 Memory Report:
 Active Arrays                                          size (MB)
 GRID                                                       0.007                
 r-field                                                    0.010                
 icontrvib                                                  0.031                
 brot                                                       0.020                
 X1Sigma+                                                   0.020                
 BROT                                                       0.022                
 <X|mu|X>                                                   0.020                
 hmat                                                       0.020                
 eigens                                                     0.551                
 Total memory   =                                           0.707 MB
 Maximal memory =                                           2.503 MB (         8000.000)

 (       25 arrays contributing less than 1% are not shown)


Construct the hamiltonian matrix
...done!

Non-zero matrix elements of the coupled Sigma-Lambda matrix:
Threshold for printing is   2.22E-16 cm^-1
RV == Rotational-vibrational
SO == Spin-Orbit interaction
SS == Spin-Spin interaction
JS == J.S interaction (aka S-uncoupling)
LS == L.J interaction (aka L-uncoupling)
LS == L.S interaction (spin-electronic)
RV=        894.935;
 


Eigenvalues for J =     27.0

       J      i        Energy/cm  State   v  lambda spin   sigma   omega  parity
      27.0    1       7564.126700   1     0   0     0.0     0.0     0.0   -    ||X1Sigma+
      27.0    2      10225.679729   1     1   0     0.0     0.0     0.0   -    ||X1Sigma+
      27.0    3      12785.259403   1     2   0     0.0     0.0     0.0   -    ||X1Sigma+
      27.0    4      15242.481828   1     3   0     0.0     0.0     0.0   -    ||X1Sigma+
      27.0    5      17596.712097   1     4   0     0.0     0.0     0.0   -    ||X1Sigma+
      27.0    6      19847.244560   1     5   0     0.0     0.0     0.0   -    ||X1Sigma+
      27.0    7      21993.157980   1     6   0     0.0     0.0     0.0   -    ||X1Sigma+
      27.0    8      24032.177152   1     7   0     0.0     0.0     0.0   -    ||X1Sigma+
      27.0    9      25959.663021   1     8   0     0.0     0.0     0.0   -    ||X1Sigma+
      27.0   10      27770.411721   1     9   0     0.0     0.0     0.0   -    ||X1Sigma+
      27.0   11      29460.373201   1    10   0     0.0     0.0     0.0   -    ||X1Sigma+
      27.0   12      31022.631359   1    11   0     0.0     0.0     0.0   -    ||X1Sigma+
      27.0   13      32444.085187   1    12   0     0.0     0.0     0.0   -    ||X1Sigma+
      27.0   14      33699.172874   1    13   0     0.0     0.0     0.0   -    ||X1Sigma+
      27.0   15      34742.815070   1    14   0     0.0     0.0     0.0   -    ||X1Sigma+
      27.0   16      35614.753496   1    15   0     0.0     0.0     0.0   -    ||X1Sigma+
      27.0   17      36560.580045   1    16   0     0.0     0.0     0.0   -    ||X1Sigma+
      27.0   18      37667.409429   1    17   0     0.0     0.0     0.0   -    ||X1Sigma+
      27.0   19      38904.274450   1    18   0     0.0     0.0     0.0   -    ||X1Sigma+
      27.0   20      40250.686889   1    19   0     0.0     0.0     0.0   -    ||X1Sigma+
      27.0   21      41694.888819   1    20   0     0.0     0.0     0.0   -    ||X1Sigma+
      27.0   22      43228.840227   1    21   0     0.0     0.0     0.0   -    ||X1Sigma+
      27.0   23      44846.721459   1    22   0     0.0     0.0     0.0   -    ||X1Sigma+
      27.0   24      46544.056171   1    23   0     0.0     0.0     0.0   -    ||X1Sigma+
      27.0   25      48317.233565   1    24   0     0.0     0.0     0.0   -    ||X1Sigma+
      27.0   26      50163.300925   1    25   0     0.0     0.0     0.0   -    ||X1Sigma+
      27.0   27      52079.763327   1    26   0     0.0     0.0     0.0   -    ||X1Sigma+
      27.0   28      54064.495585   1    27   0     0.0     0.0     0.0   -    ||X1Sigma+
      27.0   29      56115.668277   1    28   0     0.0     0.0     0.0   -    ||X1Sigma+
      27.0   30      58231.713771   1    29   0     0.0     0.0     0.0   -    ||X1Sigma+
      27.0   31      60411.284971   1    30   0     0.0     0.0     0.0   -    ||X1Sigma+
      27.0   32      62653.249630   1    31   0     0.0     0.0     0.0   -    ||X1Sigma+
      27.0   33      64956.660835   1    32   0     0.0     0.0     0.0   -    ||X1Sigma+
      27.0   34      67320.799559   1    33   0     0.0     0.0     0.0   -    ||X1Sigma+
      27.0   35      69745.154589   1    34   0     0.0     0.0     0.0   -    ||X1Sigma+
      27.0   36      72229.471943   1    35   0     0.0     0.0     0.0   -    ||X1Sigma+
      27.0   37      74773.756181   1    36   0     0.0     0.0     0.0   -    ||X1Sigma+
      27.0   38      77378.309234   1    37   0     0.0     0.0     0.0   -    ||X1Sigma+
      27.0   39      80043.700448   1    38   0     0.0     0.0     0.0   -    ||X1Sigma+
      27.0   40      82770.715671   1    39   0     0.0     0.0     0.0   -    ||X1Sigma+
      27.0   41      85560.329121   1    40   0     0.0     0.0     0.0   -    ||X1Sigma+
      27.0   42      88413.652663   1    41   0     0.0     0.0     0.0   -    ||X1Sigma+
      27.0   43      91331.836691   1    42   0     0.0     0.0     0.0   -    ||X1Sigma+
      27.0   44      94316.054639   1    43   0     0.0     0.0     0.0   -    ||X1Sigma+
      27.0   45      97367.325807   1    44   0     0.0     0.0     0.0   -    ||X1Sigma+
      27.0   46     100486.725808   1    45   0     0.0     0.0     0.0   -    ||X1Sigma+
      27.0   47     103674.849789   1    46   0     0.0     0.0     0.0   -    ||X1Sigma+
      27.0   48     106933.270478   1    47   0     0.0     0.0     0.0   -    ||X1Sigma+
      27.0   49     110359.030858   1    48   0     0.0     0.0     0.0   -    ||X1Sigma+
      27.0   50     116909.183194   1    49   0     0.0     0.0     0.0   -    ||X1Sigma+

Zero point energy (ZPE) =    1483.369516983481

j =      28.0

Define the quanta book-keeping
The total number sigma/lambda states (size of the sigma-lambda submatrix) = 1

Sigma-Lambda basis set:
     i     jrot  state   spin    sigma lambda   omega
     1     28.0    1      0.0      0.0    0      0.0   X1Sigma+
...done!

Contracted basis set:
     i     jrot ilevel ivib state v     spin    sigma lambda   omega   Name
     1     28.0    1    1    1    0      0.0      0.0    0      0.0   X1Sigma+
     2     28.0    1    2    1    1      0.0      0.0    0      0.0   X1Sigma+
     3     28.0    1    3    1    2      0.0      0.0    0      0.0   X1Sigma+
     4     28.0    1    4    1    3      0.0      0.0    0      0.0   X1Sigma+
     5     28.0    1    5    1    4      0.0      0.0    0      0.0   X1Sigma+
     6     28.0    1    6    1    5      0.0      0.0    0      0.0   X1Sigma+
     7     28.0    1    7    1    6      0.0      0.0    0      0.0   X1Sigma+
     8     28.0    1    8    1    7      0.0      0.0    0      0.0   X1Sigma+
     9     28.0    1    9    1    8      0.0      0.0    0      0.0   X1Sigma+
    10     28.0    1   10    1    9      0.0      0.0    0      0.0   X1Sigma+
    11     28.0    1   11    1   10      0.0      0.0    0      0.0   X1Sigma+
    12     28.0    1   12    1   11      0.0      0.0    0      0.0   X1Sigma+
    13     28.0    1   13    1   12      0.0      0.0    0      0.0   X1Sigma+
    14     28.0    1   14    1   13      0.0      0.0    0      0.0   X1Sigma+
    15     28.0    1   15    1   14      0.0      0.0    0      0.0   X1Sigma+
    16     28.0    1   16    1   15      0.0      0.0    0      0.0   X1Sigma+
    17     28.0    1   17    1   16      0.0      0.0    0      0.0   X1Sigma+
    18     28.0    1   18    1   17      0.0      0.0    0      0.0   X1Sigma+
    19     28.0    1   19    1   18      0.0      0.0    0      0.0   X1Sigma+
    20     28.0    1   20    1   19      0.0      0.0    0      0.0   X1Sigma+
    21     28.0    1   21    1   20      0.0      0.0    0      0.0   X1Sigma+
    22     28.0    1   22    1   21      0.0      0.0    0      0.0   X1Sigma+
    23     28.0    1   23    1   22      0.0      0.0    0      0.0   X1Sigma+
    24     28.0    1   24    1   23      0.0      0.0    0      0.0   X1Sigma+
    25     28.0    1   25    1   24      0.0      0.0    0      0.0   X1Sigma+
    26     28.0    1   26    1   25      0.0      0.0    0      0.0   X1Sigma+
    27     28.0    1   27    1   26      0.0      0.0    0      0.0   X1Sigma+
    28     28.0    1   28    1   27      0.0      0.0    0      0.0   X1Sigma+
    29     28.0    1   29    1   28      0.0      0.0    0      0.0   X1Sigma+
    30     28.0    1   30    1   29      0.0      0.0    0      0.0   X1Sigma+
    31     28.0    1   31    1   30      0.0      0.0    0      0.0   X1Sigma+
    32     28.0    1   32    1   31      0.0      0.0    0      0.0   X1Sigma+
    33     28.0    1   33    1   32      0.0      0.0    0      0.0   X1Sigma+
    34     28.0    1   34    1   33      0.0      0.0    0      0.0   X1Sigma+
    35     28.0    1   35    1   34      0.0      0.0    0      0.0   X1Sigma+
    36     28.0    1   36    1   35      0.0      0.0    0      0.0   X1Sigma+
    37     28.0    1   37    1   36      0.0      0.0    0      0.0   X1Sigma+
    38     28.0    1   38    1   37      0.0      0.0    0      0.0   X1Sigma+
    39     28.0    1   39    1   38      0.0      0.0    0      0.0   X1Sigma+
    40     28.0    1   40    1   39      0.0      0.0    0      0.0   X1Sigma+
    41     28.0    1   41    1   40      0.0      0.0    0      0.0   X1Sigma+
    42     28.0    1   42    1   41      0.0      0.0    0      0.0   X1Sigma+
    43     28.0    1   43    1   42      0.0      0.0    0      0.0   X1Sigma+
    44     28.0    1   44    1   43      0.0      0.0    0      0.0   X1Sigma+
    45     28.0    1   45    1   44      0.0      0.0    0      0.0   X1Sigma+
    46     28.0    1   46    1   45      0.0      0.0    0      0.0   X1Sigma+
    47     28.0    1   47    1   46      0.0      0.0    0      0.0   X1Sigma+
    48     28.0    1   48    1   47      0.0      0.0    0      0.0   X1Sigma+
    49     28.0    1   49    1   48      0.0      0.0    0      0.0   X1Sigma+
    50     28.0    1   50    1   49      0.0      0.0    0      0.0   X1Sigma+


 Memory Report:
 Active Arrays                                          size (MB)
 GRID                                                       0.007                
 r-field                                                    0.010                
 icontrvib                                                  0.031                
 brot                                                       0.020                
 X1Sigma+                                                   0.020                
 BROT                                                       0.022                
 <X|mu|X>                                                   0.020                
 hmat                                                       0.020                
 eigens                                                     0.571                
 Total memory   =                                           0.727 MB
 Maximal memory =                                           2.503 MB (         8000.000)

 (       25 arrays contributing less than 1% are not shown)


Construct the hamiltonian matrix
...done!

Non-zero matrix elements of the coupled Sigma-Lambda matrix:
Threshold for printing is   2.22E-16 cm^-1
RV == Rotational-vibrational
SO == Spin-Orbit interaction
SS == Spin-Spin interaction
JS == J.S interaction (aka S-uncoupling)
LS == L.J interaction (aka L-uncoupling)
LS == L.S interaction (spin-electronic)
RV=        961.227;
 


Eigenvalues for J =     28.0

       J      i        Energy/cm  State   v  lambda spin   sigma   omega  parity
      28.0    1       8101.856074   1     0   0     0.0     0.0     0.0   +    ||X1Sigma+
      28.0    2      10747.054375   1     1   0     0.0     0.0     0.0   +    ||X1Sigma+
      28.0    3      13290.349656   1     2   0     0.0     0.0     0.0   +    ||X1Sigma+
      28.0    4      15731.343339   1     3   0     0.0     0.0     0.0   +    ||X1Sigma+
      28.0    5      18069.324524   1     4   0     0.0     0.0     0.0   +    ||X1Sigma+
      28.0    6      20303.459073   1     5   0     0.0     0.0     0.0   +    ||X1Sigma+
      28.0    7      22432.670731   1     6   0     0.0     0.0     0.0   +    ||X1Sigma+
      28.0    8      24454.438805   1     7   0     0.0     0.0     0.0   +    ||X1Sigma+
      28.0    9      26363.904604   1     8   0     0.0     0.0     0.0   +    ||X1Sigma+
      28.0   10      28155.920225   1     9   0     0.0     0.0     0.0   +    ||X1Sigma+
      28.0   11      29826.328631   1    10   0     0.0     0.0     0.0   +    ||X1Sigma+
      28.0   12      31367.515275   1    11   0     0.0     0.0     0.0   +    ||X1Sigma+
      28.0   13      32765.147895   1    12   0     0.0     0.0     0.0   +    ||X1Sigma+
      28.0   14      33990.655579   1    13   0     0.0     0.0     0.0   +    ||X1Sigma+
      28.0   15      34997.989541   1    14   0     0.0     0.0     0.0   +    ||X1Sigma+
      28.0   16      35859.406965   1    15   0     0.0     0.0     0.0   +    ||X1Sigma+
      28.0   17      36824.856011   1    16   0     0.0     0.0     0.0   +    ||X1Sigma+
      28.0   18      37948.541020   1    17   0     0.0     0.0     0.0   +    ||X1Sigma+
      28.0   19      39198.334479   1    18   0     0.0     0.0     0.0   +    ||X1Sigma+
      28.0   20      40555.573882   1    19   0     0.0     0.0     0.0   +    ||X1Sigma+
      28.0   21      42009.266357   1    20   0     0.0     0.0     0.0   +    ||X1Sigma+
      28.0   22      43551.772246   1    21   0     0.0     0.0     0.0   +    ||X1Sigma+
      28.0   23      45177.523449   1    22   0     0.0     0.0     0.0   +    ||X1Sigma+
      28.0   24      46882.213340   1    23   0     0.0     0.0     0.0   +    ||X1Sigma+
      28.0   25      48662.339442   1    24   0     0.0     0.0     0.0   +    ||X1Sigma+
      28.0   26      50515.034929   1    25   0     0.0     0.0     0.0   +    ||X1Sigma+
      28.0   27      52437.864478   1    26   0     0.0     0.0     0.0   +    ||X1Sigma+
      28.0   28      54428.740704   1    27   0     0.0     0.0     0.0   +    ||X1Sigma+
      28.0   29      56485.860233   1    28   0     0.0     0.0     0.0   +    ||X1Sigma+
      28.0   30      58607.671870   1    29   0     0.0     0.0     0.0   +    ||X1Sigma+
      28.0   31      60792.831696   1    30   0     0.0     0.0     0.0   +    ||X1Sigma+
      28.0   32      63040.205011   1    31   0     0.0     0.0     0.0   +    ||X1Sigma+
      28.0   33      65348.831572   1    32   0     0.0     0.0     0.0   +    ||X1Sigma+
      28.0   34      67717.966531   1    33   0     0.0     0.0     0.0   +    ||X1Sigma+
      28.0   35      70147.062883   1    34   0     0.0     0.0     0.0   +    ||X1Sigma+
      28.0   36      72635.816791   1    35   0     0.0     0.0     0.0   +    ||X1Sigma+
      28.0   37      75184.176329   1    36   0     0.0     0.0     0.0   +    ||X1Sigma+
      28.0   38      77792.380201   1    37   0     0.0     0.0     0.0   +    ||X1Sigma+
      28.0   39      80460.948340   1    38   0     0.0     0.0     0.0   +    ||X1Sigma+
      28.0   40      83190.630255   1    39   0     0.0     0.0     0.0   +    ||X1Sigma+
      28.0   41      85982.377718   1    40   0     0.0     0.0     0.0   +    ||X1Sigma+
      28.0   42      88837.305144   1    41   0     0.0     0.0     0.0   +    ||X1Sigma+
      28.0   43      91756.585372   1    42   0     0.0     0.0     0.0   +    ||X1Sigma+
      28.0   44      94741.440542   1    43   0     0.0     0.0     0.0   +    ||X1Sigma+
      28.0   45      97792.945549   1    44   0     0.0     0.0     0.0   +    ||X1Sigma+
      28.0   46     100912.253580   1    45   0     0.0     0.0     0.0   +    ||X1Sigma+
      28.0   47     104100.040092   1    46   0     0.0     0.0     0.0   +    ||X1Sigma+
      28.0   48     107358.378192   1    47   0     0.0     0.0     0.0   +    ||X1Sigma+
      28.0   49     110841.187547   1    48   0     0.0     0.0     0.0   +    ||X1Sigma+
      28.0   50     117794.423882   1    49   0     0.0     0.0     0.0   +    ||X1Sigma+

Zero point energy (ZPE) =    1483.369516983481

j =      29.0

Define the quanta book-keeping
The total number sigma/lambda states (size of the sigma-lambda submatrix) = 1

Sigma-Lambda basis set:
     i     jrot  state   spin    sigma lambda   omega
     1     29.0    1      0.0      0.0    0      0.0   X1Sigma+
...done!

Contracted basis set:
     i     jrot ilevel ivib state v     spin    sigma lambda   omega   Name
     1     29.0    1    1    1    0      0.0      0.0    0      0.0   X1Sigma+
     2     29.0    1    2    1    1      0.0      0.0    0      0.0   X1Sigma+
     3     29.0    1    3    1    2      0.0      0.0    0      0.0   X1Sigma+
     4     29.0    1    4    1    3      0.0      0.0    0      0.0   X1Sigma+
     5     29.0    1    5    1    4      0.0      0.0    0      0.0   X1Sigma+
     6     29.0    1    6    1    5      0.0      0.0    0      0.0   X1Sigma+
     7     29.0    1    7    1    6      0.0      0.0    0      0.0   X1Sigma+
     8     29.0    1    8    1    7      0.0      0.0    0      0.0   X1Sigma+
     9     29.0    1    9    1    8      0.0      0.0    0      0.0   X1Sigma+
    10     29.0    1   10    1    9      0.0      0.0    0      0.0   X1Sigma+
    11     29.0    1   11    1   10      0.0      0.0    0      0.0   X1Sigma+
    12     29.0    1   12    1   11      0.0      0.0    0      0.0   X1Sigma+
    13     29.0    1   13    1   12      0.0      0.0    0      0.0   X1Sigma+
    14     29.0    1   14    1   13      0.0      0.0    0      0.0   X1Sigma+
    15     29.0    1   15    1   14      0.0      0.0    0      0.0   X1Sigma+
    16     29.0    1   16    1   15      0.0      0.0    0      0.0   X1Sigma+
    17     29.0    1   17    1   16      0.0      0.0    0      0.0   X1Sigma+
    18     29.0    1   18    1   17      0.0      0.0    0      0.0   X1Sigma+
    19     29.0    1   19    1   18      0.0      0.0    0      0.0   X1Sigma+
    20     29.0    1   20    1   19      0.0      0.0    0      0.0   X1Sigma+
    21     29.0    1   21    1   20      0.0      0.0    0      0.0   X1Sigma+
    22     29.0    1   22    1   21      0.0      0.0    0      0.0   X1Sigma+
    23     29.0    1   23    1   22      0.0      0.0    0      0.0   X1Sigma+
    24     29.0    1   24    1   23      0.0      0.0    0      0.0   X1Sigma+
    25     29.0    1   25    1   24      0.0      0.0    0      0.0   X1Sigma+
    26     29.0    1   26    1   25      0.0      0.0    0      0.0   X1Sigma+
    27     29.0    1   27    1   26      0.0      0.0    0      0.0   X1Sigma+
    28     29.0    1   28    1   27      0.0      0.0    0      0.0   X1Sigma+
    29     29.0    1   29    1   28      0.0      0.0    0      0.0   X1Sigma+
    30     29.0    1   30    1   29      0.0      0.0    0      0.0   X1Sigma+
    31     29.0    1   31    1   30      0.0      0.0    0      0.0   X1Sigma+
    32     29.0    1   32    1   31      0.0      0.0    0      0.0   X1Sigma+
    33     29.0    1   33    1   32      0.0      0.0    0      0.0   X1Sigma+
    34     29.0    1   34    1   33      0.0      0.0    0      0.0   X1Sigma+
    35     29.0    1   35    1   34      0.0      0.0    0      0.0   X1Sigma+
    36     29.0    1   36    1   35      0.0      0.0    0      0.0   X1Sigma+
    37     29.0    1   37    1   36      0.0      0.0    0      0.0   X1Sigma+
    38     29.0    1   38    1   37      0.0      0.0    0      0.0   X1Sigma+
    39     29.0    1   39    1   38      0.0      0.0    0      0.0   X1Sigma+
    40     29.0    1   40    1   39      0.0      0.0    0      0.0   X1Sigma+
    41     29.0    1   41    1   40      0.0      0.0    0      0.0   X1Sigma+
    42     29.0    1   42    1   41      0.0      0.0    0      0.0   X1Sigma+
    43     29.0    1   43    1   42      0.0      0.0    0      0.0   X1Sigma+
    44     29.0    1   44    1   43      0.0      0.0    0      0.0   X1Sigma+
    45     29.0    1   45    1   44      0.0      0.0    0      0.0   X1Sigma+
    46     29.0    1   46    1   45      0.0      0.0    0      0.0   X1Sigma+
    47     29.0    1   47    1   46      0.0      0.0    0      0.0   X1Sigma+
    48     29.0    1   48    1   47      0.0      0.0    0      0.0   X1Sigma+
    49     29.0    1   49    1   48      0.0      0.0    0      0.0   X1Sigma+
    50     29.0    1   50    1   49      0.0      0.0    0      0.0   X1Sigma+


 Memory Report:
 Active Arrays                                          size (MB)
 r-field                                                    0.010                
 icontrvib                                                  0.031                
 brot                                                       0.020                
 X1Sigma+                                                   0.020                
 BROT                                                       0.022                
 <X|mu|X>                                                   0.020                
 hmat                                                       0.020                
 eigens                                                     0.592                
 Total memory   =                                           0.747 MB
 Maximal memory =                                           2.503 MB (         8000.000)

 (       26 arrays contributing less than 1% are not shown)


Construct the hamiltonian matrix
...done!

Non-zero matrix elements of the coupled Sigma-Lambda matrix:
Threshold for printing is   2.22E-16 cm^-1
RV == Rotational-vibrational
SO == Spin-Orbit interaction
SS == Spin-Spin interaction
JS == J.S interaction (aka S-uncoupling)
LS == L.J interaction (aka L-uncoupling)
LS == L.S interaction (spin-electronic)
RV=       1029.886;
 


Eigenvalues for J =     29.0

       J      i        Energy/cm  State   v  lambda spin   sigma   omega  parity
      29.0    1       8655.590094   1     0   0     0.0     0.0     0.0   -    ||X1Sigma+
      29.0    2      11283.883778   1     1   0     0.0     0.0     0.0   -    ||X1Sigma+
      29.0    3      13810.336078   1     2   0     0.0     0.0     0.0   -    ||X1Sigma+
      29.0    4      16234.531471   1     3   0     0.0     0.0     0.0   -    ||X1Sigma+
      29.0    5      18555.685508   1     4   0     0.0     0.0     0.0   -    ||X1Sigma+
      29.0    6      20772.836970   1     5   0     0.0     0.0     0.0   -    ||X1Sigma+
      29.0    7      22884.738785   1     6   0     0.0     0.0     0.0   -    ||X1Sigma+
      29.0    8      24888.594753   1     7   0     0.0     0.0     0.0   -    ||X1Sigma+
      29.0    9      26779.326296   1     8   0     0.0     0.0     0.0   -    ||X1Sigma+
      29.0   10      28551.859547   1     9   0     0.0     0.0     0.0   -    ||X1Sigma+
      29.0   11      30201.858750   1    10   0     0.0     0.0     0.0   -    ||X1Sigma+
      29.0   12      31720.921415   1    11   0     0.0     0.0     0.0   -    ||X1Sigma+
      29.0   13      33093.264627   1    12   0     0.0     0.0     0.0   -    ||X1Sigma+
      29.0   14      34286.808025   1    13   0     0.0     0.0     0.0   -    ||X1Sigma+
      29.0   15      35256.910225   1    14   0     0.0     0.0     0.0   -    ||X1Sigma+
      29.0   16      36114.261696   1    15   0     0.0     0.0     0.0   -    ||X1Sigma+
      29.0   17      37100.803048   1    16   0     0.0     0.0     0.0   -    ||X1Sigma+
      29.0   18      38241.109391   1    17   0     0.0     0.0     0.0   -    ||X1Sigma+
      29.0   19      39503.838331   1    18   0     0.0     0.0     0.0   -    ||X1Sigma+
      29.0   20      40872.005503   1    19   0     0.0     0.0     0.0   -    ||X1Sigma+
      29.0   21      42335.319193   1    20   0     0.0     0.0     0.0   -    ||X1Sigma+
      29.0   22      43886.528392   1    21   0     0.0     0.0     0.0   -    ||X1Sigma+
      29.0   23      45520.304884   1    22   0     0.0     0.0     0.0   -    ||X1Sigma+
      29.0   24      47232.506817   1    23   0     0.0     0.0     0.0   -    ||X1Sigma+
      29.0   25      49019.741046   1    24   0     0.0     0.0     0.0   -    ||X1Sigma+
      29.0   26      50879.224458   1    25   0     0.0     0.0     0.0   -    ||X1Sigma+
      29.0   27      52808.582806   1    26   0     0.0     0.0     0.0   -    ||X1Sigma+
      29.0   28      54805.767587   1    27   0     0.0     0.0     0.0   -    ||X1Sigma+
      29.0   29      56869.002371   1    28   0     0.0     0.0     0.0   -    ||X1Sigma+
      29.0   30      58996.752904   1    29   0     0.0     0.0     0.0   -    ||X1Sigma+
      29.0   31      61187.679785   1    30   0     0.0     0.0     0.0   -    ||X1Sigma+
      29.0   32      63440.646128   1    31   0     0.0     0.0     0.0   -    ||X1Sigma+
      29.0   33      65754.681141   1    32   0     0.0     0.0     0.0   -    ||X1Sigma+
      29.0   34      68129.015180   1    33   0     0.0     0.0     0.0   -    ||X1Sigma+
      29.0   35      70563.067893   1    34   0     0.0     0.0     0.0   -    ||X1Sigma+
      29.0   36      73056.486233   1    35   0     0.0     0.0     0.0   -    ||X1Sigma+
      29.0   37      75609.161666   1    36   0     0.0     0.0     0.0   -    ||X1Sigma+
      29.0   38      78221.265512   1    37   0     0.0     0.0     0.0   -    ||X1Sigma+
      29.0   39      80893.260704   1    38   0     0.0     0.0     0.0   -    ||X1Sigma+
      29.0   40      83625.853355   1    39   0     0.0     0.0     0.0   -    ||X1Sigma+
      29.0   41      86419.964046   1    40   0     0.0     0.0     0.0   -    ||X1Sigma+
      29.0   42      89276.700807   1    41   0     0.0     0.0     0.0   -    ||X1Sigma+
      29.0   43      92197.251173   1    42   0     0.0     0.0     0.0   -    ||X1Sigma+
      29.0   44      95182.881189   1    43   0     0.0     0.0     0.0   -    ||X1Sigma+
      29.0   45      98234.719711   1    44   0     0.0     0.0     0.0   -    ||X1Sigma+
      29.0   46     101354.003952   1    45   0     0.0     0.0     0.0   -    ||X1Sigma+
      29.0   47     104541.490741   1    46   0     0.0     0.0     0.0   -    ||X1Sigma+
      29.0   48     107800.357577   1    47   0     0.0     0.0     0.0   -    ||X1Sigma+
      29.0   49     111360.357032   1    48   0     0.0     0.0     0.0   -    ||X1Sigma+
      29.0   50     118733.475357   1    49   0     0.0     0.0     0.0   -    ||X1Sigma+

Zero point energy (ZPE) =    1483.369516983481

j =      30.0

Define the quanta book-keeping
The total number sigma/lambda states (size of the sigma-lambda submatrix) = 1

Sigma-Lambda basis set:
     i     jrot  state   spin    sigma lambda   omega
     1     30.0    1      0.0      0.0    0      0.0   X1Sigma+
...done!

Contracted basis set:
     i     jrot ilevel ivib state v     spin    sigma lambda   omega   Name
     1     30.0    1    1    1    0      0.0      0.0    0      0.0   X1Sigma+
     2     30.0    1    2    1    1      0.0      0.0    0      0.0   X1Sigma+
     3     30.0    1    3    1    2      0.0      0.0    0      0.0   X1Sigma+
     4     30.0    1    4    1    3      0.0      0.0    0      0.0   X1Sigma+
     5     30.0    1    5    1    4      0.0      0.0    0      0.0   X1Sigma+
     6     30.0    1    6    1    5      0.0      0.0    0      0.0   X1Sigma+
     7     30.0    1    7    1    6      0.0      0.0    0      0.0   X1Sigma+
     8     30.0    1    8    1    7      0.0      0.0    0      0.0   X1Sigma+
     9     30.0    1    9    1    8      0.0      0.0    0      0.0   X1Sigma+
    10     30.0    1   10    1    9      0.0      0.0    0      0.0   X1Sigma+
    11     30.0    1   11    1   10      0.0      0.0    0      0.0   X1Sigma+
    12     30.0    1   12    1   11      0.0      0.0    0      0.0   X1Sigma+
    13     30.0    1   13    1   12      0.0      0.0    0      0.0   X1Sigma+
    14     30.0    1   14    1   13      0.0      0.0    0      0.0   X1Sigma+
    15     30.0    1   15    1   14      0.0      0.0    0      0.0   X1Sigma+
    16     30.0    1   16    1   15      0.0      0.0    0      0.0   X1Sigma+
    17     30.0    1   17    1   16      0.0      0.0    0      0.0   X1Sigma+
    18     30.0    1   18    1   17      0.0      0.0    0      0.0   X1Sigma+
    19     30.0    1   19    1   18      0.0      0.0    0      0.0   X1Sigma+
    20     30.0    1   20    1   19      0.0      0.0    0      0.0   X1Sigma+
    21     30.0    1   21    1   20      0.0      0.0    0      0.0   X1Sigma+
    22     30.0    1   22    1   21      0.0      0.0    0      0.0   X1Sigma+
    23     30.0    1   23    1   22      0.0      0.0    0      0.0   X1Sigma+
    24     30.0    1   24    1   23      0.0      0.0    0      0.0   X1Sigma+
    25     30.0    1   25    1   24      0.0      0.0    0      0.0   X1Sigma+
    26     30.0    1   26    1   25      0.0      0.0    0      0.0   X1Sigma+
    27     30.0    1   27    1   26      0.0      0.0    0      0.0   X1Sigma+
    28     30.0    1   28    1   27      0.0      0.0    0      0.0   X1Sigma+
    29     30.0    1   29    1   28      0.0      0.0    0      0.0   X1Sigma+
    30     30.0    1   30    1   29      0.0      0.0    0      0.0   X1Sigma+
    31     30.0    1   31    1   30      0.0      0.0    0      0.0   X1Sigma+
    32     30.0    1   32    1   31      0.0      0.0    0      0.0   X1Sigma+
    33     30.0    1   33    1   32      0.0      0.0    0      0.0   X1Sigma+
    34     30.0    1   34    1   33      0.0      0.0    0      0.0   X1Sigma+
    35     30.0    1   35    1   34      0.0      0.0    0      0.0   X1Sigma+
    36     30.0    1   36    1   35      0.0      0.0    0      0.0   X1Sigma+
    37     30.0    1   37    1   36      0.0      0.0    0      0.0   X1Sigma+
    38     30.0    1   38    1   37      0.0      0.0    0      0.0   X1Sigma+
    39     30.0    1   39    1   38      0.0      0.0    0      0.0   X1Sigma+
    40     30.0    1   40    1   39      0.0      0.0    0      0.0   X1Sigma+
    41     30.0    1   41    1   40      0.0      0.0    0      0.0   X1Sigma+
    42     30.0    1   42    1   41      0.0      0.0    0      0.0   X1Sigma+
    43     30.0    1   43    1   42      0.0      0.0    0      0.0   X1Sigma+
    44     30.0    1   44    1   43      0.0      0.0    0      0.0   X1Sigma+
    45     30.0    1   45    1   44      0.0      0.0    0      0.0   X1Sigma+
    46     30.0    1   46    1   45      0.0      0.0    0      0.0   X1Sigma+
    47     30.0    1   47    1   46      0.0      0.0    0      0.0   X1Sigma+
    48     30.0    1   48    1   47      0.0      0.0    0      0.0   X1Sigma+
    49     30.0    1   49    1   48      0.0      0.0    0      0.0   X1Sigma+
    50     30.0    1   50    1   49      0.0      0.0    0      0.0   X1Sigma+


 Memory Report:
 Active Arrays                                          size (MB)
 r-field                                                    0.010                
 icontrvib                                                  0.031                
 brot                                                       0.020                
 X1Sigma+                                                   0.020                
 BROT                                                       0.022                
 <X|mu|X>                                                   0.020                
 hmat                                                       0.020                
 eigens                                                     0.612                
 Total memory   =                                           0.768 MB
 Maximal memory =                                           2.503 MB (         8000.000)

 (       26 arrays contributing less than 1% are not shown)


Construct the hamiltonian matrix
...done!

Non-zero matrix elements of the coupled Sigma-Lambda matrix:
Threshold for printing is   2.22E-16 cm^-1
RV == Rotational-vibrational
SO == Spin-Orbit interaction
SS == Spin-Spin interaction
JS == J.S interaction (aka S-uncoupling)
LS == L.J interaction (aka L-uncoupling)
LS == L.S interaction (spin-electronic)
RV=       1100.912;
 


Eigenvalues for J =     30.0

       J      i        Energy/cm  State   v  lambda spin   sigma   omega  parity
      30.0    1       9225.008780   1     0   0     0.0     0.0     0.0   +    ||X1Sigma+
      30.0    2      11835.850801   1     1   0     0.0     0.0     0.0   +    ||X1Sigma+
      30.0    3      14344.903587   1     2   0     0.0     0.0     0.0   +    ||X1Sigma+
      30.0    4      16751.731467   1     3   0     0.0     0.0     0.0   +    ||X1Sigma+
      30.0    5      19055.478269   1     4   0     0.0     0.0     0.0   +    ||X1Sigma+
      30.0    6      21255.057391   1     5   0     0.0     0.0     0.0   +    ||X1Sigma+
      30.0    7      23349.033890   1     6   0     0.0     0.0     0.0   +    ||X1Sigma+
      30.0    8      25334.305722   1     7   0     0.0     0.0     0.0   +    ||X1Sigma+
      30.0    9      27205.579003   1     8   0     0.0     0.0     0.0   +    ||X1Sigma+
      30.0   10      28957.867071   1     9   0     0.0     0.0     0.0   +    ||X1Sigma+
      30.0   11      30586.568286   1    10   0     0.0     0.0     0.0   +    ||X1Sigma+
      30.0   12      32082.392902   1    11   0     0.0     0.0     0.0   +    ||X1Sigma+
      30.0   13      33427.828212   1    12   0     0.0     0.0     0.0   +    ||X1Sigma+
      30.0   14      34586.750495   1    13   0     0.0     0.0     0.0   +    ||X1Sigma+
      30.0   15      35519.851680   1    14   0     0.0     0.0     0.0   +    ||X1Sigma+
      30.0   16      36380.120238   1    15   0     0.0     0.0     0.0   +    ||X1Sigma+
      30.0   17      37388.492274   1    16   0     0.0     0.0     0.0   +    ||X1Sigma+
      30.0   18      38545.166142   1    17   0     0.0     0.0     0.0   +    ||X1Sigma+
      30.0   19      39820.829359   1    18   0     0.0     0.0     0.0   +    ||X1Sigma+
      30.0   20      41200.012876   1    19   0     0.0     0.0     0.0   +    ||X1Sigma+
      30.0   21      42673.067305   1    20   0     0.0     0.0     0.0   +    ||X1Sigma+
      30.0   22      44233.118854   1    21   0     0.0     0.0     0.0   +    ||X1Sigma+
      30.0   23      45875.067987   1    22   0     0.0     0.0     0.0   +    ||X1Sigma+
      30.0   24      47594.931285   1    23   0     0.0     0.0     0.0   +    ||X1Sigma+
      30.0   25      49389.426348   1    24   0     0.0     0.0     0.0   +    ||X1Sigma+
      30.0   26      51255.851163   1    25   0     0.0     0.0     0.0   +    ||X1Sigma+
      30.0   27      53191.893619   1    26   0     0.0     0.0     0.0   +    ||X1Sigma+
      30.0   28      55195.545481   1    27   0     0.0     0.0     0.0   +    ||X1Sigma+
      30.0   29      57265.058283   1    28   0     0.0     0.0     0.0   +    ||X1Sigma+
      30.0   30      59398.915075   1    29   0     0.0     0.0     0.0   +    ||X1Sigma+
      30.0   31      61595.782561   1    30   0     0.0     0.0     0.0   +    ||X1Sigma+
      30.0   32      63854.521718   1    31   0     0.0     0.0     0.0   +    ||X1Sigma+
      30.0   33      66174.153927   1    32   0     0.0     0.0     0.0   +    ||X1Sigma+
      30.0   34      68553.886068   1    33   0     0.0     0.0     0.0   +    ||X1Sigma+
      30.0   35      70993.107060   1    34   0     0.0     0.0     0.0   +    ||X1Sigma+
      30.0   36      73491.416088   1    35   0     0.0     0.0     0.0   +    ||X1Sigma+
      30.0   37      76048.648693   1    36   0     0.0     0.0     0.0   +    ||X1Sigma+
      30.0   38      78664.906146   1    37   0     0.0     0.0     0.0   +    ||X1Sigma+
      30.0   39      81340.587081   1    38   0     0.0     0.0     0.0   +    ||X1Sigma+
      30.0   40      84076.347046   1    39   0     0.0     0.0     0.0   +    ||X1Sigma+
      30.0   41      86873.066621   1    40   0     0.0     0.0     0.0   +    ||X1Sigma+
      30.0   42      89731.837621   1    41   0     0.0     0.0     0.0   +    ||X1Sigma+
      30.0   43      92653.853300   1    42   0     0.0     0.0     0.0   +    ||X1Sigma+
      30.0   44      95640.417043   1    43   0     0.0     0.0     0.0   +    ||X1Sigma+
      30.0   45      98692.708469   1    44   0     0.0     0.0     0.0   +    ||X1Sigma+
      30.0   46     101812.055174   1    45   0     0.0     0.0     0.0   +    ||X1Sigma+
      30.0   47     104999.293959   1    46   0     0.0     0.0     0.0   +    ||X1Sigma+
      30.0   48     108259.877807   1    47   0     0.0     0.0     0.0   +    ||X1Sigma+
      30.0   49     111920.237346   1    48   0     0.0     0.0     0.0   +    ||X1Sigma+
      30.0   50     119726.739786   1    49   0     0.0     0.0     0.0   +    ||X1Sigma+

Zero point energy (ZPE) =    1483.369516983481

j =      31.0

Define the quanta book-keeping
The total number sigma/lambda states (size of the sigma-lambda submatrix) = 1

Sigma-Lambda basis set:
     i     jrot  state   spin    sigma lambda   omega
     1     31.0    1      0.0      0.0    0      0.0   X1Sigma+
...done!

Contracted basis set:
     i     jrot ilevel ivib state v     spin    sigma lambda   omega   Name
     1     31.0    1    1    1    0      0.0      0.0    0      0.0   X1Sigma+
     2     31.0    1    2    1    1      0.0      0.0    0      0.0   X1Sigma+
     3     31.0    1    3    1    2      0.0      0.0    0      0.0   X1Sigma+
     4     31.0    1    4    1    3      0.0      0.0    0      0.0   X1Sigma+
     5     31.0    1    5    1    4      0.0      0.0    0      0.0   X1Sigma+
     6     31.0    1    6    1    5      0.0      0.0    0      0.0   X1Sigma+
     7     31.0    1    7    1    6      0.0      0.0    0      0.0   X1Sigma+
     8     31.0    1    8    1    7      0.0      0.0    0      0.0   X1Sigma+
     9     31.0    1    9    1    8      0.0      0.0    0      0.0   X1Sigma+
    10     31.0    1   10    1    9      0.0      0.0    0      0.0   X1Sigma+
    11     31.0    1   11    1   10      0.0      0.0    0      0.0   X1Sigma+
    12     31.0    1   12    1   11      0.0      0.0    0      0.0   X1Sigma+
    13     31.0    1   13    1   12      0.0      0.0    0      0.0   X1Sigma+
    14     31.0    1   14    1   13      0.0      0.0    0      0.0   X1Sigma+
    15     31.0    1   15    1   14      0.0      0.0    0      0.0   X1Sigma+
    16     31.0    1   16    1   15      0.0      0.0    0      0.0   X1Sigma+
    17     31.0    1   17    1   16      0.0      0.0    0      0.0   X1Sigma+
    18     31.0    1   18    1   17      0.0      0.0    0      0.0   X1Sigma+
    19     31.0    1   19    1   18      0.0      0.0    0      0.0   X1Sigma+
    20     31.0    1   20    1   19      0.0      0.0    0      0.0   X1Sigma+
    21     31.0    1   21    1   20      0.0      0.0    0      0.0   X1Sigma+
    22     31.0    1   22    1   21      0.0      0.0    0      0.0   X1Sigma+
    23     31.0    1   23    1   22      0.0      0.0    0      0.0   X1Sigma+
    24     31.0    1   24    1   23      0.0      0.0    0      0.0   X1Sigma+
    25     31.0    1   25    1   24      0.0      0.0    0      0.0   X1Sigma+
    26     31.0    1   26    1   25      0.0      0.0    0      0.0   X1Sigma+
    27     31.0    1   27    1   26      0.0      0.0    0      0.0   X1Sigma+
    28     31.0    1   28    1   27      0.0      0.0    0      0.0   X1Sigma+
    29     31.0    1   29    1   28      0.0      0.0    0      0.0   X1Sigma+
    30     31.0    1   30    1   29      0.0      0.0    0      0.0   X1Sigma+
    31     31.0    1   31    1   30      0.0      0.0    0      0.0   X1Sigma+
    32     31.0    1   32    1   31      0.0      0.0    0      0.0   X1Sigma+
    33     31.0    1   33    1   32      0.0      0.0    0      0.0   X1Sigma+
    34     31.0    1   34    1   33      0.0      0.0    0      0.0   X1Sigma+
    35     31.0    1   35    1   34      0.0      0.0    0      0.0   X1Sigma+
    36     31.0    1   36    1   35      0.0      0.0    0      0.0   X1Sigma+
    37     31.0    1   37    1   36      0.0      0.0    0      0.0   X1Sigma+
    38     31.0    1   38    1   37      0.0      0.0    0      0.0   X1Sigma+
    39     31.0    1   39    1   38      0.0      0.0    0      0.0   X1Sigma+
    40     31.0    1   40    1   39      0.0      0.0    0      0.0   X1Sigma+
    41     31.0    1   41    1   40      0.0      0.0    0      0.0   X1Sigma+
    42     31.0    1   42    1   41      0.0      0.0    0      0.0   X1Sigma+
    43     31.0    1   43    1   42      0.0      0.0    0      0.0   X1Sigma+
    44     31.0    1   44    1   43      0.0      0.0    0      0.0   X1Sigma+
    45     31.0    1   45    1   44      0.0      0.0    0      0.0   X1Sigma+
    46     31.0    1   46    1   45      0.0      0.0    0      0.0   X1Sigma+
    47     31.0    1   47    1   46      0.0      0.0    0      0.0   X1Sigma+
    48     31.0    1   48    1   47      0.0      0.0    0      0.0   X1Sigma+
    49     31.0    1   49    1   48      0.0      0.0    0      0.0   X1Sigma+
    50     31.0    1   50    1   49      0.0      0.0    0      0.0   X1Sigma+


 Memory Report:
 Active Arrays                                          size (MB)
 r-field                                                    0.010                
 icontrvib                                                  0.031                
 brot                                                       0.020                
 X1Sigma+                                                   0.020                
 BROT                                                       0.022                
 <X|mu|X>                                                   0.020                
 hmat                                                       0.020                
 eigens                                                     0.632                
 Total memory   =                                           0.788 MB
 Maximal memory =                                           2.503 MB (         8000.000)

 (       26 arrays contributing less than 1% are not shown)


Construct the hamiltonian matrix
...done!

Non-zero matrix elements of the coupled Sigma-Lambda matrix:
Threshold for printing is   2.22E-16 cm^-1
RV == Rotational-vibrational
SO == Spin-Orbit interaction
SS == Spin-Spin interaction
JS == J.S interaction (aka S-uncoupling)
LS == L.J interaction (aka L-uncoupling)
LS == L.S interaction (spin-electronic)
RV=       1174.306;
 


Eigenvalues for J =     31.0

       J      i        Energy/cm  State   v  lambda spin   sigma   omega  parity
      31.0    1       9809.783789   1     0   0     0.0     0.0     0.0   -    ||X1Sigma+
      31.0    2      12402.629852   1     1   0     0.0     0.0     0.0   -    ||X1Sigma+
      31.0    3      14893.728566   1     2   0     0.0     0.0     0.0   -    ||X1Sigma+
      31.0    4      17282.619958   1     3   0     0.0     0.0     0.0   -    ||X1Sigma+
      31.0    5      19568.377164   1     4   0     0.0     0.0     0.0   -    ||X1Sigma+
      31.0    6      21749.789837   1     5   0     0.0     0.0     0.0   -    ||X1Sigma+
      31.0    7      23825.216548   1     6   0     0.0     0.0     0.0   -    ||X1Sigma+
      31.0    8      25791.219554   1     7   0     0.0     0.0     0.0   -    ||X1Sigma+
      31.0    9      27642.299892   1     8   0     0.0     0.0     0.0   -    ||X1Sigma+
      31.0   10      29373.563355   1     9   0     0.0     0.0     0.0   -    ||X1Sigma+
      31.0   11      30980.039437   1    10   0     0.0     0.0     0.0   -    ||X1Sigma+
      31.0   12      32451.437514   1    11   0     0.0     0.0     0.0   -    ||X1Sigma+
      31.0   13      33768.160174   1    12   0     0.0     0.0     0.0   -    ||X1Sigma+
      31.0   14      34889.542077   1    13   0     0.0     0.0     0.0   -    ||X1Sigma+
      31.0   15      35787.521453   1    14   0     0.0     0.0     0.0   -    ||X1Sigma+
      31.0   16      36657.639517   1    15   0     0.0     0.0     0.0   -    ||X1Sigma+
      31.0   17      37687.970874   1    16   0     0.0     0.0     0.0   -    ||X1Sigma+
      31.0   18      38860.758005   1    17   0     0.0     0.0     0.0   -    ||X1Sigma+
      31.0   19      40149.347121   1    18   0     0.0     0.0     0.0   -    ||X1Sigma+
      31.0   20      41539.623827   1    19   0     0.0     0.0     0.0   -    ||X1Sigma+
      31.0   21      43022.528230   1    20   0     0.0     0.0     0.0   -    ||X1Sigma+
      31.0   22      44591.551585   1    21   0     0.0     0.0     0.0   -    ||X1Sigma+
      31.0   23      46241.812949   1    22   0     0.0     0.0     0.0   -    ||X1Sigma+
      31.0   24      47969.479778   1    23   0     0.0     0.0     0.0   -    ||X1Sigma+
      31.0   25      49771.381820   1    24   0     0.0     0.0     0.0   -    ||X1Sigma+
      31.0   26      51644.895442   1    25   0     0.0     0.0     0.0   -    ||X1Sigma+
      31.0   27      53587.771105   1    26   0     0.0     0.0     0.0   -    ||X1Sigma+
      31.0   28      55598.042491   1    27   0     0.0     0.0     0.0   -    ||X1Sigma+
      31.0   29      57673.990294   1    28   0     0.0     0.0     0.0   -    ||X1Sigma+
      31.0   30      59814.115127   1    29   0     0.0     0.0     0.0   -    ||X1Sigma+
      31.0   31      62017.091581   1    30   0     0.0     0.0     0.0   -    ||X1Sigma+
      31.0   32      64281.778485   1    31   0     0.0     0.0     0.0   -    ||X1Sigma+
      31.0   33      66607.191835   1    32   0     0.0     0.0     0.0   -    ||X1Sigma+
      31.0   34      68992.516699   1    33   0     0.0     0.0     0.0   -    ||X1Sigma+
      31.0   35      71437.113894   1    34   0     0.0     0.0     0.0   -    ||X1Sigma+
      31.0   36      73940.537048   1    35   0     0.0     0.0     0.0   -    ||X1Sigma+
      31.0   37      76502.567150   1    36   0     0.0     0.0     0.0   -    ||X1Sigma+
      31.0   38      79123.234448   1    37   0     0.0     0.0     0.0   -    ||X1Sigma+
      31.0   39      81802.866674   1    38   0     0.0     0.0     0.0   -    ||X1Sigma+
      31.0   40      84542.061635   1    39   0     0.0     0.0     0.0   -    ||X1Sigma+
      31.0   41      87341.651264   1    40   0     0.0     0.0     0.0   -    ||X1Sigma+
      31.0   42      90202.700659   1    41   0     0.0     0.0     0.0   -    ||X1Sigma+
      31.0   43      93126.398736   1    42   0     0.0     0.0     0.0   -    ||X1Sigma+
      31.0   44      96114.077809   1    43   0     0.0     0.0     0.0   -    ||X1Sigma+
      31.0   45      99166.963383   1    44   0     0.0     0.0     0.0   -    ||X1Sigma+
      31.0   46     102286.479452   1    45   0     0.0     0.0     0.0   -    ||X1Sigma+
      31.0   47     105473.545095   1    46   0     0.0     0.0     0.0   -    ||X1Sigma+
      31.0   48     108737.999388   1    47   0     0.0     0.0     0.0   -    ||X1Sigma+
      31.0   49     112524.403977   1    48   0     0.0     0.0     0.0   -    ||X1Sigma+
      31.0   50     120774.528681   1    49   0     0.0     0.0     0.0   -    ||X1Sigma+

Zero point energy (ZPE) =    1483.369516983481

j =      32.0

Define the quanta book-keeping
The total number sigma/lambda states (size of the sigma-lambda submatrix) = 1

Sigma-Lambda basis set:
     i     jrot  state   spin    sigma lambda   omega
     1     32.0    1      0.0      0.0    0      0.0   X1Sigma+
...done!

Contracted basis set:
     i     jrot ilevel ivib state v     spin    sigma lambda   omega   Name
     1     32.0    1    1    1    0      0.0      0.0    0      0.0   X1Sigma+
     2     32.0    1    2    1    1      0.0      0.0    0      0.0   X1Sigma+
     3     32.0    1    3    1    2      0.0      0.0    0      0.0   X1Sigma+
     4     32.0    1    4    1    3      0.0      0.0    0      0.0   X1Sigma+
     5     32.0    1    5    1    4      0.0      0.0    0      0.0   X1Sigma+
     6     32.0    1    6    1    5      0.0      0.0    0      0.0   X1Sigma+
     7     32.0    1    7    1    6      0.0      0.0    0      0.0   X1Sigma+
     8     32.0    1    8    1    7      0.0      0.0    0      0.0   X1Sigma+
     9     32.0    1    9    1    8      0.0      0.0    0      0.0   X1Sigma+
    10     32.0    1   10    1    9      0.0      0.0    0      0.0   X1Sigma+
    11     32.0    1   11    1   10      0.0      0.0    0      0.0   X1Sigma+
    12     32.0    1   12    1   11      0.0      0.0    0      0.0   X1Sigma+
    13     32.0    1   13    1   12      0.0      0.0    0      0.0   X1Sigma+
    14     32.0    1   14    1   13      0.0      0.0    0      0.0   X1Sigma+
    15     32.0    1   15    1   14      0.0      0.0    0      0.0   X1Sigma+
    16     32.0    1   16    1   15      0.0      0.0    0      0.0   X1Sigma+
    17     32.0    1   17    1   16      0.0      0.0    0      0.0   X1Sigma+
    18     32.0    1   18    1   17      0.0      0.0    0      0.0   X1Sigma+
    19     32.0    1   19    1   18      0.0      0.0    0      0.0   X1Sigma+
    20     32.0    1   20    1   19      0.0      0.0    0      0.0   X1Sigma+
    21     32.0    1   21    1   20      0.0      0.0    0      0.0   X1Sigma+
    22     32.0    1   22    1   21      0.0      0.0    0      0.0   X1Sigma+
    23     32.0    1   23    1   22      0.0      0.0    0      0.0   X1Sigma+
    24     32.0    1   24    1   23      0.0      0.0    0      0.0   X1Sigma+
    25     32.0    1   25    1   24      0.0      0.0    0      0.0   X1Sigma+
    26     32.0    1   26    1   25      0.0      0.0    0      0.0   X1Sigma+
    27     32.0    1   27    1   26      0.0      0.0    0      0.0   X1Sigma+
    28     32.0    1   28    1   27      0.0      0.0    0      0.0   X1Sigma+
    29     32.0    1   29    1   28      0.0      0.0    0      0.0   X1Sigma+
    30     32.0    1   30    1   29      0.0      0.0    0      0.0   X1Sigma+
    31     32.0    1   31    1   30      0.0      0.0    0      0.0   X1Sigma+
    32     32.0    1   32    1   31      0.0      0.0    0      0.0   X1Sigma+
    33     32.0    1   33    1   32      0.0      0.0    0      0.0   X1Sigma+
    34     32.0    1   34    1   33      0.0      0.0    0      0.0   X1Sigma+
    35     32.0    1   35    1   34      0.0      0.0    0      0.0   X1Sigma+
    36     32.0    1   36    1   35      0.0      0.0    0      0.0   X1Sigma+
    37     32.0    1   37    1   36      0.0      0.0    0      0.0   X1Sigma+
    38     32.0    1   38    1   37      0.0      0.0    0      0.0   X1Sigma+
    39     32.0    1   39    1   38      0.0      0.0    0      0.0   X1Sigma+
    40     32.0    1   40    1   39      0.0      0.0    0      0.0   X1Sigma+
    41     32.0    1   41    1   40      0.0      0.0    0      0.0   X1Sigma+
    42     32.0    1   42    1   41      0.0      0.0    0      0.0   X1Sigma+
    43     32.0    1   43    1   42      0.0      0.0    0      0.0   X1Sigma+
    44     32.0    1   44    1   43      0.0      0.0    0      0.0   X1Sigma+
    45     32.0    1   45    1   44      0.0      0.0    0      0.0   X1Sigma+
    46     32.0    1   46    1   45      0.0      0.0    0      0.0   X1Sigma+
    47     32.0    1   47    1   46      0.0      0.0    0      0.0   X1Sigma+
    48     32.0    1   48    1   47      0.0      0.0    0      0.0   X1Sigma+
    49     32.0    1   49    1   48      0.0      0.0    0      0.0   X1Sigma+
    50     32.0    1   50    1   49      0.0      0.0    0      0.0   X1Sigma+


 Memory Report:
 Active Arrays                                          size (MB)
 r-field                                                    0.010                
 icontrvib                                                  0.031                
 brot                                                       0.020                
 X1Sigma+                                                   0.020                
 BROT                                                       0.022                
 <X|mu|X>                                                   0.020                
 hmat                                                       0.020                
 eigens                                                     0.653                
 Total memory   =                                           0.809 MB
 Maximal memory =                                           2.503 MB (         8000.000)

 (       26 arrays contributing less than 1% are not shown)


Construct the hamiltonian matrix
...done!

Non-zero matrix elements of the coupled Sigma-Lambda matrix:
Threshold for printing is   2.22E-16 cm^-1
RV == Rotational-vibrational
SO == Spin-Orbit interaction
SS == Spin-Spin interaction
JS == J.S interaction (aka S-uncoupling)
LS == L.J interaction (aka L-uncoupling)
LS == L.S interaction (spin-electronic)
RV=       1250.068;
 


Eigenvalues for J =     32.0

       J      i        Energy/cm  State   v  lambda spin   sigma   omega  parity
      32.0    1      10409.578633   1     0   0     0.0     0.0     0.0   +    ||X1Sigma+
      32.0    2      12983.887074   1     1   0     0.0     0.0     0.0   +    ||X1Sigma+
      32.0    3      15456.479016   1     2   0     0.0     0.0     0.0   +    ||X1Sigma+
      32.0    4      17826.865080   1     3   0     0.0     0.0     0.0   +    ||X1Sigma+
      32.0    5      20094.047808   1     4   0     0.0     0.0     0.0   +    ||X1Sigma+
      32.0    6      22256.694241   1     5   0     0.0     0.0     0.0   +    ||X1Sigma+
      32.0    7      24312.935937   1     6   0     0.0     0.0     0.0   +    ||X1Sigma+
      32.0    8      26258.971062   1     7   0     0.0     0.0     0.0   +    ||X1Sigma+
      32.0    9      28089.112064   1     8   0     0.0     0.0     0.0   +    ||X1Sigma+
      32.0   10      29798.550958   1     9   0     0.0     0.0     0.0   +    ||X1Sigma+
      32.0   11      31381.829662   1    10   0     0.0     0.0     0.0   +    ||X1Sigma+
      32.0   12      32827.521631   1    11   0     0.0     0.0     0.0   +    ||X1Sigma+
      32.0   13      34113.494788   1    12   0     0.0     0.0     0.0   +    ||X1Sigma+
      32.0   14      35194.234850   1    13   0     0.0     0.0     0.0   +    ||X1Sigma+
      32.0   15      36061.071973   1    14   0     0.0     0.0     0.0   +    ||X1Sigma+
      32.0   16      36947.288954   1    15   0     0.0     0.0     0.0   +    ||X1Sigma+
      32.0   17      37999.270600   1    16   0     0.0     0.0     0.0   +    ||X1Sigma+
      32.0   18      39187.926880   1    17   0     0.0     0.0     0.0   +    ||X1Sigma+
      32.0   19      40489.427262   1    18   0     0.0     0.0     0.0   +    ||X1Sigma+
      32.0   20      41890.862768   1    19   0     0.0     0.0     0.0   +    ||X1Sigma+
      32.0   21      43383.716936   1    20   0     0.0     0.0     0.0   +    ||X1Sigma+
      32.0   22      44961.832251   1    21   0     0.0     0.0     0.0   +    ||X1Sigma+
      32.0   23      46620.537786   1    22   0     0.0     0.0     0.0   +    ||X1Sigma+
      32.0   24      48356.143572   1    23   0     0.0     0.0     0.0   +    ||X1Sigma+
      32.0   25      50165.592342   1    24   0     0.0     0.0     0.0   +    ||X1Sigma+
      32.0   26      52046.336356   1    25   0     0.0     0.0     0.0   +    ||X1Sigma+
      32.0   27      53996.188337   1    26   0     0.0     0.0     0.0   +    ||X1Sigma+
      32.0   28      56013.225663   1    27   0     0.0     0.0     0.0   +    ||X1Sigma+
      32.0   29      58095.759579   1    28   0     0.0     0.0     0.0   +    ||X1Sigma+
      32.0   30      60242.308516   1    29   0     0.0     0.0     0.0   +    ||X1Sigma+
      32.0   31      62451.556845   1    30   0     0.0     0.0     0.0   +    ||X1Sigma+
      32.0   32      64722.361343   1    31   0     0.0     0.0     0.0   +    ||X1Sigma+
      32.0   33      67053.734605   1    32   0     0.0     0.0     0.0   +    ||X1Sigma+
      32.0   34      69444.841914   1    33   0     0.0     0.0     0.0   +    ||X1Sigma+
      32.0   35      71895.018483   1    34   0     0.0     0.0     0.0   +    ||X1Sigma+
      32.0   36      74403.775284   1    35   0     0.0     0.0     0.0   +    ||X1Sigma+
      32.0   37      76970.840682   1    36   0     0.0     0.0     0.0   +    ||X1Sigma+
      32.0   38      79596.174677   1    37   0     0.0     0.0     0.0   +    ||X1Sigma+
      32.0   39      82280.028646   1    38   0     0.0     0.0     0.0   +    ||X1Sigma+
      32.0   40      85022.935625   1    39   0     0.0     0.0     0.0   +    ||X1Sigma+
      32.0   41      87825.670632   1    40   0     0.0     0.0     0.0   +    ||X1Sigma+
      32.0   42      90689.261162   1    41   0     0.0     0.0     0.0   +    ||X1Sigma+
      32.0   43      93614.880869   1    42   0     0.0     0.0     0.0   +    ||X1Sigma+
      32.0   44      96603.880762   1    43   0     0.0     0.0     0.0   +    ||X1Sigma+
      32.0   45      99657.525649   1    44   0     0.0     0.0     0.0   +    ||X1Sigma+
      32.0   46     102777.341241   1    45   0     0.0     0.0     0.0   +    ||X1Sigma+
      32.0   47     105964.346484   1    46   0     0.0     0.0     0.0   +    ||X1Sigma+
      32.0   48     109236.288093   1    47   0     0.0     0.0     0.0   +    ||X1Sigma+
      32.0   49     113176.172566   1    48   0     0.0     0.0     0.0   +    ||X1Sigma+
      32.0   50     121877.079405   1    49   0     0.0     0.0     0.0   +    ||X1Sigma+

Zero point energy (ZPE) =    1483.369516983481

j =      33.0

Define the quanta book-keeping
The total number sigma/lambda states (size of the sigma-lambda submatrix) = 1

Sigma-Lambda basis set:
     i     jrot  state   spin    sigma lambda   omega
     1     33.0    1      0.0      0.0    0      0.0   X1Sigma+
...done!

Contracted basis set:
     i     jrot ilevel ivib state v     spin    sigma lambda   omega   Name
     1     33.0    1    1    1    0      0.0      0.0    0      0.0   X1Sigma+
     2     33.0    1    2    1    1      0.0      0.0    0      0.0   X1Sigma+
     3     33.0    1    3    1    2      0.0      0.0    0      0.0   X1Sigma+
     4     33.0    1    4    1    3      0.0      0.0    0      0.0   X1Sigma+
     5     33.0    1    5    1    4      0.0      0.0    0      0.0   X1Sigma+
     6     33.0    1    6    1    5      0.0      0.0    0      0.0   X1Sigma+
     7     33.0    1    7    1    6      0.0      0.0    0      0.0   X1Sigma+
     8     33.0    1    8    1    7      0.0      0.0    0      0.0   X1Sigma+
     9     33.0    1    9    1    8      0.0      0.0    0      0.0   X1Sigma+
    10     33.0    1   10    1    9      0.0      0.0    0      0.0   X1Sigma+
    11     33.0    1   11    1   10      0.0      0.0    0      0.0   X1Sigma+
    12     33.0    1   12    1   11      0.0      0.0    0      0.0   X1Sigma+
    13     33.0    1   13    1   12      0.0      0.0    0      0.0   X1Sigma+
    14     33.0    1   14    1   13      0.0      0.0    0      0.0   X1Sigma+
    15     33.0    1   15    1   14      0.0      0.0    0      0.0   X1Sigma+
    16     33.0    1   16    1   15      0.0      0.0    0      0.0   X1Sigma+
    17     33.0    1   17    1   16      0.0      0.0    0      0.0   X1Sigma+
    18     33.0    1   18    1   17      0.0      0.0    0      0.0   X1Sigma+
    19     33.0    1   19    1   18      0.0      0.0    0      0.0   X1Sigma+
    20     33.0    1   20    1   19      0.0      0.0    0      0.0   X1Sigma+
    21     33.0    1   21    1   20      0.0      0.0    0      0.0   X1Sigma+
    22     33.0    1   22    1   21      0.0      0.0    0      0.0   X1Sigma+
    23     33.0    1   23    1   22      0.0      0.0    0      0.0   X1Sigma+
    24     33.0    1   24    1   23      0.0      0.0    0      0.0   X1Sigma+
    25     33.0    1   25    1   24      0.0      0.0    0      0.0   X1Sigma+
    26     33.0    1   26    1   25      0.0      0.0    0      0.0   X1Sigma+
    27     33.0    1   27    1   26      0.0      0.0    0      0.0   X1Sigma+
    28     33.0    1   28    1   27      0.0      0.0    0      0.0   X1Sigma+
    29     33.0    1   29    1   28      0.0      0.0    0      0.0   X1Sigma+
    30     33.0    1   30    1   29      0.0      0.0    0      0.0   X1Sigma+
    31     33.0    1   31    1   30      0.0      0.0    0      0.0   X1Sigma+
    32     33.0    1   32    1   31      0.0      0.0    0      0.0   X1Sigma+
    33     33.0    1   33    1   32      0.0      0.0    0      0.0   X1Sigma+
    34     33.0    1   34    1   33      0.0      0.0    0      0.0   X1Sigma+
    35     33.0    1   35    1   34      0.0      0.0    0      0.0   X1Sigma+
    36     33.0    1   36    1   35      0.0      0.0    0      0.0   X1Sigma+
    37     33.0    1   37    1   36      0.0      0.0    0      0.0   X1Sigma+
    38     33.0    1   38    1   37      0.0      0.0    0      0.0   X1Sigma+
    39     33.0    1   39    1   38      0.0      0.0    0      0.0   X1Sigma+
    40     33.0    1   40    1   39      0.0      0.0    0      0.0   X1Sigma+
    41     33.0    1   41    1   40      0.0      0.0    0      0.0   X1Sigma+
    42     33.0    1   42    1   41      0.0      0.0    0      0.0   X1Sigma+
    43     33.0    1   43    1   42      0.0      0.0    0      0.0   X1Sigma+
    44     33.0    1   44    1   43      0.0      0.0    0      0.0   X1Sigma+
    45     33.0    1   45    1   44      0.0      0.0    0      0.0   X1Sigma+
    46     33.0    1   46    1   45      0.0      0.0    0      0.0   X1Sigma+
    47     33.0    1   47    1   46      0.0      0.0    0      0.0   X1Sigma+
    48     33.0    1   48    1   47      0.0      0.0    0      0.0   X1Sigma+
    49     33.0    1   49    1   48      0.0      0.0    0      0.0   X1Sigma+
    50     33.0    1   50    1   49      0.0      0.0    0      0.0   X1Sigma+


 Memory Report:
 Active Arrays                                          size (MB)
 r-field                                                    0.010                
 icontrvib                                                  0.031                
 brot                                                       0.020                
 X1Sigma+                                                   0.020                
 BROT                                                       0.022                
 <X|mu|X>                                                   0.020                
 hmat                                                       0.020                
 eigens                                                     0.673                
 Total memory   =                                           0.829 MB
 Maximal memory =                                           2.503 MB (         8000.000)

 (       26 arrays contributing less than 1% are not shown)


Construct the hamiltonian matrix
...done!

Non-zero matrix elements of the coupled Sigma-Lambda matrix:
Threshold for printing is   2.22E-16 cm^-1
RV == Rotational-vibrational
SO == Spin-Orbit interaction
SS == Spin-Spin interaction
JS == J.S interaction (aka S-uncoupling)
LS == L.J interaction (aka L-uncoupling)
LS == L.S interaction (spin-electronic)
RV=       1328.197;
 


Eigenvalues for J =     33.0

       J      i        Energy/cm  State   v  lambda spin   sigma   omega  parity
      33.0    1      11024.048895   1     0   0     0.0     0.0     0.0   -    ||X1Sigma+
      33.0    2      13579.280533   1     1   0     0.0     0.0     0.0   -    ||X1Sigma+
      33.0    3      16032.814695   1     2   0     0.0     0.0     0.0   -    ||X1Sigma+
      33.0    4      18384.126575   1     3   0     0.0     0.0     0.0   -    ||X1Sigma+
      33.0    5      20632.147164   1     4   0     0.0     0.0     0.0   -    ||X1Sigma+
      33.0    6      22775.420989   1     5   0     0.0     0.0     0.0   -    ||X1Sigma+
      33.0    7      24811.829796   1     6   0     0.0     0.0     0.0   -    ||X1Sigma+
      33.0    8      26737.181893   1     7   0     0.0     0.0     0.0   -    ||X1Sigma+
      33.0    9      28545.624158   1     8   0     0.0     0.0     0.0   -    ||X1Sigma+
      33.0   10      30232.413040   1     9   0     0.0     0.0     0.0   -    ||X1Sigma+
      33.0   11      31791.468940   1    10   0     0.0     0.0     0.0   -    ||X1Sigma+
      33.0   12      33210.062346   1    11   0     0.0     0.0     0.0   -    ||X1Sigma+
      33.0   13      34462.959317   1    12   0     0.0     0.0     0.0   -    ||X1Sigma+
      33.0   14      35499.984288   1    13   0     0.0     0.0     0.0   -    ||X1Sigma+
      33.0   15      36342.023856   1    14   0     0.0     0.0     0.0   -    ||X1Sigma+
      33.0   16      37249.350228   1    15   0     0.0     0.0     0.0   -    ||X1Sigma+
      33.0   17      38322.413627   1    16   0     0.0     0.0     0.0   -    ||X1Sigma+
      33.0   18      39526.709745   1    17   0     0.0     0.0     0.0   -    ||X1Sigma+
      33.0   19      40841.101335   1    18   0     0.0     0.0     0.0   -    ||X1Sigma+
      33.0   20      42253.750608   1    19   0     0.0     0.0     0.0   -    ||X1Sigma+
      33.0   21      43756.645669   1    20   0     0.0     0.0     0.0   -    ||X1Sigma+
      33.0   22      45343.964179   1    21   0     0.0     0.0     0.0   -    ||X1Sigma+
      33.0   23      47011.238219   1    22   0     0.0     0.0     0.0   -    ||X1Sigma+
      33.0   24      48754.912055   1    23   0     0.0     0.0     0.0   -    ||X1Sigma+
      33.0   25      50572.041100   1    24   0     0.0     0.0     0.0   -    ||X1Sigma+
      33.0   26      52460.151532   1    25   0     0.0     0.0     0.0   -    ||X1Sigma+
      33.0   27      54417.117238   1    26   0     0.0     0.0     0.0   -    ||X1Sigma+
      33.0   28      56441.061035   1    27   0     0.0     0.0     0.0   -    ||X1Sigma+
      33.0   29      58530.326280   1    28   0     0.0     0.0     0.0   -    ||X1Sigma+
      33.0   30      60683.449587   1    29   0     0.0     0.0     0.0   -    ||X1Sigma+
      33.0   31      62899.126998   1    30   0     0.0     0.0     0.0   -    ||X1Sigma+
      33.0   32      65176.213655   1    31   0     0.0     0.0     0.0   -    ||X1Sigma+
      33.0   33      67513.720119   1    32   0     0.0     0.0     0.0   -    ||X1Sigma+
      33.0   34      69910.794290   1    33   0     0.0     0.0     0.0   -    ||X1Sigma+
      33.0   35      72366.748010   1    34   0     0.0     0.0     0.0   -    ||X1Sigma+
      33.0   36      74881.053098   1    35   0     0.0     0.0     0.0   -    ||X1Sigma+
      33.0   37      77453.387608   1    36   0     0.0     0.0     0.0   -    ||X1Sigma+
      33.0   38      80083.643734   1    37   0     0.0     0.0     0.0   -    ||X1Sigma+
      33.0   39      82771.992648   1    38   0     0.0     0.0     0.0   -    ||X1Sigma+
      33.0   40      85518.895936   1    39   0     0.0     0.0     0.0   -    ||X1Sigma+
      33.0   41      88325.064019   1    40   0     0.0     0.0     0.0   -    ||X1Sigma+
      33.0   42      91191.475838   1    41   0     0.0     0.0     0.0   -    ||X1Sigma+
      33.0   43      94119.278276   1    42   0     0.0     0.0     0.0   -    ||X1Sigma+
      33.0   44      97109.829141   1    43   0     0.0     0.0     0.0   -    ||X1Sigma+
      33.0   45     100164.424327   1    44   0     0.0     0.0     0.0   -    ||X1Sigma+
      33.0   46     103284.695558   1    45   0     0.0     0.0     0.0   -    ||X1Sigma+
      33.0   47     106471.816827   1    46   0     0.0     0.0     0.0   -    ||X1Sigma+
      33.0   48     109756.898687   1    47   0     0.0     0.0     0.0   -    ||X1Sigma+
      33.0   49     113878.487839   1    48   0     0.0     0.0     0.0   -    ||X1Sigma+
      33.0   50     123034.568782   1    49   0     0.0     0.0     0.0   -    ||X1Sigma+

Zero point energy (ZPE) =    1483.369516983481

j =      34.0

Define the quanta book-keeping
The total number sigma/lambda states (size of the sigma-lambda submatrix) = 1

Sigma-Lambda basis set:
     i     jrot  state   spin    sigma lambda   omega
     1     34.0    1      0.0      0.0    0      0.0   X1Sigma+
...done!

Contracted basis set:
     i     jrot ilevel ivib state v     spin    sigma lambda   omega   Name
     1     34.0    1    1    1    0      0.0      0.0    0      0.0   X1Sigma+
     2     34.0    1    2    1    1      0.0      0.0    0      0.0   X1Sigma+
     3     34.0    1    3    1    2      0.0      0.0    0      0.0   X1Sigma+
     4     34.0    1    4    1    3      0.0      0.0    0      0.0   X1Sigma+
     5     34.0    1    5    1    4      0.0      0.0    0      0.0   X1Sigma+
     6     34.0    1    6    1    5      0.0      0.0    0      0.0   X1Sigma+
     7     34.0    1    7    1    6      0.0      0.0    0      0.0   X1Sigma+
     8     34.0    1    8    1    7      0.0      0.0    0      0.0   X1Sigma+
     9     34.0    1    9    1    8      0.0      0.0    0      0.0   X1Sigma+
    10     34.0    1   10    1    9      0.0      0.0    0      0.0   X1Sigma+
    11     34.0    1   11    1   10      0.0      0.0    0      0.0   X1Sigma+
    12     34.0    1   12    1   11      0.0      0.0    0      0.0   X1Sigma+
    13     34.0    1   13    1   12      0.0      0.0    0      0.0   X1Sigma+
    14     34.0    1   14    1   13      0.0      0.0    0      0.0   X1Sigma+
    15     34.0    1   15    1   14      0.0      0.0    0      0.0   X1Sigma+
    16     34.0    1   16    1   15      0.0      0.0    0      0.0   X1Sigma+
    17     34.0    1   17    1   16      0.0      0.0    0      0.0   X1Sigma+
    18     34.0    1   18    1   17      0.0      0.0    0      0.0   X1Sigma+
    19     34.0    1   19    1   18      0.0      0.0    0      0.0   X1Sigma+
    20     34.0    1   20    1   19      0.0      0.0    0      0.0   X1Sigma+
    21     34.0    1   21    1   20      0.0      0.0    0      0.0   X1Sigma+
    22     34.0    1   22    1   21      0.0      0.0    0      0.0   X1Sigma+
    23     34.0    1   23    1   22      0.0      0.0    0      0.0   X1Sigma+
    24     34.0    1   24    1   23      0.0      0.0    0      0.0   X1Sigma+
    25     34.0    1   25    1   24      0.0      0.0    0      0.0   X1Sigma+
    26     34.0    1   26    1   25      0.0      0.0    0      0.0   X1Sigma+
    27     34.0    1   27    1   26      0.0      0.0    0      0.0   X1Sigma+
    28     34.0    1   28    1   27      0.0      0.0    0      0.0   X1Sigma+
    29     34.0    1   29    1   28      0.0      0.0    0      0.0   X1Sigma+
    30     34.0    1   30    1   29      0.0      0.0    0      0.0   X1Sigma+
    31     34.0    1   31    1   30      0.0      0.0    0      0.0   X1Sigma+
    32     34.0    1   32    1   31      0.0      0.0    0      0.0   X1Sigma+
    33     34.0    1   33    1   32      0.0      0.0    0      0.0   X1Sigma+
    34     34.0    1   34    1   33      0.0      0.0    0      0.0   X1Sigma+
    35     34.0    1   35    1   34      0.0      0.0    0      0.0   X1Sigma+
    36     34.0    1   36    1   35      0.0      0.0    0      0.0   X1Sigma+
    37     34.0    1   37    1   36      0.0      0.0    0      0.0   X1Sigma+
    38     34.0    1   38    1   37      0.0      0.0    0      0.0   X1Sigma+
    39     34.0    1   39    1   38      0.0      0.0    0      0.0   X1Sigma+
    40     34.0    1   40    1   39      0.0      0.0    0      0.0   X1Sigma+
    41     34.0    1   41    1   40      0.0      0.0    0      0.0   X1Sigma+
    42     34.0    1   42    1   41      0.0      0.0    0      0.0   X1Sigma+
    43     34.0    1   43    1   42      0.0      0.0    0      0.0   X1Sigma+
    44     34.0    1   44    1   43      0.0      0.0    0      0.0   X1Sigma+
    45     34.0    1   45    1   44      0.0      0.0    0      0.0   X1Sigma+
    46     34.0    1   46    1   45      0.0      0.0    0      0.0   X1Sigma+
    47     34.0    1   47    1   46      0.0      0.0    0      0.0   X1Sigma+
    48     34.0    1   48    1   47      0.0      0.0    0      0.0   X1Sigma+
    49     34.0    1   49    1   48      0.0      0.0    0      0.0   X1Sigma+
    50     34.0    1   50    1   49      0.0      0.0    0      0.0   X1Sigma+


 Memory Report:
 Active Arrays                                          size (MB)
 r-field                                                    0.010                
 icontrvib                                                  0.031                
 brot                                                       0.020                
 X1Sigma+                                                   0.020                
 BROT                                                       0.022                
 <X|mu|X>                                                   0.020                
 hmat                                                       0.020                
 eigens                                                     0.694                
 Total memory   =                                           0.849 MB
 Maximal memory =                                           2.503 MB (         8000.000)

 (       26 arrays contributing less than 1% are not shown)


Construct the hamiltonian matrix
...done!

Non-zero matrix elements of the coupled Sigma-Lambda matrix:
Threshold for printing is   2.22E-16 cm^-1
RV == Rotational-vibrational
SO == Spin-Orbit interaction
SS == Spin-Spin interaction
JS == J.S interaction (aka S-uncoupling)
LS == L.J interaction (aka L-uncoupling)
LS == L.S interaction (spin-electronic)
RV=       1408.694;
 


Eigenvalues for J =     34.0

       J      i        Energy/cm  State   v  lambda spin   sigma   omega  parity
      34.0    1      11652.842441   1     0   0     0.0     0.0     0.0   +    ||X1Sigma+
      34.0    2      14188.460397   1     1   0     0.0     0.0     0.0   +    ||X1Sigma+
      34.0    3      16622.387251   1     2   0     0.0     0.0     0.0   +    ||X1Sigma+
      34.0    4      18954.055873   1     3   0     0.0     0.0     0.0   +    ||X1Sigma+
      34.0    5      21182.323608   1     4   0     0.0     0.0     0.0   +    ||X1Sigma+
      34.0    6      23305.610907   1     5   0     0.0     0.0     0.0   +    ||X1Sigma+
      34.0    7      25321.524282   1     6   0     0.0     0.0     0.0   +    ||X1Sigma+
      34.0    8      27225.460401   1     7   0     0.0     0.0     0.0   +    ||X1Sigma+
      34.0    9      29011.429826   1     8   0     0.0     0.0     0.0   +    ||X1Sigma+
      34.0   10      30674.711702   1     9   0     0.0     0.0     0.0   +    ||X1Sigma+
      34.0   11      32208.456330   1    10   0     0.0     0.0     0.0   +    ||X1Sigma+
      34.0   12      33598.417078   1    11   0     0.0     0.0     0.0   +    ||X1Sigma+
      34.0   13      34815.551438   1    12   0     0.0     0.0     0.0   +    ||X1Sigma+
      34.0   14      35806.231326   1    13   0     0.0     0.0     0.0   +    ||X1Sigma+
      34.0   15      36632.093175   1    14   0     0.0     0.0     0.0   +    ||X1Sigma+
      34.0   16      37563.950468   1    15   0     0.0     0.0     0.0   +    ||X1Sigma+
      34.0   17      38657.415965   1    16   0     0.0     0.0     0.0   +    ||X1Sigma+
      34.0   18      39877.138454   1    17   0     0.0     0.0     0.0   +    ||X1Sigma+
      34.0   19      41204.396550   1    18   0     0.0     0.0     0.0   +    ||X1Sigma+
      34.0   20      42628.304673   1    19   0     0.0     0.0     0.0   +    ||X1Sigma+
      34.0   21      44141.323782   1    20   0     0.0     0.0     0.0   +    ||X1Sigma+
      34.0   22      45737.948315   1    21   0     0.0     0.0     0.0   +    ||X1Sigma+
      34.0   23      47413.907594   1    22   0     0.0     0.0     0.0   +    ||X1Sigma+
      34.0   24      49165.772602   1    23   0     0.0     0.0     0.0   +    ||X1Sigma+
      34.0   25      50990.709492   1    24   0     0.0     0.0     0.0   +    ||X1Sigma+
      34.0   26      52886.317046   1    25   0     0.0     0.0     0.0   +    ||X1Sigma+
      34.0   27      54850.528527   1    26   0     0.0     0.0     0.0   +    ||X1Sigma+
      34.0   28      56881.513667   1    27   0     0.0     0.0     0.0   +    ||X1Sigma+
      34.0   29      58977.649595   1    28   0     0.0     0.0     0.0   +    ||X1Sigma+
      34.0   30      61137.491727   1    29   0     0.0     0.0     0.0   +    ||X1Sigma+
      34.0   31      63359.749536   1    30   0     0.0     0.0     0.0   +    ||X1Sigma+
      34.0   32      65643.277455   1    31   0     0.0     0.0     0.0   +    ||X1Sigma+
      34.0   33      67987.084702   1    32   0     0.0     0.0     0.0   +    ||X1Sigma+
      34.0   34      70390.304506   1    33   0     0.0     0.0     0.0   +    ||X1Sigma+
      34.0   35      72852.227264   1    34   0     0.0     0.0     0.0   +    ||X1Sigma+
      34.0   36      75372.289571   1    35   0     0.0     0.0     0.0   +    ||X1Sigma+
      34.0   37      77950.121752   1    36   0     0.0     0.0     0.0   +    ||X1Sigma+
      34.0   38      80585.552040   1    37   0     0.0     0.0     0.0   +    ||X1Sigma+
      34.0   39      83278.669567   1    38   0     0.0     0.0     0.0   +    ||X1Sigma+
      34.0   40      86029.858414   1    39   0     0.0     0.0     0.0   +    ||X1Sigma+
      34.0   41      88839.757460   1    40   0     0.0     0.0     0.0   +    ||X1Sigma+
      34.0   42      91709.286456   1    41   0     0.0     0.0     0.0   +    ||X1Sigma+
      34.0   43      94639.553747   1    42   0     0.0     0.0     0.0   +    ||X1Sigma+
      34.0   44      97631.910675   1    43   0     0.0     0.0     0.0   +    ||X1Sigma+
      34.0   45     100687.674578   1    44   0     0.0     0.0     0.0   +    ||X1Sigma+
      34.0   46     103808.586609   1    45   0     0.0     0.0     0.0   +    ||X1Sigma+
      34.0   47     106996.112393   1    46   0     0.0     0.0     0.0   +    ||X1Sigma+
      34.0   48     110302.607160   1    47   0     0.0     0.0     0.0   +    ||X1Sigma+
      34.0   49     114633.852970   1    48   0     0.0     0.0     0.0   +    ||X1Sigma+
      34.0   50     124247.124180   1    49   0     0.0     0.0     0.0   +    ||X1Sigma+

Zero point energy (ZPE) =    1483.369516983481

j =      35.0

Define the quanta book-keeping
The total number sigma/lambda states (size of the sigma-lambda submatrix) = 1

Sigma-Lambda basis set:
     i     jrot  state   spin    sigma lambda   omega
     1     35.0    1      0.0      0.0    0      0.0   X1Sigma+
...done!

Contracted basis set:
     i     jrot ilevel ivib state v     spin    sigma lambda   omega   Name
     1     35.0    1    1    1    0      0.0      0.0    0      0.0   X1Sigma+
     2     35.0    1    2    1    1      0.0      0.0    0      0.0   X1Sigma+
     3     35.0    1    3    1    2      0.0      0.0    0      0.0   X1Sigma+
     4     35.0    1    4    1    3      0.0      0.0    0      0.0   X1Sigma+
     5     35.0    1    5    1    4      0.0      0.0    0      0.0   X1Sigma+
     6     35.0    1    6    1    5      0.0      0.0    0      0.0   X1Sigma+
     7     35.0    1    7    1    6      0.0      0.0    0      0.0   X1Sigma+
     8     35.0    1    8    1    7      0.0      0.0    0      0.0   X1Sigma+
     9     35.0    1    9    1    8      0.0      0.0    0      0.0   X1Sigma+
    10     35.0    1   10    1    9      0.0      0.0    0      0.0   X1Sigma+
    11     35.0    1   11    1   10      0.0      0.0    0      0.0   X1Sigma+
    12     35.0    1   12    1   11      0.0      0.0    0      0.0   X1Sigma+
    13     35.0    1   13    1   12      0.0      0.0    0      0.0   X1Sigma+
    14     35.0    1   14    1   13      0.0      0.0    0      0.0   X1Sigma+
    15     35.0    1   15    1   14      0.0      0.0    0      0.0   X1Sigma+
    16     35.0    1   16    1   15      0.0      0.0    0      0.0   X1Sigma+
    17     35.0    1   17    1   16      0.0      0.0    0      0.0   X1Sigma+
    18     35.0    1   18    1   17      0.0      0.0    0      0.0   X1Sigma+
    19     35.0    1   19    1   18      0.0      0.0    0      0.0   X1Sigma+
    20     35.0    1   20    1   19      0.0      0.0    0      0.0   X1Sigma+
    21     35.0    1   21    1   20      0.0      0.0    0      0.0   X1Sigma+
    22     35.0    1   22    1   21      0.0      0.0    0      0.0   X1Sigma+
    23     35.0    1   23    1   22      0.0      0.0    0      0.0   X1Sigma+
    24     35.0    1   24    1   23      0.0      0.0    0      0.0   X1Sigma+
    25     35.0    1   25    1   24      0.0      0.0    0      0.0   X1Sigma+
    26     35.0    1   26    1   25      0.0      0.0    0      0.0   X1Sigma+
    27     35.0    1   27    1   26      0.0      0.0    0      0.0   X1Sigma+
    28     35.0    1   28    1   27      0.0      0.0    0      0.0   X1Sigma+
    29     35.0    1   29    1   28      0.0      0.0    0      0.0   X1Sigma+
    30     35.0    1   30    1   29      0.0      0.0    0      0.0   X1Sigma+
    31     35.0    1   31    1   30      0.0      0.0    0      0.0   X1Sigma+
    32     35.0    1   32    1   31      0.0      0.0    0      0.0   X1Sigma+
    33     35.0    1   33    1   32      0.0      0.0    0      0.0   X1Sigma+
    34     35.0    1   34    1   33      0.0      0.0    0      0.0   X1Sigma+
    35     35.0    1   35    1   34      0.0      0.0    0      0.0   X1Sigma+
    36     35.0    1   36    1   35      0.0      0.0    0      0.0   X1Sigma+
    37     35.0    1   37    1   36      0.0      0.0    0      0.0   X1Sigma+
    38     35.0    1   38    1   37      0.0      0.0    0      0.0   X1Sigma+
    39     35.0    1   39    1   38      0.0      0.0    0      0.0   X1Sigma+
    40     35.0    1   40    1   39      0.0      0.0    0      0.0   X1Sigma+
    41     35.0    1   41    1   40      0.0      0.0    0      0.0   X1Sigma+
    42     35.0    1   42    1   41      0.0      0.0    0      0.0   X1Sigma+
    43     35.0    1   43    1   42      0.0      0.0    0      0.0   X1Sigma+
    44     35.0    1   44    1   43      0.0      0.0    0      0.0   X1Sigma+
    45     35.0    1   45    1   44      0.0      0.0    0      0.0   X1Sigma+
    46     35.0    1   46    1   45      0.0      0.0    0      0.0   X1Sigma+
    47     35.0    1   47    1   46      0.0      0.0    0      0.0   X1Sigma+
    48     35.0    1   48    1   47      0.0      0.0    0      0.0   X1Sigma+
    49     35.0    1   49    1   48      0.0      0.0    0      0.0   X1Sigma+
    50     35.0    1   50    1   49      0.0      0.0    0      0.0   X1Sigma+


 Memory Report:
 Active Arrays                                          size (MB)
 r-field                                                    0.010                
 icontrvib                                                  0.031                
 brot                                                       0.020                
 X1Sigma+                                                   0.020                
 BROT                                                       0.022                
 <X|mu|X>                                                   0.020                
 hmat                                                       0.020                
 eigens                                                     0.714                
 Total memory   =                                           0.870 MB
 Maximal memory =                                           2.503 MB (         8000.000)

 (       26 arrays contributing less than 1% are not shown)


Construct the hamiltonian matrix
...done!

Non-zero matrix elements of the coupled Sigma-Lambda matrix:
Threshold for printing is   2.22E-16 cm^-1
RV == Rotational-vibrational
SO == Spin-Orbit interaction
SS == Spin-Spin interaction
JS == J.S interaction (aka S-uncoupling)
LS == L.J interaction (aka L-uncoupling)
LS == L.S interaction (spin-electronic)
RV=       1491.559;
 


Eigenvalues for J =     35.0

       J      i        Energy/cm  State   v  lambda spin   sigma   omega  parity
      35.0    1      12295.599636   1     0   0     0.0     0.0     0.0   -    ||X1Sigma+
      35.0    2      14811.069118   1     1   0     0.0     0.0     0.0   -    ||X1Sigma+
      35.0    3      17224.840346   1     2   0     0.0     0.0     0.0   -    ||X1Sigma+
      35.0    4      19536.296154   1     3   0     0.0     0.0     0.0   -    ||X1Sigma+
      35.0    5      21744.216938   1     4   0     0.0     0.0     0.0   -    ||X1Sigma+
      35.0    6      23846.895169   1     5   0     0.0     0.0     0.0   -    ||X1Sigma+
      35.0    7      25841.633772   1     6   0     0.0     0.0     0.0   -    ||X1Sigma+
      35.0    8      27723.401520   1     7   0     0.0     0.0     0.0   -    ||X1Sigma+
      35.0    9      29486.107047   1     8   0     0.0     0.0     0.0   -    ||X1Sigma+
      35.0   10      31124.986028   1     9   0     0.0     0.0     0.0   -    ||X1Sigma+
      35.0   11      32632.255548   1    10   0     0.0     0.0     0.0   -    ||X1Sigma+
      35.0   12      33991.869750   1    11   0     0.0     0.0     0.0   -    ||X1Sigma+
      35.0   13      35170.118540   1    12   0     0.0     0.0     0.0   -    ||X1Sigma+
      35.0   14      36112.944081   1    13   0     0.0     0.0     0.0   -    ||X1Sigma+
      35.0   15      36932.948866   1    14   0     0.0     0.0     0.0   -    ||X1Sigma+
      35.0   16      37891.110791   1    15   0     0.0     0.0     0.0   -    ||X1Sigma+
      35.0   17      39004.289014   1    16   0     0.0     0.0     0.0   -    ||X1Sigma+
      35.0   18      40239.239469   1    17   0     0.0     0.0     0.0   -    ||X1Sigma+
      35.0   19      41579.335443   1    18   0     0.0     0.0     0.0   -    ||X1Sigma+
      35.0   20      43014.538630   1    19   0     0.0     0.0     0.0   -    ||X1Sigma+
      35.0   21      44537.757531   1    20   0     0.0     0.0     0.0   -    ||X1Sigma+
      35.0   22      46143.783151   1    21   0     0.0     0.0     0.0   -    ||X1Sigma+
      35.0   23      47828.536845   1    22   0     0.0     0.0     0.0   -    ||X1Sigma+
      35.0   24      49588.710449   1    23   0     0.0     0.0     0.0   -    ||X1Sigma+
      35.0   25      51421.577033   1    24   0     0.0     0.0     0.0   -    ||X1Sigma+
      35.0   26      53324.807299   1    25   0     0.0     0.0     0.0   -    ||X1Sigma+
      35.0   27      55296.391616   1    26   0     0.0     0.0     0.0   -    ||X1Sigma+
      35.0   28      57334.547622   1    27   0     0.0     0.0     0.0   -    ||X1Sigma+
      35.0   29      59437.687842   1    28   0     0.0     0.0     0.0   -    ||X1Sigma+
      35.0   30      61604.387499   1    29   0     0.0     0.0     0.0   -    ||X1Sigma+
      35.0   31      63833.371003   1    30   0     0.0     0.0     0.0   -    ||X1Sigma+
      35.0   32      66123.493658   1    31   0     0.0     0.0     0.0   -    ||X1Sigma+
      35.0   33      68473.763404   1    32   0     0.0     0.0     0.0   -    ||X1Sigma+
      35.0   34      70883.301695   1    33   0     0.0     0.0     0.0   -    ||X1Sigma+
      35.0   35      73351.379116   1    34   0     0.0     0.0     0.0   -    ||X1Sigma+
      35.0   36      75877.401200   1    35   0     0.0     0.0     0.0   -    ||X1Sigma+
      35.0   37      78460.953298   1    36   0     0.0     0.0     0.0   -    ||X1Sigma+
      35.0   38      81101.804546   1    37   0     0.0     0.0     0.0   -    ||X1Sigma+
      35.0   39      83799.962471   1    38   0     0.0     0.0     0.0   -    ||X1Sigma+
      35.0   40      86555.728585   1    39   0     0.0     0.0     0.0   -    ||X1Sigma+
      35.0   41      89369.664156   1    40   0     0.0     0.0     0.0   -    ||X1Sigma+
      35.0   42      92242.619777   1    41   0     0.0     0.0     0.0   -    ||X1Sigma+
      35.0   43      95175.653598   1    42   0     0.0     0.0     0.0   -    ||X1Sigma+
      35.0   44      98170.096313   1    43   0     0.0     0.0     0.0   -    ||X1Sigma+
      35.0   45     101227.276022   1    44   0     0.0     0.0     0.0   -    ||X1Sigma+
      35.0   46     104349.047147   1    45   0     0.0     0.0     0.0   -    ||X1Sigma+
      35.0   47     107537.468445   1    46   0     0.0     0.0     0.0   -    ||X1Sigma+
      35.0   48     110876.777418   1    47   0     0.0     0.0     0.0   -    ||X1Sigma+
      35.0   49     115444.304118   1    48   0     0.0     0.0     0.0   -    ||X1Sigma+
      35.0   50     125514.832472   1    49   0     0.0     0.0     0.0   -    ||X1Sigma+

Zero point energy (ZPE) =    1483.369516983481

j =      36.0

Define the quanta book-keeping
The total number sigma/lambda states (size of the sigma-lambda submatrix) = 1

Sigma-Lambda basis set:
     i     jrot  state   spin    sigma lambda   omega
     1     36.0    1      0.0      0.0    0      0.0   X1Sigma+
...done!

Contracted basis set:
     i     jrot ilevel ivib state v     spin    sigma lambda   omega   Name
     1     36.0    1    1    1    0      0.0      0.0    0      0.0   X1Sigma+
     2     36.0    1    2    1    1      0.0      0.0    0      0.0   X1Sigma+
     3     36.0    1    3    1    2      0.0      0.0    0      0.0   X1Sigma+
     4     36.0    1    4    1    3      0.0      0.0    0      0.0   X1Sigma+
     5     36.0    1    5    1    4      0.0      0.0    0      0.0   X1Sigma+
     6     36.0    1    6    1    5      0.0      0.0    0      0.0   X1Sigma+
     7     36.0    1    7    1    6      0.0      0.0    0      0.0   X1Sigma+
     8     36.0    1    8    1    7      0.0      0.0    0      0.0   X1Sigma+
     9     36.0    1    9    1    8      0.0      0.0    0      0.0   X1Sigma+
    10     36.0    1   10    1    9      0.0      0.0    0      0.0   X1Sigma+
    11     36.0    1   11    1   10      0.0      0.0    0      0.0   X1Sigma+
    12     36.0    1   12    1   11      0.0      0.0    0      0.0   X1Sigma+
    13     36.0    1   13    1   12      0.0      0.0    0      0.0   X1Sigma+
    14     36.0    1   14    1   13      0.0      0.0    0      0.0   X1Sigma+
    15     36.0    1   15    1   14      0.0      0.0    0      0.0   X1Sigma+
    16     36.0    1   16    1   15      0.0      0.0    0      0.0   X1Sigma+
    17     36.0    1   17    1   16      0.0      0.0    0      0.0   X1Sigma+
    18     36.0    1   18    1   17      0.0      0.0    0      0.0   X1Sigma+
    19     36.0    1   19    1   18      0.0      0.0    0      0.0   X1Sigma+
    20     36.0    1   20    1   19      0.0      0.0    0      0.0   X1Sigma+
    21     36.0    1   21    1   20      0.0      0.0    0      0.0   X1Sigma+
    22     36.0    1   22    1   21      0.0      0.0    0      0.0   X1Sigma+
    23     36.0    1   23    1   22      0.0      0.0    0      0.0   X1Sigma+
    24     36.0    1   24    1   23      0.0      0.0    0      0.0   X1Sigma+
    25     36.0    1   25    1   24      0.0      0.0    0      0.0   X1Sigma+
    26     36.0    1   26    1   25      0.0      0.0    0      0.0   X1Sigma+
    27     36.0    1   27    1   26      0.0      0.0    0      0.0   X1Sigma+
    28     36.0    1   28    1   27      0.0      0.0    0      0.0   X1Sigma+
    29     36.0    1   29    1   28      0.0      0.0    0      0.0   X1Sigma+
    30     36.0    1   30    1   29      0.0      0.0    0      0.0   X1Sigma+
    31     36.0    1   31    1   30      0.0      0.0    0      0.0   X1Sigma+
    32     36.0    1   32    1   31      0.0      0.0    0      0.0   X1Sigma+
    33     36.0    1   33    1   32      0.0      0.0    0      0.0   X1Sigma+
    34     36.0    1   34    1   33      0.0      0.0    0      0.0   X1Sigma+
    35     36.0    1   35    1   34      0.0      0.0    0      0.0   X1Sigma+
    36     36.0    1   36    1   35      0.0      0.0    0      0.0   X1Sigma+
    37     36.0    1   37    1   36      0.0      0.0    0      0.0   X1Sigma+
    38     36.0    1   38    1   37      0.0      0.0    0      0.0   X1Sigma+
    39     36.0    1   39    1   38      0.0      0.0    0      0.0   X1Sigma+
    40     36.0    1   40    1   39      0.0      0.0    0      0.0   X1Sigma+
    41     36.0    1   41    1   40      0.0      0.0    0      0.0   X1Sigma+
    42     36.0    1   42    1   41      0.0      0.0    0      0.0   X1Sigma+
    43     36.0    1   43    1   42      0.0      0.0    0      0.0   X1Sigma+
    44     36.0    1   44    1   43      0.0      0.0    0      0.0   X1Sigma+
    45     36.0    1   45    1   44      0.0      0.0    0      0.0   X1Sigma+
    46     36.0    1   46    1   45      0.0      0.0    0      0.0   X1Sigma+
    47     36.0    1   47    1   46      0.0      0.0    0      0.0   X1Sigma+
    48     36.0    1   48    1   47      0.0      0.0    0      0.0   X1Sigma+
    49     36.0    1   49    1   48      0.0      0.0    0      0.0   X1Sigma+
    50     36.0    1   50    1   49      0.0      0.0    0      0.0   X1Sigma+


 Memory Report:
 Active Arrays                                          size (MB)
 r-field                                                    0.010                
 icontrvib                                                  0.031                
 brot                                                       0.020                
 X1Sigma+                                                   0.020                
 BROT                                                       0.022                
 <X|mu|X>                                                   0.020                
 hmat                                                       0.020                
 eigens                                                     0.734                
 Total memory   =                                           0.890 MB
 Maximal memory =                                           2.503 MB (         8000.000)

 (       26 arrays contributing less than 1% are not shown)


Construct the hamiltonian matrix
...done!

Non-zero matrix elements of the coupled Sigma-Lambda matrix:
Threshold for printing is   2.22E-16 cm^-1
RV == Rotational-vibrational
SO == Spin-Orbit interaction
SS == Spin-Spin interaction
JS == J.S interaction (aka S-uncoupling)
LS == L.J interaction (aka L-uncoupling)
LS == L.S interaction (spin-electronic)
RV=       1576.790;
 


Eigenvalues for J =     36.0

       J      i        Energy/cm  State   v  lambda spin   sigma   omega  parity
      36.0    1      12951.953542   1     0   0     0.0     0.0     0.0   +    ||X1Sigma+
      36.0    2      15446.741601   1     1   0     0.0     0.0     0.0   +    ||X1Sigma+
      36.0    3      17839.809769   1     2   0     0.0     0.0     0.0   +    ||X1Sigma+
      36.0    4      20130.482387   1     3   0     0.0     0.0     0.0   +    ||X1Sigma+
      36.0    5      22317.458356   1     4   0     0.0     0.0     0.0   +    ||X1Sigma+
      36.0    6      24398.895132   1     5   0     0.0     0.0     0.0   +    ||X1Sigma+
      36.0    7      26371.760612   1     6   0     0.0     0.0     0.0   +    ||X1Sigma+
      36.0    8      28230.586625   1     7   0     0.0     0.0     0.0   +    ||X1Sigma+
      36.0    9      29969.217212   1     8   0     0.0     0.0     0.0   +    ||X1Sigma+
      36.0   10      31582.749740   1     9   0     0.0     0.0     0.0   +    ||X1Sigma+
      36.0   11      33062.289148   1    10   0     0.0     0.0     0.0   +    ||X1Sigma+
      36.0   12      34389.612155   1    11   0     0.0     0.0     0.0   +    ||X1Sigma+
      36.0   13      35525.352247   1    12   0     0.0     0.0     0.0   +    ||X1Sigma+
      36.0   14      36420.857968   1    13   0     0.0     0.0     0.0   +    ||X1Sigma+
      36.0   15      37245.967034   1    14   0     0.0     0.0     0.0   +    ||X1Sigma+
      36.0   16      38230.792577   1    15   0     0.0     0.0     0.0   +    ||X1Sigma+
      36.0   17      39363.039940   1    16   0     0.0     0.0     0.0   +    ||X1Sigma+
      36.0   18      40613.033559   1    17   0     0.0     0.0     0.0   +    ||X1Sigma+
      36.0   19      41965.935487   1    18   0     0.0     0.0     0.0   +    ||X1Sigma+
      36.0   20      43412.462364   1    19   0     0.0     0.0     0.0   +    ||X1Sigma+
      36.0   21      44945.949860   1    20   0     0.0     0.0     0.0   +    ||X1Sigma+
      36.0   22      46561.464612   1    21   0     0.0     0.0     0.0   +    ||X1Sigma+
      36.0   23      48255.114480   1    22   0     0.0     0.0     0.0   +    ||X1Sigma+
      36.0   24      50023.708572   1    23   0     0.0     0.0     0.0   +    ||X1Sigma+
      36.0   25      51864.621269   1    24   0     0.0     0.0     0.0   +    ||X1Sigma+
      36.0   26      53775.594901   1    25   0     0.0     0.0     0.0   +    ||X1Sigma+
      36.0   27      55754.674493   1    26   0     0.0     0.0     0.0   +    ||X1Sigma+
      36.0   28      57800.125918   1    27   0     0.0     0.0     0.0   +    ||X1Sigma+
      36.0   29      59910.398499   1    28   0     0.0     0.0     0.0   +    ||X1Sigma+
      36.0   30      62084.088740   1    29   0     0.0     0.0     0.0   +    ||X1Sigma+
      36.0   31      64319.937180   1    30   0     0.0     0.0     0.0   +    ||X1Sigma+
      36.0   32      66616.802266   1    31   0     0.0     0.0     0.0   +    ||X1Sigma+
      36.0   33      68973.690256   1    32   0     0.0     0.0     0.0   +    ||X1Sigma+
      36.0   34      71389.713764   1    33   0     0.0     0.0     0.0   +    ||X1Sigma+
      36.0   35      73864.124960   1    34   0     0.0     0.0     0.0   +    ||X1Sigma+
      36.0   36      76396.302493   1    35   0     0.0     0.0     0.0   +    ||X1Sigma+
      36.0   37      78985.789630   1    36   0     0.0     0.0     0.0   +    ||X1Sigma+
      36.0   38      81632.301795   1    37   0     0.0     0.0     0.0   +    ||X1Sigma+
      36.0   39      84335.767720   1    38   0     0.0     0.0     0.0   +    ||X1Sigma+
      36.0   40      87096.402672   1    39   0     0.0     0.0     0.0   +    ||X1Sigma+
      36.0   41      89914.685215   1    40   0     0.0     0.0     0.0   +    ||X1Sigma+
      36.0   42      92791.387856   1    41   0     0.0     0.0     0.0   +    ||X1Sigma+
      36.0   43      95727.507349   1    42   0     0.0     0.0     0.0   +    ||X1Sigma+
      36.0   44      98724.339260   1    43   0     0.0     0.0     0.0   +    ||X1Sigma+
      36.0   45     101783.211266   1    44   0     0.0     0.0     0.0   +    ||X1Sigma+
      36.0   46     104906.099093   1    45   0     0.0     0.0     0.0   +    ||X1Sigma+
      36.0   47     108096.269187   1    46   0     0.0     0.0     0.0   +    ||X1Sigma+
      36.0   48     111483.258306   1    47   0     0.0     0.0     0.0   +    ||X1Sigma+
      36.0   49     116311.424984   1    48   0     0.0     0.0     0.0   +    ||X1Sigma+
      36.0   50     126837.747244   1    49   0     0.0     0.0     0.0   +    ||X1Sigma+

Zero point energy (ZPE) =    1483.369516983481

j =      37.0

Define the quanta book-keeping
The total number sigma/lambda states (size of the sigma-lambda submatrix) = 1

Sigma-Lambda basis set:
     i     jrot  state   spin    sigma lambda   omega
     1     37.0    1      0.0      0.0    0      0.0   X1Sigma+
...done!

Contracted basis set:
     i     jrot ilevel ivib state v     spin    sigma lambda   omega   Name
     1     37.0    1    1    1    0      0.0      0.0    0      0.0   X1Sigma+
     2     37.0    1    2    1    1      0.0      0.0    0      0.0   X1Sigma+
     3     37.0    1    3    1    2      0.0      0.0    0      0.0   X1Sigma+
     4     37.0    1    4    1    3      0.0      0.0    0      0.0   X1Sigma+
     5     37.0    1    5    1    4      0.0      0.0    0      0.0   X1Sigma+
     6     37.0    1    6    1    5      0.0      0.0    0      0.0   X1Sigma+
     7     37.0    1    7    1    6      0.0      0.0    0      0.0   X1Sigma+
     8     37.0    1    8    1    7      0.0      0.0    0      0.0   X1Sigma+
     9     37.0    1    9    1    8      0.0      0.0    0      0.0   X1Sigma+
    10     37.0    1   10    1    9      0.0      0.0    0      0.0   X1Sigma+
    11     37.0    1   11    1   10      0.0      0.0    0      0.0   X1Sigma+
    12     37.0    1   12    1   11      0.0      0.0    0      0.0   X1Sigma+
    13     37.0    1   13    1   12      0.0      0.0    0      0.0   X1Sigma+
    14     37.0    1   14    1   13      0.0      0.0    0      0.0   X1Sigma+
    15     37.0    1   15    1   14      0.0      0.0    0      0.0   X1Sigma+
    16     37.0    1   16    1   15      0.0      0.0    0      0.0   X1Sigma+
    17     37.0    1   17    1   16      0.0      0.0    0      0.0   X1Sigma+
    18     37.0    1   18    1   17      0.0      0.0    0      0.0   X1Sigma+
    19     37.0    1   19    1   18      0.0      0.0    0      0.0   X1Sigma+
    20     37.0    1   20    1   19      0.0      0.0    0      0.0   X1Sigma+
    21     37.0    1   21    1   20      0.0      0.0    0      0.0   X1Sigma+
    22     37.0    1   22    1   21      0.0      0.0    0      0.0   X1Sigma+
    23     37.0    1   23    1   22      0.0      0.0    0      0.0   X1Sigma+
    24     37.0    1   24    1   23      0.0      0.0    0      0.0   X1Sigma+
    25     37.0    1   25    1   24      0.0      0.0    0      0.0   X1Sigma+
    26     37.0    1   26    1   25      0.0      0.0    0      0.0   X1Sigma+
    27     37.0    1   27    1   26      0.0      0.0    0      0.0   X1Sigma+
    28     37.0    1   28    1   27      0.0      0.0    0      0.0   X1Sigma+
    29     37.0    1   29    1   28      0.0      0.0    0      0.0   X1Sigma+
    30     37.0    1   30    1   29      0.0      0.0    0      0.0   X1Sigma+
    31     37.0    1   31    1   30      0.0      0.0    0      0.0   X1Sigma+
    32     37.0    1   32    1   31      0.0      0.0    0      0.0   X1Sigma+
    33     37.0    1   33    1   32      0.0      0.0    0      0.0   X1Sigma+
    34     37.0    1   34    1   33      0.0      0.0    0      0.0   X1Sigma+
    35     37.0    1   35    1   34      0.0      0.0    0      0.0   X1Sigma+
    36     37.0    1   36    1   35      0.0      0.0    0      0.0   X1Sigma+
    37     37.0    1   37    1   36      0.0      0.0    0      0.0   X1Sigma+
    38     37.0    1   38    1   37      0.0      0.0    0      0.0   X1Sigma+
    39     37.0    1   39    1   38      0.0      0.0    0      0.0   X1Sigma+
    40     37.0    1   40    1   39      0.0      0.0    0      0.0   X1Sigma+
    41     37.0    1   41    1   40      0.0      0.0    0      0.0   X1Sigma+
    42     37.0    1   42    1   41      0.0      0.0    0      0.0   X1Sigma+
    43     37.0    1   43    1   42      0.0      0.0    0      0.0   X1Sigma+
    44     37.0    1   44    1   43      0.0      0.0    0      0.0   X1Sigma+
    45     37.0    1   45    1   44      0.0      0.0    0      0.0   X1Sigma+
    46     37.0    1   46    1   45      0.0      0.0    0      0.0   X1Sigma+
    47     37.0    1   47    1   46      0.0      0.0    0      0.0   X1Sigma+
    48     37.0    1   48    1   47      0.0      0.0    0      0.0   X1Sigma+
    49     37.0    1   49    1   48      0.0      0.0    0      0.0   X1Sigma+
    50     37.0    1   50    1   49      0.0      0.0    0      0.0   X1Sigma+


 Memory Report:
 Active Arrays                                          size (MB)
 r-field                                                    0.010                
 icontrvib                                                  0.031                
 brot                                                       0.020                
 X1Sigma+                                                   0.020                
 BROT                                                       0.022                
 <X|mu|X>                                                   0.020                
 hmat                                                       0.020                
 eigens                                                     0.755                
 Total memory   =                                           0.911 MB
 Maximal memory =                                           2.503 MB (         8000.000)

 (       26 arrays contributing less than 1% are not shown)


Construct the hamiltonian matrix
...done!

Non-zero matrix elements of the coupled Sigma-Lambda matrix:
Threshold for printing is   2.22E-16 cm^-1
RV == Rotational-vibrational
SO == Spin-Orbit interaction
SS == Spin-Spin interaction
JS == J.S interaction (aka S-uncoupling)
LS == L.J interaction (aka L-uncoupling)
LS == L.S interaction (spin-electronic)
RV=       1664.390;
 


Eigenvalues for J =     37.0

       J      i        Energy/cm  State   v  lambda spin   sigma   omega  parity
      37.0    1      13621.530128   1     0   0     0.0     0.0     0.0   -    ||X1Sigma+
      37.0    2      16095.105371   1     1   0     0.0     0.0     0.0   -    ||X1Sigma+
      37.0    3      18466.923538   1     2   0     0.0     0.0     0.0   -    ||X1Sigma+
      37.0    4      20736.241353   1     3   0     0.0     0.0     0.0   -    ||X1Sigma+
      37.0    5      22901.670383   1     4   0     0.0     0.0     0.0   -    ||X1Sigma+
      37.0    6      24961.222079   1     5   0     0.0     0.0     0.0   -    ||X1Sigma+
      37.0    7      26911.494804   1     6   0     0.0     0.0     0.0   -    ||X1Sigma+
      37.0    8      28746.583349   1     7   0     0.0     0.0     0.0   -    ||X1Sigma+
      37.0    9      30460.303894   1     8   0     0.0     0.0     0.0   -    ||X1Sigma+
      37.0   10      32047.488376   1     9   0     0.0     0.0     0.0   -    ||X1Sigma+
      37.0   11      33497.930730   1    10   0     0.0     0.0     0.0   -    ||X1Sigma+
      37.0   12      34790.718664   1    11   0     0.0     0.0     0.0   -    ||X1Sigma+
      37.0   13      35879.828219   1    12   0     0.0     0.0     0.0   -    ||X1Sigma+
      37.0   14      36731.608930   1    13   0     0.0     0.0     0.0   -    ||X1Sigma+
      37.0   15      37572.069758   1    14   0     0.0     0.0     0.0   -    ||X1Sigma+
      37.0   16      38582.931314   1    15   0     0.0     0.0     0.0   -    ||X1Sigma+
      37.0   17      39733.671392   1    16   0     0.0     0.0     0.0   -    ||X1Sigma+
      37.0   18      40998.535467   1    17   0     0.0     0.0     0.0   -    ||X1Sigma+
      37.0   19      42364.208655   1    18   0     0.0     0.0     0.0   -    ||X1Sigma+
      37.0   20      43822.081790   1    19   0     0.0     0.0     0.0   -    ||X1Sigma+
      37.0   21      45365.900180   1    20   0     0.0     0.0     0.0   -    ||X1Sigma+
      37.0   22      46990.985873   1    21   0     0.0     0.0     0.0   -    ||X1Sigma+
      37.0   23      48693.626586   1    22   0     0.0     0.0     0.0   -    ||X1Sigma+
      37.0   24      50470.747595   1    23   0     0.0     0.0     0.0   -    ||X1Sigma+
      37.0   25      52319.817691   1    24   0     0.0     0.0     0.0   -    ||X1Sigma+
      37.0   26      54238.650556   1    25   0     0.0     0.0     0.0   -    ||X1Sigma+
      37.0   27      56225.343582   1    26   0     0.0     0.0     0.0   -    ||X1Sigma+
      37.0   28      58278.210434   1    27   0     0.0     0.0     0.0   -    ||X1Sigma+
      37.0   29      60395.738201   1    28   0     0.0     0.0     0.0   -    ||X1Sigma+
      37.0   30      62576.546632   1    29   0     0.0     0.0     0.0   -    ||X1Sigma+
      37.0   31      64819.393251   1    30   0     0.0     0.0     0.0   -    ||X1Sigma+
      37.0   32      67123.142548   1    31   0     0.0     0.0     0.0   -    ||X1Sigma+
      37.0   33      69486.798514   1    32   0     0.0     0.0     0.0   -    ||X1Sigma+
      37.0   34      71909.467683   1    33   0     0.0     0.0     0.0   -    ||X1Sigma+
      37.0   35      74390.385109   1    34   0     0.0     0.0     0.0   -    ||X1Sigma+
      37.0   36      76928.906504   1    35   0     0.0     0.0     0.0   -    ||X1Sigma+
      37.0   37      79524.536103   1    36   0     0.0     0.0     0.0   -    ||X1Sigma+
      37.0   38      82176.941016   1    37   0     0.0     0.0     0.0   -    ||X1Sigma+
      37.0   39      84885.976193   1    38   0     0.0     0.0     0.0   -    ||X1Sigma+
      37.0   40      87651.768803   1    39   0     0.0     0.0     0.0   -    ||X1Sigma+
      37.0   41      90474.710694   1    40   0     0.0     0.0     0.0   -    ||X1Sigma+
      37.0   42      93355.488707   1    41   0     0.0     0.0     0.0   -    ||X1Sigma+
      37.0   43      96295.027819   1    42   0     0.0     0.0     0.0   -    ||X1Sigma+
      37.0   44      99294.574377   1    43   0     0.0     0.0     0.0   -    ||X1Sigma+
      37.0   45     102355.444748   1    44   0     0.0     0.0     0.0   -    ||X1Sigma+
      37.0   46     105479.756275   1    45   0     0.0     0.0     0.0   -    ||X1Sigma+
      37.0   47     108673.150099   1    46   0     0.0     0.0     0.0   -    ||X1Sigma+
      37.0   48     112126.217489   1    47   0     0.0     0.0     0.0   -    ||X1Sigma+
      37.0   49     117236.389793   1    48   0     0.0     0.0     0.0   -    ||X1Sigma+
      37.0   50     128215.894602   1    49   0     0.0     0.0     0.0   -    ||X1Sigma+

Zero point energy (ZPE) =    1483.369516983481

j =      38.0

Define the quanta book-keeping
The total number sigma/lambda states (size of the sigma-lambda submatrix) = 1

Sigma-Lambda basis set:
     i     jrot  state   spin    sigma lambda   omega
     1     38.0    1      0.0      0.0    0      0.0   X1Sigma+
...done!

Contracted basis set:
     i     jrot ilevel ivib state v     spin    sigma lambda   omega   Name
     1     38.0    1    1    1    0      0.0      0.0    0      0.0   X1Sigma+
     2     38.0    1    2    1    1      0.0      0.0    0      0.0   X1Sigma+
     3     38.0    1    3    1    2      0.0      0.0    0      0.0   X1Sigma+
     4     38.0    1    4    1    3      0.0      0.0    0      0.0   X1Sigma+
     5     38.0    1    5    1    4      0.0      0.0    0      0.0   X1Sigma+
     6     38.0    1    6    1    5      0.0      0.0    0      0.0   X1Sigma+
     7     38.0    1    7    1    6      0.0      0.0    0      0.0   X1Sigma+
     8     38.0    1    8    1    7      0.0      0.0    0      0.0   X1Sigma+
     9     38.0    1    9    1    8      0.0      0.0    0      0.0   X1Sigma+
    10     38.0    1   10    1    9      0.0      0.0    0      0.0   X1Sigma+
    11     38.0    1   11    1   10      0.0      0.0    0      0.0   X1Sigma+
    12     38.0    1   12    1   11      0.0      0.0    0      0.0   X1Sigma+
    13     38.0    1   13    1   12      0.0      0.0    0      0.0   X1Sigma+
    14     38.0    1   14    1   13      0.0      0.0    0      0.0   X1Sigma+
    15     38.0    1   15    1   14      0.0      0.0    0      0.0   X1Sigma+
    16     38.0    1   16    1   15      0.0      0.0    0      0.0   X1Sigma+
    17     38.0    1   17    1   16      0.0      0.0    0      0.0   X1Sigma+
    18     38.0    1   18    1   17      0.0      0.0    0      0.0   X1Sigma+
    19     38.0    1   19    1   18      0.0      0.0    0      0.0   X1Sigma+
    20     38.0    1   20    1   19      0.0      0.0    0      0.0   X1Sigma+
    21     38.0    1   21    1   20      0.0      0.0    0      0.0   X1Sigma+
    22     38.0    1   22    1   21      0.0      0.0    0      0.0   X1Sigma+
    23     38.0    1   23    1   22      0.0      0.0    0      0.0   X1Sigma+
    24     38.0    1   24    1   23      0.0      0.0    0      0.0   X1Sigma+
    25     38.0    1   25    1   24      0.0      0.0    0      0.0   X1Sigma+
    26     38.0    1   26    1   25      0.0      0.0    0      0.0   X1Sigma+
    27     38.0    1   27    1   26      0.0      0.0    0      0.0   X1Sigma+
    28     38.0    1   28    1   27      0.0      0.0    0      0.0   X1Sigma+
    29     38.0    1   29    1   28      0.0      0.0    0      0.0   X1Sigma+
    30     38.0    1   30    1   29      0.0      0.0    0      0.0   X1Sigma+
    31     38.0    1   31    1   30      0.0      0.0    0      0.0   X1Sigma+
    32     38.0    1   32    1   31      0.0      0.0    0      0.0   X1Sigma+
    33     38.0    1   33    1   32      0.0      0.0    0      0.0   X1Sigma+
    34     38.0    1   34    1   33      0.0      0.0    0      0.0   X1Sigma+
    35     38.0    1   35    1   34      0.0      0.0    0      0.0   X1Sigma+
    36     38.0    1   36    1   35      0.0      0.0    0      0.0   X1Sigma+
    37     38.0    1   37    1   36      0.0      0.0    0      0.0   X1Sigma+
    38     38.0    1   38    1   37      0.0      0.0    0      0.0   X1Sigma+
    39     38.0    1   39    1   38      0.0      0.0    0      0.0   X1Sigma+
    40     38.0    1   40    1   39      0.0      0.0    0      0.0   X1Sigma+
    41     38.0    1   41    1   40      0.0      0.0    0      0.0   X1Sigma+
    42     38.0    1   42    1   41      0.0      0.0    0      0.0   X1Sigma+
    43     38.0    1   43    1   42      0.0      0.0    0      0.0   X1Sigma+
    44     38.0    1   44    1   43      0.0      0.0    0      0.0   X1Sigma+
    45     38.0    1   45    1   44      0.0      0.0    0      0.0   X1Sigma+
    46     38.0    1   46    1   45      0.0      0.0    0      0.0   X1Sigma+
    47     38.0    1   47    1   46      0.0      0.0    0      0.0   X1Sigma+
    48     38.0    1   48    1   47      0.0      0.0    0      0.0   X1Sigma+
    49     38.0    1   49    1   48      0.0      0.0    0      0.0   X1Sigma+
    50     38.0    1   50    1   49      0.0      0.0    0      0.0   X1Sigma+


 Memory Report:
 Active Arrays                                          size (MB)
 r-field                                                    0.010                
 icontrvib                                                  0.031                
 brot                                                       0.020                
 X1Sigma+                                                   0.020                
 BROT                                                       0.022                
 <X|mu|X>                                                   0.020                
 hmat                                                       0.020                
 eigens                                                     0.775                
 Total memory   =                                           0.931 MB
 Maximal memory =                                           2.503 MB (         8000.000)

 (       26 arrays contributing less than 1% are not shown)


Construct the hamiltonian matrix
...done!

Non-zero matrix elements of the coupled Sigma-Lambda matrix:
Threshold for printing is   2.22E-16 cm^-1
RV == Rotational-vibrational
SO == Spin-Orbit interaction
SS == Spin-Spin interaction
JS == J.S interaction (aka S-uncoupling)
LS == L.J interaction (aka L-uncoupling)
LS == L.S interaction (spin-electronic)
RV=       1754.357;
 


Eigenvalues for J =     38.0

       J      i        Energy/cm  State   v  lambda spin   sigma   omega  parity
      38.0    1      14303.948460   1     0   0     0.0     0.0     0.0   +    ||X1Sigma+
      38.0    2      16755.780728   1     1   0     0.0     0.0     0.0   +    ||X1Sigma+
      38.0    3      19105.801995   1     2   0     0.0     0.0     0.0   +    ||X1Sigma+
      38.0    4      21353.191637   1     3   0     0.0     0.0     0.0   +    ||X1Sigma+
      38.0    5      23496.466720   1     4   0     0.0     0.0     0.0   +    ||X1Sigma+
      38.0    6      25533.476856   1     5   0     0.0     0.0     0.0   +    ||X1Sigma+
      38.0    7      27460.413624   1     6   0     0.0     0.0     0.0   +    ||X1Sigma+
      38.0    8      29270.945306   1     7   0     0.0     0.0     0.0   +    ||X1Sigma+
      38.0    9      30958.891240   1     8   0     0.0     0.0     0.0   +    ||X1Sigma+
      38.0   10      32518.655807   1     9   0     0.0     0.0     0.0   +    ||X1Sigma+
      38.0   11      33938.494311   1    10   0     0.0     0.0     0.0   +    ||X1Sigma+
      38.0   12      35194.112088   1    11   0     0.0     0.0     0.0   +    ||X1Sigma+
      38.0   13      36232.144773   1    12   0     0.0     0.0     0.0   +    ||X1Sigma+
      38.0   14      37047.654989   1    13   0     0.0     0.0     0.0   +    ||X1Sigma+
      38.0   15      37911.704574   1    14   0     0.0     0.0     0.0   +    ||X1Sigma+
      38.0   16      38947.456044   1    15   0     0.0     0.0     0.0   +    ||X1Sigma+
      38.0   17      40116.180934   1    16   0     0.0     0.0     0.0   +    ||X1Sigma+
      38.0   18      41395.753560   1    17   0     0.0     0.0     0.0   +    ||X1Sigma+
      38.0   19      42774.160985   1    18   0     0.0     0.0     0.0   +    ||X1Sigma+
      38.0   20      44243.398562   1    19   0     0.0     0.0     0.0   +    ||X1Sigma+
      38.0   21      45797.604129   1    20   0     0.0     0.0     0.0   +    ||X1Sigma+
      38.0   22      47432.337119   1    21   0     0.0     0.0     0.0   +    ||X1Sigma+
      38.0   23      49144.056825   1    22   0     0.0     0.0     0.0   +    ||X1Sigma+
      38.0   24      50929.805713   1    23   0     0.0     0.0     0.0   +    ||X1Sigma+
      38.0   25      52787.139654   1    24   0     0.0     0.0     0.0   +    ||X1Sigma+
      38.0   26      54713.942982   1    25   0     0.0     0.0     0.0   +    ||X1Sigma+
      38.0   27      56708.363597   1    26   0     0.0     0.0     0.0   +    ||X1Sigma+
      38.0   28      58768.761771   1    27   0     0.0     0.0     0.0   +    ||X1Sigma+
      38.0   29      60893.662698   1    28   0     0.0     0.0     0.0   +    ||X1Sigma+
      38.0   30      63081.711717   1    29   0     0.0     0.0     0.0   +    ||X1Sigma+
      38.0   31      65331.683944   1    30   0     0.0     0.0     0.0   +    ||X1Sigma+
      38.0   32      67642.453217   1    31   0     0.0     0.0     0.0   +    ||X1Sigma+
      38.0   33      70013.020871   1    32   0     0.0     0.0     0.0   +    ||X1Sigma+
      38.0   34      72442.489750   1    33   0     0.0     0.0     0.0   +    ||X1Sigma+
      38.0   35      74930.079142   1    34   0     0.0     0.0     0.0   +    ||X1Sigma+
      38.0   36      77475.125318   1    35   0     0.0     0.0     0.0   +    ||X1Sigma+
      38.0   37      80077.096744   1    36   0     0.0     0.0     0.0   +    ||X1Sigma+
      38.0   38      82735.617170   1    37   0     0.0     0.0     0.0   +    ||X1Sigma+
      38.0   39      85450.474582   1    38   0     0.0     0.0     0.0   +    ||X1Sigma+
      38.0   40      88221.708384   1    39   0     0.0     0.0     0.0   +    ||X1Sigma+
      38.0   41      91049.620909   1    40   0     0.0     0.0     0.0   +    ||X1Sigma+
      38.0   42      93934.807352   1    41   0     0.0     0.0     0.0   +    ||X1Sigma+
      38.0   43      96878.111655   1    42   0     0.0     0.0     0.0   +    ||X1Sigma+
      38.0   44      99880.718040   1    43   0     0.0     0.0     0.0   +    ||X1Sigma+
      38.0   45     102943.922028   1    44   0     0.0     0.0     0.0   +    ||X1Sigma+
      38.0   46     106070.030920   1    45   0     0.0     0.0     0.0   +    ||X1Sigma+
      38.0   47     109269.126784   1    46   0     0.0     0.0     0.0   +    ||X1Sigma+
      38.0   48     112809.929474   1    47   0     0.0     0.0     0.0   +    ||X1Sigma+
      38.0   49     118220.021318   1    48   0     0.0     0.0     0.0   +    ||X1Sigma+
      38.0   50     129649.277853   1    49   0     0.0     0.0     0.0   +    ||X1Sigma+

Zero point energy (ZPE) =    1483.369516983481

j =      39.0

Define the quanta book-keeping
The total number sigma/lambda states (size of the sigma-lambda submatrix) = 1

Sigma-Lambda basis set:
     i     jrot  state   spin    sigma lambda   omega
     1     39.0    1      0.0      0.0    0      0.0   X1Sigma+
...done!

Contracted basis set:
     i     jrot ilevel ivib state v     spin    sigma lambda   omega   Name
     1     39.0    1    1    1    0      0.0      0.0    0      0.0   X1Sigma+
     2     39.0    1    2    1    1      0.0      0.0    0      0.0   X1Sigma+
     3     39.0    1    3    1    2      0.0      0.0    0      0.0   X1Sigma+
     4     39.0    1    4    1    3      0.0      0.0    0      0.0   X1Sigma+
     5     39.0    1    5    1    4      0.0      0.0    0      0.0   X1Sigma+
     6     39.0    1    6    1    5      0.0      0.0    0      0.0   X1Sigma+
     7     39.0    1    7    1    6      0.0      0.0    0      0.0   X1Sigma+
     8     39.0    1    8    1    7      0.0      0.0    0      0.0   X1Sigma+
     9     39.0    1    9    1    8      0.0      0.0    0      0.0   X1Sigma+
    10     39.0    1   10    1    9      0.0      0.0    0      0.0   X1Sigma+
    11     39.0    1   11    1   10      0.0      0.0    0      0.0   X1Sigma+
    12     39.0    1   12    1   11      0.0      0.0    0      0.0   X1Sigma+
    13     39.0    1   13    1   12      0.0      0.0    0      0.0   X1Sigma+
    14     39.0    1   14    1   13      0.0      0.0    0      0.0   X1Sigma+
    15     39.0    1   15    1   14      0.0      0.0    0      0.0   X1Sigma+
    16     39.0    1   16    1   15      0.0      0.0    0      0.0   X1Sigma+
    17     39.0    1   17    1   16      0.0      0.0    0      0.0   X1Sigma+
    18     39.0    1   18    1   17      0.0      0.0    0      0.0   X1Sigma+
    19     39.0    1   19    1   18      0.0      0.0    0      0.0   X1Sigma+
    20     39.0    1   20    1   19      0.0      0.0    0      0.0   X1Sigma+
    21     39.0    1   21    1   20      0.0      0.0    0      0.0   X1Sigma+
    22     39.0    1   22    1   21      0.0      0.0    0      0.0   X1Sigma+
    23     39.0    1   23    1   22      0.0      0.0    0      0.0   X1Sigma+
    24     39.0    1   24    1   23      0.0      0.0    0      0.0   X1Sigma+
    25     39.0    1   25    1   24      0.0      0.0    0      0.0   X1Sigma+
    26     39.0    1   26    1   25      0.0      0.0    0      0.0   X1Sigma+
    27     39.0    1   27    1   26      0.0      0.0    0      0.0   X1Sigma+
    28     39.0    1   28    1   27      0.0      0.0    0      0.0   X1Sigma+
    29     39.0    1   29    1   28      0.0      0.0    0      0.0   X1Sigma+
    30     39.0    1   30    1   29      0.0      0.0    0      0.0   X1Sigma+
    31     39.0    1   31    1   30      0.0      0.0    0      0.0   X1Sigma+
    32     39.0    1   32    1   31      0.0      0.0    0      0.0   X1Sigma+
    33     39.0    1   33    1   32      0.0      0.0    0      0.0   X1Sigma+
    34     39.0    1   34    1   33      0.0      0.0    0      0.0   X1Sigma+
    35     39.0    1   35    1   34      0.0      0.0    0      0.0   X1Sigma+
    36     39.0    1   36    1   35      0.0      0.0    0      0.0   X1Sigma+
    37     39.0    1   37    1   36      0.0      0.0    0      0.0   X1Sigma+
    38     39.0    1   38    1   37      0.0      0.0    0      0.0   X1Sigma+
    39     39.0    1   39    1   38      0.0      0.0    0      0.0   X1Sigma+
    40     39.0    1   40    1   39      0.0      0.0    0      0.0   X1Sigma+
    41     39.0    1   41    1   40      0.0      0.0    0      0.0   X1Sigma+
    42     39.0    1   42    1   41      0.0      0.0    0      0.0   X1Sigma+
    43     39.0    1   43    1   42      0.0      0.0    0      0.0   X1Sigma+
    44     39.0    1   44    1   43      0.0      0.0    0      0.0   X1Sigma+
    45     39.0    1   45    1   44      0.0      0.0    0      0.0   X1Sigma+
    46     39.0    1   46    1   45      0.0      0.0    0      0.0   X1Sigma+
    47     39.0    1   47    1   46      0.0      0.0    0      0.0   X1Sigma+
    48     39.0    1   48    1   47      0.0      0.0    0      0.0   X1Sigma+
    49     39.0    1   49    1   48      0.0      0.0    0      0.0   X1Sigma+
    50     39.0    1   50    1   49      0.0      0.0    0      0.0   X1Sigma+


 Memory Report:
 Active Arrays                                          size (MB)
 r-field                                                    0.010                
 icontrvib                                                  0.031                
 brot                                                       0.020                
 X1Sigma+                                                   0.020                
 BROT                                                       0.022                
 <X|mu|X>                                                   0.020                
 hmat                                                       0.020                
 eigens                                                     0.796                
 Total memory   =                                           0.951 MB
 Maximal memory =                                           2.503 MB (         8000.000)

 (       26 arrays contributing less than 1% are not shown)


Construct the hamiltonian matrix
...done!

Non-zero matrix elements of the coupled Sigma-Lambda matrix:
Threshold for printing is   2.22E-16 cm^-1
RV == Rotational-vibrational
SO == Spin-Orbit interaction
SS == Spin-Spin interaction
JS == J.S interaction (aka S-uncoupling)
LS == L.J interaction (aka L-uncoupling)
LS == L.S interaction (spin-electronic)
RV=       1846.691;
 


Eigenvalues for J =     39.0

       J      i        Energy/cm  State   v  lambda spin   sigma   omega  parity
      39.0    1      14998.820887   1     0   0     0.0     0.0     0.0   -    ||X1Sigma+
      39.0    2      17428.380898   1     1   0     0.0     0.0     0.0   -    ||X1Sigma+
      39.0    3      19756.057875   1     2   0     0.0     0.0     0.0   -    ||X1Sigma+
      39.0    4      21980.943604   1     3   0     0.0     0.0     0.0   -    ||X1Sigma+
      39.0    5      24101.452047   1     4   0     0.0     0.0     0.0   -    ||X1Sigma+
      39.0    6      26115.249392   1     5   0     0.0     0.0     0.0   -    ||X1Sigma+
      39.0    7      28018.081162   1     6   0     0.0     0.0     0.0   -    ||X1Sigma+
      39.0    8      29803.211670   1     7   0     0.0     0.0     0.0   -    ||X1Sigma+
      39.0    9      31464.481858   1     8   0     0.0     0.0     0.0   -    ||X1Sigma+
      39.0   10      32995.669828   1     9   0     0.0     0.0     0.0   -    ||X1Sigma+
      39.0   11      34383.219607   1    10   0     0.0     0.0     0.0   -    ||X1Sigma+
      39.0   12      35598.519318   1    11   0     0.0     0.0     0.0   -    ||X1Sigma+
      39.0   13      36581.225423   1    12   0     0.0     0.0     0.0   -    ||X1Sigma+
      39.0   14      37371.937858   1    13   0     0.0     0.0     0.0   -    ||X1Sigma+
      39.0   15      38264.947563   1    14   0     0.0     0.0     0.0   -    ||X1Sigma+
      39.0   16      39324.297578   1    15   0     0.0     0.0     0.0   -    ||X1Sigma+
      39.0   17      40510.560392   1    16   0     0.0     0.0     0.0   -    ||X1Sigma+
      39.0   18      41804.689472   1    17   0     0.0     0.0     0.0   -    ||X1Sigma+
      39.0   19      43195.792197   1    18   0     0.0     0.0     0.0   -    ||X1Sigma+
      39.0   20      44676.409675   1    19   0     0.0     0.0     0.0   -    ||X1Sigma+
      39.0   21      46241.053333   1    20   0     0.0     0.0     0.0   -    ||X1Sigma+
      39.0   22      47885.505226   1    21   0     0.0     0.0     0.0   -    ||X1Sigma+
      39.0   23      49606.386364   1    22   0     0.0     0.0     0.0   -    ||X1Sigma+
      39.0   24      51400.858644   1    23   0     0.0     0.0     0.0   -    ||X1Sigma+
      39.0   25      53266.558305   1    24   0     0.0     0.0     0.0   -    ||X1Sigma+
      39.0   26      55201.438834   1    25   0     0.0     0.0     0.0   -    ||X1Sigma+
      39.0   27      57203.697406   1    26   0     0.0     0.0     0.0   -    ||X1Sigma+
      39.0   28      59271.739099   1    27   0     0.0     0.0     0.0   -    ||X1Sigma+
      39.0   29      61404.126777   1    28   0     0.0     0.0     0.0   -    ||X1Sigma+
      39.0   30      63599.533882   1    29   0     0.0     0.0     0.0   -    ||X1Sigma+
      39.0   31      65856.753617   1    30   0     0.0     0.0     0.0   -    ||X1Sigma+
      39.0   32      68174.672585   1    31   0     0.0     0.0     0.0   -    ||X1Sigma+
      39.0   33      70552.289648   1    32   0     0.0     0.0     0.0   -    ||X1Sigma+
      39.0   34      72988.705827   1    33   0     0.0     0.0     0.0   -    ||X1Sigma+
      39.0   35      75483.126199   1    34   0     0.0     0.0     0.0   -    ||X1Sigma+
      39.0   36      78034.870458   1    35   0     0.0     0.0     0.0   -    ||X1Sigma+
      39.0   37      80643.374833   1    36   0     0.0     0.0     0.0   -    ||X1Sigma+
      39.0   38      83308.223909   1    37   0     0.0     0.0     0.0   -    ||X1Sigma+
      39.0   39      86029.146689   1    38   0     0.0     0.0     0.0   -    ||X1Sigma+
      39.0   40      88806.097578   1    39   0     0.0     0.0     0.0   -    ||X1Sigma+
      39.0   41      91639.287955   1    40   0     0.0     0.0     0.0   -    ||X1Sigma+
      39.0   42      94529.217189   1    41   0     0.0     0.0     0.0   -    ||X1Sigma+
      39.0   43      97476.640317   1    42   0     0.0     0.0     0.0   -    ||X1Sigma+
      39.0   44     100482.668517   1    43   0     0.0     0.0     0.0   -    ||X1Sigma+
      39.0   45     103548.569803   1    44   0     0.0     0.0     0.0   -    ||X1Sigma+
      39.0   46     106676.946972   1    45   0     0.0     0.0     0.0   -    ||X1Sigma+
      39.0   47     109885.731041   1    46   0     0.0     0.0     0.0   -    ||X1Sigma+
      39.0   48     113538.545065   1    47   0     0.0     0.0     0.0   -    ||X1Sigma+
      39.0   49     119262.852647   1    48   0     0.0     0.0     0.0   -    ||X1Sigma+
      39.0   50     131137.881286   1    49   0     0.0     0.0     0.0   -    ||X1Sigma+

Zero point energy (ZPE) =    1483.369516983481

j =      40.0

Define the quanta book-keeping
The total number sigma/lambda states (size of the sigma-lambda submatrix) = 1

Sigma-Lambda basis set:
     i     jrot  state   spin    sigma lambda   omega
     1     40.0    1      0.0      0.0    0      0.0   X1Sigma+
...done!

Contracted basis set:
     i     jrot ilevel ivib state v     spin    sigma lambda   omega   Name
     1     40.0    1    1    1    0      0.0      0.0    0      0.0   X1Sigma+
     2     40.0    1    2    1    1      0.0      0.0    0      0.0   X1Sigma+
     3     40.0    1    3    1    2      0.0      0.0    0      0.0   X1Sigma+
     4     40.0    1    4    1    3      0.0      0.0    0      0.0   X1Sigma+
     5     40.0    1    5    1    4      0.0      0.0    0      0.0   X1Sigma+
     6     40.0    1    6    1    5      0.0      0.0    0      0.0   X1Sigma+
     7     40.0    1    7    1    6      0.0      0.0    0      0.0   X1Sigma+
     8     40.0    1    8    1    7      0.0      0.0    0      0.0   X1Sigma+
     9     40.0    1    9    1    8      0.0      0.0    0      0.0   X1Sigma+
    10     40.0    1   10    1    9      0.0      0.0    0      0.0   X1Sigma+
    11     40.0    1   11    1   10      0.0      0.0    0      0.0   X1Sigma+
    12     40.0    1   12    1   11      0.0      0.0    0      0.0   X1Sigma+
    13     40.0    1   13    1   12      0.0      0.0    0      0.0   X1Sigma+
    14     40.0    1   14    1   13      0.0      0.0    0      0.0   X1Sigma+
    15     40.0    1   15    1   14      0.0      0.0    0      0.0   X1Sigma+
    16     40.0    1   16    1   15      0.0      0.0    0      0.0   X1Sigma+
    17     40.0    1   17    1   16      0.0      0.0    0      0.0   X1Sigma+
    18     40.0    1   18    1   17      0.0      0.0    0      0.0   X1Sigma+
    19     40.0    1   19    1   18      0.0      0.0    0      0.0   X1Sigma+
    20     40.0    1   20    1   19      0.0      0.0    0      0.0   X1Sigma+
    21     40.0    1   21    1   20      0.0      0.0    0      0.0   X1Sigma+
    22     40.0    1   22    1   21      0.0      0.0    0      0.0   X1Sigma+
    23     40.0    1   23    1   22      0.0      0.0    0      0.0   X1Sigma+
    24     40.0    1   24    1   23      0.0      0.0    0      0.0   X1Sigma+
    25     40.0    1   25    1   24      0.0      0.0    0      0.0   X1Sigma+
    26     40.0    1   26    1   25      0.0      0.0    0      0.0   X1Sigma+
    27     40.0    1   27    1   26      0.0      0.0    0      0.0   X1Sigma+
    28     40.0    1   28    1   27      0.0      0.0    0      0.0   X1Sigma+
    29     40.0    1   29    1   28      0.0      0.0    0      0.0   X1Sigma+
    30     40.0    1   30    1   29      0.0      0.0    0      0.0   X1Sigma+
    31     40.0    1   31    1   30      0.0      0.0    0      0.0   X1Sigma+
    32     40.0    1   32    1   31      0.0      0.0    0      0.0   X1Sigma+
    33     40.0    1   33    1   32      0.0      0.0    0      0.0   X1Sigma+
    34     40.0    1   34    1   33      0.0      0.0    0      0.0   X1Sigma+
    35     40.0    1   35    1   34      0.0      0.0    0      0.0   X1Sigma+
    36     40.0    1   36    1   35      0.0      0.0    0      0.0   X1Sigma+
    37     40.0    1   37    1   36      0.0      0.0    0      0.0   X1Sigma+
    38     40.0    1   38    1   37      0.0      0.0    0      0.0   X1Sigma+
    39     40.0    1   39    1   38      0.0      0.0    0      0.0   X1Sigma+
    40     40.0    1   40    1   39      0.0      0.0    0      0.0   X1Sigma+
    41     40.0    1   41    1   40      0.0      0.0    0      0.0   X1Sigma+
    42     40.0    1   42    1   41      0.0      0.0    0      0.0   X1Sigma+
    43     40.0    1   43    1   42      0.0      0.0    0      0.0   X1Sigma+
    44     40.0    1   44    1   43      0.0      0.0    0      0.0   X1Sigma+
    45     40.0    1   45    1   44      0.0      0.0    0      0.0   X1Sigma+
    46     40.0    1   46    1   45      0.0      0.0    0      0.0   X1Sigma+
    47     40.0    1   47    1   46      0.0      0.0    0      0.0   X1Sigma+
    48     40.0    1   48    1   47      0.0      0.0    0      0.0   X1Sigma+
    49     40.0    1   49    1   48      0.0      0.0    0      0.0   X1Sigma+
    50     40.0    1   50    1   49      0.0      0.0    0      0.0   X1Sigma+


 Memory Report:
 Active Arrays                                          size (MB)
 icontrvib                                                  0.031                
 brot                                                       0.020                
 X1Sigma+                                                   0.020                
 BROT                                                       0.022                
 <X|mu|X>                                                   0.020                
 hmat                                                       0.020                
 eigens                                                     0.816                
 Total memory   =                                           0.972 MB
 Maximal memory =                                           2.503 MB (         8000.000)

 (       27 arrays contributing less than 1% are not shown)


Construct the hamiltonian matrix
...done!

Non-zero matrix elements of the coupled Sigma-Lambda matrix:
Threshold for printing is   2.22E-16 cm^-1
RV == Rotational-vibrational
SO == Spin-Orbit interaction
SS == Spin-Spin interaction
JS == J.S interaction (aka S-uncoupling)
LS == L.J interaction (aka L-uncoupling)
LS == L.S interaction (spin-electronic)
RV=       1941.394;
 


Eigenvalues for J =     40.0

       J      i        Energy/cm  State   v  lambda spin   sigma   omega  parity
      40.0    1      15705.753222   1     0   0     0.0     0.0     0.0   +    ||X1Sigma+
      40.0    2      18112.512161   1     1   0     0.0     0.0     0.0   +    ||X1Sigma+
      40.0    3      20417.296375   1     2   0     0.0     0.0     0.0   +    ||X1Sigma+
      40.0    4      22619.099344   1     3   0     0.0     0.0     0.0   +    ||X1Sigma+
      40.0    5      24716.221737   1     4   0     0.0     0.0     0.0   +    ||X1Sigma+
      40.0    6      26706.118091   1     5   0     0.0     0.0     0.0   +    ||X1Sigma+
      40.0    7      28584.047779   1     6   0     0.0     0.0     0.0   +    ||X1Sigma+
      40.0    8      30342.906509   1     7   0     0.0     0.0     0.0   +    ||X1Sigma+
      40.0    9      31976.554101   1     8   0     0.0     0.0     0.0   +    ||X1Sigma+
      40.0   10      33477.906388   1     9   0     0.0     0.0     0.0   +    ||X1Sigma+
      40.0   11      34831.251310   1    10   0     0.0     0.0     0.0   +    ||X1Sigma+
      40.0   12      36002.420152   1    11   0     0.0     0.0     0.0   +    ||X1Sigma+
      40.0   13      36926.802415   1    12   0     0.0     0.0     0.0   +    ||X1Sigma+
      40.0   14      37707.334949   1    13   0     0.0     0.0     0.0   +    ||X1Sigma+
      40.0   15      38631.657021   1    14   0     0.0     0.0     0.0   +    ||X1Sigma+
      40.0   16      39713.390076   1    15   0     0.0     0.0     0.0   +    ||X1Sigma+
      40.0   17      40916.795246   1    16   0     0.0     0.0     0.0   +    ||X1Sigma+
      40.0   18      42225.337742   1    17   0     0.0     0.0     0.0   +    ||X1Sigma+
      40.0   19      43629.095380   1    18   0     0.0     0.0     0.0   +    ||X1Sigma+
      40.0   20      45121.106961   1    19   0     0.0     0.0     0.0   +    ||X1Sigma+
      40.0   21      46696.235133   1    20   0     0.0     0.0     0.0   +    ||X1Sigma+
      40.0   22      48350.473412   1    21   0     0.0     0.0     0.0   +    ||X1Sigma+
      40.0   23      50080.593739   1    22   0     0.0     0.0     0.0   +    ||X1Sigma+
      40.0   24      51883.879582   1    23   0     0.0     0.0     0.0   +    ||X1Sigma+
      40.0   25      53758.042502   1    24   0     0.0     0.0     0.0   +    ||X1Sigma+
      40.0   26      55701.102662   1    25   0     0.0     0.0     0.0   +    ||X1Sigma+
      40.0   27      57711.305918   1    26   0     0.0     0.0     0.0   +    ||X1Sigma+
      40.0   28      59787.099973   1    27   0     0.0     0.0     0.0   +    ||X1Sigma+
      40.0   29      61927.084131   1    28   0     0.0     0.0     0.0   +    ||X1Sigma+
      40.0   30      64129.962286   1    29   0     0.0     0.0     0.0   +    ||X1Sigma+
      40.0   31      66394.546300   1    30   0     0.0     0.0     0.0   +    ||X1Sigma+
      40.0   32      68719.738696   1    31   0     0.0     0.0     0.0   +    ||X1Sigma+
      40.0   33      71104.536955   1    32   0     0.0     0.0     0.0   +    ||X1Sigma+
      40.0   34      73548.041552   1    33   0     0.0     0.0     0.0   +    ||X1Sigma+
      40.0   35      76049.445230   1    34   0     0.0     0.0     0.0   +    ||X1Sigma+
      40.0   36      78608.053244   1    35   0     0.0     0.0     0.0   +    ||X1Sigma+
      40.0   37      81223.273383   1    36   0     0.0     0.0     0.0   +    ||X1Sigma+
      40.0   38      83894.654404   1    37   0     0.0     0.0     0.0   +    ||X1Sigma+
      40.0   39      86621.874667   1    38   0     0.0     0.0     0.0   +    ||X1Sigma+
      40.0   40      89404.808814   1    39   0     0.0     0.0     0.0   +    ||X1Sigma+
      40.0   41      92243.577383   1    40   0     0.0     0.0     0.0   +    ||X1Sigma+
      40.0   42      95138.581646   1    41   0     0.0     0.0     0.0   +    ||X1Sigma+
      40.0   43      98090.481501   1    42   0     0.0     0.0     0.0   +    ||X1Sigma+
      40.0   44     101100.306901   1    43   0     0.0     0.0     0.0   +    ||X1Sigma+
      40.0   45     104169.297034   1    44   0     0.0     0.0     0.0   +    ||X1Sigma+
      40.0   46     107300.565460   1    45   0     0.0     0.0     0.0   +    ||X1Sigma+
      40.0   47     110525.122603   1    46   0     0.0     0.0     0.0   +    ||X1Sigma+
      40.0   48     114315.875808   1    47   0     0.0     0.0     0.0   +    ||X1Sigma+
      40.0   49     120365.185080   1    48   0     0.0     0.0     0.0   +    ||X1Sigma+
      40.0   50     132681.673251   1    49   0     0.0     0.0     0.0   +    ||X1Sigma+

Zero point energy (ZPE) =    1483.369516983481

Zero point energy (ZPE) =        1483.369517 (global zero, used for intensities)

Read and sort eigenvalues in increasing order...
...done!

Partition funciton =          1251.4496 T =      2000.00
Skipping pre-count of transitions for speed.
Number of states for each symm =      421     401

Dipole moment integration (i)...

...done!

 Statistical weights gns =          8.0         8.0

This is a line list production only, intensity print-out is swtitched off
To see intensities in the standard output remove the keyword LINELIST from INTENSITY

J =       0.0
J =       1.0
J =       2.0
J =       3.0
J =       4.0
J =       5.0
J =       6.0
J =       7.0
J =       8.0
J =       9.0
J =      10.0
J =      11.0
J =      12.0
J =      13.0
J =      14.0
J =      15.0
J =      16.0
J =      17.0
J =      18.0
J =      19.0
J =      20.0
J =      21.0
J =      22.0
J =      23.0
J =      24.0
J =      25.0
J =      26.0
J =      27.0
J =      28.0
J =      29.0
J =      30.0
J =      31.0
J =      32.0
J =      33.0
J =      34.0
J =      35.0
J =      36.0
J =      37.0
J =      38.0
J =      39.0
J =      40.0
-----------------------------------------------------------
SUCCESS: Parallel Intensity Loop Finished Correctly.
-----------------------------------------------------------

done


 Memory Report:
 Active Arrays                                          size (MB)
 r-field                                                    0.010                
 brot                                                       0.020                
 X1Sigma+                                                   0.020                
 BROT                                                       0.022                
 <X|mu|X>                                                   0.020                
 eigens                                                     0.836                
 Total memory   =                                           0.940 MB
 Maximal memory =                                           2.503 MB (         8000.000)

 (       31 arrays contributing less than 1% are not shown)


              Timing data at 2026/08/21 08:51:14

 Timer                               Calls  Total time (seconds)  Self time (seconds)
 -----                               -----  --------------------  -------------------
                                                 Real       CPU        Real       CPU

 Duo                            *       1.        0.2       1.7         0.0       0.2
 Grid representaions                    2.        0.0       0.0         0.0       0.0
 Map on grid                            1.        0.0       0.0         0.0       0.0
 Solve vibrational part                 1.        0.0       0.1         0.0       0.1
 Compute vibrational matrix ele         1.        0.0       0.1         0.0       0.1
 Construct the hamiltonian             41.        0.0       0.4         0.0       0.4
 Diagonalization                       41.        0.0       0.1         0.0       0.1
 Assignment                            41.        0.0       0.1         0.0       0.1
 Prepare_eigenfuncs_for_intens         41.        0.0       0.0         0.0       0.0
 Intensity calculations                 1.        0.1       0.7         0.1       0.7

 (  4 timers contributing less than 1% are not shown)

--End--
