v,rank,inner_probability,quasibound,barrier_r_angstrom,barrier_absolute_cm,J,observed_cm,calculated_cm,residual_cm,input_weight,python_duo_delta_cm
0,1,0.9999999999999997,False,,,0,0.0,0.0,0.0,100.0,0.0
1,2,0.9999999999999999,False,,,0,2885.9764,2885.992883175936,-0.01648317593617321,70.71067811865474,-1.9554136088117957e-10
2,3,1.0000000000000007,False,,,0,5667.982976,5667.96571870236,0.017257297639844182,57.73502691896258,-1.6370904631912708e-11
3,4,0.9999999999999997,False,,,0,8346.7769,8346.748908146481,0.027991853519779397,50.0,1.8189894035458565e-12
4,5,1.0000000000000002,False,,,0,10922.826746,10922.802635313188,0.024110686812491622,44.72135954999579,-3.128661774098873e-10
5,6,0.9999999999999997,False,,,0,13396.271162,13396.240631972112,0.03053002788692538,40.824829046386306,-2.7830537874251604e-10
6,7,0.9999999999999999,False,,,0,15766.8598,15766.807214290111,0.052585709889171994,37.79644730092272,-2.455635694786906e-10
7,8,1.0,False,,,0,18033.849753,18033.81119109469,0.03856190530859749,35.35533905932737,1.6007106751203537e-10
8,9,0.9999999999999993,False,,,0,20196.0564,20196.0251906271,0.031209372900775634,33.333333333333336,-5.4569682106375694e-11
9,10,0.9999999999999997,False,,,0,22251.5848,22251.558139374243,0.026660625757358503,31.622776601683793,-1.0186340659856796e-10
10,11,0.9999999999999996,False,,,0,24197.664165,24197.70386768939,-0.03970268939156085,30.15113445777636,-2.9103830456733704e-11
11,12,0.9999999999999999,False,,,0,26030.6658,26030.7612033923,-0.09540339230079553,28.86751345948129,-3.055902197957039e-10
12,13,0.9999999999999999,False,,,0,27745.703191,27745.810516411744,-0.10732541174365906,27.735009811261456,0.0
13,14,1.0000000000000007,False,,,0,29336.343594,29336.416899223124,-0.07330522312258836,26.726124191242437,-2.1827872842550278e-11
14,15,1.0000000000000002,False,,,0,30794.211699,30794.20631196613,0.0053870338706474286,25.81988897471611,-1.5279510989785194e-10
15,16,1.0,False,,,0,32108.282393,32108.216689316185,0.0657036838165368,25.0,-1.4915713109076023e-10
16,17,0.9999999999999999,False,,,0,33263.9494,33263.83284382022,0.11655617977521615,24.253562503633297,-2.1827872842550278e-10
17,18,1.0000000000000004,False,,,0,34241.0688,34240.89402073207,0.17477926793071674,23.570226039551585,-2.0372681319713593e-10
0,1,1.0000000000000004,False,,,1,20.8783,20.87831496135,-1.4961350000675111e-05,70.71067811865474,-3.6338576592243044e-10
1,2,1.0000000000000004,False,,,1,2906.246681,2906.263376747304,-0.01669574730385648,49.999999999999986,-9.686118573881686e-11
2,3,1.0,False,,,1,5687.650087,5687.633395887978,0.016691112022272137,40.824829046386306,-3.183231456205249e-11
3,4,0.9999999999999997,False,,,1,8365.844431,8365.817282853077,0.027148146922627348,35.35533905932737,-1.5825207810848951e-10
4,5,1.0000000000000007,False,,,1,10941.29673,10941.273609150161,0.023120849838960567,31.62277660168379,6.366462912410498e-11
5,6,0.9999999999999997,False,,,1,13414.143813,13414.114292045462,0.029520954538384103,28.867513459481287,2.7284841053187847e-11
6,7,1.0,False,,,1,15784.133072,15784.081501015622,0.05157098437848617,26.726124191242437,1.4733814168721437e-10
7,8,1.0000000000000002,False,,,1,18050.518955,18050.481417074323,0.0375379256765882,24.999999999999993,1.0913936421275139e-11
8,9,0.9999999999999996,False,,,1,20212.114058,20212.08339807895,0.030659921048936667,23.570226039551585,1.4551915228366852e-11
9,10,1.0,False,,,1,22267.018556,22266.992272905758,0.026283094241080107,22.360679774997894,5.4569682106375694e-11
10,11,0.9999999999999997,False,,,1,24212.456851,24212.49671212222,-0.03986112222264637,21.320071635561042,-1.964508555829525e-10
11,12,1.0000000000000004,False,,,1,26044.793945,26044.888988248316,-0.09504324831505073,20.412414523193153,-1.673470251262188e-10
12,13,1.0000000000000002,False,,,1,27759.134452,27759.241006116365,-0.10655411636616918,19.6116135138184,-1.7462298274040222e-10
13,14,0.9999999999999996,False,,,1,29349.034427,29349.106639107926,-0.07221210792704369,18.89822365046136,2.9103830456733704e-11
14,15,1.0,False,,,1,30806.102742,30806.09640892909,0.006333070909022354,18.257418583505533,-6.548361852765083e-11
15,16,1.0000000000000007,False,,,1,32119.29175,32119.22588037668,0.06586962331857649,17.677669529663685,2.2919266484677792e-10
16,17,1.0,False,,,1,33273.960633,33273.84510042079,0.1155325792133226,17.149858514250884,0.0
17,18,0.9999999999999999,False,,,1,34249.904828,34249.73373121658,0.1710967834223993,16.666666666666668,5.093170329928398e-11
0,1,1.0000000000000007,False,5.3571,37188.50934294597,2,62.6222,62.622271775746,-7.177574600092385e-05,57.73502691896258,-4.67963445771602e-11
1,2,0.9999999999999994,False,5.3571,37188.50934294597,2,2946.774715,2946.791844152135,-0.017129152135112236,40.8248290463863,8.640199666842818e-11
2,3,1.0000000000000002,False,5.3571,37188.50934294597,2,5726.971966,5726.956368102858,0.015597897142470174,33.333333333333336,-1.4915713109076023e-10
3,4,1.0000000000000007,False,5.3571,37188.50934294597,2,8403.967261,8403.941769683455,0.025491316544503206,28.86751345948129,-7.275957614183426e-11
4,5,1.0000000000000002,False,5.3571,37188.50934294597,2,10978.22458,10978.203392173293,0.02118782670731889,25.81988897471611,-1.3096723705530167e-10
5,6,1.0000000000000004,False,5.3571,37188.50934294597,2,13449.877122,13449.84951856423,0.027603435770288343,23.57022603955159,1.964508555829525e-10
6,7,1.0,False,5.3571,37188.50934294597,2,15818.667686,15818.61801781043,0.049668189571093535,21.82178902359924,-1.9099388737231493e-10
7,8,1.0000000000000004,False,5.3571,37188.50934294597,2,18083.845521,18083.80980589635,0.03571510364781716,20.41241452319315,-1.3460521586239338e-10
8,9,1.0000000000000002,False,5.3571,37188.50934294597,2,20244.217262,20244.18768758525,0.02957441474791267,19.245008972987527,-1.7462298274040222e-10
9,10,0.9999999999999998,False,5.3571,37188.50934294597,2,22297.873848,22297.848280173348,0.025567826651240466,18.257418583505537,-6.548361852765083e-11
10,11,1.0000000000000002,False,5.3571,37188.50934294597,2,24242.0298,24242.069912422856,-0.040112422855600016,17.407765595569785,-2.4374458007514477e-10
11,12,1.0000000000000002,False,5.3571,37188.50934294597,2,26073.037492,26073.13171501808,-0.09422301808081102,16.666666666666668,-1.1641532182693481e-10
12,13,1.0000000000000002,False,5.3571,37188.50934294597,2,27785.9837,27786.0886168454,-0.10491684540102142,16.012815380508716,-5.4569682106375694e-11
13,14,1.0,False,5.3571,37188.50934294597,2,29374.402043,29374.471982557672,-0.06993955767393345,15.430334996209192,-2.837623469531536e-10
14,15,1.0000000000000002,False,5.3571,37188.50934294597,2,30829.869637,30829.86134117689,0.008295823110529454,14.907119849998598,-8.731149137020111e-11
15,16,1.0000000000000002,False,5.3571,37188.50934294597,2,32141.293571,32141.22731197488,0.06625902511950699,14.433756729740645,-2.546585164964199e-11
16,17,0.9999999999999998,False,5.3571,37188.50934294597,2,33293.96345,33293.85000500708,0.11344499292317778,14.002800840280099,-6.548361852765083e-11
17,18,1.0000000000000002,False,5.3571,37188.50934294597,2,34267.552666,34267.388987217,0.16367878300661687,13.608276348795435,-5.093170329928398e-11
0,1,0.9999999999999999,False,5.0275,37192.373541662964,3,125.2063,125.206536341361,-0.00023634136100270098,50.0,1.226396761921933e-11
1,2,0.9999999999999994,False,5.0275,37192.373541662964,3,3007.5356,3007.553257722628,-0.01765772262797327,35.35533905932737,-6.320988177321851e-11
2,3,1.0,False,5.0275,37192.373541662964,3,5785.923935,5785.909882468884,0.014052531116249156,28.86751345948129,1.4733814168721437e-10
3,4,1.0,False,5.0275,37192.373541662964,3,8461.120965,8461.097854432297,0.02311056770304276,25.0,-1.4733814168721437e-10
4,5,1.0,False,5.0275,37192.373541662964,3,11033.586042,11033.567665432482,0.018376567519226228,22.360679774997894,-3.6561687011271715e-10
5,6,0.9999999999999998,False,5.0275,37192.373541662964,3,13503.446935,13503.422133841113,0.024801158886475605,20.412414523193153,-2.473825588822365e-10
6,7,1.0,False,5.0275,37192.373541662964,3,15870.439542,15870.392659929996,0.046882070004357956,18.89822365046136,-1.3642420526593924e-10
7,8,1.0,False,5.0275,37192.373541662964,3,18133.805291,18133.772238569818,0.033052430182578973,17.677669529663685,-1.4915713109076023e-10
8,9,1.0,False,5.0275,37192.373541662964,3,20292.341827,20292.313813973302,0.028013026698317844,16.666666666666668,6.548361852765083e-11
9,10,1.0000000000000002,False,5.0275,37192.373541662964,3,22344.126142,22344.10164502594,0.024496974059729837,15.811388300841896,2.9103830456733704e-11
10,11,0.9999999999999999,False,5.0275,37192.373541662964,3,24286.358033,24286.398491969972,-0.040458969971950864,15.07556722888818,-1.964508555829525e-10
11,12,1.0000000000000007,False,5.0275,37192.373541662964,3,26115.370698,26115.4636942773,-0.09299627730069915,14.433756729740645,-9.094947017729282e-11
12,13,0.9999999999999997,False,5.0275,37192.373541662964,3,27826.22415,27826.326601904148,-0.10245190414934768,13.867504905630728,-4.729372449219227e-11
13,14,0.9999999999999996,False,5.0275,37192.373541662964,3,29412.418092,29412.484638917776,-0.06654691777657717,13.363062095621219,7.275957614183426e-11
14,15,0.9999999999999999,False,5.0275,37192.373541662964,3,30865.481733,30865.470553548505,0.011179451495991088,12.909944487358056,-1.8553691916167736e-10
15,16,1.0,False,5.0275,37192.373541662964,3,32174.253767,32174.187027541826,0.06673945817237836,12.5,4.001776687800884e-11
16,17,0.9999999999999997,False,5.0275,37192.373541662964,3,33323.918379,33323.808239182035,0.11013981796713779,12.126781251816649,4.3655745685100555e-11
17,18,0.9999999999999998,False,5.0275,37192.373541662964,3,34293.963432,34293.811253209504,0.15217879049305338,11.785113019775793,-6.548361852765083e-11
0,1,0.9999999999999997,False,4.8111999999999995,37198.083264508714,4,208.5929,208.593137756855,-0.00023775685500027066,44.72135954999579,-9.50137746258406e-11
1,2,1.0000000000000004,False,4.8111999999999995,37198.083264508714,4,3088.491613,3088.510105439288,-0.01849243928791111,31.622776601683785,1.8189894035458565e-10
2,3,1.0000000000000007,False,4.8111999999999995,37198.083264508714,4,5864.468824,5864.456838213003,0.01198578699677455,25.819888974716115,4.547473508864641e-11
3,4,0.9999999999999999,False,4.8111999999999995,37198.083264508714,4,8537.268744,8537.248793146911,0.019950853089540033,22.360679774997894,1.800799509510398e-10
4,5,1.0,False,4.8111999999999995,37198.083264508714,4,11107.344682,11107.329976330557,0.014705669444083469,19.999999999999996,-3.383320290595293e-10
5,6,0.9999999999999999,False,4.8111999999999995,37198.083264508714,4,13574.817044,13574.79589521391,0.02114878608881554,18.257418583505537,-2.582964953035116e-10
6,7,1.0,False,4.8111999999999995,37198.083264508714,4,15939.412534,15939.369291615869,0.0432423841302807,16.90308509457033,-1.8735590856522322e-10
7,8,1.0000000000000002,False,4.8111999999999995,37198.083264508714,4,18200.362137,18200.332554747107,0.02958225289330585,15.811388300841893,0.0
8,9,1.0000000000000004,False,4.8111999999999995,37198.083264508714,4,20356.451431,20356.42542345668,0.026007543321611593,14.907119849998598,6.548361852765083e-11
9,10,1.0,False,4.8111999999999995,37198.083264508714,4,22405.738755,22405.715601732776,0.023153267222369323,14.14213562373095,-1.2005330063402653e-10
10,11,0.9999999999999999,False,4.8111999999999995,37198.083264508714,4,24345.404139,24345.44498696693,-0.040847966931323754,13.48399724926484,2.9103830456733704e-11
11,12,0.9999999999999999,False,4.8111999999999995,37198.083264508714,4,26171.755092,26171.84638284976,-0.09129084975938895,12.909944487358057,4.001776687800884e-11
12,13,1.0,False,4.8111999999999995,37198.083264508714,4,27879.815674,27879.91481763129,-0.09914363128700643,12.403473458920844,-1.709850039333105e-10
13,14,1.0,False,4.8111999999999995,37198.083264508714,4,29463.040085,29463.102126725975,-0.06204172597426805,11.952286093343936,-8.003553375601768e-11
14,15,1.0000000000000004,False,4.8111999999999995,37198.083264508714,4,30912.893061,30912.87813303344,0.014927966560208006,11.547005383792515,-1.127773430198431e-10
15,16,0.9999999999999996,False,4.8111999999999995,37198.083264508714,4,32218.121157,32218.053951983267,0.06720501673407853,11.180339887498947,-3.2741809263825417e-11
16,17,1.0,False,4.8111999999999995,37198.083264508714,4,33363.765996,33363.6605692991,0.10542670090217143,10.846522890932809,-3.637978807091713e-11
17,18,0.9999999999999991,False,4.8111999999999995,37198.083264508714,4,34329.063365,34328.92720330261,0.13616169738816097,10.540925533894598,-5.093170329928398e-11
0,1,1.0000000000000002,False,4.6464,37205.789884230515,5,312.7311,312.731504518048,-0.0004045180479579358,40.824829046386306,-1.1192469173693098e-10
1,2,1.0000000000000002,False,4.6464,37205.789884230515,5,3189.593067,3189.612426196495,-0.0193591964953157,28.867513459481287,-3.356035449542105e-10
2,3,1.0000000000000002,False,4.6464,37205.789884230515,5,5962.557379,5962.54782080346,0.00955819653972867,23.57022603955159,-2.964952727779746e-10
3,4,1.0000000000000004,False,4.6464,37205.789884230515,5,8632.361833,8632.34564482826,0.01618817174130527,20.412414523193153,-1.2732925824820995e-10
4,5,1.0,False,4.6464,37205.789884230515,5,11199.452059,11199.441769483303,0.010289516696502687,18.257418583505537,-4.547473508864641e-11
5,6,1.0000000000000004,False,4.6464,37205.789884230515,5,13663.939283,13663.922523538995,0.016759461004767218,16.66666666666667,6.912159733474255e-11
6,7,1.0,False,4.6464,37205.789884230515,5,16025.538624,16025.499771559753,0.03885244024786516,15.430334996209192,-4.9112713895738125e-11
7,8,0.9999999999999998,False,4.6464,37205.789884230515,5,18283.467984,18283.442574297555,0.025409702444449067,14.433756729740644,-6.184563972055912e-11
8,9,1.0,False,4.6464,37205.789884230515,5,20436.497728,20436.474070168417,0.023657831581658684,13.608276348795435,-2.4010660126805305e-10
9,10,0.9999999999999999,False,4.6464,37205.789884230515,5,22482.662729,22482.641144883295,0.021584116704616463,12.909944487358057,-1.5279510989785194e-10
10,11,0.9999999999999996,False,4.6464,37205.789884230515,5,24419.118229,24419.159447416296,-0.041218416296032956,12.309149097933274,-7.275957614183426e-11
11,12,1.0,False,4.6464,37205.789884230515,5,26242.1393,26242.228372419493,-0.08907241949418676,11.785113019775794,-3.5652192309498787e-10
12,13,1.0,False,4.6464,37205.789884230515,5,27946.704724,27946.799694260706,-0.09497026070675929,11.322770341445958,-1.4551915228366852e-10
13,14,1.0,False,4.6464,37205.789884230515,5,29526.21128,29526.26771787919,-0.05643787918961607,10.91089451179962,-1.673470251262188e-10
14,15,1.0000000000000004,False,4.6464,37205.789884230515,5,30972.042161,30972.022710300706,0.01945069929570309,10.540925533894598,-1.4915713109076023e-10
15,16,1.0,False,4.6464,37205.789884230515,5,32272.8272,32272.759719317582,0.06748068241722649,10.206207261596576,-1.9281287677586079e-10
16,17,0.9999999999999999,False,4.6464,37205.789884230515,5,33413.426589,33413.327530247014,0.09905875298863975,9.901475429766744,-1.3096723705530167e-10
17,18,0.999999999999985,False,4.6464,37205.789884230515,5,34372.753089,34372.63806919482,0.11501980517641641,9.622504486493764,-2.4010660126805305e-10
0,1,0.9999999999999993,False,4.522799999999999,37215.62639596375,6,437.558,437.558512610599,-0.0005126105990029828,37.79644730092272,1.949729266925715e-10
1,2,0.9999999999999997,False,4.522799999999999,37215.62639596375,6,3310.7775,3310.797856641087,-0.020356641086891614,26.726124191242434,2.778506313916296e-10
2,3,1.0000000000000002,False,4.522799999999999,37215.62639596375,6,6080.127923,6080.121147267279,0.006775732720598171,21.82178902359924,-1.4370016288012266e-10
3,4,1.0,False,4.522799999999999,37215.62639596375,6,8746.339164,8746.327314824997,0.011849175003590062,18.89822365046136,2.9103830456733704e-11
4,5,0.9999999999999991,False,4.522799999999999,37215.62639596375,6,11309.84763,11309.84242763808,0.005202361920964904,16.90308509457033,9.276845958083868e-11
5,6,0.9999999999999998,False,4.522799999999999,37215.62639596375,6,13770.753452,13770.741740934236,0.011711065764757222,15.430334996209192,1.8553691916167736e-10
6,7,1.0,False,4.522799999999999,37215.62639596375,6,16128.757765,16128.723986573736,0.03377842626468919,14.285714285714285,-1.3278622645884752e-10
7,8,1.0000000000000002,False,4.522799999999999,37215.62639596375,6,18383.062755,18383.042125744698,0.020629255301173544,13.363062095621217,-1.0913936421275139e-11
8,9,1.0000000000000002,False,4.522799999999999,37215.62639596375,6,20532.420291,20532.399237813253,0.02105318674512091,12.59881576697424,-1.2369127944111824e-10
9,10,0.9999999999999997,False,4.522799999999999,37215.62639596375,6,22574.8369,22574.817042094834,0.01985790516482666,11.952286093343936,1.4551915228366852e-11
10,11,0.9999999999999996,False,4.522799999999999,37215.62639596375,6,24507.437949,24507.47943776662,-0.04148876661929535,11.396057645963793,-2.4374458007514477e-10
11,12,0.9999999999999997,False,4.522799999999999,37215.62639596375,6,26326.459099,26326.545373437886,-0.08627443788645905,10.91089451179962,-1.2732925824820995e-10
12,13,0.9999999999999996,False,4.522799999999999,37215.62639596375,6,28026.824293,28026.914195723573,-0.08990272357186768,10.482848367219182,-1.1641532182693481e-10
13,14,0.9999999999999999,False,4.522799999999999,37215.62639596375,6,29601.8606,29601.91036106078,-0.0497610607817478,10.101525445522107,1.4551915228366852e-11
14,15,1.0,False,4.522799999999999,37215.62639596375,6,31042.851974,31042.827324750873,0.024649249127833173,9.759000729485331,1.2369127944111824e-10
15,16,0.9999999999999998,False,4.522799999999999,37215.62639596375,6,32338.285858,32338.218435885618,0.06742211438177037,9.44911182523068,9.094947017729282e-11
16,17,1.0,False,4.522799999999999,37215.62639596375,6,33472.799652,33472.70898835653,0.0906636434738175,9.166984970282112,-1.382431946694851e-10
17,18,0.9999999999997842,False,4.522799999999999,37215.62639596375,6,34424.9066,34424.818726977326,0.08787302267592167,8.90870806374748,-9.458744898438454e-11
0,1,1.0000000000000009,False,4.4094999999999995,37227.710345372645,7,582.998,582.998545350703,-0.0005453507029642424,35.35533905932737,1.6905232769204304e-10
1,2,1.0,False,4.4094999999999995,37227.710345372645,7,3451.9703,3451.991689422114,-0.021389422114225454,24.999999999999993,3.092281986027956e-11
2,3,1.0000000000000004,False,4.4094999999999995,37227.710345372645,7,6217.106668,6217.10292252464,0.003745475360119599,20.412414523193153,-5.184119800105691e-11
3,4,0.9999999999999999,False,4.4094999999999995,37227.710345372645,7,8879.127672,8879.120608739047,0.0070632609531458,17.677669529663685,6.548361852765083e-11
4,5,1.0000000000000004,False,4.4094999999999995,37227.710345372645,7,11438.45889,11438.459322462604,-0.00043246260429441463,15.811388300841895,-1.0732037480920553e-10
5,6,1.0000000000000002,False,4.4094999999999995,37227.710345372645,7,13895.187458,13895.181317557852,0.00614044214853493,14.433756729740644,-1.2005330063402653e-10
6,7,1.0,False,4.4094999999999995,37227.710345372645,7,16248.998031,16248.969893227175,0.028137772824265994,13.363062095621219,-2.7466739993542433e-10
7,8,1.0000000000000004,False,4.4094999999999995,37227.710345372645,7,18499.074428,18499.05908129017,0.015346709831646876,12.499999999999996,-2.000888343900442e-10
8,9,1.0000000000000002,False,4.4094999999999995,37227.710345372645,7,20644.146657,20644.128366099478,0.01829090052342508,11.785113019775793,-2.582964953035116e-10
9,10,1.0000000000000002,False,4.4094999999999995,37227.710345372645,7,22682.1879,22682.169849098045,0.018050901955575682,11.180339887498947,-2.1100277081131935e-10
10,11,1.0000000000000004,False,4.4094999999999995,37227.710345372645,7,24610.288451,24610.330036662497,-0.04158566249680007,10.660035817780521,-2.9831426218152046e-10
11,12,0.9999999999999999,False,4.4094999999999995,37227.710345372645,7,26424.637342,26424.72019352541,-0.08285152540702256,10.206207261596576,-3.092281986027956e-10
12,13,1.0000000000000002,False,4.4094999999999995,37227.710345372645,7,28120.093835,28120.17776720101,-0.0839322010106116,9.8058067569092,-1.3460521586239338e-10
13,14,1.0,False,4.4094999999999995,37227.710345372645,7,29689.902547,29689.9445825272,-0.04203552719991421,9.44911182523068,-9.822542779147625e-11
14,15,1.0,False,4.4094999999999995,37227.710345372645,7,31125.2296,31125.19924979549,0.03035020450988668,9.128709291752767,-6.548361852765083e-11
15,16,0.9999999999999999,False,4.4094999999999995,37227.710345372645,7,32414.3931,32414.326372763957,0.06672723604424391,8.838834764831843,3.637978807091713e-12
16,17,1.0000000000000002,False,4.4094999999999995,37227.710345372645,7,33541.763301,33541.68356899579,0.0797320042111096,8.574929257125442,-5.820766091346741e-11
17,18,0.9999999999973327,False,4.4094999999999995,37227.710345372645,7,34485.370028,34485.31648030602,0.053547693976724986,8.333333333333334,-8.003553375601768e-11
0,1,1.0000000000000002,False,4.3271,37242.152935760176,8,748.9629,748.963564792898,-0.0006647928979646167,33.333333333333336,6.832578947069123e-11
1,2,1.0000000000000002,False,4.3271,37242.152935760176,8,3613.084553,3613.10694266176,-0.022389661759916635,23.57022603955158,-1.5415935195051134e-10
2,3,1.0000000000000004,False,4.3271,37242.152935760176,8,6373.407635,6373.407106531218,0.0005284687813400524,19.245008972987527,8.640199666842818e-11
3,4,1.0,False,4.3271,37242.152935760176,8,9030.6422,9030.640296624384,0.0019033756161661586,16.666666666666668,2.582964953035116e-10
4,5,1.0000000000000004,False,4.3271,37242.152935760176,8,11585.20138,11585.207874958252,-0.006494958252005745,14.907119849998596,-1.6007106751203537e-10
5,6,0.9999999999999997,False,4.3271,37242.152935760176,8,14037.157288,14037.157127157094,0.00016084290655271616,13.608276348795435,-1.1459633242338896e-10
6,7,1.0,False,4.3271,37242.152935760176,8,16386.175621,16386.15356714816,0.02205385183697217,12.59881576697424,-3.41970007866621e-10
7,8,1.0000000000000002,False,4.3271,37242.152935760176,8,18631.4191,18631.409398066324,0.009701933675387409,11.78511301977579,-1.127773430198431e-10
8,9,1.0,False,4.3271,37242.152935760176,8,20771.592382,20771.57688151995,0.015500480047194287,11.111111111111112,-2.764863893389702e-10
9,10,1.0,False,4.3271,37242.152935760176,8,22804.6302,22804.61392665345,0.016273346551315626,10.540925533894598,-1.0550138540565968e-10
10,11,0.9999999999999996,False,4.3271,37242.152935760176,8,24727.5824,24727.62383506794,-0.041435067942074966,10.05037815259212,-4.3655745685100555e-11
11,12,0.9999999999999999,False,4.3271,37242.152935760176,8,26536.583981,26536.66270934044,-0.07872834043882904,9.622504486493764,-1.964508555829525e-10
12,13,1.0,False,4.3271,37242.152935760176,8,28226.4192,28226.4962688885,-0.0770688884986157,9.245003270420485,-1.8553691916167736e-10
13,14,0.9999999999999999,False,4.3271,37242.152935760176,8,29790.237,29790.270361784475,-0.03336178447352722,8.90870806374748,1.8189894035458565e-11
14,15,0.9999999999999997,False,4.3271,37242.152935760176,8,31219.066191,31219.029774042767,0.03641695723490557,8.606629658238704,-1.382431946694851e-10
15,16,1.0,False,4.3271,37242.152935760176,8,32501.026594,32500.96157890273,0.06501509726876975,8.333333333333334,-6.912159733474255e-11
16,17,0.9999999999999996,False,4.3271,37242.152935760176,8,33620.173767,33620.10792922222,0.06583777777996147,8.084520834544433,-1.4551915228366852e-10
17,18,0.9999999999803412,False,4.3271,37242.152935760176,8,34553.960266,34553.94947979009,0.01078620991029311,7.856742013183862,-2.473825588822365e-10
0,1,1.0000000000000002,False,4.2447,37259.05649780055,9,935.3525,935.353194488821,-0.000694488821068262,31.622776601683793,1.7132606444647536e-10
1,2,1.0,False,4.2447,37259.05649780055,9,3794.0211,3794.044440410139,-0.02334041013909882,22.36067977499789,1.4279066817834973e-10
2,3,1.0000000000000002,False,4.2447,37259.05649780055,9,6548.9328,6548.935591980787,-0.0027919807871512603,18.257418583505537,1.546140993013978e-10
3,4,1.0000000000000002,False,4.2447,37259.05649780055,9,9200.785741,9200.789187210188,-0.0034462101884855656,15.811388300841896,1.8553691916167736e-10
4,5,1.0000000000000002,False,4.2447,37259.05649780055,9,11749.978783,11749.9916252106,-0.012842210599046666,14.142135623730947,1.0913936421275139e-11
5,6,0.9999999999999994,False,4.2447,37259.05649780055,9,14196.567135,14196.57321106296,-0.006076062960346462,12.909944487358057,1.2005330063402653e-10
6,7,0.9999999999999999,False,4.2447,37259.05649780055,9,16540.194897,16540.179259621254,0.015637378746760078,11.952286093343936,-7.639755494892597e-11
7,8,0.9999999999999999,False,4.2447,37259.05649780055,9,18780.001,18779.99716519154,0.0038348084599419963,11.180339887498945,-1.0186340659856796e-10
8,9,1.0,False,4.2447,37259.05649780055,9,20914.661,20914.648231959305,0.012768040694936644,10.540925533894598,1.3460521586239338e-10
9,10,1.0000000000000002,False,4.2447,37259.05649780055,9,22942.066,22942.051458630973,0.014541369026119355,10.0,1.8189894035458565e-10
10,11,1.0,False,4.2447,37259.05649780055,9,24859.220095,24859.260931865996,-0.040836865995515836,9.534625892455923,-2.546585164964199e-11
11,12,1.0000000000000004,False,4.2447,37259.05649780055,9,26662.195999,26662.269830642654,-0.07383164265411324,9.128709291752768,3.2741809263825417e-11
12,13,0.9999999999999999,False,4.2447,37259.05649780055,9,28345.6927,28345.761894050473,-0.06919405047301552,8.770580193070291,4.001776687800884e-11
13,14,1.0000000000000002,False,4.2447,37259.05649780055,9,29902.749197,29902.772979038255,-0.023782038253557403,8.451542547285165,-7.275957614183426e-12
14,15,1.0000000000000009,False,4.2447,37259.05649780055,9,31324.236414,31324.193932871654,0.042481128344661556,8.164965809277259,2.546585164964199e-11
15,16,1.0,False,4.2447,37259.05649780055,9,32598.045466,32597.98340399056,0.062062009437795496,7.905694150420948,-8.36735125631094e-11
16,17,0.9999999999999964,False,4.2447,37259.05649780055,9,33707.864134,33707.81584934116,0.0482846588420216,7.669649888473704,-1.6007106751203537e-10
17,18,0.9999999998534311,False,4.2447,37259.05649780055,9,34630.46241,34630.50469441486,-0.04228441486338852,7.453559924999299,-1.1641532182693481e-10
0,1,1.0000000000000004,False,4.172599999999999,37278.51689533387,10,1142.0542,1142.054813348162,-0.0006133481620054226,30.15113445777636,8.799361239653081e-11
1,2,1.0000000000000004,False,4.172599999999999,37278.51689533387,10,3994.6687,3994.692903817558,-0.024203817557918228,21.32007163556104,1.2278178473934531e-11
2,3,1.0,False,4.172599999999999,37278.51689533387,10,6743.5722,6743.578292282544,-0.006092282544159389,17.407765595569785,3.80168785341084e-10
3,4,0.9999999999999998,False,4.172599999999999,37278.51689533387,10,9389.4493,9389.458211843015,-0.008911843015084742,15.07556722888818,-4.001776687800884e-11
4,5,0.9999999999999997,False,4.172599999999999,37278.51689533387,10,11932.682995,11932.702311141125,-0.01931614112618263,13.48399724926484,-1.1095835361629725e-10
5,6,0.9999999999999997,False,4.172599999999999,37278.51689533387,10,14373.3094,14373.321850257544,-0.012450257543605403,12.309149097933275,-1.6007106751203537e-10
6,7,0.9999999999999999,False,4.172599999999999,37278.51689533387,10,16710.948495,16710.939461053018,0.009033946982526686,11.396057645963795,-1.7462298274040222e-10
7,8,1.0,False,4.172599999999999,37278.51689533387,10,18944.7125,18944.714656118314,-0.0021561183129961137,10.66003581778052,1.2369127944111824e-10
8,9,1.0,False,4.172599999999999,37278.51689533387,10,21073.2442,21073.233924504373,0.010275495627865894,10.050378152592122,-5.093170329928398e-11
9,10,1.0000000000000002,False,4.172599999999999,37278.51689533387,10,23094.385598,23094.372470456234,0.013127543767041061,9.534625892455923,-9.094947017729282e-11
10,11,1.0000000000000004,False,4.172599999999999,37278.51689533387,10,25005.0891,25005.128925857047,-0.03982585704579833,9.09090909090909,5.4569682106375694e-11
11,12,0.9999999999999997,False,4.172599999999999,37278.51689533387,10,26801.357244,26801.425455007473,-0.06821100747401942,8.703882797784892,-1.382431946694851e-10
12,13,1.0000000000000002,False,4.172599999999999,37278.51689533387,10,28477.792586,28477.853069014072,-0.06048301407281542,8.362420100070908,-5.093170329928398e-11
13,14,1.0000000000000004,False,4.172599999999999,37278.51689533387,10,30027.309474,30027.322830567995,-0.01335656799346907,8.058229640253803,-3.2741809263825417e-11
14,15,0.9999999999999998,False,4.172599999999999,37278.51689533387,10,31440.598662,31440.550183477964,0.04847852203602088,7.784989441615229,-1.2732925824820995e-10
15,16,1.0000000000000004,False,4.172599999999999,37278.51689533387,10,32705.289294,32705.231916977762,0.05737702223632368,7.53778361444409,-5.4569682106375694e-11
16,17,0.9999999999999611,False,4.172599999999999,37278.51689533387,10,33804.643385,33804.61710884655,0.0262761534540914,7.312724241271306,1.4551915228366852e-11
17,18,0.9999999990709827,False,4.172599999999999,37278.51689533387,10,34714.627294,34714.735316961516,-0.10802296151814517,7.106690545187015,-1.4551915228366852e-11
0,1,1.0000000000000007,False,4.110799999999999,37300.62574661452,11,1368.9431,1368.943660318058,-0.0005603180579782929,28.86751345948129,3.1582203519064933e-10
1,2,1.0000000000000007,False,4.110799999999999,37300.62574661452,11,4214.9042,4214.929052721016,-0.024852721016031865,20.41241452319315,-3.4560798667371273e-10
2,3,1.0000000000000002,False,4.110799999999999,37300.62574661452,11,6957.204,6957.213239486686,-0.009239486686055898,16.666666666666668,-3.019522409886122e-10
3,4,1.0000000000000002,False,4.110799999999999,37300.62574661452,11,9596.5122,9596.526517792801,-0.014317792802103213,14.433756729740645,-1.8189894035458565e-10
4,5,1.0000000000000002,False,4.110799999999999,37300.62574661452,11,12133.1941,12133.219955870336,-0.02585587033536285,12.909944487358056,-3.892637323588133e-10
5,6,0.9999999999999997,False,4.110799999999999,37300.62574661452,11,14567.264841,14567.283645079851,-0.018804079851179267,11.785113019775794,-4.0745362639427185e-10
6,7,1.000000000000001,False,4.110799999999999,37300.62574661452,11,16898.31724,16898.31497081043,0.0022691895719617605,10.91089451179962,-2.9831426218152046e-10
7,8,1.0,False,4.110799999999999,37300.62574661452,11,19125.434355,19125.44238568796,-0.008030687957216287,10.206207261596575,-2.1464074961841106e-10
8,9,0.9999999999999997,False,4.110799999999999,37300.62574661452,11,21247.221716,21247.213565733364,0.008150266636221204,9.622504486493764,1.8189894035458565e-11
9,10,1.0000000000000004,False,4.110799999999999,37300.62574661452,11,23261.466687,23261.454846980883,0.011840019116789335,9.128709291752768,-1.0186340659856796e-10
10,11,1.0000000000000002,False,4.110799999999999,37300.62574661452,11,25165.064664,25165.1029028731,-0.038238873097725445,8.703882797784892,-3.383320290595293e-10
11,12,0.9999999999999999,False,4.110799999999999,37300.62574661452,11,26953.938786,26954.000411344456,-0.06162534445684287,8.333333333333334,-3.2741809263825417e-10
12,13,1.0000000000000002,False,4.110799999999999,37300.62574661452,11,28622.583571,28622.63433226453,-0.0507612645305926,8.006407690254358,-1.0186340659856796e-10
13,14,1.0,False,4.110799999999999,37300.62574661452,11,30163.772985,30163.775207313596,-0.0022223135965759866,7.715167498104596,7.275957614183426e-12
14,15,1.0000000000000002,False,4.110799999999999,37300.62574661452,11,31567.994039,31567.94001479799,0.05402420201062341,7.453559924999299,-1.418811734765768e-10
15,16,1.0000000000000004,False,4.110799999999999,37300.62574661452,11,32822.57765,32822.52720236512,0.0504476348796743,7.216878364870323,-1.0186340659856796e-10
16,17,0.9999999999997062,False,4.110799999999999,37300.62574661452,11,33910.294953,33910.29610117748,-0.001148177485447377,7.001400420140049,-2.9103830456733704e-11
17,18,0.9999999949682337,False,4.110799999999999,37300.62574661452,11,34806.167975,34806.357436090955,-0.1894610909585026,6.804138174397718,-2.9103830456733704e-10
0,1,1.0000000000000002,False,4.0489999999999995,37325.47582087176,12,1615.8826,1615.88294956809,-0.0003495680900869047,27.735009811261456,-3.10592440655455e-10
1,2,1.0000000000000004,False,4.0489999999999995,37325.47582087176,12,4454.592385,4454.617717305593,-0.025332305593110505,19.6116135138184,-2.4920154828578234e-10
2,3,1.0000000000000002,False,4.0489999999999995,37325.47582087176,12,7189.694481,7189.706691796368,-0.012210796367980947,16.012815380508716,2.2282620193436742e-10
3,4,1.000000000000001,False,4.0489999999999995,37325.47582087176,12,9821.8419,9821.86157053382,-0.01967053382031736,13.867504905630728,-1.9463186617940664e-10
4,5,0.9999999999999999,False,4.0489999999999995,37325.47582087176,12,12351.380752,12351.412963263547,-0.03221126354765147,12.403473458920844,-3.710738383233547e-10
5,6,0.9999999999999999,False,4.0489999999999995,37325.47582087176,12,14778.302683,14778.327602082789,-0.02491908278898336,11.32277034144596,-2.455635694786906e-10
6,7,0.9999999999999999,False,4.0489999999999995,37325.47582087176,12,17102.170626,17102.17497286568,-0.004346865680417977,10.482848367219184,-9.094947017729282e-11
7,8,1.0000000000000004,False,4.0489999999999995,37325.47582087176,12,19322.035532,19322.049171218074,-0.013639218072057702,9.8058067569092,-6.184563972055912e-11
8,9,0.9999999999999999,False,4.0489999999999995,37325.47582087176,12,21436.46143,21436.45490364606,0.006526353939989349,9.245003270420487,-1.9281287677586079e-10
9,10,1.0,False,4.0489999999999995,37325.47582087176,12,23443.175396,23443.164348688773,0.01104731122541125,8.770580193070293,-1.673470251262188e-10
10,11,1.0000000000000004,False,4.0489999999999995,37325.47582087176,12,25339.009535,25339.04541651197,-0.03588151196890976,8.362420100070908,-1.3096723705530167e-10
11,12,0.9999999999999997,False,4.0489999999999995,37325.47582087176,12,27119.7983,27119.852390036118,-0.054090036119305296,8.006407690254358,5.4569682106375694e-11
12,13,1.0,False,4.0489999999999995,37325.47582087176,12,28779.91609,28779.95618923937,-0.040099239369737916,7.6923076923076925,-1.418811734765768e-10
13,14,0.9999999999999998,False,4.0489999999999995,37325.47582087176,12,30311.979503,30311.97003095492,0.00947204507974675,7.412493166611012,-2.1827872842550278e-11
14,15,1.0000000000000002,False,4.0489999999999995,37325.47582087176,12,31706.246226,31706.18748166915,0.05874433085045894,7.161148740394329,-6.912159733474255e-11
15,16,1.0,False,4.0489999999999995,37325.47582087176,12,32949.709185,32949.668511521006,0.04067347899399465,6.933752452815364,-9.458744898438454e-11
16,17,0.9999999999977688,False,4.0489999999999995,37325.47582087176,12,34024.574984,34024.610126851054,-0.03514285105484305,6.726727939963125,-8.731149137020111e-11
17,18,0.9999999726750561,False,4.0489999999999995,37325.47582087176,12,34904.755138,34905.04573354632,-0.2905955463211285,6.537204504606135,-2.3283064365386963e-10
0,1,1.0,False,3.9974999999999996,37353.14861818966,13,1882.7239,1882.723995835793,-9.583579299032863e-05,26.726124191242437,-3.183231456205249e-10
1,2,0.9999999999999999,False,3.9974999999999996,37353.14861818966,13,4713.58646,4713.611959470757,-0.02549947075658565,18.898223650461357,-2.319211489520967e-10
2,3,1.0000000000000009,False,3.9974999999999996,37353.14861818966,13,7440.898389,7440.913250267984,-0.014861267984088045,15.430334996209194,-2.8194335754960775e-10
3,4,1.0,False,3.9974999999999996,37353.14861818966,13,10065.294613,10065.31926456208,-0.024651562080180156,13.363062095621219,-1.8735590856522322e-10
4,5,1.0000000000000002,False,3.9974999999999996,37353.14861818966,13,12587.099967,12587.138221173058,-0.038254173057794105,11.952286093343936,-6.912159733474255e-11
5,6,0.9999999999999997,False,3.9974999999999996,37353.14861818966,13,15006.280514,15006.311227495433,-0.030713495432792115,10.91089451179962,-1.000444171950221e-10
6,7,1.0000000000000002,False,3.9974999999999996,37353.14861818966,13,17322.366348,17322.377116614833,-0.010768614833068568,10.101525445522107,-2.4010660126805305e-10
7,8,1.0000000000000004,False,3.9974999999999996,37353.14861818966,13,19534.373361,19534.392196860186,-0.018835860184481135,9.449111825230679,-3.092281986027956e-10
8,9,1.0,False,3.9974999999999996,37353.14861818966,13,21640.819385,21640.813870279468,0.005514720531209605,8.908708063747481,-2.7284841053187847e-10
9,10,0.9999999999999998,False,3.9974999999999996,37353.14861818966,13,23639.36537,23639.354624980548,0.010745019451860571,8.451542547285166,-3.055902197957039e-10
10,11,1.0000000000000002,False,3.9974999999999996,37353.14861818966,13,25526.77376,25526.80646074221,-0.032700742209271993,8.058229640253803,-3.637978807091713e-10
11,12,1.0,False,3.9974999999999996,37353.14861818966,13,27298.780289,27298.82585712145,-0.04556812145165168,7.715167498104597,-4.3655745685100555e-11
12,13,1.0,False,3.9974999999999996,37353.14861818966,13,28949.626398,28949.654938766947,-0.028540766947116936,7.412493166611012,-1.2369127944111824e-10
13,14,1.0000000000000004,False,3.9974999999999996,37353.14861818966,13,30471.753066,30471.73154054917,0.021525450829358306,7.142857142857142,-3.2014213502407074e-10
14,15,1.0,False,3.9974999999999996,37353.14861818966,13,31855.160858,31855.09865007011,0.06220792988824542,6.900655593423542,-5.4569682106375694e-11
15,16,0.9999999999999986,False,3.9974999999999996,37353.14861818966,13,33086.460586,33086.433240044295,0.02734595570655074,6.681531047810609,1.4551915228366852e-10
16,17,0.9999999999861979,False,3.9974999999999996,37353.14861818966,13,34147.210172,34147.287284051024,-0.07711205102532404,6.482037235521644,-4.3655745685100555e-11
17,18,0.9999998723946584,False,3.9974999999999996,37353.14861818966,13,35010.011115,35010.42784915883,-0.4167341588254203,6.299407883487121,-1.7462298274040222e-10
0,1,1.0000000000000002,False,3.9459999999999993,37383.73202480797,14,2169.3065,2169.306349557981,0.00015044201927594258,25.81988897471611,6.45741238258779e-11
1,2,1.0000000000000004,False,3.9459999999999993,37383.73202480797,14,4991.727897,4991.753203501426,-0.025306501425802708,18.257418583505533,-2.3919710656628013e-10
2,3,0.9999999999999998,False,3.9459999999999993,37383.73202480797,14,7710.6589,7710.675984266521,-0.01708426652021444,14.9071198499986,-1.7917045624926686e-10
3,4,1.0,False,3.9459999999999993,37383.73202480797,14,10326.714862,10326.744042277518,-0.029180277517298236,12.909944487358056,-3.456079866737127e-11
4,5,1.0000000000000007,False,3.9459999999999993,37383.73202480797,14,12840.197394,12840.241211848868,-0.04381784886754758,11.547005383792513,-6.730260793119669e-11
5,6,0.9999999999999999,False,3.9459999999999993,37383.73202480797,14,15251.044633,15251.080626686042,-0.03599368604227493,10.5409255338946,-3.3651303965598345e-10
6,7,0.9999999999999993,False,3.9459999999999993,37383.73202480797,14,17558.750759,17558.76760216273,-0.016843162731674965,9.759000729485331,-3.710738383233547e-10
7,8,0.9999999999999993,False,3.9459999999999993,37383.73202480797,14,19762.293651,19762.317080370438,-0.023429370437952457,9.128709291752767,7.275957614183426e-12
8,9,0.9999999999999999,False,3.9459999999999993,37383.73202480797,14,21860.139884,21860.134623923655,0.005260076344711706,8.606629658238704,-2.3283064365386963e-10
9,10,1.0000000000000004,False,3.9459999999999993,37383.73202480797,14,23849.878277,23849.867223090827,0.011053909172915155,8.164965809277259,-2.7284841053187847e-10
10,11,1.0000000000000004,False,3.9459999999999993,37383.73202480797,14,25728.194874,25728.22343235286,-0.028558352860272862,7.784989441615229,-1.2732925824820995e-10
11,12,1.0000000000000002,False,3.9459999999999993,37383.73202480797,14,27490.715936,27490.751949504076,-0.036013504075526726,7.4535599249993,-1.6370904631912708e-10
12,13,1.0000000000000004,False,3.9459999999999993,37383.73202480797,14,29131.536343,29131.552466318222,-0.016123318222525995,7.161148740394329,-2.1464074961841106e-10
13,14,0.9999999999999998,False,3.9459999999999993,37383.73202480797,14,30642.901626,30642.867921329478,0.03370467052081949,6.900655593423542,-2.3283064365386963e-10
14,15,1.0,False,3.9459999999999993,37383.73202480797,14,32014.524843,32014.46093712379,0.06390587620990118,6.666666666666666,-4.001776687800884e-11
15,16,0.9999999999999905,False,3.9459999999999993,37383.73202480797,14,33232.585323,33232.575694008585,0.009628991414501797,6.454972243679028,1.3096723705530167e-10
16,17,0.9999999999142686,False,3.9459999999999993,37383.73202480797,14,34277.895072,34278.023846924916,-0.12877492491679732,6.262242910851494,-2.9103830456733704e-11
17,18,0.9999994040167226,False,3.9459999999999993,37383.73202480797,14,35121.501834,35122.07686832341,-0.5750343234103639,6.085806194501846,-1.382431946694851e-10
0,1,0.9999999999999997,False,3.8944999999999994,37417.301814353305,15,2475.4585,2475.457941387253,0.0005586127472270164,25.0,1.1596057447604835e-10
1,2,1.0,False,3.8944999999999994,37417.301814353305,15,5288.846637,5288.871375609699,-0.024738609698943037,17.677669529663685,3.019522409886122e-10
2,3,0.9999999999999997,False,3.8944999999999994,37417.301814353305,15,7998.807764,7998.826565204052,-0.01880120405166963,14.433756729740645,-9.458744898438454e-11
3,4,1.0,False,3.8944999999999994,37417.301814353305,15,10605.935838,10605.96902040997,-0.033182409970322624,12.5,8.731149137020111e-11
4,5,1.0000000000000007,False,3.8944999999999994,37417.301814353305,15,13110.507313,13110.55612893543,-0.04881593542995688,11.180339887498947,-4.092726157978177e-10
5,6,0.9999999999999998,False,3.8944999999999994,37417.301814353305,15,15512.429931,15512.47060895844,-0.04067795843911881,10.206207261596576,-2.928572939708829e-10
6,7,0.9999999999999999,False,3.8944999999999994,37417.301814353305,15,17811.158773,17811.181269286837,-0.022496286837849766,9.44911182523068,-1.0913936421275139e-10
7,8,1.0,False,3.8944999999999994,37417.301814353305,15,20005.630643,20005.657941331207,-0.02729833120611147,8.838834764831843,-4.729372449219227e-11
8,9,0.9999999999999999,False,3.8944999999999994,37417.301814353305,15,22094.255413,22094.249589710715,0.005823289284307975,8.333333333333334,-9.822542779147625e-11
9,10,0.9999999999999998,False,3.8944999999999994,37417.301814353305,15,24074.54361,24074.53159099257,0.012019007430353668,7.905694150420948,-3.092281986027956e-10
10,11,1.0,False,3.8944999999999994,37417.301814353305,15,25943.097684,25943.121080907298,-0.023396907297865255,7.53778361444409,-2.837623469531536e-10
11,12,1.0,False,3.8944999999999994,37417.301814353305,15,27695.422896,27695.44834764264,-0.025451642639382044,7.216878364870323,-2.874003257602453e-10
12,13,0.9999999999999997,False,3.8944999999999994,37417.301814353305,15,29325.453061,29325.45599832309,-0.0029373230900091585,6.933752452815364,-1.673470251262188e-10
13,14,0.9999999999999998,False,3.8944999999999994,37417.301814353305,15,30825.216591,30825.17086547161,0.04572552839090349,6.681531047810609,-1.5279510989785194e-10
14,15,0.9999999999999998,False,3.8944999999999994,37417.301814353305,15,32184.105568,32184.04232555272,0.06324244727875339,6.454972243679028,6.912159733474255e-11
15,16,0.9999999999999261,False,3.8944999999999994,37417.301814353305,15,33387.812134,33387.82559704378,-0.01346304378239438,6.25,1.382431946694851e-10
16,17,0.9999999994685334,False,3.8944999999999994,37417.301814353305,15,34416.288724,34416.48098030432,-0.19225630431901664,6.063390625908324,-4.3655745685100555e-11
17,18,0.9999972349533164,False,3.8944999999999994,37417.301814353305,15,35238.725776,35239.50106651266,-0.7752905126617406,5.892556509887896,-2.6921043172478676e-10
0,1,0.9999999999999998,False,3.8532999999999995,37453.94918110134,16,2800.9963,2800.99523566185,0.0010643381497175142,24.253562503633297,-3.774403012357652e-11
1,2,1.0000000000000002,False,3.8532999999999995,37453.94918110134,16,5604.761333,5604.785051888007,-0.023718888006442285,17.14985851425088,-5.547917680814862e-11
2,3,1.0000000000000002,False,3.8532999999999995,37453.94918110134,16,8305.165498,8305.185408064974,-0.019910064973373665,14.002800840280099,-6.548361852765083e-11
3,4,1.0000000000000002,False,3.8532999999999995,37453.94918110134,16,10902.779627,10902.816123436305,-0.03649643630524224,12.126781251816649,-2.6557245291769505e-10
4,5,0.9999999999999998,False,3.8532999999999995,37453.94918110134,16,13397.852926,13397.906000426587,-0.05307442658704531,10.846522890932807,-9.094947017729282e-11
5,6,1.0000000000000002,False,3.8532999999999995,37453.94918110134,16,15790.260198,15790.304796955857,-0.04459895585750928,9.901475429766744,-3.219611244276166e-10
6,7,1.0000000000000002,False,3.8532999999999995,37453.94918110134,16,18079.414118,18079.44168921517,-0.02757121517061023,9.166984970282114,-3.092281986027956e-10
7,8,1.0000000000000002,False,3.8532999999999995,37453.94918110134,16,20264.207228,20264.237469756165,-0.03024175616519642,8.57492925712544,-4.3655745685100555e-11
8,9,1.0000000000000004,False,3.8532999999999995,37453.94918110134,16,22342.986835,22342.979497193883,0.007337806116993306,8.084520834544433,-3.1650415621697903e-10
9,10,1.0000000000000004,False,3.8532999999999995,37453.94918110134,16,24313.178861,24313.165072405,0.01378859499891405,7.669649888473704,-2.255546860396862e-10
10,11,0.9999999999999999,False,3.8532999999999995,37453.94918110134,16,26171.294365,26171.311443490216,-0.01707849021477159,7.312724241271306,-5.493347998708487e-10
11,12,1.0000000000000007,False,3.8532999999999995,37453.94918110134,16,27912.705256,27912.719121570706,-0.013865570705092978,7.001400420140049,-3.383320290595293e-10
12,13,0.9999999999999999,False,3.8532999999999995,37453.94918110134,16,29531.168717,29531.15781069558,0.010906304421951063,6.726727939963125,-5.347828846424818e-10
13,14,1.0000000000000007,False,3.8532999999999995,37453.94918110134,16,31018.472199,31018.41505241942,0.057146580580592854,6.482037235521644,-1.709850039333105e-10
14,15,0.9999999999999999,False,3.8532999999999995,37453.94918110134,16,32363.649961,32363.590427144445,0.05953385555403656,6.262242910851494,-9.094947017729282e-11
15,16,0.9999999999995286,False,3.8532999999999995,37453.94918110134,16,33551.843186,33551.88627547658,-0.043089476581371855,6.063390625908324,-2.546585164964199e-10
16,17,0.9999999972876753,False,3.8532999999999995,37453.94918110134,16,34562.010364,34562.28057816117,-0.27021416116622277,5.88235294117647,-5.820766091346741e-11
17,18,0.9999887952218801,False,3.8532999999999995,37453.94918110134,16,35361.098342,35362.12946825608,-1.0311262560790055,5.716619504750295,-2.6921043172478676e-10
0,1,0.9999999999999996,False,3.8120999999999996,37493.74379548401,17,3145.725,3145.723392377476,0.00160762252380664,23.570226039551585,-2.7330315788276494e-10
1,2,0.9999999999999996,False,3.8120999999999996,37493.74379548401,17,5939.2794,5939.301614187784,-0.022214187783902162,16.666666666666664,-1.0368239600211382e-10
2,3,1.0000000000000007,False,3.8120999999999996,37493.74379548401,17,8629.541454,8629.561820180379,-0.020366180378914578,13.608276348795437,-7.275957614183426e-12
3,4,1.0000000000000002,False,3.8120999999999996,37493.74379548401,17,11217.057159,11217.096223388871,-0.03906438887133845,11.785113019775793,-2.3646862246096134e-10
4,5,1.0000000000000004,False,3.8120999999999996,37493.74379548401,17,13702.046286,13702.102816895655,-0.056530895653850166,10.540925533894598,-1.1095835361629725e-10
5,6,0.9999999999999998,False,3.8120999999999996,37493.74379548401,17,16084.348032,16084.39573987493,-0.04770787492998352,9.622504486493765,-1.255102688446641e-10
6,7,0.9999999999999997,False,3.8120999999999996,37493.74379548401,17,18363.329233,18363.361258262736,-0.032025262735260185,8.908708063747481,5.093170329928398e-11
7,8,1.0000000000000007,False,3.8120999999999996,37493.74379548401,17,20537.834828,20537.866993884247,-0.03216588424766087,8.333333333333332,-1.0913936421275139e-10
8,9,1.0000000000000002,False,3.8120999999999996,37493.74379548401,17,22606.143229,22606.13341335945,0.009815640551096294,7.856742013183863,-2.3646862246096134e-10
9,10,0.9999999999999999,False,3.8120999999999996,37493.74379548401,17,24565.589216,24565.572891760978,0.016324239022651454,7.4535599249993,-1.8189894035458565e-10
10,11,1.0000000000000004,False,3.8120999999999996,37493.74379548401,17,26412.584166,26412.593761117576,-0.00959511757537257,7.106690545187015,-2.874003257602453e-10
11,12,1.0000000000000002,False,3.8120999999999996,37493.74379548401,17,28142.353223,28142.354545369337,-0.0013223693385953084,6.8041381743977185,-2.2919266484677792e-10
12,13,0.9999999999999998,False,3.8120999999999996,37493.74379548401,17,29748.460126,29748.434883368314,0.02524263168743346,6.537204504606135,-2.3283064365386963e-10
13,14,1.0000000000000002,False,3.8120999999999996,37493.74379548401,17,31222.425102,31222.357533584527,0.06756841547394288,6.29940788348712,-3.710738383233547e-10
14,15,0.9999999999999996,False,3.8120999999999996,37493.74379548401,17,32552.883317,32552.831363117642,0.05195388235733844,6.085806194501846,-1.2732925824820995e-10
15,16,0.9999999999969928,False,3.8120999999999996,37493.74379548401,17,33724.351773,33724.43243847747,-0.08066547747148434,5.892556509887896,0.0
16,17,0.9999999861527005,False,3.8120999999999996,37493.74379548401,17,34714.633842,34714.99991967642,-0.3660776764154434,5.7166195047502955,-1.673470251262188e-10
17,18,0.9999546662634374,False,3.8120999999999996,37493.74379548401,17,35487.928774,35489.29065939771,-1.3618853977095569,5.555555555555556,-2.6193447411060333e-10
0,1,1.0,False,3.7708999999999993,37536.76175909673,18,3509.438645,3509.436437178005,0.0022078219953982625,22.941573387056174,3.456079866737127e-11
1,2,0.9999999999999997,False,3.7708999999999993,37536.76175909673,18,6292.197189,6292.217413407159,-0.020224407158821123,16.22214211307625,-1.7644197214394808e-10
2,3,1.0000000000000004,False,3.7708999999999993,37536.76175909673,18,8971.734087,8971.754156687068,-0.02006968706700718,13.245323570650438,-2.1100277081131935e-10
3,4,1.0,False,3.7708999999999993,37536.76175909673,18,11548.5685,11548.609285418492,-0.040785418492305325,11.470786693528087,-5.329638952389359e-10
4,5,0.9999999999999998,False,3.7708999999999993,37536.76175909673,18,14022.888632,14022.947664267616,-0.05903226761620317,10.259783520851538,2.1827872842550278e-11
5,6,0.9999999999999996,False,3.7708999999999993,37536.76175909673,18,16394.495162,16394.54502962724,-0.04986762724001892,9.36585811581694,3.2741809263825417e-11
6,7,0.9999999999999998,False,3.7708999999999993,37536.76175909673,18,18662.705573,18662.741292278468,-0.0357192784686049,8.6710996952412,-2.6193447411060333e-10
7,8,0.9999999999999998,False,3.7708999999999993,37536.76175909673,18,20826.313662,20826.346545841756,-0.032883841755392496,8.111071056538124,-6.912159733474255e-11
8,9,1.0000000000000002,False,3.7708999999999993,37536.76175909673,18,22883.5221,22883.50876931968,0.013330680318176746,7.647191129018725,1.382431946694851e-10
9,10,1.0000000000000002,False,3.7708999999999993,37536.76175909673,18,24831.5679,24831.548126684113,0.019773315885686316,7.254762501100116,-3.637978807091713e-11
10,11,1.0,False,3.7708999999999993,37536.76175909673,18,26666.75351,26666.754373181164,-0.0008631811651866883,6.917144638660746,-9.458744898438454e-11
11,12,1.0,False,3.7708999999999993,37536.76175909673,18,28384.142981,28384.13087434742,0.01210665258258814,6.622661785325219,0.0
12,13,1.0,False,3.7708999999999993,37536.76175909673,18,29977.08835,29977.048490991805,0.03985900819679955,6.362847629757777,-1.7462298274040222e-10
13,14,0.9999999999999998,False,3.7708999999999993,37536.76175909673,18,31436.813434,31436.737002732807,0.07643126719267457,6.131393394849657,1.2732925824820995e-10
14,15,0.9999999999999967,False,3.7708999999999993,37536.76175909673,18,32751.508,32751.468420490943,0.03957950905896723,5.923488777590923,-9.822542779147625e-11
15,16,0.999999999980835,False,3.7708999999999993,37536.76175909673,18,33904.979596,33905.10744169674,-0.127845696741133,5.735393346764043,2.9103830456733704e-11
16,17,0.9999999296392603,False,3.7708999999999993,37536.76175909673,18,34873.680406,34874.16468984469,-0.4842838446929818,5.564148840746571,2.9103830456733704e-11
17,18,0.9998174872398348,False,3.7708999999999993,37536.76175909673,18,35618.384411,35620.17990615065,-1.7954951506544603,5.407380704358751,-9.458744898438454e-11
0,1,1.0000000000000002,False,3.7399999999999993,37583.09854019103,19,3891.9203,3891.91743886361,0.002861136390038155,22.360679774997894,5.002220859751105e-11
1,2,0.9999999999999997,False,3.7399999999999993,37583.09854019103,19,6663.300243,6663.317939651673,-0.017696651673759334,15.811388300841893,8.185452315956354e-11
2,3,0.9999999999999998,False,3.7399999999999993,37583.09854019103,19,9331.530972,9331.549982074686,-0.01901007468586613,12.909944487358057,-2.4374458007514477e-10
3,4,0.9999999999999998,False,3.7399999999999993,37583.09854019103,19,11897.102907,11897.14451843226,-0.04161143225974229,11.180339887498947,-3.1650415621697903e-10
4,5,0.9999999999999999,False,3.7399999999999993,37583.09854019103,19,14360.170251,14360.230860344782,-0.06060934478227864,9.999999999999998,-1.2732925824820995e-11
5,6,1.0000000000000002,False,3.7399999999999993,37583.09854019103,19,16720.492288,16720.543419011905,-0.051131011903635226,9.128709291752768,-7.639755494892597e-11
6,7,1.0,False,3.7399999999999993,37583.09854019103,19,18977.333427,18977.372120753414,-0.03869375341309933,8.451542547285165,1.8189894035458565e-10
7,8,0.9999999999999996,False,3.7399999999999993,37583.09854019103,19,21129.432533,21129.464923700543,-0.03239070054405602,7.905694150420946,2.874003257602453e-10
8,9,1.0000000000000002,False,3.7399999999999993,37583.09854019103,19,23174.909232,23174.891378710763,0.01785328923870111,7.453559924999299,-4.43833414465189e-10
9,10,1.0000000000000002,False,3.7399999999999993,37583.09854019103,19,25110.8958,25110.871665179115,0.0241348208837735,7.071067811865475,-1.2369127944111824e-10
10,11,0.9999999999999997,False,3.7399999999999993,37583.09854019103,19,26933.5757,26933.566585718014,0.009114281987422146,6.74199862463242,-1.4915713109076023e-10
11,12,1.0000000000000002,False,3.7399999999999993,37583.09854019103,19,28637.836375,28637.810078146806,0.02629685319334385,6.454972243679029,-1.4551915228366852e-10
12,13,0.9999999999999998,False,3.7399999999999993,37583.09854019103,19,30216.798211,30216.743717918558,0.05449308144306997,6.201736729460422,-2.1464074961841106e-10
13,14,0.9999999999999999,False,3.7399999999999993,37583.09854019103,19,31661.355987,31661.272928891536,0.08305810846286477,5.976143046671968,-1.3460521586239338e-10
14,15,0.9999999999999764,False,3.7399999999999993,37583.09854019103,19,32959.201736,32959.18043181983,0.021304180176230147,5.773502691896257,-1.4551915228366852e-11
15,16,0.9999999999027724,False,3.7399999999999993,37583.09854019103,19,34093.333214,34093.51988209244,-0.1866680924431421,5.590169943749474,2.9103830456733704e-11
16,17,0.9999996987202432,False,3.7399999999999993,37583.09854019103,19,35038.608844,35039.23967125897,-0.6308272589667467,5.423261445466404,5.820766091346741e-11
17,18,0.9993321229120669,True,3.7399999999999993,37583.09854019103,19,35751.430465,35753.80381232538,-2.3733473253814736,5.270462766947299,-3.055902197957039e-10
0,1,1.0000000000000002,False,3.6987999999999994,37632.80116807468,20,4292.9422,4292.938693890683,0.0035061093176409486,21.82178902359924,-2.000888343900442e-10
1,2,0.9999999999999999,False,3.6987999999999994,37632.80116807468,20,7052.36337,7052.377998705013,-0.014628705012910359,15.430334996209188,-1.0550138540565968e-10
2,3,0.9999999999999997,False,3.6987999999999994,37632.80116807468,20,9708.7091,9708.726237193288,-0.01713719328836305,12.598815766974242,-2.7466739993542433e-10
3,4,0.9999999999999999,False,3.6987999999999994,37632.80116807468,20,12262.439099,12262.480530087212,-0.04143108721291355,10.91089451179962,-1.7462298274040222e-10
4,5,0.9999999999999996,False,3.6987999999999994,37632.80116807468,20,14713.670994,14713.732094242154,-0.06110024215377052,9.759000729485331,-3.255991032347083e-10
5,6,1.0,False,3.6987999999999994,37632.80116807468,20,17062.119566,17062.170940882672,-0.051374882670643274,8.908708063747481,-2.0736479200422764e-10
6,7,1.0,False,3.6987999999999994,37632.80116807468,20,19306.992378,19307.033179327045,-0.040801327046210645,8.247860988423225,-1.5643308870494366e-10
7,8,1.0000000000000002,False,3.6987999999999994,37632.80116807468,20,21446.969248,21446.999748299077,-0.030500299075356452,7.715167498104594,-9.458744898438454e-11
8,9,1.0,False,3.6987999999999994,37632.80116807468,20,23480.078839,23480.05544557316,0.02339342683990253,7.27392967453308,-2.510205376893282e-10
9,10,1.0,False,3.6987999999999994,37632.80116807468,20,25403.341596,25403.31214433022,0.029451669779518852,6.900655593423542,2.9103830456733704e-11
10,11,0.9999999999999999,False,3.6987999999999994,37632.80116807468,20,27212.810815,27212.79050859858,0.020306401420384645,6.57951694959769,0.0
11,12,1.0000000000000002,False,3.6987999999999994,37632.80116807468,20,28903.180598,28903.1395217153,0.041076284698647214,6.299407883487121,-4.3655745685100555e-10
12,13,1.0000000000000002,False,3.6987999999999994,37632.80116807468,20,30467.31766,30467.248883054595,0.06877694540526136,6.052275326688024,-1.4551915228366852e-11
13,14,0.9999999999999999,False,3.6987999999999994,37632.80116807468,20,31895.75116,31895.664522827603,0.08663717239687685,5.832118435198043,-7.639755494892597e-11
14,15,0.9999999999998153,False,3.6987999999999994,37632.80116807468,20,33175.615654,33175.619809734446,-0.004155734444793779,5.63436169819011,1.4551915228366852e-11
15,16,0.9999999993855162,False,3.6987999999999994,37632.80116807468,20,34288.979697,34289.2393118257,-0.25961482569982763,5.45544725589981,-1.3096723705530167e-10
16,17,0.9999984928905117,False,3.6987999999999994,37632.80116807468,20,35208.802012,35209.61600216128,-0.8139901612812537,5.292561240249632,-1.8189894035458565e-10
17,18,0.997277575575749,True,3.6987999999999994,37632.80116807468,20,35885.715752,35888.8740676824,-3.158315682405373,5.143444998736397,-2.1100277081131935e-10
0,1,1.0,False,3.6678999999999995,37685.98119281886,21,4712.266057,4712.261917315554,0.00413968444627244,21.320071635561042,-2.864908310584724e-10
1,2,1.0,False,3.6678999999999995,37685.98119281886,21,7459.150858,7459.161894224926,-0.011036224926101568,15.075567228888177,-2.2009771782904863e-10
2,3,1.0,False,3.6678999999999995,37685.98119281886,21,10103.03494,10103.049411061718,-0.014471061718722922,12.309149097933274,1.509761204943061e-10
3,4,1.0000000000000004,False,3.6678999999999995,37685.98119281886,21,12644.34513,12644.385485374336,-0.04035537433628633,10.660035817780521,-9.276845958083868e-11
4,5,0.9999999999999998,False,3.6678999999999995,37685.98119281886,21,15083.159974,15083.220567824188,-0.06059382418789028,9.534625892455923,-2.8194335754960775e-10
5,6,1.0,False,3.6678999999999995,37685.98119281886,21,17419.14632,17419.197027208975,-0.0507072089749272,8.703882797784892,-3.67435859516263e-10
6,7,1.0,False,3.6678999999999995,37685.98119281886,21,19651.450989,19651.493099310137,-0.04211031013619504,8.058229640253803,-3.383320290595293e-10
7,8,1.0000000000000004,False,3.6678999999999995,37685.98119281886,21,21778.690258,21778.71751300696,-0.02725500696033123,7.537783614444089,-2.219167072325945e-10
8,9,1.0000000000000002,False,3.6678999999999995,37685.98119281886,21,23798.793377,23798.76355919417,0.029817805832863087,7.106690545187015,-3.5652192309498787e-10
9,10,1.0000000000000002,False,3.6678999999999995,37685.98119281886,21,25708.661584,25708.62586682373,0.03571717626982718,6.74199862463242,-2.1100277081131935e-10
10,11,1.0000000000000007,False,3.6678999999999995,37685.98119281886,21,27504.205498,27504.172855898723,0.03264210127599654,6.42824346533225,-3.1650415621697903e-10
11,12,1.0000000000000004,False,3.6678999999999995,37685.98119281886,21,29179.907815,29179.851584544427,0.05623045557149453,6.154574548966637,-1.8189894035458565e-11
12,13,1.0000000000000004,False,3.6678999999999995,37685.98119281886,21,30728.357142,30728.27485695749,0.08228504251019331,5.913123959890826,-2.219167072325945e-10
13,14,1.0,False,3.6678999999999995,37685.98119281886,21,32139.675736,32139.589500583344,0.08623541665656376,5.698028822981897,-8.36735125631094e-11
14,15,0.9999999999988941,False,3.6678999999999995,37685.98119281886,21,33400.371832,33400.41014574076,-0.03831374076253269,5.504818825631802,2.255546860396862e-10
15,16,0.9999999968843943,False,3.6678999999999995,37685.98119281886,21,34491.441004,34491.790768978804,-0.3497649788041599,5.330017908890261,-1.382431946694851e-10
16,17,0.9999935820267278,False,3.6678999999999995,37685.98119281886,21,35383.547511,35384.593149551394,-1.0456385513971327,5.1708768999501915,-8.731149137020111e-11
17,18,0.9881881598694473,True,3.6678999999999995,37685.98119281886,21,36019.2906,36023.528558879225,-4.237958879224607,5.02518907629606,-8.003553375601768e-11
0,1,1.0,False,3.6369999999999996,37742.691069827895,22,5149.6432,5149.638439613459,0.004760386541420303,20.85144140570748,1.7280399333685637e-11
1,2,1.0000000000000004,False,3.6369999999999996,37742.691069827895,22,7883.416689,7883.423615055799,-0.006926055799340247,14.744195615489712,-5.147740012034774e-10
2,3,1.0,False,3.6369999999999996,37742.691069827895,22,10514.264728,10514.275716788386,-0.01098878838638484,12.038585308576922,1.9099388737231493e-10
3,4,0.9999999999999997,False,3.6369999999999996,37742.691069827895,22,13042.578942,13042.617267984624,-0.038325984623952536,10.42572070285374,-3.8744474295526743e-10
4,5,1.0,False,3.6369999999999996,37742.691069827895,22,15468.396095,15468.455138176549,-0.0590431765485846,9.325048082403137,-4.783942131325603e-10
5,6,1.0000000000000007,False,3.6369999999999996,37742.691069827895,22,17791.331508,17791.380626838407,-0.04911883840759401,8.512565307587488,-3.2741809263825417e-11
6,7,0.9999999999999999,False,3.6369999999999996,37742.691069827895,22,20010.467235,20010.50979270061,-0.042557700609904714,7.881104062391007,-2.1827872842550278e-10
7,8,1.0000000000000004,False,3.6369999999999996,37742.691069827895,22,22124.351045,22124.37362440108,-0.022579401080292882,7.372097807744856,-3.1650415621697903e-10
8,9,0.9999999999999997,False,3.6369999999999996,37742.691069827895,22,24130.803746,24130.766673061706,0.037072938295750646,6.95048046856916,-2.546585164964199e-11
9,10,1.0,False,3.6369999999999996,37742.691069827895,22,26026.599596,26026.556691050122,0.042904949877993204,6.59380473395787,3.637978807091713e-12
10,11,0.9999999999999998,False,3.6369999999999996,37742.691069827895,22,27807.492684,27807.446702718844,0.0459812811568554,6.286946134619315,-6.184563972055912e-11
11,12,0.9999999999999998,False,3.6369999999999996,37742.691069827895,22,29467.734675,29467.663206644756,0.07146835524326889,6.019292654288461,-1.4915713109076023e-10
12,13,1.0000000000000002,False,3.6369999999999996,37742.691069827895,22,30999.608698,30999.514249490876,0.09444850912404945,5.783149319662403,-5.093170329928398e-11
13,14,0.9999999999999983,False,3.6369999999999996,37742.691069827895,22,32392.7833,32392.702597535324,0.08070246467468678,5.572782125753529,-3.2741809263825417e-11
14,15,0.9999999999933631,False,3.6369999999999996,37742.691069827895,22,33633.060299,33633.14325187772,-0.08295287772489246,5.383819020581655,1.0913936421275139e-10
15,16,0.9999999842299997,False,3.6369999999999996,37742.691069827895,22,34700.186695,34700.64768289357,-0.46098789357347414,5.21286035142687,-4.3655745685100555e-11
16,17,0.9999727331857631,False,3.6369999999999996,37742.691069827895,22,35562.008854,35563.35229142638,-1.3434374263815698,5.057217374241737,-1.5279510989785194e-10
17,19,0.9491398361297153,True,3.6369999999999996,37742.691069827895,22,36148.659391,36154.793507720584,-6.134116720582824,4.914731871829905,-2.4010660126805305e-10
0,1,0.9999999999999998,False,3.6060999999999996,37803.010388526,23,5604.8146,5604.809408784224,0.005191215775994351,20.412414523193153,8.094502845779061e-11
1,2,1.0000000000000004,False,3.6060999999999996,37803.010388526,23,8324.904755,8324.907027028048,-0.0022720280485373223,14.433756729740644,-2.3283064365386963e-10
2,3,1.0000000000000004,False,3.6060999999999996,37803.010388526,23,10942.144552,10942.15127088179,-0.006718881790220621,11.785113019775794,1.255102688446641e-10
3,4,1.0000000000000002,False,3.6060999999999996,37803.010388526,23,13456.888258,13456.923643602042,-0.03538560204106034,10.206207261596576,-6.184563972055912e-11
4,5,1.0000000000000002,False,3.6060999999999996,37803.010388526,23,15869.127922,15869.184460072764,-0.05653807276394218,9.128709291752768,-1.1459633242338896e-10
5,6,0.9999999999999996,False,3.6060999999999996,37803.010388526,23,18178.423551,18178.470320666962,-0.04676966696206364,8.333333333333336,-3.055902197957039e-10
6,7,1.0000000000000004,False,3.6060999999999996,37803.010388526,23,20383.788305,20383.83053101857,-0.042226018573273905,7.715167498104596,-3.637978807091713e-11
7,8,1.0000000000000007,False,3.6060999999999996,37803.010388526,23,22483.695863,22483.71243158599,-0.016568585990171414,7.216878364870322,-1.8553691916167736e-10
8,9,0.9999999999999997,False,3.6060999999999996,37803.010388526,23,24475.849061,24475.80406468103,0.044996318971243454,6.804138174397718,-2.837623469531536e-10
9,10,1.0000000000000004,False,3.6060999999999996,37803.010388526,23,26356.8868,26356.835889864047,0.05091013595301774,6.454972243679029,-2.1827872842550278e-11
10,11,1.0000000000000002,False,3.6060999999999996,37803.010388526,23,28122.391324,28122.331190493744,0.06013350625653402,6.154574548966637,3.2741809263825417e-11
11,12,1.0,False,3.6060999999999996,37803.010388526,23,29766.361788,29766.275347344384,0.08644065561384195,5.892556509887897,-2.1827872842550278e-11
12,13,1.0000000000000004,False,3.6060999999999996,37803.010388526,23,31280.745021,31280.640441101867,0.10457989813221502,5.661385170722979,-1.2732925824820995e-10
13,14,0.9999999999999855,False,3.6060999999999996,37803.010388526,23,32654.702506,32654.633772986504,0.06873301349696703,5.45544725589981,1.8189894035458565e-11
14,15,0.9999999999602878,False,3.6060999999999996,37803.010388526,23,33873.235239,33873.3754795699,-0.14024056989728706,5.270462766947299,-1.2369127944111824e-10
15,16,0.9999999206018441,False,3.6060999999999996,37803.010388526,23,34914.624181,34915.22248667362,-0.5983056736222352,5.103103630798288,-2.764863893389702e-10
16,17,0.9998845590248946,True,3.6060999999999996,37803.010388526,23,35743.179754,35744.91468135419,-1.7349273541913135,4.950737714883372,-1.4551915228366852e-11
17,20,0.5373710961951307,True,3.6060999999999996,37803.010388526,23,36269.959868,36296.11420452274,-26.154336522740778,4.811252243246882,4.147295840084553e-10
0,1,0.9999999999999998,False,3.5751999999999993,37867.0145429449,24,6077.51154,6077.505997138232,0.005542861768844887,20.0,2.000888343900442e-11
1,2,0.9999999999999999,False,3.5751999999999993,37867.0145429449,24,8783.348891,8783.346068592115,0.002822407885105349,14.142135623730947,-1.8189894035458565e-10
2,3,1.0,False,3.5751999999999993,37867.0145429449,24,11386.410565,11386.41227519462,-0.0017101946195907658,11.547005383792516,-3.0740920919924974e-10
3,4,0.9999999999999997,False,3.5751999999999993,37867.0145429449,24,13887.010821,13887.042424214767,-0.0316032147675287,10.0,-3.474269760772586e-10
4,5,1.0,False,3.5751999999999993,37867.0145429449,24,16285.093998,16285.147127321761,-0.053129321760934545,8.944271909999157,-5.4569682106375694e-12
5,6,1.0000000000000004,False,3.5751999999999993,37867.0145429449,24,18580.160679,18580.20443280846,-0.04375380845885957,8.16496580927726,-2.6557245291769505e-10
6,7,1.0,False,3.5751999999999993,37867.0145429449,24,20771.150903,20771.192016111636,-0.04111311163433129,7.559289460184544,-3.965396899729967e-10
7,8,1.0000000000000002,False,3.5751999999999993,37867.0145429449,24,22856.457981,22856.46724160522,-0.009260605220333673,7.071067811865474,-3.092281986027956e-10
8,9,1.0000000000000002,False,3.5751999999999993,37867.0145429449,24,24833.656678,24833.603272545708,0.05340545429135091,6.666666666666667,-3.4924596548080444e-10
9,10,1.0000000000000007,False,3.5751999999999993,37867.0145429449,24,26699.241806,26699.181972279428,0.059833720573806204,6.324555320336758,-5.820766091346741e-11
10,11,0.9999999999999996,False,3.5751999999999993,37867.0145429449,24,28448.606004,28448.531171343995,0.07483265600603772,6.030226891555272,-3.2378011383116245e-10
11,12,1.0000000000000002,False,3.5751999999999993,37867.0145429449,24,30075.473061,30075.372339986425,0.10072101357582142,5.773502691896258,-1.8553691916167736e-10
12,13,1.0000000000000007,False,3.5751999999999993,37867.0145429449,24,31571.418254,31571.30642397741,0.11183002258985653,5.547001962252291,-1.709850039333105e-10
13,14,0.9999999999998944,False,3.5751999999999993,37867.0145429449,24,32925.034789,32924.98602695242,0.04876204757601954,5.3452248382484875,1.4551915228366852e-10
14,15,0.9999999997637725,False,3.5751999999999993,37867.0145429449,24,34120.410339,34120.62308509967,-0.21274609967076685,5.163977794943222,-2.1827872842550278e-11
15,16,0.9999996038058429,False,3.5751999999999993,37867.0145429449,24,35134.085591,35134.85389119624,-0.7683001962359413,5.0,8.731149137020111e-11
16,17,0.9995116693590589,True,3.5751999999999993,37867.0145429449,24,35925.805525,35928.07089218152,-2.265367181513284,4.85071250072666,-2.255546860396862e-10
0,1,1.0000000000000002,False,3.5442999999999993,37934.77390389633,25,6567.4553,6567.449612129982,0.0056878700179368025,19.611613513818405,-1.4370016288012266e-10
1,2,1.0000000000000004,False,3.5442999999999993,37934.77390389633,25,9258.473342,9258.464949608471,0.008392391528104781,13.867504905630726,-2.0554580260068178e-10
2,3,0.9999999999999998,False,3.5442999999999993,37934.77390389633,25,11846.789179,11846.785200711183,0.0039782888161425944,11.32277034144596,-7.821654435247183e-11
3,4,1.0000000000000002,False,3.5442999999999993,37934.77390389633,25,14332.674564,14332.701632484937,-0.027068484936535242,9.805806756909202,-2.4374458007514477e-10
4,5,1.0000000000000002,False,3.5442999999999993,37934.77390389633,25,16716.02286,16716.0718118001,-0.048951800097711384,8.770580193070291,9.458744898438454e-11
5,6,0.9999999999999998,False,3.5442999999999993,37934.77390389633,25,18996.270866,18996.311136228545,-0.04027022854643292,8.006407690254358,-1.0913936421275139e-10
6,7,1.0000000000000004,False,3.5442999999999993,37934.77390389633,25,21172.28113,21172.32044088028,-0.03931088028184604,7.4124931666110125,6.548361852765083e-11
7,8,1.0,False,3.5442999999999993,37934.77390389633,25,23242.359498,23242.36031807123,-0.0008200712290999945,6.933752452815363,-2.4374458007514477e-10
8,9,1.0,False,3.5442999999999993,37934.77390389633,25,25203.9421,25203.880006002673,0.062093997326883255,6.537204504606136,-7.275957614183426e-11
9,10,1.0000000000000004,False,3.5442999999999993,37934.77390389633,25,27053.369857,27053.3004613974,0.0693956026007072,6.201736729460423,1.7462298274040222e-10
10,11,0.9999999999999999,False,3.5442999999999993,37934.77390389633,25,28785.826536,28785.73678017672,0.0897558232791198,5.913123959890826,1.3096723705530167e-10
11,12,0.9999999999999994,False,3.5442999999999993,37934.77390389633,25,30394.734935,30394.621121782093,0.11381321790759102,5.66138517072298,-1.4551915228366852e-10
12,13,0.9999999999999998,False,3.5442999999999993,37934.77390389633,25,31871.258591,31871.14341035758,0.11518064242045511,5.439282932204212,-7.639755494892597e-11
13,14,0.9999999999992639,False,3.5442999999999993,37934.77390389633,25,33203.351701,33203.33272536532,0.01897563468082808,5.241424183609592,-2.1827872842550278e-11
14,15,0.999999998608148,False,3.5442999999999993,37934.77390389633,25,34374.052673,34374.35631339664,-0.3036403966398211,5.063696835418333,-2.0372681319713593e-10
15,16,0.9999980475136838,False,3.5442999999999993,37934.77390389633,25,35357.809085,35358.78910648307,-0.9800214830684126,4.902903378454601,-1.964508555829525e-10
16,17,0.9978980525413601,True,3.5442999999999993,37934.77390389633,25,36108.227556,36111.24306109524,-3.0155050952453166,4.756514941544941,-1.6007106751203537e-10
0,1,0.9999999999999998,False,3.5236999999999994,38006.39657709289,26,7074.357717,7074.352110596428,0.005606403571619012,19.245008972987524,4.18367562815547e-11
1,2,1.0000000000000004,False,3.5236999999999994,38006.39657709289,26,9749.992676,9749.978352596558,0.014323403442176641,13.608276348795432,8.913048077374697e-11
2,3,1.0000000000000002,False,3.5236999999999994,38006.39657709289,26,12322.997178,12322.986972345689,0.01020565431099385,11.111111111111112,-1.000444171950221e-10
3,4,0.9999999999999999,False,3.5236999999999994,38006.39657709289,26,14793.597712,14793.619665152997,-0.021953152996502467,9.622504486493762,-5.093170329928398e-11
4,5,0.9999999999999999,False,3.5236999999999994,38006.39657709289,26,17161.6332,17161.677398879798,-0.044198879797477275,8.606629658238703,3.637978807091713e-11
5,6,0.9999999999999998,False,3.5236999999999994,38006.39657709289,26,19426.472,19426.50855116788,-0.03655116787922452,7.856742013183862,-1.3096723705530167e-10
6,7,1.0,False,3.5236999999999994,38006.39657709289,26,21586.894653,21586.93153764621,-0.03688464621154708,7.273929674533079,-1.127773430198431e-10
7,8,0.9999999999999999,False,3.5236999999999994,38006.39657709289,26,23641.111434,23641.102859758757,0.008574241241149139,6.804138174397716,-4.729372449219227e-11
8,9,0.9999999999999996,False,3.5236999999999994,38006.39657709289,26,25586.40884,25586.338023099477,0.07081690052291378,6.415002990995842,8.731149137020111e-11
9,10,1.0000000000000007,False,3.5236999999999994,38006.39657709289,26,27418.963107,27418.883620683944,0.07948631605540868,6.085806194501846,5.093170329928398e-11
10,11,0.9999999999999993,False,3.5236999999999994,38006.39657709289,26,29133.727392,29133.622920943522,0.10447105647835997,5.802588531856594,-1.6007106751203537e-10
11,12,0.9999999999999998,False,3.5236999999999994,38006.39657709289,26,30723.795403,30723.670313181206,0.12508981879364,5.555555555555556,-1.4551915228366852e-10
12,13,0.9999999999999984,False,3.5236999999999994,38006.39657709289,26,32179.87252,32179.759153320272,0.11336667972864234,5.3376051268362374,1.2732925824820995e-10
13,14,0.9999999999961293,False,3.5236999999999994,38006.39657709289,26,33489.191528,33489.21429399878,-0.022765998779505026,5.143444998736396,-1.6007106751203537e-10
14,15,0.9999999934748935,False,3.5236999999999994,38006.39657709289,26,34633.574816,34633.99172024823,-0.4169042482317309,4.969039949999532,-2.0372681319713593e-10
15,16,0.9999918530030816,False,3.5236999999999994,38006.39657709289,26,35584.911562,35586.15803647812,-1.2464744781173067,4.811252243246881,7.275957614183426e-12
16,18,0.9907116768290263,True,3.5236999999999994,38006.39657709289,26,36287.969976,36292.14035362676,-4.170377626760455,4.667600280093366,-3.7834979593753815e-10
0,1,1.0000000000000002,False,3.4927999999999995,38081.92733161099,27,7597.9213,7597.916015729494,0.0052842705063085305,18.89822365046136,2.0372681319713593e-10
1,2,0.9999999999999998,False,3.4927999999999995,38081.92733161099,27,10257.612197,10257.591635709387,0.020561290613841265,13.363062095621217,5.4569682106375694e-12
2,3,0.9999999999999999,False,3.4927999999999995,38081.92733161099,27,12814.742043,12814.725153881014,0.01688911898600054,10.91089451179962,8.185452315956354e-11
3,4,1.0000000000000004,False,3.4927999999999995,38081.92733161099,27,15269.489062,15269.505454388673,-0.016392388672102243,9.44911182523068,-2.2373569663614035e-10
4,5,0.9999999999999999,False,3.4927999999999995,38081.92733161099,27,17621.634087,17621.673117859325,-0.03903085932688555,8.451542547285165,-9.094947017729282e-11
5,6,1.0,False,3.4927999999999995,38081.92733161099,27,19870.471993,19870.50483451036,-0.032841510361322435,7.715167498104596,-1.0913936421275139e-10
6,7,0.9999999999999998,False,3.4927999999999995,38081.92733161099,27,22014.696657,22014.730611617477,-0.03395461747641093,7.142857142857142,6.548361852765083e-11
7,8,0.9999999999999999,False,3.4927999999999995,38081.92733161099,27,24052.413604,24052.394955457225,0.018648542776645627,6.6815310478106085,-2.546585164964199e-11
8,9,1.0000000000000002,False,3.4927999999999995,38081.92733161099,27,25980.748271,25980.668970708564,0.07930029143608408,6.29940788348712,-7.275957614183426e-11
9,10,0.9999999999999997,False,3.4927999999999995,38081.92733161099,27,27795.700014,27795.610119255794,0.08989474420377519,5.976143046671968,1.4551915228366852e-10
10,11,0.9999999999999999,False,3.4927999999999995,38081.92733161099,27,29491.967117,29491.84865057804,0.11846642196178436,5.698028822981897,-2.3646862246096134e-10
11,12,1.0,False,3.4927999999999995,38081.92733161099,27,31062.282933,31062.149114769738,0.1338182302606583,5.45544725589981,-2.9467628337442875e-10
12,13,0.9999999999999859,False,3.4927999999999995,38081.92733161099,27,32496.840786,32496.73590915957,0.10487684042891487,5.241424183609591,4.729372449219227e-11
13,14,0.9999999999733292,False,3.4927999999999995,38081.92733161099,27,33782.055118,33782.13408963302,-0.07897163302550325,5.050762722761053,-4.3655745685100555e-11
14,15,0.9999999622828195,False,3.4927999999999995,38081.92733161099,27,34898.324479,34898.88200952019,-0.5575305201855372,4.879500364742666,-1.964508555829525e-10
15,16,0.9999606638935941,True,3.4927999999999995,38081.92733161099,27,35814.346562,35815.933893631416,-1.587331631417328,4.72455591261534,-1.7462298274040222e-10
16,19,0.9194567377018723,True,3.4927999999999995,38081.92733161099,27,36460.505115,36468.40537540751,-7.900260407506721,4.583492485141056,-5.093170329928398e-11
0,1,1.0,False,3.4721999999999995,38161.438091909135,28,8137.8392,8137.83473609588,0.004463904120711959,18.56953381770519,-1.3096723705530167e-10
1,2,0.9999999999999996,False,3.4721999999999995,38161.438091909135,28,10781.028071,10781.001036684245,0.027034315755372518,13.130643285972255,1.9826984498649836e-10
2,3,0.9999999999999998,False,3.4721999999999995,38161.438091909135,28,13321.721999,13321.69813212429,0.023866875710155,10.72112534837795,1.4915713109076023e-10
3,4,0.9999999999999996,False,3.4721999999999995,38161.438091909135,28,15760.048025,15760.058625925201,-0.010600925201288192,9.284766908852594,-2.0190782379359007e-10
4,5,0.9999999999999998,False,3.4721999999999995,38161.438091909135,28,18095.7249,18095.75866588553,-0.03376588552782778,8.304547985373997,-2.510205376893282e-10
5,6,0.9999999999999998,False,3.4721999999999995,38161.438091909135,28,20327.968812,20327.998258068008,-0.029446068008837756,7.580980435789035,-2.4374458007514477e-10
6,7,1.0000000000000004,False,3.4721999999999995,38161.438091909135,28,22455.38191,22455.412556593506,-0.030646593506389763,7.018624063435964,1.6007106751203537e-10
7,8,1.0000000000000002,False,3.4721999999999995,38161.438091909135,28,24475.954584,24475.925510841953,0.029073158046230674,6.565321642986127,-7.639755494892597e-11
8,9,1.0,False,3.4721999999999995,38161.438091909135,28,26386.639438,26386.552180276267,0.08725772373145446,6.18984460590173,6.184563972055912e-11
9,10,1.0000000000000002,False,3.4721999999999995,38161.438091909135,28,28183.244964,28183.14462503815,0.10033896185268532,5.872202195147035,1.709850039333105e-10
10,11,1.0,False,3.4721999999999995,38161.438091909135,28,29860.187576,29860.056440474724,0.13113552527647698,5.598925109558543,1.4551915228366852e-11
11,12,1.0,False,3.4721999999999995,38161.438091909135,28,31409.805097,31409.66598138131,0.13911561869099387,5.360562674188975,2.546585164964199e-11
12,13,0.9999999999999162,False,3.4721999999999995,38161.438091909135,28,32821.715848,32821.62794823654,0.08789976345724426,5.150262026246048,-7.275957614183426e-12
13,14,0.9999999998596125,False,3.4721999999999995,38161.438091909135,28,34081.400564,34081.553180580144,-0.1526165801406023,4.962916669854652,-7.275957614183426e-11
14,15,0.9999998236998222,False,3.4721999999999995,38161.438091909135,28,35167.570181,35168.30225427241,-0.7320732724037953,4.794633014853842,-1.6007106751203537e-10
15,16,0.9998347685429295,True,3.4721999999999995,38161.438091909135,28,36044.833991,36046.86876002652,-2.034769026518916,4.642383454426297,2.1827872842550278e-11
16,19,0.6426824947697748,True,3.4721999999999995,38161.438091909135,28,36621.627415,36621.76216826857,-0.13475326856860192,4.50377349111045,5.238689482212067e-10
0,1,0.999999999999999,False,3.4412999999999996,38245.044522307144,29,8693.796061,8693.792785996291,0.003275003708040458,18.257418583505537,-2.3101165425032377e-10
1,2,1.0,False,3.4412999999999996,38245.044522307144,29,11319.927506,11319.893876971002,0.03362902899789333,12.909944487358054,-2.964952727779746e-10
2,3,1.0000000000000002,False,3.4412999999999996,38245.044522307144,29,13843.626255,13843.595299308636,0.03095569136348786,10.5409255338946,6.548361852765083e-11
3,4,1.0000000000000004,False,3.4412999999999996,38245.044522307144,29,16264.96483,16264.969652726275,-0.004822726274142042,9.128709291752768,-4.019966581836343e-10
4,5,0.9999999999999998,False,3.4412999999999996,38245.044522307144,29,18583.595774,18583.6243237242,-0.028549724200274795,8.164965809277259,-8.36735125631094e-11
5,6,1.0,False,3.4412999999999996,38245.044522307144,29,20798.650576,20798.677273531594,-0.026697531593526946,7.4535599249993,-8.003553375601768e-11
6,7,1.0,False,3.4412999999999996,38245.044522307144,29,22908.634725,22908.661849682045,-0.027124682044814108,6.900655593423542,-1.8553691916167736e-10
7,8,0.9999999999999999,False,3.4412999999999996,38245.044522307144,29,24911.411585,24911.37214248469,0.03944251530992915,6.454972243679027,-2.6921043172478676e-10
8,9,1.0,False,3.4412999999999996,38245.044522307144,29,26803.748788,26803.654411372587,0.09437662741402164,6.0858061945018465,-1.0913936421275139e-10
9,10,1.0,False,3.4412999999999996,38245.044522307144,29,28581.247789,28581.137312413623,0.11047658637835411,5.773502691896257,-3.1650415621697903e-10
10,11,1.0000000000000004,False,3.4412999999999996,38245.044522307144,29,30238.013061,30237.871290681403,0.14177031859799172,5.504818825631803,-9.094947017729282e-11
11,12,0.999999999999999,False,3.4412999999999996,38245.044522307144,29,31765.946936,31765.8070220565,0.1399139435015968,5.2704627669473,-5.4569682106375694e-11
12,13,0.9999999999993268,False,3.4412999999999996,38245.044522307144,29,33154.018749,33153.958490083496,0.06025891650642734,5.063696835418333,-3.637978807091713e-11
13,14,0.9999999990573861,False,3.4412999999999996,38245.044522307144,29,34386.636362,34386.883652923665,-0.24729092366760597,4.879500364742666,-3.637978807091713e-11
14,15,0.9999990127274005,False,3.4412999999999996,38245.044522307144,29,35440.481397,35441.43065297167,-0.9492559716672986,4.714045207910316,-1.0186340659856796e-10
15,16,0.9992099491355348,True,3.4412999999999996,38245.044522307144,29,36274.7298,36277.376434997976,-2.6466349979746155,4.564354645876384,-2.473825588822365e-10
0,1,1.0000000000000004,False,3.4206999999999996,38332.78524077899,30,9265.467628,9265.466006431478,0.0016215685227507493,17.960530202677493,8.913048077374697e-11
1,2,1.0000000000000002,False,3.4206999999999996,38332.78524077899,30,11873.989034,11873.948765221006,0.04026877899377723,12.700012700019048,2.6193447411060333e-10
2,3,1.0000000000000004,False,3.4206999999999996,38332.78524077899,30,14380.135219,14380.097232699713,0.037986300287229824,10.369516947304254,-3.2741809263825417e-11
3,4,1.0000000000000002,False,3.4206999999999996,38332.78524077899,30,16783.9207,16783.920002839073,0.0006971609254833311,8.980265101338746,-1.3096723705530167e-10
4,5,0.9999999999999993,False,3.4206999999999996,38332.78524077899,30,19084.927228,19084.95106157562,-0.023833575618482428,8.032193289024988,5.093170329928398e-11
5,6,0.9999999999999996,False,3.4206999999999996,38332.78524077899,30,21282.19564,21282.220561583217,-0.02492158321547322,7.332355751067666,-4.2928149923682213e-10
6,7,0.9999999999999998,False,3.4206999999999996,38332.78524077899,30,23374.128974,23374.152521367025,-0.023547367025457788,6.788442333021307,-1.4915713109076023e-10
7,8,1.0000000000000004,False,3.4206999999999996,38332.78524077899,30,25358.450338,25358.40103334918,0.049304650819976814,6.350006350009524,-2.837623469531536e-10
8,9,1.0,False,3.4206999999999996,38332.78524077899,30,27231.729891,27231.629533795553,0.10035720444648177,5.986843400892497,-2.510205376893282e-10
9,10,1.0000000000000002,False,3.4206999999999996,38332.78524077899,30,28989.343085,28989.223268172904,0.1198168270966562,5.679618342470649,-4.3655745685100555e-11
10,11,1.0,False,3.4206999999999996,38332.78524077899,30,30625.049189,30624.899665915942,0.14952308405918302,5.415303610738824,-1.8917489796876907e-10
11,12,0.9999999999999971,False,3.4206999999999996,38332.78524077899,30,32130.268985,32130.134059607124,0.13492539287472027,5.184758473652127,-2.546585164964199e-11
12,13,0.9999999999960485,False,3.4206999999999996,38332.78524077899,30,33493.235271,33493.21589423991,0.01937676008674316,4.9813548138671795,-1.7462298274040222e-10
13,14,0.9999999950875231,False,3.4206999999999996,38332.78524077899,30,34697.112511,34697.47987797868,-0.3673669786803657,4.800153607373193,-1.1641532182693481e-10
14,15,0.999995439706874,True,3.4206999999999996,38332.78524077899,30,35716.099357,35717.32062755212,-1.2212705521233147,4.637388957601683,5.820766091346741e-11
15,17,0.99631338454313,True,3.4206999999999996,38332.78524077899,30,36501.726169,36505.27132860654,-3.545159606539528,4.490132550669373,-1.0186340659856796e-10
0,1,1.0,False,3.3897999999999997,38424.746715691435,31,9852.5212,9852.521785921917,-0.0005859219181729713,17.677669529663685,-2.219167072325945e-10
1,2,0.9999999999999997,False,3.3897999999999997,38424.746715691435,31,12442.882588,12442.835799255798,0.04678874420278589,12.499999999999996,-1.0732037480920553e-10
2,3,0.9999999999999999,False,3.3897999999999997,38424.746715691435,31,14930.920554,14930.875870304484,0.0446836955161416,10.206207261596576,-1.0368239600211382e-10
3,4,1.0000000000000004,False,3.3897999999999997,38424.746715691435,31,17316.587881,17316.582279976337,0.0056010236621659715,8.838834764831843,-2.9831426218152046e-10
4,5,1.0000000000000002,False,3.3897999999999997,38424.746715691435,31,19599.390633,19599.410632957042,-0.019999957043182803,7.905694150420947,-1.0913936421275139e-11
5,6,1.0000000000000004,False,3.3897999999999997,38424.746715691435,31,21778.272518,21778.297062362846,-0.02454436284460826,7.216878364870322,-4.001776687800884e-10
6,7,1.0,False,3.3897999999999997,38424.746715691435,31,23851.527893,23851.548096739927,-0.020203739928547293,6.681531047810609,-9.094947017729282e-11
7,8,1.0000000000000004,False,3.3897999999999997,38424.746715691435,31,25816.724838,25816.666743178692,0.05809482130644028,6.249999999999998,-4.474713932722807e-10
8,9,1.0,False,3.3897999999999997,38424.746715691435,31,27670.222983,27670.11813720854,0.10484579145850148,5.892556509887896,2.546585164964199e-11
9,10,0.9999999999999999,False,3.3897999999999997,38424.746715691435,31,29407.1496,29407.021776002315,0.12782399768548203,5.590169943749474,-6.912159733474255e-11
10,11,1.0000000000000002,False,3.3897999999999997,38424.746715691435,31,31020.8817,31020.728214584175,0.1534854158271628,5.330017908890261,-1.9281287677586079e-10
11,12,0.9999999999999782,False,3.3897999999999997,38424.746715691435,31,32502.304867,32502.182263230105,0.12260376989434008,5.103103630798288,-2.546585164964199e-11
12,13,0.9999999999694754,False,3.3897999999999997,38424.746715691435,31,33838.811081,33838.84887379155,-0.03779279154696269,4.9029033784546,-1.0186340659856796e-10
13,14,0.9999999682730608,False,3.3897999999999997,38424.746715691435,31,35012.108591,35012.626883642755,-0.5182926427587518,4.72455591261534,-3.710738383233547e-10
14,15,0.9999755168792022,True,3.3897999999999997,38424.746715691435,31,35993.292351,35994.85834128356,-1.5659902835614048,4.564354645876383,-1.1641532182693481e-10
15,18,0.9780226602488713,True,3.3897999999999997,38424.746715691435,31,36721.899559,36726.97450410586,-5.074945105865481,4.419417382415921,1.4551915228366852e-11
0,1,1.0000000000000002,False,3.3691999999999993,38521.05039629985,32,10454.615776,10454.619280402163,-0.003504402162434417,17.407765595569785,2.128217602148652e-10
1,2,0.9999999999999998,False,3.3691999999999993,38521.05039629985,32,13026.269726,13026.21676560556,0.05296039443965128,12.309149097933272,3.092281986027956e-11
2,3,0.9999999999999999,False,3.3691999999999993,38521.05039629985,32,15495.645418,15495.59468149011,0.05073650988924783,10.050378152592122,-3.9835867937654257e-10
3,4,0.9999999999999996,False,3.3691999999999993,38521.05039629985,32,17862.62991,17862.62035523664,0.009554763360938523,8.703882797784892,1.4551915228366852e-11
4,5,1.0000000000000004,False,3.3691999999999993,38521.05039629985,32,20126.648193,20126.665654455788,-0.017461455787270097,7.784989441615229,-1.382431946694851e-10
5,6,1.0000000000000002,False,3.3691999999999993,38521.05039629985,32,22286.540083,22286.565984122797,-0.025901122797222342,7.106690545187015,-1.8553691916167736e-10
6,7,0.9999999999999998,False,3.3691999999999993,38521.05039629985,32,24340.484178,24340.50150308109,-0.017325081091257744,6.57951694959769,-3.5288394428789616e-10
7,8,0.9999999999999998,False,3.3691999999999993,38521.05039629985,32,26285.877195,26285.81196603554,0.0652289644604025,6.154574548966636,-1.382431946694851e-10
8,9,1.0,False,3.3691999999999993,38521.05039629985,32,28118.854567,28118.747055083863,0.10751191613599076,5.802588531856595,-1.709850039333105e-10
9,10,1.0,False,3.3691999999999993,38521.05039629985,32,29834.269262,29834.135455181917,0.1338068180848495,5.504818825631803,-7.639755494892597e-11
10,11,1.0,False,3.3691999999999993,38521.05039629985,32,31425.074809,31424.922221472603,0.15258752739828196,5.2486388108147795,1.8189894035458565e-11
11,12,0.9999999999998552,False,3.3691999999999993,38521.05039629985,32,32881.558279,32881.45723940157,0.10103959842672339,5.025189076296061,1.0186340659856796e-10
12,13,0.9999999998237759,False,3.3691999999999993,38521.05039629985,32,34190.145507,34190.26040236201,-0.1148953620067914,4.828045495852676,-7.275957614183426e-11
13,14,0.9999998380351943,False,3.3691999999999993,38521.05039629985,32,35330.817373,35331.52447753335,-0.7071045333505026,4.652421051992354,-1.382431946694851e-10
14,15,0.999888479147185,True,3.3691999999999993,38521.05039629985,32,36270.6817,36272.693537273284,-2.011837273283163,4.494665749754947,8.731149137020111e-11
15,19,0.9002291906340035,True,3.3691999999999993,38521.05039629985,32,36928.858974,36938.72231180128,-9.86333780127461,4.351941398892446,3.2014213502407074e-10
0,1,0.9999999999999999,False,3.3485999999999994,38621.726205064944,33,11071.4025,11071.40963137892,-0.0071313789194391575,17.149858514250884,-7.821654435247183e-11
1,2,1.0,False,3.3485999999999994,38621.726205064944,33,13623.804113,13623.745335632007,0.05877736799266131,12.126781251816647,1.1459633242338896e-10
2,3,0.9999999999999996,False,3.3485999999999994,38621.726205064944,33,16073.964807,16073.908831227687,0.055975772313104244,9.901475429766744,-1.7280399333685637e-10
3,4,0.9999999999999997,False,3.3485999999999994,38621.726205064944,33,18421.701728,18421.689488220865,0.012239779134688433,8.574929257125442,-2.0736479200422764e-10
4,5,1.0000000000000002,False,3.3485999999999994,38621.726205064944,33,20666.353034,20666.369668914605,-0.016634914605674567,7.669649888473703,0.0
5,6,1.0000000000000004,False,3.3485999999999994,38621.726205064944,33,22806.647437,22806.676786480984,-0.02934948098481982,7.001400420140049,9.458744898438454e-11
6,7,0.9999999999999992,False,3.3485999999999994,38621.726205064944,33,24840.6397,24840.654938215604,-0.015238215604767902,6.482037235521643,1.0913936421275139e-10
7,8,0.9999999999999996,False,3.3485999999999994,38621.726205064944,33,26765.537324,26765.46722583725,0.07009816275240155,6.0633906259083235,-2.546585164964199e-10
8,9,1.0,False,3.3485999999999994,38621.726205064944,33,28577.236797,28577.128786952315,0.1080100476865482,5.716619504750295,-1.418811734765768e-10
9,10,0.9999999999999997,False,3.3485999999999994,38621.726205064944,33,30270.286177,30270.149223263496,0.13695373650625697,5.423261445466404,-1.0913936421275139e-10
10,11,0.9999999999999999,False,3.3485999999999994,38621.726205064944,33,31837.169355,31837.02373070355,0.14562429645229713,5.1708768999501915,-3.092281986027956e-10
11,12,0.9999999999990645,False,3.3485999999999994,38621.726205064944,33,33267.499366,33267.431426406205,0.0679395937913796,4.950737714883372,-1.964508555829525e-10
12,13,0.9999999989887991,False,3.3485999999999994,38621.726205064944,33,34546.583589,34546.79983769094,-0.21624869093648158,4.756514941544941,-1.6007106751203537e-10
13,14,0.9999991790179167,False,3.3485999999999994,38621.726205064944,33,35652.321774,35653.2648895119,-0.9431155119018513,4.583492485141056,-2.1827872842550278e-11
14,16,0.9994854882626827,True,3.3485999999999994,38621.726205064944,33,36546.506146,36549.11511542349,-2.6089694234906347,4.4280744277004755,-8.003553375601768e-11
0,1,1.0,False,3.3279999999999994,38726.86254263074,34,11702.524607,11702.536181518388,-0.011574518388442812,16.903085094570333,5.4569682106375694e-11
1,2,1.0000000000000004,False,3.3279999999999994,38726.86254263074,34,14235.131205,14235.067257194174,0.06394780582559179,11.952286093343934,-3.637978807091713e-12
2,3,1.0000000000000002,False,3.3279999999999994,38726.86254263074,34,16665.525339,16665.465336563262,0.060002436737704556,9.759000729485333,-4.547473508864641e-10
3,4,0.9999999999999998,False,3.3279999999999994,38726.86254263074,34,18993.44963,18993.436435628657,0.013194371342251543,8.451542547285166,-5.529727786779404e-10
4,5,1.0000000000000002,False,3.3279999999999994,38726.86254263074,34,21218.14913,21218.167189311123,-0.018059311121760402,7.5592894601845435,-3.92901711165905e-10
5,6,1.0000000000000002,False,3.3279999999999994,38726.86254263074,34,23338.233865,23338.269134167724,-0.03526916772534605,6.900655593423543,-1.1641532182693481e-10
6,7,0.9999999999999997,False,3.3279999999999994,38726.86254263074,34,25351.625356,25351.639693141446,-0.014337141445139423,6.3887656499993986,-7.275957614183426e-11
7,8,1.0000000000000002,False,3.3279999999999994,38726.86254263074,34,27255.322517,27255.25049897975,0.07201802025156212,5.976143046671967,-1.0913936421275139e-10
8,9,1.0000000000000002,False,3.3279999999999994,38726.86254263074,34,29044.966729,29044.86079942919,0.10592957081098575,5.634361698190111,3.637978807091713e-12
9,10,1.0,False,3.3279999999999994,38726.86254263074,34,30714.765315,30714.629044783065,0.13627021693537245,5.3452248382484875,-2.473825588822365e-10
10,11,0.9999999999999956,False,3.3279999999999994,38726.86254263074,34,32256.680445,32256.54925636785,0.13118863215277088,5.096471914376255,-1.6370904631912708e-10
11,12,0.9999999999939864,False,3.3279999999999994,38726.86254263074,34,33659.56004,33659.53958030203,0.020459697967453394,4.8795003647426665,-1.382431946694851e-10
12,13,0.9999999942453146,False,3.3279999999999994,38726.86254263074,34,34907.405444,34907.75255104023,-0.34710704022290884,4.688072309384954,-2.255546860396862e-10
13,14,0.999995872306713,True,3.3279999999999994,38726.86254263074,34,35975.560751,35976.80003075244,-1.2392797524444177,4.517539514526256,1.673470251262188e-10
14,17,0.9974507206264887,True,3.3279999999999994,38726.86254263074,34,36818.316444,36821.78662879772,-3.470184797726688,4.364357804719847,-1.7462298274040222e-10
0,1,1.0000000000000002,False,3.3073999999999995,38836.54833062937,35,12347.617883,12347.63468678647,-0.016803786469608895,16.666666666666668,1.000444171950221e-10
1,2,1.0,False,3.3073999999999995,38836.54833062937,35,14859.888877,14859.82054072731,0.06833627268861164,11.78511301977579,-3.41970007866621e-10
2,3,0.9999999999999999,False,3.3073999999999995,38836.54833062937,35,17269.965729,17269.903213786576,0.06251521342346678,9.622504486493764,-3.7834979593753815e-10
3,4,1.0000000000000002,False,3.3073999999999995,38836.54833062937,35,19577.511578,19577.499545202114,0.01203279788751388,8.333333333333334,5.093170329928398e-11
4,5,0.9999999999999999,False,3.3073999999999995,38836.54833062937,35,21781.671473,21781.69372024386,-0.022247243861784227,7.453559924999298,-1.8189894035458565e-10
5,6,0.9999999999999997,False,3.3073999999999995,38836.54833062937,35,23880.928846,23880.97281654469,-0.04397054469154682,6.804138174397718,-2.764863893389702e-10
6,7,1.0,False,3.3073999999999995,38836.54833062937,35,25873.060825,25873.07592129097,-0.015096290968358517,6.29940788348712,-2.2919266484677792e-10
7,8,1.0000000000000004,False,3.3073999999999995,38836.54833062937,35,27754.837086,27754.766750950548,0.07033504945138702,5.892556509887895,-4.256435204297304e-10
8,9,0.9999999999999998,False,3.3073999999999995,38836.54833062937,35,29521.625522,29521.524681990308,0.10084000969072804,5.555555555555556,-2.3283064365386963e-10
9,10,0.9999999999999999,False,3.3073999999999995,38836.54833062937,35,31167.251054,31167.12041786807,0.13063613192935009,5.270462766947299,-5.4569682106375694e-11
10,11,0.9999999999999654,False,3.3073999999999995,38836.54833062937,35,32683.09465,32682.986971748054,0.10767825194488978,5.02518907629606,-1.6370904631912708e-10
11,12,0.9999999999616682,False,3.3073999999999995,38836.54833062937,35,34057.128218,34057.17305515423,-0.04483715422975365,4.811252243246882,-7.275957614183426e-11
12,13,0.9999999675878485,False,3.3073999999999995,38836.54833062937,35,35271.812063,35272.32596669265,-0.513903692655731,4.622501635210242,-6.548361852765083e-11
13,14,0.9999794095201807,True,3.3073999999999995,38836.54833062937,35,36299.276484,36300.89102058459,-1.6145365845877677,4.45435403187374,-4.3655745685100555e-11
14,18,0.9817945229613312,True,3.3073999999999995,38836.54833062937,35,37082.036565,37087.24810126883,-5.211536268827331,4.303314829119352,-2.6921043172478676e-10
0,1,1.0000000000000004,False,3.2764999999999995,38950.893161933986,36,13006.310573,13006.333524231532,-0.02295123153089662,16.43989873053573,-2.473825588822365e-10
1,2,1.0,False,3.2764999999999995,38950.893161933986,36,15497.7073,15497.635638518172,0.07166148182841425,11.624763874381927,-1.2732925824820995e-11
2,3,0.9999999999999991,False,3.2764999999999995,38950.893161933986,36,17886.916763,17886.85361461392,0.06314838608159334,9.49157995752499,-1.3096723705530167e-10
3,4,1.0,False,3.2764999999999995,38950.893161933986,36,20173.5171,20173.5088326414,0.008267358600278385,8.219949365267865,-2.4010660126805305e-10
4,5,0.9999999999999999,False,3.2764999999999995,38950.893161933986,36,22356.546,22356.575753517696,-0.029753517697827192,7.352146220938077,-3.092281986027956e-10
5,6,1.0000000000000004,False,3.2764999999999995,38950.893161933986,36,24434.3519,24434.407627421257,-0.05572742125514196,6.711560552140244,1.8189894035458565e-11
6,7,1.0,False,3.2764999999999995,38950.893161933986,36,26404.5543,26404.572345381297,-0.01804538129727007,6.213697660012,-9.094947017729282e-11
7,8,0.9999999999999999,False,3.2764999999999995,38950.893161933986,36,28263.67177,28263.607371068945,0.06439893105562078,5.812381937190963,-2.546585164964199e-11
8,9,1.0000000000000004,False,3.2764999999999995,38950.893161933986,36,30006.777348,30006.68512763404,0.09222036596111138,5.47996624351191,-2.1464074961841106e-10
9,10,0.9999999999999996,False,3.2764999999999995,38950.893161933986,36,31627.265291,31627.146536943517,0.11875405648243031,5.198752449100364,-3.310560714453459e-10
10,11,0.9999999999996609,False,3.2764999999999995,38950.893161933986,36,33115.8664,33115.79323076173,0.073169238268747,4.9568159709660975,-2.1827872842550278e-10
11,12,0.9999999996827851,False,3.2764999999999995,38950.893161933986,36,34459.540296,34459.6724515817,-0.1321555816975888,4.745789978762495,-1.0913936421275139e-10
12,13,0.9999997772902718,False,3.2764999999999995,38950.893161933986,36,35638.905463,35639.6302526241,-0.7247896240951377,4.559607525875532,-8.003553375601768e-11
13,14,0.9998822653160715,True,3.2764999999999995,38950.893161933986,36,36621.925796,36624.02465691552,-2.0988609155174345,4.393747751637468,-1.0913936421275139e-10
14,19,0.6569885060140348,True,3.2764999999999995,38950.893161933986,36,37330.59797,37349.47605155157,-18.878081551571086,4.2447635997800885,5.085894372314215e-09
0,1,1.0000000000000004,False,3.2558999999999996,39069.97389581389,37,13678.2238,13678.253894450188,-0.03009445018869883,16.222142113076256,-1.6552803572267294e-10
1,2,1.0000000000000004,False,3.2558999999999996,39069.97389581389,37,16148.209312,16148.135615843421,0.07369615657989925,11.470786693528087,-1.4370016288012266e-10
2,3,1.0000000000000002,False,3.2558999999999996,39069.97389581389,37,18516.00135,18515.939949518128,0.06140048187080538,9.365858115816941,-7.639755494892597e-11
3,4,1.0,False,3.2558999999999996,39069.97389581389,37,20781.087473,20781.086038819638,0.0014341803616844118,8.111071056538128,-4.4019543565809727e-10
4,5,1.0,False,3.2558999999999996,39069.97389581389,37,22942.389567,22942.430733814235,-0.041166814236930804,7.2547625011001164,-2.9831426218152046e-10
5,6,1.0000000000000002,False,3.2558999999999996,39069.97389581389,37,24998.112332,24998.183198778806,-0.07086677880579373,6.62266178532522,-1.8553691916167736e-10
6,7,0.9999999999999999,False,3.2558999999999996,39069.97389581389,37,26945.701988,26945.725891066817,-0.023903066816274077,6.131393394849658,9.822542779147625e-11
7,8,0.9999999999999998,False,3.2558999999999996,39069.97389581389,37,28781.403048,28781.34948599054,0.05356200945971068,5.735393346764043,-1.418811734765768e-10
8,9,0.9999999999999991,False,3.2558999999999996,39069.97389581389,37,30499.968104,30499.888700958087,0.07940304191288305,5.407380704358752,-2.874003257602453e-10
9,10,0.999999999999998,False,3.2558999999999996,39069.97389581389,37,32094.305166,32094.206051198584,0.09911480141454376,5.129891760425771,-3.5288394428789616e-10
10,11,0.999999999997641,False,3.2558999999999996,39069.97389581389,37,33554.413586,33554.38822175506,0.02536424493882805,4.891159880445185,-1.382431946694851e-10
11,12,0.999999998051782,False,3.2558999999999996,39069.97389581389,37,34866.071319,34866.318006475936,-0.24668747593386797,4.682929057908471,-2.764863893389702e-10
12,13,0.9999987966697444,True,3.2558999999999996,39069.97389581389,37,36007.660153,36008.65069550752,-0.9905425075194216,4.499212706658476,-7.275957614183426e-11
13,16,0.9993493941253746,True,3.2558999999999996,39069.97389581389,37,36941.513355,36944.25994677254,-2.7465917725348845,4.3355498476206,-5.820766091346741e-11
0,1,0.9999999999999997,False,3.2352999999999996,39193.863676369925,38,14362.9717,14363.010017728582,-0.038317728582114796,16.012815380508712,-4.18367562815547e-11
1,2,0.9999999999999996,False,3.2352999999999996,39193.863676369925,38,16811.0105,16810.93631251392,0.07418748607960879,11.322770341445956,-2.3646862246096134e-10
2,3,1.0000000000000002,False,3.2352999999999996,39193.863676369925,38,19156.834984,19156.77799612861,0.05698787139044725,9.245003270420487,-3.7834979593753815e-10
3,4,1.0000000000000002,False,3.2352999999999996,39193.863676369925,38,21399.835699,21399.844664274733,-0.00896527473378228,8.006407690254356,-3.2741809263825417e-10
4,5,1.0000000000000004,False,3.2352999999999996,39193.863676369925,38,23538.809952,23538.866989821083,-0.0570378210832132,7.161148740394328,-4.001776687800884e-10
5,6,0.9999999999999997,False,3.2352999999999996,39193.863676369925,38,25571.80925,25571.898780882664,-0.08953088266571285,6.537204504606135,-7.639755494892597e-11
6,7,0.9999999999999998,False,3.2352999999999996,39193.863676369925,38,27496.087899,27496.121234419395,-0.03333541939718998,6.052275326688024,-8.003553375601768e-11
7,8,1.0000000000000002,False,3.2352999999999996,39193.863676369925,38,29307.592417,29307.555128120384,0.037288879615516635,5.661385170722978,-1.0913936421275139e-10
8,9,1.0000000000000004,False,3.2352999999999996,39193.863676369925,38,31000.723973,31000.662346116165,0.06162688383483328,5.337605126836238,-2.7284841053187847e-10
9,10,0.9999999999999835,False,3.2352999999999996,39193.863676369925,38,32567.840396,32567.77031290641,0.07008309358934639,5.063696835418333,-2.510205376893282e-10
10,11,0.9999999999838215,False,3.2352999999999996,39193.863676369925,38,33998.111897,33998.15047531672,-0.03857831671484746,4.828045495852676,-1.5279510989785194e-10
11,12,0.9999999882230359,False,3.2352999999999996,39193.863676369925,38,35275.922,35276.316771211765,-0.3947712117660558,4.622501635210243,-1.2369127944111824e-10
12,13,0.9999935995931521,True,3.2352999999999996,39193.863676369925,38,36376.8804,36378.20643272108,-1.326032721080992,4.441155916843275,-7.275957614183426e-11
13,17,0.9963052428225568,True,3.2352999999999996,39193.863676369925,38,37255.19992,37258.90202670956,-3.7021067095629405,4.279604925109129,-1.0186340659856796e-10
0,1,0.9999999999999999,False,3.2146999999999997,39322.652361736495,39,15060.161723,15060.209322785955,-0.04759978595575376,15.811388300841896,2.091837814077735e-10
1,2,0.9999999999999998,False,3.2146999999999997,39322.652361736495,39,17485.719243,17485.646493212273,0.0727497877269343,11.180339887498945,8.003553375601768e-11
2,3,0.9999999999999999,False,3.2146999999999997,39322.652361736495,39,19809.025282,19808.975990365943,0.049291634055407485,9.128709291752768,3.637978807091713e-12
3,4,1.0,False,3.2146999999999997,39322.652361736495,39,22029.366457,22029.38997753418,-0.02352053418144351,7.905694150420948,-6.548361852765083e-11
4,5,1.0,False,3.2146999999999997,39322.652361736495,39,24145.405628,24145.48362545016,-0.07799745016018278,7.071067811865474,-1.673470251262188e-10
5,6,0.9999999999999997,False,3.2146999999999997,39322.652361736495,39,26155.030962,26155.142959863013,-0.11199786301222048,6.454972243679029,1.0550138540565968e-10
6,7,0.9999999999999996,False,3.2146999999999997,39322.652361736495,39,28055.283025,28055.33024750721,-0.04722250720806187,5.976143046671968,-9.458744898438454e-11
7,8,0.9999999999999996,False,3.2146999999999997,39322.652361736495,39,29841.785261,29841.77022926769,0.015031732309580548,5.590169943749473,-3.637978807091713e-12
8,9,0.9999999999999998,False,3.2146999999999997,39322.652361736495,39,31508.549435,31508.51157365457,0.03786134543042863,5.270462766947299,-1.0550138540565968e-10
9,10,0.9999999999998727,False,3.2146999999999997,39322.652361736495,39,33047.309725,33047.27997381697,0.02975118302856572,5.0,-2.546585164964199e-10
10,11,0.9999999998907817,False,3.2146999999999997,39322.652361736495,39,34446.2876,34446.40982977292,-0.12222977291821735,4.767312946227961,-2.1827872842550278e-11
11,12,0.9999999300795522,False,3.2146999999999997,39322.652361736495,39,35688.200761,35688.7850764249,-0.5843154249014333,4.564354645876384,3.637978807091713e-11
12,13,0.9999664603477998,True,3.2146999999999997,39322.652361736495,39,36745.1318,36746.88515225968,-1.7533522596786497,4.385290096535146,-1.2369127944111824e-10
13,18,0.9526442116260165,True,3.2146999999999997,39322.652361736495,39,37558.0871,37564.4024521753,-6.315352175304724,4.225771273642582,8.512870408594608e-10
0,1,1.0,False,3.1940999999999997,39456.43044609395,40,15769.3946,15769.452626981263,-0.05802698126353789,15.617376188860607,6.730260793119669e-11
1,2,1.0,False,3.1940999999999997,39456.43044609395,40,18171.9371,18171.867984833738,0.06911516626132652,11.043152607484652,-2.3283064365386963e-10
2,3,0.9999999999999999,False,3.1940999999999997,39456.43044609395,40,20472.172652,20472.134697683483,0.037954316518153064,9.016696346674324,3.637978807091713e-12
3,4,1.0000000000000009,False,3.1940999999999997,39456.43044609395,40,22669.276283,22669.318993326837,-0.04271032683755038,7.808688094430304,-2.219167072325945e-10
4,5,1.0000000000000002,False,3.1940999999999997,39456.43044609395,40,24761.765852,24761.870364861752,-0.10451286175157293,6.984302957695782,-3.5288394428789616e-10
5,6,1.0000000000000007,False,3.1940999999999997,39456.43044609395,40,26747.354911,26747.49330211289,-0.13839111289053108,6.375767130633384,1.709850039333105e-10
6,7,0.9999999999999998,False,3.1940999999999997,39456.43044609395,40,28622.844896,28622.911322836655,-0.06642683665631921,5.902813361009553,4.001776687800884e-11
7,8,1.0,False,3.1940999999999997,39456.43044609395,40,30383.50977,30383.52340228243,-0.013632282429171028,5.521576303742326,-1.3460521586239338e-10
8,9,0.9999999999999991,False,3.1940999999999997,39456.43044609395,40,32022.925157,32022.918246959198,0.0069100408036320005,5.205792062953536,-1.709850039333105e-10
9,10,0.9999999999990378,False,3.1940999999999997,39456.43044609395,40,33532.116741,33532.14073655319,-0.02399555319425417,4.938647983247948,-9.458744898438454e-11
10,11,0.9999999992760467,False,3.1940999999999997,39456.43044609395,40,34898.208219,34898.43827535942,-0.23005635941808578,4.708816093480111,-1.1641532182693481e-10
11,12,0.9999995930816,True,3.1940999999999997,39456.43044609395,40,36101.898366,36102.723806724076,-0.8254407240747241,4.508348173337162,-2.546585164964199e-10
12,15,0.9998222868754106,True,3.1940999999999997,39456.43044609395,40,37110.622558,37112.931001207195,-2.3084432071918854,4.3314808182421,-7.275957614183426e-11
13,19,0.5023533780317122,True,3.1940999999999997,39456.43044609395,40,37842.155862,37871.57679566728,-29.420933667279314,4.173919355648411,1.5024852473288774e-08
0,1,0.9999999999999996,False,3.1734999999999993,39595.28915176302,41,16490.2647,16490.33430675109,-0.06960675109075964,15.43033499620919,3.5288394428789616e-10
1,2,1.0000000000000004,False,3.1734999999999993,39595.28915176302,41,18869.2587,18869.19579883447,0.06290116552918334,10.910894511799617,1.4915713109076023e-10
2,3,1.0000000000000002,False,3.1734999999999993,39595.28915176302,41,21145.8699,21145.84746142993,0.022438570071244612,8.908708063747481,-1.5643308870494366e-10
3,4,1.0000000000000004,False,3.1734999999999993,39595.28915176302,41,23319.1533,23319.22041612427,-0.06711612426806823,7.715167498104595,-1.2369127944111824e-10
4,5,1.0000000000000004,False,3.1734999999999993,39595.28915176302,41,25387.4702,25387.607343896365,-0.1371438963651599,6.900655593423541,-1.8189894035458565e-10
5,6,1.0000000000000004,False,3.1734999999999993,39595.28915176302,41,27348.3471,27348.51591266563,-0.16881266562995734,6.299407883487121,7.275957614183426e-11
6,7,0.9999999999999994,False,3.1734999999999993,39595.28915176302,41,29198.3167,29198.40855292343,-0.09185292342954199,5.832118435198042,-3.637978807091713e-12
7,8,1.0000000000000004,False,3.1734999999999993,39595.28915176302,41,30932.2753,30932.32446337096,-0.049163370957103325,5.455447255899808,1.0913936421275139e-11
8,9,0.999999999999992,False,3.1734999999999993,39595.28915176302,41,32543.3051,32543.337863877787,-0.03276387778532808,5.143444998736397,-1.8189894035458565e-11
9,10,0.9999999999928995,False,3.1734999999999993,39595.28915176302,41,34021.6244,34021.71799300133,-0.09359300132928183,4.879500364742666,-5.093170329928398e-11
10,11,0.9999999952989674,False,3.1734999999999993,39595.28915176302,41,35353.07,35353.43780570904,-0.36780570904375054,4.652421051992354,-2.4010660126805305e-10
11,12,0.9999976820035978,True,3.1734999999999993,39595.28915176302,41,36515.8507,36516.982166871036,-1.1314668710328988,4.4543540318737405,4.3655745685100555e-11
12,16,0.9990722480574155,True,3.1734999999999993,39595.28915176302,41,37470.9656,37474.025614873215,-3.0600148732119123,4.279604925109129,2.9103830456733704e-11
